# Time   Tair    RelHum  WindX   WindY   IDirNorm IDiffHor SkyCover
       0     1.6      98    0.02   -0.04    0.00    0.00     100
       1     1.5      98   -0.04   -0.01    0.00    0.00     100
       2     1.4      98   -0.04    0.03    0.00    0.00     100
       3     1.3      99   -0.05    0.00    0.00    0.00     100
       4     1.3      99    0.03   -0.04    0.00    0.00     100
       5     1.2      99   -0.01    0.04    0.00    0.00     100
       6     1.3      98   -0.03   -0.02    0.00    0.00     100
       7     1.3      98   -0.02   -0.05    0.00    0.00     100
       8     1.3      97    0.02   -0.05    0.00    0.01     100
       9     1.2      98    0.02    0.02    0.00    2.62     100
      10     1.4      97    0.03    0.02    0.08   12.47     100
      11     1.5      98    0.05    0.00    0.13   15.12     100
      12     1.5      97    0.03    0.01    0.08    8.38     100
      13     1.7      97    0.01    0.04    0.15   17.41     100
      14     1.8      98    0.00   -0.01    0.18   23.67     100
      15     1.5      96   -0.01    0.00    0.03    9.44     100
      16     0.9      95    0.00    0.00    0.00    0.42     100
      17     0.2      96    0.00    0.00    0.00    0.00     100
      18     0.1      97    0.00    0.00    0.00    0.00     100
      19     0.0      99    0.00    0.00    0.00    0.00     100
      20    -0.1      98   -0.01    0.01    0.00    0.00     100
      21    -0.4      98    0.01    0.01    0.00    0.00     100
      22    -0.3      97    0.00   -0.01    0.00    0.00     100
      23    -0.2      96    0.00    0.00    0.00    0.00     100
      24     0.0      95    0.00    0.00    0.00    0.00     100
      25     0.0      97    0.00    0.00    0.00    0.00     100
      26    -0.1      98    0.00    0.00    0.00    0.01     100
      27    -0.1      99    0.01    0.00    0.00    0.00     100
      28     0.0      99    0.01    0.00    0.00    0.00     113
      29     0.0      99    0.01    0.00    0.00    0.00     100
      30     0.0      98    0.00    0.00    0.00    0.00     100
      31     0.0      99   -0.01    0.01    0.00    0.00     100
      32     0.0      99    0.00   -0.02    0.00    0.06     113
      33     0.1      99   -0.01    0.01    0.00    2.69     113
      34     0.2      99   -0.01   -0.01    0.07   11.00     113
      35     0.6      99    0.00   -0.01    0.21   24.74     100
      36     0.9      99    0.01   -0.02    0.27   30.18     100
      37     0.9      98   -0.01   -0.02    0.30   33.89     100
      38     0.6      98    0.01    0.02    0.13   17.30     100
      39     0.4      99    0.01    0.02    0.03    7.01     100
      40     0.2      99    0.01   -0.02    0.00    0.70     113
      41     0.2      99    0.02    0.01    0.00    0.00     113
      42     0.3      99   -0.02   -0.01    0.00    0.00     113
      43     0.4      99   -0.01   -0.01    0.00    0.00     100
      44     0.4      98    0.00    0.01    0.00    0.00     100
      45     0.4      99    0.00    0.01    0.00    0.00     100
      46     0.2      98    0.01   -0.01    0.00    0.00     100
      47    -0.3      99    0.02    0.00    0.00    0.00     100
      48    -0.1      99    0.00   -0.02    0.00    0.00     100
      49     0.1      99   -0.02   -0.01    0.00    0.00     100
      50     0.2      97   -0.01   -0.02    0.00    0.00     100
      51    -0.3      98    0.00    0.02    0.00    0.00     100
      52     0.0      98   -0.02    0.01    0.00    0.00     100
      53     0.1      94    0.00    0.04    0.00    0.00     100
      54     0.0      93    0.01   -0.04    0.00    0.00     100
      55     0.1      92   -0.03    0.04    0.00    0.00     100
      56     0.0      96   -0.02    0.02    0.00    0.05     100
      57     0.1      97    0.00   -0.03    0.00    3.11     100
      58     0.1      93    0.03    0.01    0.15   21.93     100
      59     0.0      93   -0.01   -0.03    0.37   42.82     100
      60     0.2      91   -0.03   -0.01    0.52   56.41     100
      61     0.1      92    0.03   -0.03    0.41   45.45     100
      62    -0.2      92    0.04   -0.03    0.33   41.91     100
      63    -1.0      94    0.01    0.03    0.06   16.52     100
      64    -1.9      95    0.01   -0.02    0.00    1.18     100
      65    -1.6      95    0.02   -0.01    0.00    0.00     100
      66    -1.2      94    0.00   -0.02    0.00    0.00     100
      67    -0.9      90   -0.02    0.03    0.00    0.00     100
      68    -1.0      89    0.00    0.02    0.00    0.00     100
      69    -1.0      91   -0.03    0.03    0.00    0.00     100
      70    -1.3      90    0.04    0.02    0.00    0.00     100
      71    -1.4      91   -0.02   -0.04    0.00    0.00     100
      72    -1.7      91   -0.01    0.04    0.00    0.00     100
      73    -2.1      89   -0.01   -0.04    0.00    0.00     100
      74    -2.4      91    0.03   -0.03    0.00    0.00     100
      75    -2.4      90   -0.03    0.04    0.00    0.00     100
      76    -2.5      86    0.03   -0.01    0.00    0.00     100
      77    -2.2      90    0.04    0.02    0.00    0.00     100
      78    -2.1      92    0.00    0.03    0.00    0.00     100
      79    -2.0      92   -0.02   -0.02    0.00    0.00     100
      80    -1.9      92    0.04   -0.02    0.00    0.01     100
      81    -1.9      92    0.04    0.02    0.00    2.63     100
      82    -1.6      94   -0.02    0.02    0.08   11.24     100
      83    -1.4      94   -0.02    0.01    0.23   26.30     100
      84    -0.9      95   -0.03   -0.01    0.53   56.91     100
      85    -0.8      94   -0.04    0.03    0.81   89.04     100
      86    -0.7      95   -0.04   -0.01    0.42   52.96     100
      87    -1.1      95    0.05    0.02    0.06   14.12     100
      88    -1.3      95   -0.03    0.03    0.00    0.29     100
      89    -1.3      95    0.04    0.02    0.00    0.00     100
      90    -1.2      97   -0.02   -0.02    0.00    0.00     100
      91    -1.2      96    0.01    0.03    0.00    0.00     100
      92    -1.0      98    0.00    0.03    0.00    0.00     100
      93    -1.0      97   -0.04    0.00    0.00    0.00     100
      94    -0.9      98    0.04   -0.03    0.00    0.00     100
      95    -0.8      97    0.03    0.00    0.00    0.00     100
      96    -0.7      96   -0.03    0.02    0.00    0.00     100
      97    -0.7      95    0.02    0.02    0.00    0.00     100
      98    -0.5      97    0.03    0.00    0.00    0.00     100
      99    -0.6      98   -0.02    0.03    0.00    0.00     100
     100    -0.6      97    0.03    0.00    0.00    0.00     100
     101    -0.6      97    0.03    0.00    0.00    0.00     100
     102    -0.6      97   -0.03    0.03    0.00    0.00     100
     103    -0.6      97    0.04    0.01    0.00    0.00     100
     104    -0.5      97    0.02   -0.02    0.00    0.01     100
     105    -0.5      98    0.04    0.02    0.00    2.68     100
     106    -0.4      99    0.03    0.01    0.12   17.09     100
     107    -0.1      99   -0.01   -0.02    0.45   50.93     100
     108    -0.1      99    0.03   -0.02    0.25   26.62     100
     109    -0.1      98    0.03   -0.03    0.30   32.87     100
     110    -0.2      98   -0.04    0.01    0.18   22.28     100
     111    -0.5      97    0.02    0.02    0.03    5.80     100
     112    -0.7      97    0.02   -0.03    0.00    0.19     100
     113    -0.9      96   -0.03    0.02    0.00    0.00     100
     114    -1.0      95    0.03    0.03    0.00    0.00     100
     115    -1.1      96   -0.02    0.04    0.00    0.00     100
     116    -1.3      95    0.04   -0.01    0.00    0.00     100
     117    -1.4      96   -0.01    0.04    0.00    0.00     100
     118    -1.4      96    0.03   -0.04    0.00    0.00     100
     119    -1.5      95   -0.01   -0.05    0.00    0.00     100
     120    -1.8      94   -0.03    0.04    0.00    0.00     100
     121    -1.9      94    0.00   -0.06    0.00    0.00     100
     122    -2.1      93    0.00   -0.07    0.00    0.00     100
     123    -2.4      93   -0.06    0.00    0.00    0.00     100
     124    -2.6      93    0.06    0.03    0.00    0.00     100
     125    -2.8      94   -0.03    0.04    0.00    0.00     100
     126    -2.8      94    0.03    0.03    0.00    0.00     100
     127    -2.9      93    0.03    0.02    0.00    0.00     100
     128    -2.8      93    0.04    0.02    0.00    0.01     100
     129    -2.5      94   -0.04    0.03    0.00    3.13     100
     130    -2.3      94    0.02    0.04    0.15   21.32     100
     131    -2.2      94   -0.04    0.01    0.26   29.05     100
     132    -2.1      95    0.04   -0.01    0.40   42.79     100
     133    -2.0      96    0.01    0.03    0.36   38.96     100
     134    -2.1      96    0.00    0.03    0.25   29.97     100
     135    -2.2      96    0.02    0.03    0.05   10.82     100
     136    -2.2      95   -0.04   -0.02    0.00    0.49     100
     137    -2.0      96   -0.03   -0.03    0.00    0.00     100
     138    -2.0      96    0.03    0.03    0.00    0.00     100
     139    -1.9      96    0.01   -0.04    0.00    0.00     100
     140    -1.8      96   -0.02    0.03    0.00    0.00     100
     141    -1.8      96    0.02   -0.03    0.00    0.00     100
     142    -1.9      97   -0.03    0.01    0.00    0.00     100
     143    -2.0      97   -0.02    0.02    0.00    0.00     100
     144    -2.1      97   -0.02    0.02    0.00    0.00     100
     145    -2.0      98    0.03    0.03    0.00    0.00     100
     146    -2.0      98   -0.03    0.02    0.00    0.00     100
     147    -1.9      98    0.01   -0.04    0.00    0.00     100
     148    -1.9      98   -0.02   -0.02    0.00    0.00     100
     149    -2.0      97   -0.03    0.02    0.00    0.00     100
     150    -1.8      98    0.03   -0.01    0.00    0.00     100
     151    -1.5      98    0.00   -0.03    0.00    0.07     100
     152    -1.6      97    0.01    0.03    0.00    0.01     100
     153    -1.5      97   -0.01   -0.04    0.00    3.49     100
     154    -1.4      98    0.04    0.02    0.09   12.57     100
     155    -1.4      97   -0.02    0.02    0.12   13.23     100
     156    -1.4      97   -0.02   -0.03    0.14   14.76     100
     157    -1.4      97   -0.02    0.03    0.16   16.98     100
     158    -1.7      97    0.03   -0.02    0.09   10.75     100
     159    -2.0      97    0.03    0.03    0.02    4.65     100
     160    -2.2      97   -0.04   -0.02    0.00    0.31     100
     161    -2.3      97    0.04    0.02    0.00    0.00     100
     162    -2.3      97   -0.03    0.03    0.00    0.00     100
     163    -2.3      97   -0.04   -0.01    0.00    0.00     100
     164    -2.3      97    0.03   -0.03    0.00    0.00     100
     165    -2.3      97   -0.02   -0.03    0.00    0.00     100
     166    -2.3      97    0.04    0.01    0.00    0.00     100
     167    -2.2      98    0.03   -0.02    0.00    0.00     100
     168    -2.2      98    0.01   -0.03    0.00    0.00     100
     169    -2.5      98    0.03    0.03    0.00    0.00     100
     170    -2.3      98    0.00   -0.03    0.00    0.00     100
     171    -2.1      98    0.03    0.01    0.00    0.15     100
     172    -2.0      99    0.00   -0.03    0.00    0.06     100
     173    -1.9      98    0.01    0.04    0.00    0.05     100
     174    -1.8      98    0.04   -0.02    0.00    0.05     100
     175    -1.8      99   -0.01    0.05    0.00    0.00     100
     176    -1.7      99    0.03    0.02    0.00    0.04     100
     177    -1.5      99   -0.01    0.04    0.00    1.79     100
     178    -1.4      99    0.03   -0.02    0.08   10.31     100
     179    -1.0      99   -0.01   -0.04    0.22   23.72     100
     180    -0.8      99    0.02   -0.02    0.29   30.39     100
     181    -0.2      99    0.03   -0.03    0.29   30.94     100
     182    -0.1      99   -0.04    0.03    0.23   27.08     100
     183    -0.3      99   -0.01   -0.04    0.05   10.04     100
     184    -0.5      99   -0.01    0.05    0.00    0.41     113
     185    -0.5      99    0.04   -0.02    0.00    0.00     113
     186    -0.6      99    0.00    0.03    0.00    0.00     113
     187    -0.7      99    0.03   -0.02    0.00    0.00     100
     188    -0.8      99    0.03    0.02    0.00    0.00     100
     189    -0.9      99   -0.01    0.02    0.00    0.00     100
     190    -0.8      99    0.02   -0.01    0.00    0.00     100
     191    -0.5      99   -0.01   -0.02    0.00    0.00     100
     192    -0.5      97    0.01    0.00    0.00    0.00     100
     193    -0.9      99   -0.01   -0.02    0.00    0.00     113
     194    -0.9      99    0.01    0.01    0.00    0.00     113
     195    -1.9      99    0.00    0.02    0.00    0.00     100
     196    -2.1      99   -0.01   -0.01    0.00    0.00     100
     197    -2.0      99    0.00    0.00    0.00    0.00     100
     198    -2.0      98    0.00    0.02    0.00    0.00     100
     199    -1.7      95    0.02    0.00    0.00    0.00     100
     200    -1.5      94    0.02   -0.01    0.00    0.18     100
     201    -1.5      94    0.00    0.00    0.01    5.39     100
     202    -1.4      95    0.01    0.01    0.97  129.05      25
     203    -0.6      93    0.00   -0.02    1.17  126.77      75
     204     0.0      94    0.01   -0.01    0.00  434.51     100
     205    -0.6      95    0.00    0.00    1.52  158.02     100
     206    -0.5      97    0.00    0.00    0.47   54.75     100
     207    -0.9      97    0.01    0.00    0.07   14.24     100
     208    -1.4      97    0.03    0.02    0.00    0.33     100
     209    -1.9      96    0.01   -0.02    0.00    0.00     100
     210    -2.3      96    0.00    0.02    0.00    0.00     100
     211    -2.7      98   -0.01   -0.02    0.00    0.00     100
     212    -3.1      99    0.01    0.02    0.00    0.00     113
     213    -3.1      99    0.01    0.02    0.00    0.00     113
     214    -2.8      99   -0.03    0.02    0.00    0.00     113
     215    -2.6      98    0.00    0.05    0.00    0.00     113
     216    -2.4      98    0.03    0.00    0.00    0.00     100
     217    -2.2      98    0.03    0.03    0.00    0.00     100
     218    -1.9      98   -0.01    0.05    0.00    0.03     100
     219    -1.6      98    0.00    0.05    0.00    0.02     100
     220    -1.4      96    0.00    0.06    0.00    0.00     100
     221    -1.2      96   -0.05    0.05    0.00    0.00     100
     222    -0.8      97    0.04   -0.05    0.00    0.00     100
     223    -0.3      98    0.05    0.05    0.00    0.01     100
     224    -0.1      99   -0.07   -0.03    0.00    0.16     113
     225     0.0      99   -0.05    0.06    0.00    2.09     100
     226     0.2      99    0.05    0.04    0.07    8.64     100
     227     0.4      99   -0.02   -0.03    0.13   13.57     100
     228     0.8      99    0.02   -0.02    0.19   19.33     100
     229     0.4      98   -0.03   -0.01    0.30   31.30      50
     230    -0.1      98   -0.03    0.01    0.20   23.18      63
     231    -0.6      98    0.02   -0.02    0.06   10.53       0
     232    -0.7      99   -0.02    0.02    0.00    0.92     113
     233    -0.3      99   -0.03    0.01    0.00    0.27     113
     234    -0.3      99    0.03    0.01    0.00    0.02     100
     235    -0.5      99    0.02   -0.03    0.00    0.00      88
     236    -0.4      99   -0.03    0.03    0.00    0.00     100
     237    -0.2      99    0.04    0.00    0.00    0.00     113
     238    -0.1      99    0.01    0.04    0.00    0.00     100
     239    -0.1      99   -0.03    0.03    0.00    0.00     100
     240     0.0      99    0.04   -0.03    0.00    0.00     100
     241     0.0      99    0.01    0.05    0.00    0.00     100
     242     0.0      99    0.03    0.04    0.00    0.00     100
     243    -0.2      99   -0.03   -0.05    0.00    0.00     100
     244     0.0      99    0.05   -0.03    0.00    0.00     100
     245     0.0      99   -0.06    0.00    0.00    0.00     100
     246     0.1      99   -0.07   -0.05    0.00    0.00     100
     247     0.2      99    0.02    0.07    0.00    0.00     100
     248     0.1      99    0.02   -0.09    0.00    0.00     113
     249     0.2      99    0.09    0.03    0.00    1.27     100
     250     0.4      99    0.05   -0.07    0.06    7.32     100
     251     0.5      99   -0.03   -0.07    0.07    7.40     100
     252     0.7      99    0.04   -0.05    0.07    7.16     100
     253     1.7      99   -0.02    0.04    0.05    5.33     100
     254     2.8      99    0.05    0.06    0.02    2.07     100
     255     2.9      99    0.09   -0.01    0.00    0.00     100
     256     2.9      99   -0.04   -0.08    0.00    0.00     100
     257     2.8      99   -0.05    0.07    0.00    0.01     100
     258     2.7      99   -0.07   -0.03    0.00    0.00     100
     259     2.7      99   -0.07   -0.05    0.00    0.00     100
     260     3.1      99    0.08   -0.01    0.00    0.00     100
     261     3.3      99    0.07   -0.01    0.00    0.00     100
     262     2.4      98   -0.03   -0.04    0.00    0.00     100
     263     1.3      99    0.03   -0.01    0.00    0.00     100
     264     0.3      99    0.00    0.05    0.00    0.00     113
     265     0.1      99   -0.01    0.06    0.00    0.00     113
     266    -0.4      99    0.07    0.05    0.00    0.00     113
     267    -1.5      97   -0.05   -0.06    0.00    0.00      75
     268    -2.5      98    0.02    0.03    0.00    0.00     100
     269    -3.5      94   -0.02    0.03    0.00    0.00      75
     270    -5.0      94   -0.01    0.00    0.00    0.00       0
     271    -6.0      94    0.01    0.00    0.00    0.00       0
     272    -6.6      94    0.01   -0.02    0.00    0.00       0
     273    -6.1      96    0.02   -0.02    0.04   22.86      50
     274    -4.2      96   -0.01   -0.02    0.00  211.61      88
     275    -3.0      95   -0.01   -0.02    1.25  129.44      25
     276    -1.3      94   -0.04    0.01    0.00  297.86      75
     277    -0.5      95    0.02   -0.04    0.00  388.48     100
     278    -0.7      93    0.00    0.03    0.58   63.67     100
     279    -1.9      95   -0.02    0.00    0.89  147.00       0
     280    -2.8      94    0.01    0.03    0.00    2.71      75
     281    -4.1      93   -0.02    0.02    0.00    0.00      13
     282    -5.2      95    0.02    0.01    0.00    0.00       0
     283    -5.7      95    0.02    0.02    0.00    0.00       0
     284    -6.6      95   -0.01    0.03    0.00    0.00       0
     285    -6.5      95    0.02    0.01    0.00    0.00       0
     286    -6.8      95   -0.01   -0.02    0.00    0.00       0
     287    -6.7      96   -0.04    0.02    0.00    0.04     100
     288    -5.1      95    0.04    0.00    0.00    0.32     100
     289    -4.6      97   -0.02    0.03    0.00    0.36     100
     290    -4.3      98   -0.04    0.03    0.00    0.09     113
     291    -4.6      99    0.00   -0.05    0.00    0.00     113
     292    -4.5      98   -0.04   -0.03    0.00    0.00     113
     293    -3.7      98    0.02   -0.03    0.00    0.02     100
     294    -3.2      98    0.01    0.03    0.00    0.10     100
     295    -2.8      99   -0.02    0.01    0.00    0.01     100
     296    -2.4      98   -0.03    0.01    0.00    0.14     100
     297    -2.1      98   -0.02    0.01    0.01    3.21     100
     298    -1.5      97    0.00    0.03    0.19   23.73     100
     299    -1.4      96    0.03   -0.01    0.58   59.13     100
     300    -1.6      95   -0.01    0.03    1.15  112.96     100
     301    -1.4      95    0.04    0.00    0.96   95.28     100
     302    -1.7      95   -0.04    0.02    0.26   28.19     100
     303    -1.5      94    0.01   -0.04    0.06   10.27     100
     304    -1.7      94   -0.02   -0.06    0.00    0.95     100
     305    -2.5      98   -0.06   -0.04    0.00    0.00     100
     306    -2.0      97    0.00   -0.07    0.00    0.00     100
     307    -1.6      95    0.01    0.07    0.00    0.00     100
     308    -1.6      96   -0.07   -0.05    0.00    0.00     100
     309    -1.7      96   -0.06   -0.04    0.00    0.00     100
     310    -1.9      95    0.06   -0.04    0.00    0.00     100
     311    -2.4      94   -0.07    0.01    0.00    0.00     100
     312    -2.9      95   -0.01    0.07    0.00    0.00     100
     313    -3.1      95   -0.07    0.03    0.00    0.00     100
     314    -3.2      95   -0.01    0.07    0.00    0.00     100
     315    -3.3      96    0.05    0.05    0.00    0.00     100
     316    -3.3      97   -0.07    0.03    0.00    0.00     100
     317    -3.3      97    0.03   -0.04    0.00    0.00     100
     318    -3.4      97    0.00   -0.06    0.00    0.00     100
     319    -3.7      97    0.01    0.06    0.00    0.00     100
     320    -4.1      97   -0.04   -0.01    0.00    0.00     100
     321    -4.0      96    0.00   -0.04    0.01    2.56     100
     322    -3.9      97   -0.03    0.03    0.10   11.98     100
     323    -3.6      97    0.00   -0.05    0.28   28.67     100
     324    -3.5      97    0.00   -0.05    0.26   25.45     100
     325    -3.6      96   -0.04   -0.02    0.18   18.12     100
     326    -3.8      96    0.02   -0.04    0.14   15.35     100
     327    -4.0      96   -0.05    0.02    0.05    7.01     100
     328    -4.2      95   -0.04    0.02    0.00    0.80     100
     329    -4.6      94    0.03    0.01    0.00    0.00     100
     330    -4.7      93    0.04    0.02    0.00    0.00     100
     331    -4.9      94   -0.01    0.04    0.00    0.00     100
     332    -5.0      93   -0.03   -0.01    0.00    0.00     100
     333    -5.3      92   -0.01   -0.02    0.00    0.00     100
     334    -5.6      93   -0.02    0.00    0.00    0.00     100
     335    -6.6      93    0.01    0.01    0.00    0.00       0
     336    -7.9      93    0.00    0.02    0.00    0.00     100
     337    -8.8      92   -0.02    0.01    0.00    0.00      25
     338    -8.6      92   -0.01    0.01    0.00    0.07     100
     339    -7.5      93    0.01    0.02    0.00    0.39     100
     340    -7.1      93   -0.01    0.02    0.00    0.27     100
     341    -6.8      93    0.01   -0.02    0.00    0.03     100
     342    -6.4      94    0.00   -0.03    0.00    0.00     100
     343    -6.1      94    0.03   -0.01    0.00    0.00     100
     344    -6.0      93    0.05   -0.01    0.00    0.03     100
     345    -6.1      92    0.01    0.05    0.01    3.35     100
     346    -5.8      90   -0.06   -0.04    0.15   18.27     100
     347    -5.9      90   -0.04   -0.03    0.38   38.35     100
     348    -5.8      91    0.04    0.03    0.38   36.18     100
     349    -6.0      87   -0.05    0.01    0.41   40.09     100
     350    -6.3      89    0.03    0.03    0.42   43.89     100
     351    -7.6      90    0.03    0.02    0.18   26.25     100
     352    -9.0      92    0.03    0.00    0.00    7.13     100
     353    -9.0      93    0.03   -0.02    0.00    0.00     100
     354    -8.0      94   -0.01   -0.05    0.00    0.37     100
     355    -7.1      94   -0.02    0.04    0.00    0.26     100
     356    -6.4      95   -0.01    0.05    0.00    0.27     100
     357    -6.3      95    0.05   -0.01    0.00    0.02     100
     358    -6.2      95    0.02    0.04    0.00    0.00     100
     359    -6.4      95   -0.04   -0.01    0.00    0.00     100
     360    -6.6      95    0.02    0.03    0.00    0.00     100
     361    -7.0      95   -0.03    0.03    0.00    0.00     100
     362    -6.9      95    0.03    0.02    0.00    0.00     113
     363    -8.1      95    0.02    0.00    0.00    0.00     113
     364    -9.3      94    0.03    0.01    0.00    0.00     113
     365   -10.0      93   -0.01    0.01    0.00    0.00     100
     366   -10.8      92   -0.01   -0.01    0.00    0.00       0
     367   -11.3      93   -0.03    0.00    0.00    0.00       0
     368   -11.7      92    0.02    0.00    0.00    0.34       0
     369   -10.7      93   -0.01   -0.01    0.16   61.34       0
     370    -8.2      92    0.02    0.00    0.00  343.75     113
     371    -5.9      93   -0.01   -0.01    0.00  258.16      50
     372    -4.0      93    0.02    0.01    0.00  378.55      25
     373    -3.5      94    0.00    0.03  111.48  360.70       0
     374    -3.8      94    0.00    0.03    1.53  156.22     113
     375    -5.9      94    0.01    0.01    0.00  263.85     113
     376    -7.2      94   -0.01    0.01    0.00    2.17     100
     377    -7.6      93    0.00    0.00    0.00    0.00     100
     378    -8.5      93    0.00    0.00    0.00    0.00      25
     379    -9.1      95    0.02   -0.01    0.00    0.00     100
     380    -9.7      96    0.01   -0.01    0.00    0.00     100
     381    -9.9      96   -0.02    0.03    0.00    0.00     100
     382    -8.8      96   -0.01    0.03    0.00    0.63     100
     383    -7.4      97   -0.02   -0.01    0.00    0.98     100
     384    -6.8      97    0.03    0.00    0.00    0.57     100
     385    -5.9      97   -0.01   -0.04    0.00    0.34     100
     386    -5.4      97   -0.03   -0.02    0.00    0.28     100
     387    -4.9      97    0.05   -0.01    0.00    0.28     100
     388    -4.5      97   -0.03   -0.01    0.00    0.24     100
     389    -4.1      97   -0.04    0.01    0.00    0.15     100
     390    -4.0      97    0.01    0.03    0.00    0.07     100
     391    -3.8      97   -0.04   -0.01    0.00    0.03     100
     392    -3.6      97   -0.03    0.02    0.00    0.16     100
     393    -3.3      97    0.02   -0.03    0.01    3.22     100
     394    -2.9      97    0.03    0.00    0.12   13.57     100
     395    -2.3      96    0.03    0.00    0.29   28.60     100
     396    -1.9      96    0.04    0.00    0.35   32.65     100
     397    -2.0      95   -0.02   -0.01    0.34   32.40     100
     398    -1.9      95    0.03   -0.01    0.26   26.52     100
     399    -2.2      95    0.03   -0.01    0.14   19.35     100
     400    -2.5      95    0.01   -0.03    0.00    3.36     100
     401    -2.8      94   -0.03    0.02    0.00    0.00     100
     402    -2.9      94    0.00   -0.03    0.00    0.00     100
     403    -2.9      93    0.00   -0.03    0.00    0.00     100
     404    -3.1      93   -0.01   -0.02    0.00    0.00     100
     405    -3.2      93    0.00   -0.03    0.00    0.00     100
     406    -3.7      94    0.02    0.01    0.00    0.00     100
     407    -3.8      96    0.00   -0.03    0.00    0.00     100
     408    -3.7      96   -0.01   -0.03    0.00    0.00     100
     409    -3.4      94    0.01    0.03    0.00    0.00     100
     410    -3.4      94   -0.01   -0.03    0.00    0.00     100
     411    -3.4      94    0.00   -0.04    0.00    0.00     100
     412    -3.4      95    0.04    0.01    0.00    0.00     100
     413    -3.2      95    0.01    0.02    0.00    0.00     100
     414    -2.9      95    0.00    0.04    0.00    0.00     100
     415    -2.8      96    0.01    0.04    0.00    0.00     100
     416    -2.7      96   -0.04    0.02    0.00    0.05     100
     417    -2.5      95   -0.05    0.03    0.01    3.43     100
     418    -1.9      95    0.05    0.02    0.17   18.44     100
     419    -2.0      97    0.04   -0.03    0.21   20.11     100
     420    -2.1      98    0.00   -0.04    0.19   17.24     100
     421    -2.0      98   -0.05    0.00    0.18   16.83     113
     422    -2.1      98    0.04   -0.01    0.15   15.13     100
     423    -2.3      98   -0.01   -0.04    0.06    8.24     100
     424    -2.3      98    0.03   -0.02    0.00    1.14     113
     425    -2.1      98    0.00    0.06    0.00    0.00     100
     426    -2.0      98   -0.04    0.03    0.00    0.00     113
     427    -1.8      99    0.02    0.05    0.00    0.01     113
     428    -1.5      99    0.06    0.03    0.00    0.03     113
     429    -1.3      99   -0.06   -0.04    0.00    0.01     100
     430    -1.1      99   -0.07    0.00    0.00    0.03     100
     431    -0.9      99    0.02    0.06    0.00    0.06     100
     432    -0.8      99   -0.06    0.00    0.00    0.07     100
     433    -0.7      99   -0.02    0.05    0.00    0.01     100
     434    -0.7      99   -0.04   -0.02    0.00    0.00     100
     435    -0.6      99   -0.04    0.01    0.00    0.03     113
     436    -0.5      99   -0.02   -0.04    0.00    0.03     113
     437    -0.5      99   -0.01   -0.04    0.00    0.09     113
     438    -0.2      99    0.05    0.01    0.00    0.06     113
     439    -0.2      99   -0.04    0.02    0.00    0.10     113
     440     0.0      99    0.05    0.00    0.00    0.23     113
     441     0.1      99    0.00   -0.07    0.02    5.75     113
     442     0.3      99   -0.04   -0.05    0.12   12.69     113
     443     0.5      99   -0.07    0.03    0.19   17.43     113
     444     0.9      99    0.06   -0.03    0.28   25.48     113
     445     0.6      99    0.04   -0.04    0.19   17.23     113
     446     0.5      99   -0.05    0.00    0.13   12.34     100
     447     0.4      99    0.03   -0.05    0.06    7.03     100
     448     0.3      99    0.06    0.00    0.00    1.43     100
     449     0.3      99    0.01    0.06    0.00    0.00     100
     450     0.1      99   -0.03   -0.04    0.00    0.00     100
     451     0.0      99   -0.03    0.05    0.00    0.00     100
     452     0.0      99    0.04    0.04    0.00    0.00     100
     453     0.1      99    0.05   -0.03    0.00    0.00     100
     454     0.0      99   -0.04   -0.02    0.00    0.00     100
     455     0.1      99    0.00   -0.05    0.00    0.00     100
     456     0.0      99   -0.04   -0.01    0.00    0.00     113
     457     0.0      99    0.00   -0.04    0.00    0.00     113
     458     0.0      99    0.04    0.00    0.00    0.00     113
     459     0.0      99    0.04    0.01    0.00    0.00     113
     460     0.0      99   -0.03    0.05    0.00    0.00     113
     461     0.1      99   -0.03    0.05    0.00    0.00     113
     462     0.1      99    0.04   -0.05    0.00    0.00     113
     463     0.1      99   -0.02   -0.06    0.00    0.00     100
     464     0.2      99   -0.07   -0.01    0.00    0.09     100
     465     0.4      99    0.04    0.07    0.03    6.60     100
     466     0.6      99   -0.07    0.01    0.12   13.12     100
     467     0.9      99   -0.07    0.01    0.32   30.00     100
     468     1.1      99    0.05   -0.03    0.22   19.91     113
     469     1.5      99    0.05   -0.03    0.17   15.46     113
     470     2.0      99    0.01    0.06    0.17   16.45     113
     471     2.0      99   -0.06   -0.02    0.07    8.59     113
     472     2.1      99   -0.02    0.05    0.00    1.50     113
     473     3.1      99    0.05   -0.02    0.00    0.31     100
     474     3.3      99   -0.02   -0.05    0.00    0.04     100
     475     3.3      99   -0.02    0.04    0.00    0.03     100
     476     3.4      99   -0.05   -0.01    0.00    0.00     100
     477     3.6      99   -0.04    0.04    0.00    0.01     100
     478     3.7      99    0.01    0.06    0.00    0.00     100
     479     3.9      99   -0.01    0.05    0.00    0.00     100
     480     4.1      99    0.05    0.03    0.00    0.00     100
     481     4.1      99    0.07   -0.04    0.00    0.00     100
     482     3.9      98    0.07    0.00    0.00    0.00     100
     483     3.5      98   -0.07    0.04    0.00    0.00     100
     484     2.7      97   -0.07    0.04    0.00    0.00     100
     485     2.5      97    0.07    0.03    0.00    0.00     100
     486     2.8      96   -0.01   -0.08    0.00    0.00     100
     487     3.0      96    0.07   -0.03    0.00    0.00     100
     488     3.1      97   -0.03    0.07    0.00    0.17     100
     489     3.2      97   -0.03    0.08    0.01    3.14     100
     490     3.4      96    0.05   -0.09    0.09    9.31     100
     491     3.7      97   -0.09   -0.05    0.16   14.76     100
     492     3.7      98    0.08   -0.06    0.18   16.24     100
     493     4.4      93   -0.05   -0.09    0.22   19.54     100
     494     3.8      91    0.09   -0.01    0.39   36.23     100
     495     3.2      90   -0.01   -0.07    0.22   26.22     100
     496     2.9      88   -0.06   -0.05    0.00    7.17     100
     497     2.6      89    0.08    0.01    0.00    0.00     100
     498     2.6      89   -0.08   -0.04    0.00    0.00     100
     499     3.3      89   -0.01    0.09    0.00    0.01     100
     500     3.5      94   -0.02   -0.06    0.00    0.00     100
     501     2.9      86    0.10   -0.05    0.00    0.00     100
     502     3.3      88   -0.07   -0.06    0.00    0.00     100
     503     3.8      84   -0.08   -0.06    0.00    0.00     100
     504     4.0      84    0.04   -0.10    0.00    0.00     100
     505     3.9      84    0.03   -0.08    0.00    0.00     100
     506     3.8      88   -0.07   -0.04    0.00    0.00     100
     507     3.6      91   -0.08   -0.04    0.00    0.00     100
     508     3.0      92    0.06    0.05    0.00    0.00     100
     509     2.5      95   -0.03   -0.06    0.00    0.00     100
     510     2.0      98   -0.06   -0.02    0.00    0.00     100
     511     1.0      99   -0.04    0.04    0.00    0.00     100
     512     0.2      99   -0.04    0.04    0.00    0.08     100
     513     0.1      99    0.00    0.01    0.01    2.27     113
     514     0.1      99    0.02    0.01    0.04    4.25     113
     515     0.4      99   -0.04   -0.01    0.13   11.66     100
     516     0.9      99   -0.03    0.04    0.28   24.96     113
     517     1.5      99    0.02    0.07    0.35   30.84     100
     518     1.9      97   -0.08    0.03    0.29   26.20     100
     519     1.9      96   -0.05    0.09    0.06    7.01     100
     520     1.7      97    0.10   -0.02    0.00    1.34     100
     521     1.9      97    0.07   -0.07    0.00    0.14     100
     522     1.8      97   -0.07    0.05    0.00    0.21     100
     523     1.8      98    0.03    0.08    0.00    0.00     100
     524     2.5      98   -0.09    0.05    0.00    0.00     100
     525     3.1      97    0.08   -0.06    0.00    0.00     100
     526     3.2      97    0.02    0.09    0.00    0.00     100
     527     3.2      95   -0.07    0.07    0.00    0.00     100
     528     3.3      95    0.07    0.07    0.00    0.06     100
     529     3.1      94    0.01   -0.10    0.00    0.05     100
     530     3.0      92   -0.09   -0.04    0.00    0.00     100
     531     2.9      91   -0.07   -0.05    0.00    0.00     100
     532     2.7      92    0.07    0.02    0.00    0.00     100
     533     2.3      94    0.04    0.05    0.00    0.00     100
     534     2.0      93   -0.05    0.05    0.00    0.00     100
     535     1.6      93    0.07    0.01    0.00    0.00     100
     536     0.8      97   -0.05    0.00    0.00    0.49     100
     537     1.4      96   -0.06    0.01    0.12   24.26     100
     538     2.3      94    0.05    0.02    0.36   35.87     100
     539     2.9      93   -0.04    0.02    0.71   62.70     100
     540     3.3      93   -0.05    0.01    0.92   79.17     100
     541     3.4      92    0.00   -0.03    0.67   58.22     100
     542     3.2      92   -0.03    0.00    0.60   54.50     100
     543     2.5      94    0.02   -0.03    0.24   25.77     100
     544     2.2      96    0.01   -0.04    0.00    4.13      88
     545     1.9      97   -0.01   -0.01    0.00    0.00     100
     546     1.7      97    0.01    0.03    0.00    0.00     100
     547     1.5      96   -0.02   -0.02    0.00    0.00     100
     548     1.3      97    0.01    0.03    0.00    0.00     100
     549     1.2      97    0.02   -0.01    0.00    0.00     100
     550     1.1      98   -0.01   -0.02    0.00    0.00     100
     551     0.9      97    0.03    0.01    0.00    0.00     100
     552     0.7      96    0.02    0.00    0.00    0.00     100
     553    -0.9      92    0.00   -0.03    0.00    0.00     100
     554    -2.3      95    0.04    0.01    0.00    0.00       0
     555    -2.4      96    0.04    0.01    0.00    0.00       0
     556    -2.1      97   -0.02    0.04    0.00    0.00     100
     557    -1.3      98    0.03   -0.02    0.00    0.25     100
     558    -1.1      97    0.03   -0.03    0.00    0.16     100
     559    -1.0      97    0.05   -0.03    0.00    0.00     100
     560    -1.0      97    0.00    0.05    0.00    0.17     100
     561    -0.7      96   -0.04   -0.01    0.06   10.79     100
     562    -0.4      95   -0.01    0.05    0.22   21.02     100
     563     0.0      95    0.04    0.03    0.37   31.82     100
     564     0.3      96    0.02   -0.05    0.47   40.46     100
     565     0.5      96   -0.04    0.02    0.45   38.53     100
     566     0.6      97   -0.02    0.04    0.32   28.54     100
     567     0.4      97    0.04    0.00    0.17   17.94     100
     568     0.2      97   -0.02   -0.02    0.00    3.47     100
     569     0.1      97    0.03    0.00    0.00    0.00     100
     570     0.0      98    0.02   -0.02    0.00    0.00     100
     571     0.0      99    0.02    0.03    0.00    0.00     100
     572    -0.1      99    0.01   -0.01    0.00    0.00     100
     573    -0.1      99    0.01    0.01    0.00    0.00     100
     574     0.0      99    0.02    0.01    0.00    0.00     100
     575     0.0      99   -0.01    0.01    0.00    0.00     100
     576     0.0      98    0.00    0.01    0.00    0.00     100
     577    -0.1      95    0.00   -0.02    0.00    0.00     100
     578    -0.2      94    0.02   -0.02    0.00    0.00     100
     579    -0.5      94   -0.01    0.00    0.00    0.00     100
     580    -1.0      95    0.00   -0.01    0.00    0.00     100
     581    -1.3      97    0.01   -0.01    0.00    0.00     100
     582    -1.1      96    0.00    0.00    0.00    0.00     100
     583    -1.2      95    0.00   -0.01    0.00    0.00     100
     584    -1.4      95    0.00    0.00    0.00    0.20     100
     585    -1.3      96    0.01   -0.02    0.08   14.31      50
     586    -0.9      88    0.01    0.01    0.41   38.72     100
     587     0.0      82    0.00    0.00    1.48  126.23      13
     588     0.2      83   -0.01    0.01    2.11  176.55      63
     589     0.0      87    0.02    0.02    1.20  101.02     100
     590     0.0      88   -0.03   -0.01    0.98   84.69     100
     591    -0.3      90   -0.02   -0.01    0.39   39.26     100
     592    -0.5      89    0.03   -0.03    0.01    4.81     100
     593    -0.7      89    0.00   -0.03    0.00    0.00     100
     594    -0.9      93    0.02   -0.03    0.00    0.00     100
     595    -1.1      89   -0.06   -0.01    0.00    0.00     100
     596    -1.4      86    0.03   -0.04    0.00    0.00     100
     597    -1.7      87    0.01   -0.03    0.00    0.00     100
     598    -2.5      87   -0.02    0.02    0.00    0.00     100
     599    -2.9      90    0.01    0.02    0.00    0.01     100
     600    -3.4      94   -0.01   -0.02    0.00    0.00     100
     601    -2.4      96    0.01    0.01    0.00    0.37     100
     602    -2.1      96    0.04    0.02    0.00    0.02     100
     603    -2.1      96   -0.03   -0.02    0.00    0.00     100
     604    -2.2      96   -0.04    0.01    0.00    0.00     100
     605    -2.4      96   -0.01    0.05    0.00    0.00     100
     606    -2.9      96   -0.01   -0.04    0.00    0.00     100
     607    -3.6      96    0.04    0.03    0.00    0.00     100
     608    -3.6      97    0.01   -0.04    0.00    0.31     100
     609    -3.7      98    0.01    0.05    0.06    9.28     100
     610    -3.6      97   -0.03    0.03    0.33   30.22     100
     611    -3.1      97   -0.02   -0.04    0.75   63.31     100
     612    -2.9      96    0.01   -0.02    0.92   76.29     100
     613    -2.5      94    0.02    0.04    1.17   96.80     100
     614    -2.7      95   -0.03    0.00    0.93   78.89     100
     615    -3.0      97   -0.01    0.04    0.55   54.59     100
     616    -4.2      98    0.00   -0.02    0.03   11.96     100
     617    -5.6      98    0.00    0.00    0.00    0.00     113
     618    -6.7      97    0.00    0.00    0.00    0.00     113
     619    -7.4      96   -0.01    0.00    0.00    0.00       0
     620    -8.1      95   -0.02    0.00    0.00    0.00       0
     621    -8.5      95    0.00    0.00    0.00    0.00       0
     622    -9.0      94   -0.02    0.01    0.00    0.00       0
     623    -9.2      94    0.02   -0.02    0.00    0.00       0
     624    -9.5      92    0.01    0.03    0.00    0.00       0
     625    -9.6      92    0.00    0.00    0.00    0.00       0
     626   -10.0      95    0.00   -0.03    0.00    0.00       0
     627    -9.0      91    0.00   -0.01    0.00    0.10     100
     628    -7.3      92    0.00    0.00    0.00    1.08     100
     629    -6.2      89   -0.02    0.00    0.00    0.66     100
     630    -5.6      91    0.00    0.02    0.00    0.17     100
     631    -4.6      95    0.04    0.00    0.00    0.57     100
     632    -3.9      95   -0.04    0.00    0.00    0.99     100
     633    -3.1      97   -0.01    0.01    0.06    9.39     113
     634    -2.2      98    0.00    0.01    0.31   28.15     100
     635    -1.6      99   -0.01   -0.01    0.56   46.28     113
     636    -1.0      98    0.01    0.01    0.66   53.84     100
     637    -0.6      98    0.00    0.00    0.55   45.28     113
     638    -0.4      99    0.00    0.00    0.41   34.00     113
     639    -0.6      99    0.00    0.00    0.24   22.54     100
     640    -0.7      99    0.00    0.00    0.02    5.01     100
     641    -0.9      99    0.01   -0.01    0.00    0.04     113
     642    -1.0      99    0.00    0.01    0.00    0.00     113
     643    -1.3      99    0.01   -0.02    0.00    0.00     113
     644    -1.6      99   -0.02    0.02    0.00    0.00     113
     645    -1.6      99    0.02    0.01    0.00    0.00     113
     646    -1.6      98   -0.01   -0.02    0.00    0.00     113
     647    -1.9      98    0.00   -0.04    0.00    0.00     100
     648    -2.3      98   -0.03   -0.02    0.00    0.00     100
     649    -2.7      97   -0.01    0.03    0.00    0.00     100
     650    -3.5      97    0.02   -0.05    0.00    0.00     100
     651    -4.3      96   -0.04    0.06    0.00    0.00     100
     652    -4.3      95    0.06    0.03    0.00    0.00     100
     653    -4.3      95    0.03    0.06    0.00    0.00     100
     654    -4.6      95    0.00   -0.05    0.00    0.00     100
     655    -5.0      96    0.03    0.06    0.00    0.00     100
     656    -5.1      95   -0.03   -0.05    0.00    0.56     100
     657    -4.8      95   -0.04    0.01    0.09   12.08     100
     658    -4.7      95    0.05    0.01    0.68   59.04     100
     659    -4.4      95   -0.01    0.06    1.50  121.86     100
     660    -3.9      95   -0.01    0.07    0.00  417.64      88
     661    -3.5      89   -0.01    0.07  121.98  382.86     100
     662    -3.3      87    0.06    0.05    0.00  234.59     100
     663    -3.7      89    0.06    0.05    1.13  104.02     100
     664    -4.1      91    0.04   -0.07    0.05   12.46     100
     665    -5.2      92    0.05    0.04    0.00    0.01     100
     666    -5.9      94    0.03    0.04    0.00    0.00      25
     667    -6.3      95   -0.03   -0.03    0.00    0.00       0
     668    -6.2      94   -0.01    0.04    0.00    0.00       0
     669    -6.4      95   -0.04   -0.01    0.00    0.00       0
     670    -7.0      94   -0.04    0.01    0.00    0.00       0
     671    -7.1      95   -0.04   -0.01    0.00    0.00       0
     672    -7.9      95   -0.03    0.02    0.00    0.00     100
     673    -6.2      96   -0.03   -0.03    0.00    0.03     113
     674    -5.9      95    0.03    0.00    0.00    0.07     113
     675    -6.3      95    0.01    0.02    0.00    0.00     100
     676    -6.0      96   -0.01    0.02    0.00    0.00     100
     677    -5.4      96   -0.01   -0.03    0.00    0.02     100
     678    -5.2      96    0.03    0.00    0.00    0.00     100
     679    -5.2      96   -0.02    0.00    0.00    0.00     100
     680    -5.2      96   -0.03    0.00    0.00    0.88     100
     681    -5.0      96    0.02    0.00    0.24   31.01     100
     682    -4.2      96   -0.01    0.02    0.43   36.36     100
     683    -3.5      97   -0.02   -0.01    0.62   49.43     100
     684    -2.8      97   -0.01    0.02    0.66   52.60     100
     685    -2.4      97    0.01   -0.02    0.71   56.62     100
     686    -2.5      96    0.00   -0.02    0.74   60.08     100
     687    -2.8      95    0.01    0.02    0.28   25.48     100
     688    -3.3      94    0.01    0.00    0.02    4.05     100
     689    -3.5      94    0.00    0.00    0.00    0.00     100
     690    -3.6      93   -0.02   -0.01    0.00    0.00     100
     691    -4.7      96    0.03    0.01    0.00    0.00     100
     692    -5.6      95    0.02    0.00    0.00    0.00     100
     693    -6.3      94   -0.01    0.02    0.00    0.00     100
     694    -7.8      93    0.00   -0.01    0.00    0.00      13
     695    -8.8      94   -0.02    0.02    0.00    0.00     100
     696    -9.1      95    0.02    0.02    0.00    0.00     113
     697    -9.8      95   -0.03    0.00    0.00    0.00     113
     698   -10.4      94    0.01    0.01    0.00    0.00     100
     699   -11.5      94    0.01    0.01    0.00    0.00     113
     700   -12.0      94   -0.01   -0.01    0.00    0.00     113
     701   -12.5      94   -0.01   -0.01    0.00    0.00     113
     702   -12.9      94    0.02   -0.03    0.00    0.00      88
     703   -12.0      94   -0.02   -0.01    0.00    0.27     113
     704   -12.0      94    0.00   -0.01    0.00    1.51     100
     705   -10.7      95    0.01   -0.01    0.21   25.53     100
     706    -9.1      95    0.00    0.02    1.32  109.91     100
     707    -7.8      96   -0.02   -0.01    2.39  187.63     100
     708    -5.4      96    0.02    0.02    0.00  379.67     100
     709    -3.4      97   -0.03   -0.01   69.97  415.77     100
     710    -2.3      96   -0.03    0.04    1.63  129.24     100
     711    -2.6      97   -0.01    0.04    1.26  109.57      88
     712    -4.3      97    0.02   -0.04    0.11   21.79      38
     713    -6.7      96   -0.04    0.00    0.00    0.00       0
     714    -8.1      96    0.03    0.03    0.00    0.00       0
     715    -9.3      96   -0.04    0.01    0.00    0.00       0
     716   -10.0      95   -0.02    0.02    0.00    0.00       0
     717   -10.8      94   -0.02    0.03    0.00    0.00       0
     718   -11.4      94    0.01   -0.02    0.00    0.00       0
     719   -11.7      91   -0.02   -0.03    0.00    0.00       0
     720   -12.1      89   -0.04   -0.02    0.00    0.00       0
     721   -12.6      87    0.03   -0.01    0.00    0.00       0
     722   -13.0      88    0.02   -0.02    0.00    0.00       0
     723   -13.1      89    0.01    0.00    0.00    0.00       0
     724   -13.6      89    0.00    0.00    0.00    0.00       0
     725   -13.8      87    0.01   -0.01    0.00    0.00       0
     726   -14.2      86    0.01    0.01    0.00    0.00       0
     727   -13.6      93    0.00   -0.03    0.00    0.00       0
     728   -12.7      95    0.00    0.02    0.00    2.27      50
     729   -10.1      95    0.00    0.00    0.22   25.59     113
     730    -8.1      94   -0.01   -0.04    0.79   64.49     100
     731    -6.4      93   -0.01   -0.05    2.20  169.97     100
     732    -4.7      90    0.00    0.03    2.13  164.06      50
     733    -3.2      86   -0.01    0.02   34.30  415.43       0
     734    -2.5      86   -0.02   -0.03   46.53  382.20       0
     735    -2.8      86    0.01    0.02  106.35  280.37       0
     736    -4.9      90    0.01   -0.02    0.08   14.15       0
     737    -7.4      89    0.03    0.00    0.00    0.00       0
     738    -9.0      84    0.00    0.03    0.00    0.00       0
     739   -10.0      84    0.00    0.03    0.00    0.00       0
     740   -10.5      85    0.03    0.01    0.00    0.00       0
     741   -11.5      85    0.00    0.01    0.00    0.00       0
     742   -12.1      91   -0.01    0.00    0.00    0.00       0
     743   -12.4      91    0.01    0.01    0.00    0.00       0
     744   -11.7      95    0.01   -0.01    0.00    0.00       0
     745   -11.3      96    0.02    0.00    0.00    0.01      50
     746    -9.7      95    0.02   -0.01    0.00    0.75     100
     747    -8.0      92    0.02   -0.03    0.00    1.00     100
     748    -6.7      95   -0.02   -0.04    0.00    1.12     113
     749    -6.1      95   -0.04   -0.01    0.00    0.76     113
     750    -5.7      96   -0.04    0.05    0.00    0.63     113
     751    -5.4      96   -0.05   -0.01    0.00    0.44     113
     752    -5.0      96    0.04   -0.03    0.00    1.27     113
     753    -4.1      98   -0.03    0.03    0.07    8.01     113
     754    -2.9      98   -0.01   -0.02    0.36   28.85     113
     755    -1.3      99    0.01   -0.02    0.54   41.39     113
     756     0.1      98   -0.02   -0.02    0.78   59.05     100
     757     0.2      98    0.02   -0.02    0.42   32.24     100
     758     0.2      98    0.01    0.02    0.49   37.86     100
     759     0.2      99   -0.02    0.00    0.29   24.16     100
     760    -0.1      99   -0.02    0.00    0.04    6.48     100
     761    -0.3      99   -0.01   -0.02    0.00    0.36     113
     762    -0.8      99   -0.02   -0.02    0.00    0.06     100
     763    -1.1      98    0.00   -0.03    0.00    0.01     100
     764    -1.5      97    0.01   -0.03    0.00    0.00     100
     765    -1.7      97    0.02   -0.02    0.00    0.00     100
     766    -2.0      95   -0.02    0.00    0.00    0.00     100
     767    -2.9      96   -0.01   -0.02    0.00    0.00     100
     768    -4.9      96    0.03    0.00    0.00    0.00      13
     769    -5.9      97    0.00    0.00    0.00    0.00      38
     770    -6.5      97    0.01   -0.01    0.00    0.00      75
     771    -5.8      95    0.00   -0.01    0.00    0.00     100
     772    -7.0      97    0.00    0.00    0.00    0.00      63
     773    -7.5      96    0.00   -0.01    0.00    0.00      75
     774    -6.6      95    0.01    0.01    0.00    0.00     100
     775    -7.9      96    0.00    0.00    0.00    0.00      25
     776    -8.7      97    0.00    0.01    0.00    0.83      38
     777    -7.0      98    0.00    0.01    0.40   41.35     113
     778    -3.6      97    0.00    0.02    1.77  137.18     100
     779    -2.5      97   -0.02    0.01    1.75  130.74     100
     780    -1.2      97   -0.02    0.01  240.33  320.59     100
     781    -1.0      95    0.05   -0.01  148.70  377.98     100
     782    -1.7      95    0.01   -0.03   78.84  378.69     100
     783    -2.5      96    0.04    0.00   48.82  314.23     100
     784    -3.0      97   -0.01    0.04    0.18   25.89     100
     785    -3.4      98    0.01    0.03    0.00    0.64     100
     786    -3.8      98   -0.02    0.02    0.00    0.00     113
     787    -4.0      97   -0.03   -0.01    0.00    0.00     113
     788    -4.3      97    0.01    0.04    0.00    0.00     100
     789    -4.4      97    0.02    0.02    0.00    0.00     100
     790    -4.5      96    0.01   -0.02    0.00    0.00     113
     791    -4.6      97   -0.02    0.01    0.00    0.00     100
     792    -4.4      96   -0.02    0.01    0.00    0.00     100
     793    -4.4      97   -0.01   -0.01    0.00    0.00     113
     794    -4.3      97    0.02    0.00    0.00    0.00     100
     795    -4.3      97    0.00   -0.02    0.00    0.00     100
     796    -4.2      96   -0.02    0.00    0.00    0.00     100
     797    -4.1      96    0.01    0.01    0.00    0.00     100
     798    -4.2      96   -0.01   -0.02    0.00    0.00     100
     799    -4.4      96   -0.02    0.01    0.00    0.00     100
     800    -4.9      95   -0.02    0.00    0.00    1.84     100
     801    -4.7      94    0.00   -0.03    0.21   20.74     100
     802    -4.6      92    0.00   -0.04    2.03  153.64     100
     803    -4.5      93   -0.01    0.04    2.85  209.49     100
     804    -4.9      88   -0.01   -0.04    1.18   87.38     100
     805    -5.1      88    0.04    0.01    1.53  113.15     100
     806    -5.8      86    0.03   -0.02    0.98   72.16     100
     807    -6.2      87   -0.04   -0.01    1.80  139.89     100
     808    -7.2      89    0.06    0.01    0.36   46.71      75
     809    -7.5      87   -0.02   -0.06    0.00    0.72     100
     810    -7.0      87    0.01   -0.06    0.00    0.00     100
     811    -7.1      86    0.01   -0.07    0.00    0.00     100
     812    -7.3      88    0.02    0.06    0.00    0.00     100
     813    -7.4      88   -0.05   -0.02    0.00    0.00     100
     814    -7.5      89   -0.03   -0.01    0.00    0.00     100
     815    -7.9      90   -0.03   -0.03    0.00    0.00     100
     816    -8.3      91    0.00    0.03    0.00    0.00     100
     817    -8.5      92    0.01   -0.01    0.00    0.00     100
     818    -9.8      92    0.00   -0.03    0.00    0.00     100
     819   -10.4      92    0.02   -0.01    0.00    0.00     100
     820   -10.1      92   -0.01    0.00    0.00    0.00     100
     821    -9.4      92   -0.01   -0.01    0.00    0.00     100
     822    -9.5      92   -0.02    0.02    0.00    0.00     100
     823    -9.3      92    0.01    0.03    0.00    0.00     100
     824    -9.2      93    0.02   -0.02    0.00    5.19     100
     825    -8.3      93    0.03   -0.02    1.37  128.25     100
     826    -7.2      93   -0.04    0.01    0.00  314.86     100
     827    -7.0      91    0.00   -0.03    2.30  166.75     100
     828    -6.2      91   -0.03   -0.03    0.00  320.87     100
     829    -6.5      93    0.02    0.04   26.09  411.80     100
     830    -7.2      93   -0.01    0.06    2.44  176.79     100
     831    -7.9      92    0.04   -0.02    0.86   65.34     100
     832    -9.1      92    0.03    0.01    0.18   21.72     100
     833    -9.7      92    0.00   -0.03    0.00    0.84     100
     834   -10.1      92   -0.04    0.00    0.00    0.00     100
     835   -10.1      92    0.01   -0.04    0.00    0.00     100
     836    -9.9      92   -0.01    0.04    0.00    0.00     100
     837    -9.8      92    0.02   -0.01    0.00    0.00     100
     838    -9.7      92   -0.03   -0.02    0.00    0.00     100
     839    -9.9      91    0.00   -0.02    0.00    0.00     100
     840   -11.1      91    0.01    0.00    0.00    0.00     100
     841   -13.3      90    0.00    0.00    0.00    0.00      63
     842   -14.8      91    0.00   -0.03    0.00    0.00     100
     843   -14.6      91    0.00    0.03    0.00    0.00     100
     844   -11.4      91   -0.03    0.02    0.00    0.05     100
     845   -10.9      92   -0.01    0.04    0.00    0.00     100
     846   -10.6      92   -0.02   -0.02    0.00    0.00     100
     847    -9.9      92    0.02    0.01    0.00    0.00     100
     848    -9.2      92   -0.01    0.00    0.00    4.69     100
     849    -8.7      92   -0.03   -0.01    1.04   93.04     100
     850    -8.1      92    0.00   -0.02    0.00  281.04     100
     851    -6.7      93    0.01    0.00   39.37  401.45     100
     852    -5.9      93    0.01    0.02    0.00  247.91     100
     853    -6.0      93    0.02    0.01   85.08  422.24      75
     854    -5.9      93    0.01   -0.02  405.50  200.67       0
     855    -6.3      93    0.02    0.01  226.69  227.97       0
     856    -7.5      92    0.01    0.01    0.84   91.84       0
     857    -8.9      91    0.00   -0.02    0.00    1.50      13
     858    -9.6      91    0.01    0.01    0.00    0.00     113
     859   -10.2      91   -0.01   -0.01    0.00    0.00       0
     860   -10.9      91    0.01    0.01    0.00    0.00       0
     861   -11.3      91    0.00    0.00    0.00    0.00       0
     862   -11.8      91    0.00    0.01    0.00    0.00       0
     863   -11.2      91    0.00    0.01    0.00    0.00       0
     864   -10.5      90    0.00    0.00    0.00    0.00       0
     865   -10.7      91   -0.01   -0.01    0.00    0.00       0
     866   -11.6      91    0.00    0.02    0.00    0.00       0
     867   -11.6      90    0.01    0.01    0.00    0.00       0
     868   -11.5      90    0.01    0.00    0.00    0.00      38
     869   -11.6      91   -0.01   -0.01    0.00    0.00     100
     870    -9.7      92    0.01    0.02    0.00    0.21     100
     871   -10.0      89   -0.01    0.01    0.00    0.00      25
     872   -11.1      91   -0.01    0.01    0.00    5.22       0
     873    -9.5      91    0.01    0.01    0.00  152.92       0
     874    -8.3      92   -0.02   -0.01   40.27  343.06      13
     875    -7.4      92   -0.01    0.02   44.02  404.54       0
     876    -6.6      92    0.00   -0.02   93.70  425.01     113
     877    -5.9      91    0.00   -0.03   43.66  428.91       0
     878    -5.8      86   -0.01   -0.01  157.93  343.78       0
     879    -6.2      81    0.01   -0.01  317.46  187.18       0
     880    -7.4      83    0.02    0.00    0.00  130.97       0
     881    -9.1      82   -0.01   -0.01    0.00    1.88       0
     882    -9.9      85    0.00    0.00    0.00    0.00       0
     883   -10.7      87   -0.01    0.00    0.00    0.00       0
     884   -11.5      91    0.00    0.00    0.00    0.00       0
     885   -12.0      87    0.00   -0.02    0.00    0.00       0
     886   -12.9      90    0.00    0.00    0.00    0.00       0
     887   -13.8      91    0.01    0.00    0.00    0.00       0
     888   -14.7      90    0.00    0.00    0.00    0.00       0
     889   -15.5      91    0.00    0.00    0.00    0.00       0
     890   -15.0      92    0.00    0.00    0.00    0.00      63
     891   -12.5      91    0.01   -0.01    0.00    0.00     100
     892   -11.4      92   -0.01   -0.01    0.00    0.71     100
     893    -9.7      92   -0.02    0.00    0.00    1.05     100
     894    -9.1      92   -0.01    0.00    0.00    0.61     100
     895    -8.9      93   -0.01    0.01    0.00    0.04     100
     896    -8.2      93   -0.02    0.03    0.00    3.80     100
     897    -7.2      94    0.02   -0.03    0.31   25.47     100
     898    -5.6      93    0.03   -0.02    1.21   83.97     100
     899    -4.7      87    0.03    0.04    1.86  128.29     100
     900    -3.6      83    0.02   -0.04    0.00  256.83     100
     901    -3.4      83   -0.03    0.04    0.00  340.94     100
     902    -4.1      84   -0.02   -0.04    0.00  314.76     100
     903    -4.4      85   -0.02    0.03   97.05  308.09      75
     904    -5.9      86    0.01   -0.02    0.95   90.35      38
     905    -7.4      92    0.00    0.00    0.00    1.80       0
     906    -8.2      93    0.00    0.03    0.00    0.00     100
     907    -8.6      92    0.01    0.03    0.00    0.00     100
     908    -8.9      92    0.01   -0.01    0.00    0.00      25
     909    -9.4      93   -0.01   -0.02    0.00    0.00     100
     910    -8.9      91    0.02   -0.01    0.00    0.00      50
     911    -9.4      91   -0.01    0.01    0.00    0.00       0
     912    -9.7      92    0.01   -0.02    0.00    0.00       0
     913    -9.7      91    0.02    0.02    0.00    0.00       0
     914    -9.7      91   -0.02    0.02    0.00    0.00       0
     915    -9.8      91   -0.02    0.00    0.00    0.00       0
     916    -9.9      92   -0.02    0.02    0.00    0.00     100
     917    -9.4      93    0.00   -0.04    0.00    0.00     100
     918    -8.5      93   -0.02   -0.02    0.00    0.00     100
     919    -8.1      94    0.05    0.01    0.00    0.00     100
     920    -7.4      93   -0.03    0.01    0.00    5.17     100
     921    -7.1      93    0.03   -0.01    0.84   65.51     100
     922    -6.8      93    0.01   -0.03    0.91   61.42     100
     923    -5.9      90   -0.02   -0.03    1.74  118.24     100
     924    -4.7      87   -0.03    0.01    0.00  244.06     100
     925    -4.5      85    0.06    0.01    2.52  172.89     100
     926    -4.7      82   -0.05   -0.02    1.51  102.54     100
     927    -4.9      78   -0.04    0.03    1.41   96.16     100
     928    -5.3      80    0.01   -0.04    0.25   22.20     100
     929    -5.5      77   -0.01    0.03    0.00    0.97     100
     930    -5.5      74    0.05   -0.03    0.00    0.00     100
     931    -5.6      80    0.05    0.02    0.00    0.00     100
     932    -5.9      83   -0.04   -0.01    0.00    0.00     100
     933    -6.2      85    0.01    0.05    0.00    0.00     100
     934    -6.4      88   -0.03    0.03    0.00    0.00     113
     935    -6.7      88    0.04   -0.01    0.00    0.00     100
     936    -6.7      88   -0.02    0.03    0.00    0.00     100
     937    -6.9      89    0.03    0.00    0.00    0.00     100
     938    -7.1      90   -0.03   -0.01    0.00    0.00     100
     939    -7.2      89    0.03   -0.04    0.00    0.00     100
     940    -7.2      88    0.05    0.02    0.00    0.00     100
     941    -7.2      87    0.04   -0.02    0.00    0.00     100
     942    -8.0      90    0.02   -0.03    0.00    0.00     100
     943    -8.0      91   -0.04   -0.01    0.00    0.00     100
     944    -8.1      89   -0.02    0.01    0.00   12.98     100
     945    -7.3      82   -0.02   -0.04    1.74  129.50     100
     946    -6.4      76    0.04   -0.01    2.69  177.87     100
     947    -6.5      80   -0.03    0.03    2.43  162.66     100
     948    -6.5      86   -0.02    0.02    0.00  239.23     100
     949    -6.5      87    0.05    0.02    2.63  178.08     100
     950    -6.2      86    0.02    0.01    0.00  208.51     100
     951    -6.4      82   -0.02    0.03    1.45   96.60     100
     952    -6.8      84   -0.02   -0.02    0.41   34.73     113
     953    -7.1      90    0.03   -0.03    0.00    1.99     100
     954    -7.6      90   -0.03   -0.04    0.00    0.00     100
     955    -8.1      90    0.02    0.04    0.00    0.00     100
     956    -8.5      89    0.03   -0.03    0.00    0.00     100
     957    -8.7      89    0.00    0.03    0.00    0.00     100
     958    -9.1      87    0.02    0.01    0.00    0.00     100
     959    -9.2      86   -0.03   -0.01    0.00    0.00     100
     960    -9.5      86    0.00    0.02    0.00    0.00      25
     961   -10.1      87    0.00    0.02    0.00    0.00      25
     962   -10.3      88    0.00    0.01    0.00    0.00       0
     963   -10.6      89   -0.01   -0.01    0.00    0.00     100
     964   -10.7      90    0.00    0.00    0.00    0.00     100
     965   -11.2      90    0.01   -0.02    0.00    0.00       0
     966   -11.6      90    0.00    0.00    0.00    0.00       0
     967   -11.6      90    0.03    0.01    0.00    0.00       0
     968   -11.3      91   -0.02    0.01    0.00   14.04       0
     969    -9.7      90   -0.01    0.02    1.18   84.43      13
     970    -8.3      91    0.00   -0.03    2.79  180.43       0
     971    -6.3      84    0.01    0.04   42.26  409.40       0
     972    -5.3      80    0.04   -0.03  320.35  292.57       0
     973    -4.7      79    0.05    0.04  421.19  233.30     100
     974    -4.8      78   -0.04   -0.02  422.25  206.47      38
     975    -5.0      67    0.04    0.02  280.22  218.28     100
     976    -5.9      69    0.04   -0.01    0.00  211.74     100
     977    -6.8      74   -0.01    0.04    0.00    3.03     100
     978    -7.5      83    0.00   -0.03    0.00    0.00     100
     979    -7.6      89    0.03    0.03    0.00    0.00     100
     980    -7.5      90    0.00    0.03    0.00    0.00     100
     981    -7.4      92    0.03    0.02    0.00    0.00     100
     982    -7.9      90    0.00   -0.06    0.00    0.00     100
     983    -8.3      91    0.03    0.05    0.00    0.00     100
     984    -8.9      91   -0.01    0.07    0.00    0.00     100
     985    -9.6      91    0.00   -0.05    0.00    0.00     100
     986   -10.0      91    0.01   -0.05    0.00    0.00     100
     987   -10.4      90   -0.01    0.05    0.00    0.00     100
     988   -11.1      91    0.00   -0.04    0.00    0.00     100
     989   -11.3      90    0.03    0.03    0.00    0.00     100
     990   -11.0      90    0.04    0.02    0.00    0.00     100
     991   -11.1      90    0.03    0.01    0.00    0.00     100
     992   -11.1      90    0.03   -0.01    0.00   12.06     100
     993    -9.9      91   -0.03    0.03    0.00  280.87     100
     994    -8.4      91    0.00   -0.04  285.88  236.46     100
     995    -7.9      91    0.02   -0.02  509.82  178.17     100
     996    -7.1      91   -0.02    0.02  587.49  162.51      75
     997    -6.2      75    0.06   -0.01  562.41  170.54      13
     998    -5.8      67    0.02    0.05  462.87  190.73       0
     999    -6.3      73    0.04    0.02  296.78  213.60       0
    1000    -7.6      83    0.01    0.04    0.00  247.91       0
    1001    -9.2      85    0.04   -0.01    0.00    3.92       0
    1002    -9.9      85   -0.01    0.01    0.00    0.00       0
    1003   -10.9      85   -0.01   -0.01    0.00    0.00       0
    1004   -11.2      83   -0.01    0.01    0.00    0.00       0
    1005   -10.7      88    0.00    0.00    0.00    0.00       0
    1006   -11.2      90    0.00    0.00    0.00    0.00       0
    1007   -12.9      88    0.01    0.00    0.00    0.00       0
    1008   -13.9      83   -0.02   -0.01    0.00    0.00       0
    1009   -15.1      84    0.00    0.00    0.00    0.00       0
    1010   -16.1      91    0.00    0.00    0.00    0.00       0
    1011   -16.9      89    0.00    0.00    0.00    0.00       0
    1012   -17.4      89    0.01    0.01    0.00    0.00       0
    1013   -17.9      87   -0.01    0.01    0.00    0.00      25
    1014   -17.9      91   -0.02   -0.02    0.00    0.00     100
    1015   -17.4      90    0.01   -0.02    0.00    0.11     100
    1016   -15.6      91    0.00   -0.02    0.02   13.17     100
    1017   -13.1      90    0.03    0.00    1.38   91.25     100
    1018    -8.4      86   -0.02    0.04    0.00  338.20     100
    1019    -5.0      82   -0.04    0.02   38.57  410.08     100
    1020    -3.7      70   -0.01   -0.04    0.00  257.40      50
    1021    -2.8      60    0.03   -0.05  682.41  127.75       0
    1022    -3.1      62    0.04   -0.03  458.26  195.28       0
    1023    -3.9      69    0.01    0.06  280.06  224.96       0
    1024    -5.2      74   -0.01   -0.03    0.00  261.00       0
    1025    -6.7      76   -0.02   -0.03    0.00    4.45       0
    1026    -7.9      76   -0.04   -0.02    0.00    0.00       0
    1027    -8.0      77    0.03    0.03    0.00    0.00       0
    1028    -9.0      78    0.02    0.00    0.00    0.00       0
    1029    -8.4      77   -0.01    0.02    0.00    0.00       0
    1030    -9.1      77   -0.03    0.01    0.00    0.00       0
    1031   -10.6      76    0.01    0.02    0.00    0.00       0
    1032   -12.0      82   -0.01   -0.01    0.00    0.00       0
    1033   -11.9      88    0.00    0.00    0.00    0.00       0
    1034   -12.0      88    0.00    0.00    0.00    0.00       0
    1035   -13.6      87   -0.01    0.01    0.00    0.00       0
    1036   -14.6      91    0.00    0.00    0.00    0.00       0
    1037   -15.3      87   -0.01    0.00    0.00    0.00       0
    1038   -16.0      88    0.00    0.00    0.00    0.00       0
    1039   -16.1      88    0.01   -0.01    0.00    0.00       0
    1040   -15.4      82    0.02    0.01    0.05   17.06       0
    1041   -12.3      74    0.00    0.03    0.00  253.01       0
    1042    -7.9      57   -0.04    0.01  137.45  324.08       0
    1043    -3.6      47   -0.02    0.05  242.10  322.84       0
    1044    -0.8      35   -0.01   -0.04  739.24  112.76       0
    1045    -0.2      34   -0.04   -0.02  616.65  153.02       0
    1046    -0.2      32    0.03    0.04  520.09  171.47       0
    1047    -1.0      30    0.04    0.03  360.35  191.12       0
    1048    -2.3      34    0.00    0.03   49.38  235.66       0
    1049    -4.2      38    0.00   -0.03    0.00    4.54       0
    1050    -5.1      48    0.01   -0.03    0.00    0.00       0
    1051    -6.1      62    0.00    0.04    0.00    0.00       0
    1052    -9.1      68   -0.05    0.01    0.00    0.00       0
    1053   -10.5      68    0.04    0.00    0.00    0.00       0
    1054   -11.0      70    0.02   -0.04    0.00    0.00       0
    1055   -12.6      72    0.04   -0.01    0.00    0.00       0
    1056   -13.7      76    0.03   -0.05    0.00    0.00       0
    1057   -14.5      65   -0.04    0.05    0.00    0.00       0
    1058   -15.2      81   -0.06   -0.01    0.00    0.00       0
    1059   -15.9      94    0.03    0.02    0.00    0.00       0
    1060   -16.5      84    0.01   -0.05    0.00    0.00       0
    1061   -16.7      85   -0.02   -0.03    0.00    0.00       0
    1062   -17.2      84   -0.03    0.02    0.00    0.00       0
    1063   -17.7      76    0.00    0.05    0.00    0.00       0
    1064   -16.5      66   -0.03    0.02    0.10   21.46       0
    1065   -13.2      63    0.05    0.00    0.00  273.09       0
    1066    -9.0      60    0.01   -0.04  130.84  330.21       0
    1067    -4.2      54    0.03    0.04  171.56  369.23       0
    1068    -0.9      62   -0.05   -0.01  585.22  169.37       0
    1069    -0.3      68    0.06   -0.03  629.41  150.05       0
    1070    -0.2      71   -0.02   -0.05  523.82  172.23       0
    1071    -0.4      73    0.05   -0.02  346.30  200.30       0
    1072    -1.5      77    0.00    0.03   47.09  238.58       0
    1073    -4.6      86   -0.02    0.00    0.00    3.50       0
    1074    -6.7      91    0.00   -0.02    0.00    0.00       0
    1075    -8.4      95   -0.01    0.00    0.00    0.00       0
    1076    -9.7      93   -0.01   -0.01    0.00    0.00       0
    1077   -10.8      93   -0.02    0.01    0.00    0.00       0
    1078   -11.4      92    0.02   -0.01    0.00    0.00      63
    1079   -11.4      87   -0.02    0.01    0.00    0.00      88
    1080   -11.7      76    0.02    0.04    0.00    0.00     100
    1081   -11.9      76    0.03    0.00    0.00    0.00     100
    1082   -12.0      87    0.05    0.00    0.00    0.00      63
    1083   -12.1      91   -0.02    0.05    0.00    0.00      13
    1084   -11.5      82    0.04   -0.03    0.00    0.00       0
    1085   -10.9      72    0.00   -0.05    0.00    0.00     100
    1086   -10.2      66    0.04    0.02    0.00    0.00      63
    1087   -10.1      61    0.05    0.04    0.00    0.54     100
    1088    -9.4      58   -0.05    0.05    0.10   17.56     100
    1089    -6.4      55    0.07    0.02    2.38  141.04     100
    1090    -3.7      57    0.06    0.05    3.06  179.10     100
    1091    -2.6      54    0.02   -0.07    1.56   95.11     100
    1092    -1.9      63    0.07    0.01    1.26   78.72     100
    1093    -1.4      61   -0.02   -0.07    1.54   96.06     100
    1094    -1.4      63    0.06    0.01    1.33   80.42     100
    1095    -1.6      68   -0.06    0.02    0.83   48.60     100
    1096    -1.7      72    0.00   -0.05    0.39   24.21     100
    1097    -1.8      73    0.04    0.03    0.00    3.05     100
    1098    -2.0      74   -0.04    0.02    0.00    0.00     100
    1099    -2.0      73    0.00   -0.05    0.00    0.00     100
    1100    -1.9      71   -0.07    0.01    0.00    0.00     100
    1101    -1.9      69    0.06    0.03    0.00    0.00     100
    1102    -1.9      68    0.06    0.01    0.00    0.00     100
    1103    -1.9      71    0.08    0.02    0.00    0.00     100
    1104    -1.9      75    0.06    0.01    0.00    0.00     100
    1105    -1.9      76    0.00    0.06    0.00    0.00     100
    1106    -1.9      80    0.05    0.01    0.00    0.00     100
    1107    -2.0      81    0.03    0.03    0.00    0.00     100
    1108    -1.9      82    0.00    0.04    0.00    0.00     100
    1109    -1.9      80    0.03    0.03    0.00    0.00     100
    1110    -1.6      81    0.03    0.02    0.00    0.00     100
    1111    -1.6      81    0.01   -0.03    0.00    0.05     100
    1112    -1.5      83   -0.02   -0.03    0.05    6.56     100
    1113    -1.1      86   -0.02   -0.03    0.37   21.26     100
    1114    -0.9      88    0.04   -0.01    0.59   33.81     100
    1115    -0.5      86    0.03    0.02    0.82   49.50     100
    1116    -0.6      86   -0.03   -0.02    0.94   58.07     100
    1117    -0.7      87   -0.01   -0.03    0.61   37.52     100
    1118    -0.7      87   -0.03    0.00    0.68   40.49     100
    1119    -1.0      88    0.00    0.05    0.44   25.33     100
    1120    -1.3      89   -0.04    0.02    0.22   13.13     100
    1121    -1.4      89    0.04   -0.03    0.00    2.26     100
    1122    -1.4      89    0.00   -0.05    0.00    0.00     100
    1123    -1.4      89    0.05   -0.02    0.00    0.00     100
    1124    -1.4      89    0.06   -0.03    0.00    0.00     100
    1125    -1.5      86    0.07    0.03    0.00    0.00     100
    1126    -1.5      85   -0.05   -0.05    0.00    0.00     100
    1127    -1.6      86   -0.07   -0.03    0.00    0.00     100
    1128    -1.9      86   -0.07   -0.04    0.00    0.00     100
    1129    -2.2      90    0.01   -0.07    0.00    0.00     113
    1130    -2.3      94   -0.03    0.04    0.00    0.00     100
    1131    -2.4      95   -0.03    0.05    0.00    0.00     113
    1132    -2.6      94   -0.07    0.00    0.00    0.00     100
    1133    -2.5      94   -0.04   -0.06    0.00    0.00     100
    1134    -2.5      95    0.06    0.01    0.00    0.00     113
    1135    -2.4      95   -0.03   -0.05    0.00    0.07     113
    1136    -2.0      95   -0.02    0.07    0.04    4.59     113
    1137    -1.4      95    0.05    0.01    0.42   23.25     113
    1138    -0.7      93   -0.05   -0.02    0.80   44.92     113
    1139    -0.1      94   -0.02   -0.06    1.18   70.27     100
    1140     0.2      93    0.04   -0.04    1.18   71.74     100
    1141     0.5      89   -0.03   -0.06    1.24   75.21     100
    1142     0.2      89   -0.03    0.05    1.24   72.78     100
    1143    -0.1      87    0.05    0.01    1.20   66.70     100
    1144    -0.5      90    0.03   -0.03    0.65   37.15     100
    1145    -1.1      95    0.03    0.01    0.00    6.60     113
    1146    -1.3      94   -0.04    0.00    0.00    0.00     100
    1147    -1.4      90    0.02    0.06    0.00    0.00     100
    1148    -1.8      85   -0.07    0.04    0.00    0.00      88
    1149    -1.9      82    0.02    0.08    0.00    0.00     100
    1150    -2.0      83   -0.07    0.07    0.00    0.00     100
    1151    -2.1      85   -0.08   -0.02    0.00    0.00     100
    1152    -2.2      85   -0.08   -0.02    0.00    0.00     100
    1153    -2.3      86   -0.03   -0.08    0.00    0.00     100
    1154    -2.4      87    0.05   -0.07    0.00    0.00     100
    1155    -2.4      87   -0.07    0.07    0.00    0.00     100
    1156    -2.5      88   -0.09    0.01    0.00    0.00     100
    1157    -2.7      92   -0.08   -0.06    0.00    0.00     100
    1158    -2.7      92   -0.10    0.04    0.00    0.00     113
    1159    -2.6      92    0.01   -0.12    0.00    0.15     100
    1160    -2.3      95    0.10    0.05    0.13   12.70     100
    1161    -1.9      95    0.11   -0.06    0.44   23.55     100
    1162    -1.3      95   -0.09    0.07    0.87   48.46     100
    1163    -1.1      95   -0.08    0.06    0.99   57.74     100
    1164    -0.9      96    0.10    0.02    0.96   57.70     100
    1165    -0.5      95   -0.03   -0.11    0.84   50.48     100
    1166    -0.3      96    0.10   -0.05    0.90   51.87     100
    1167    -0.3      98    0.10   -0.06    0.47   25.75     100
    1168    -0.4      98    0.01   -0.11    0.19   10.57     100
    1169    -0.4      98   -0.08   -0.06    0.00    1.48     100
    1170    -0.5      99    0.01   -0.11    0.00    0.00     100
    1171    -0.4      99    0.01   -0.11    0.00    0.12     100
    1172    -0.4      99    0.03   -0.10    0.00    0.01     113
    1173    -0.3      99   -0.09    0.01    0.00    0.00     113
    1174    -0.1      99   -0.08   -0.06    0.00    0.00     113
    1175     0.2      99    0.01    0.10    0.00    0.00     113
    1176     0.4      99    0.07    0.04    0.00    0.00     113
    1177     0.5      99   -0.04    0.08    0.00    0.00     113
    1178     0.6      99   -0.02    0.08    0.00    0.00     113
    1179     0.7      99    0.08   -0.04    0.00    0.18     113
    1180     0.8      99    0.07    0.04    0.00    0.59     113
    1181     0.6      99    0.07   -0.04    0.00    0.11     113
    1182     0.5      99    0.01    0.07    0.00    0.00     113
    1183     0.6      99    0.07    0.01    0.00    0.04     100
    1184     0.8      99    0.06    0.01    0.05    4.26     100
    1185     1.2      99    0.05   -0.02    0.38   19.87     113
    1186     1.3      99   -0.03    0.03    0.66   35.88     113
    1187     1.5      99    0.04    0.02    0.87   50.04     113
    1188     1.9      99    0.02    0.03    0.92   54.46     113
    1189     2.2      99    0.02    0.02    1.02   60.21     113
    1190     2.3      99   -0.02    0.02    1.01   57.55     113
    1191     2.2      99    0.03   -0.01    0.83   44.34     113
    1192     1.9      99   -0.03   -0.02    0.33   17.59     113
    1193     1.7      99   -0.03    0.00    0.02    4.38     113
    1194     1.5      99   -0.04    0.02    0.00    0.00     113
    1195     1.5      99    0.02   -0.04    0.00    0.00     113
    1196     1.4      99   -0.01   -0.04    0.00    0.00     113
    1197     1.4      99    0.01   -0.03    0.00    0.00     113
    1198     1.3      99   -0.01    0.03    0.00    0.00     113
    1199     1.3      99    0.04   -0.02    0.00    0.00     113
    1200     1.4      99    0.03   -0.05    0.00    0.00     113
    1201     1.4      99    0.00   -0.05    0.00    0.00     100
    1202     1.3      99    0.04   -0.03    0.00    0.00     100
    1203     1.2      99   -0.03   -0.03    0.00    0.00     100
    1204     1.0      99    0.05   -0.02    0.00    0.00     100
    1205     0.9      99    0.06   -0.04    0.00    0.00     100
    1206     1.5      99    0.08   -0.03    0.00    0.02     113
    1207     1.8      98    0.06    0.02    0.00    0.25     100
    1208     2.3      97   -0.04   -0.06    0.31   23.12     100
    1209     2.9      97   -0.03   -0.07    0.72   36.66     100
    1210     3.6      96   -0.06    0.03    1.23   65.66     100
    1211     4.7      95    0.04   -0.03    2.91  165.08     100
    1212     5.0      96   -0.05   -0.01    2.38  139.39     100
    1213     5.9      95    0.00   -0.06    2.44  142.28     100
    1214     6.1      95   -0.03    0.05    0.00  217.31     100
    1215     5.8      95   -0.06   -0.03    1.47   76.83     100
    1216     5.3      96   -0.05   -0.03    0.73   37.33     100
    1217     3.6      95   -0.06   -0.03    0.06    9.35     100
    1218     2.6      94    0.06    0.02    0.00    0.00     100
    1219     2.2      93    0.01    0.06    0.00    0.00     100
    1220     1.7      93    0.05   -0.04    0.00    0.00     100
    1221     1.5      93    0.07   -0.03    0.00    0.00     100
    1222     1.7      94    0.05   -0.02    0.00    0.05     100
    1223     1.8      94    0.00   -0.06    0.00    0.00     100
    1224     1.5      94    0.07   -0.03    0.00    0.00     100
    1225     1.3      95    0.07   -0.01    0.00    0.00     100
    1226     1.5      95    0.07   -0.03    0.00    0.01     100
    1227     0.8      96   -0.03    0.08    0.00    0.00      63
    1228     0.3      97    0.01   -0.07    0.00    0.00      50
    1229    -0.1      97   -0.05   -0.05    0.00    0.00      50
    1230    -0.4      98    0.02   -0.07    0.00    0.00       0
    1231    -0.2      98    0.02   -0.08    0.00    0.37       0
    1232     0.8      96   -0.07   -0.04    0.28   18.64      25
    1233     1.7      96    0.03    0.06    1.18   58.08      13
    1234     3.5      92    0.04    0.02    0.00  254.93       0
    1235     6.6      87    0.02   -0.06  197.25  371.53     100
    1236     8.6      85    0.05   -0.01  189.35  404.18      88
    1237     8.3      89   -0.06    0.00    0.00  383.52      50
    1238     9.0      88    0.07    0.02    0.00  221.42     100
    1239     8.7      89   -0.02   -0.06    2.63  134.93     100
    1240     6.4      90   -0.01    0.04    2.24  110.42      50
    1241     4.5      91    0.00    0.06    0.20   24.20       0
    1242     2.5      93    0.04    0.01    0.00    0.00       0
    1243     1.3      93    0.01   -0.06    0.00    0.00       0
    1244     0.7      92   -0.04   -0.04    0.00    0.00       0
    1245     0.3      93    0.03   -0.05    0.00    0.00       0
    1246     0.3      93   -0.03    0.05    0.00    0.00       0
    1247    -0.2      94    0.06    0.00    0.00    0.00       0
    1248    -0.5      93    0.02   -0.04    0.00    0.00       0
    1249    -0.9      96    0.01    0.02    0.00    0.00       0
    1250    -1.1      96    0.02   -0.02    0.00    0.00       0
    1251    -1.1      98    0.04    0.00    0.00    0.00       0
    1252    -1.2      99    0.02   -0.03    0.00    0.00       0
    1253    -1.4      98    0.03    0.02    0.00    0.00       0
    1254    -1.5      99    0.01    0.00    0.00    0.00       0
    1255    -1.6      99    0.03   -0.04    0.00    1.39       0
    1256    -0.5      96   -0.07   -0.01    0.88   53.01       0
    1257     1.8      89   -0.06   -0.02   64.93  279.82       0
    1258     5.6      80    0.09   -0.01  324.37  249.65       0
    1259     9.2      76    0.08   -0.01  464.56  224.47       0
    1260    11.3      72   -0.05   -0.01  505.16  222.33       0
    1261    12.3      69    0.04   -0.04  350.60  302.94       0
    1262    12.6      69    0.02    0.01   37.15  408.91      13
    1263    12.4      71    0.02   -0.04   51.17  348.82       0
    1264    10.6      73    0.07   -0.04    0.00  159.67       0
    1265     4.8      77    0.07    0.01    0.22   21.77       0
    1266     3.3      79    0.01   -0.06    0.00    0.00       0
    1267     2.5      83    0.03   -0.04    0.00    0.00       0
    1268     1.9      87    0.01    0.05    0.00    0.00       0
    1269     1.0      87   -0.06    0.03    0.00    0.00       0
    1270     1.2      89   -0.05    0.02    0.00    0.00      38
    1271     1.8      86    0.02   -0.04    0.00    0.00       0
    1272     1.8      88   -0.05    0.00    0.00    0.00      38
    1273     1.9      87   -0.05    0.02    0.00    0.29     100
    1274     2.0      90    0.04   -0.04    0.00    0.00     100
    1275     1.4      91   -0.03   -0.05    0.00    0.00     100
    1276     2.1      93    0.04   -0.04    0.00    0.02     100
    1277     3.2      96   -0.04   -0.02    0.00    0.69     100
    1278     3.8      99    0.05   -0.03    0.00    0.34     113
    1279     3.9      99   -0.02   -0.04    0.00    0.18     113
    1280     3.8      99    0.03    0.03    0.16    8.83     113
    1281     3.8      98    0.05    0.00    1.16   53.88     100
    1282     4.4      93    0.03   -0.03    1.98   99.86     100
    1283     5.4      87    0.04    0.02    3.39  183.79     100
    1284     5.6      87   -0.05   -0.01    0.00  399.18      25
    1285     5.3      87   -0.04   -0.05    3.66  204.65      38
    1286     4.8      89    0.02    0.04    1.80   96.42      63
    1287     4.4      89    0.01   -0.03    1.66   81.81      75
    1288     3.6      96   -0.02   -0.03    1.25   57.79     100
    1289     2.9      99   -0.03    0.00    0.11    9.09     113
    1290     2.5      99   -0.02    0.03    0.00    0.00     113
    1291     2.4      99    0.06    0.00    0.00    0.00     100
    1292     2.6      99    0.03   -0.04    0.00    0.00     113
    1293     2.4      99    0.03    0.03    0.00    0.00     113
    1294     3.1      99   -0.03   -0.05    0.00    0.03     113
    1295     4.4      99   -0.02    0.06    0.00    0.32     113
    1296     4.8      99   -0.02    0.06    0.00    0.00     113
    1297     5.2      99   -0.04    0.06    0.00    0.00     113
    1298     5.6      99    0.02   -0.07    0.00    0.00     100
    1299     6.6      99    0.08   -0.03    0.00    0.01     100
    1300     7.0      98    0.04   -0.08    0.00    0.00     100
    1301     7.0      97   -0.08   -0.01    0.00    0.00     100
    1302     7.0      97   -0.03   -0.06    0.00    0.00     100
    1303     6.9      95   -0.07    0.01    0.00    0.22     100
    1304     6.9      93   -0.04   -0.07    0.15    7.84     100
    1305     7.4      92   -0.03   -0.06    0.79   35.88     100
    1306     8.3      91   -0.06   -0.06    1.86   92.50     100
    1307     9.7      90    0.04    0.05    3.70  197.93     100
    1308     9.8      88    0.03   -0.04    3.31  183.80     100
    1309     9.0      88    0.03   -0.06    1.51   83.68     100
    1310     8.5      91    0.02   -0.06    0.96   50.94     100
    1311     8.0      94   -0.04   -0.06    0.78   37.91     100
    1312     7.7      96    0.01    0.07    0.27   11.89     100
    1313     7.7      97    0.03    0.05    0.04    2.68     100
    1314     7.6      98    0.03    0.06    0.00    0.00     100
    1315     7.2      99   -0.06    0.00    0.00    0.00     100
    1316     7.2      99   -0.07   -0.04    0.00    0.00     100
    1317     7.2      99    0.06   -0.02    0.00    0.00     100
    1318     7.0      99    0.06    0.04    0.00    0.00     100
    1319     7.2      98    0.01   -0.05    0.00    0.00     100
    1320     7.2      96   -0.02    0.06    0.00    0.00     100
    1321     7.4      96    0.02    0.06    0.00    0.00     100
    1322     7.8      95   -0.06    0.01    0.00    0.00     100
    1323     8.1      94    0.00   -0.05    0.00    0.00     100
    1324     7.9      93   -0.04    0.05    0.00    0.00     100
    1325     7.3      94   -0.02    0.05    0.00    0.00      25
    1326     6.8      94    0.06   -0.02    0.00    0.00      50
    1327     6.4      93    0.02    0.06    0.00    1.08      25
    1328     6.9      91    0.02    0.06    0.68   31.96     100
    1329     7.8      88    0.02    0.06    2.16   95.15     100
    1330     9.2      87    0.01   -0.06    2.73  133.21     100
    1331    10.3      85    0.05    0.04    3.77  199.02     100
    1332     9.2      87   -0.02    0.06    1.82  100.22     100
    1333     8.3      91    0.07   -0.01    0.59   32.06     100
    1334     7.6      95    0.01   -0.08    0.50   25.89     100
    1335     7.1      95    0.06    0.01    0.46   21.95     100
    1336     6.7      95   -0.04    0.05    0.38   16.26     100
    1337     6.0      86    0.00   -0.09    0.11    6.71     100
    1338     5.0      89   -0.06   -0.04    0.00    0.51     100
    1339     4.8      89   -0.09   -0.05    0.00    0.00     100
    1340     4.1      90    0.09    0.00    0.00    0.00      63
    1341     4.2      91   -0.11    0.02    0.00    0.00     100
    1342     4.0      91    0.03   -0.11    0.00    0.00     100
    1343     4.0      91    0.07   -0.05    0.00    0.00     100
    1344     3.9      95    0.06   -0.06    0.00    0.00     100
    1345     4.1      95   -0.04   -0.09    0.00    0.00     100
    1346     4.2      95    0.09    0.00    0.00    0.00     100
    1347     4.3      96    0.11   -0.04    0.00    0.00     100
    1348     4.5      95    0.05    0.08    0.00    0.00     100
    1349     4.7      92   -0.06   -0.07    0.00    0.00     100
    1350     4.8      89   -0.03   -0.08    0.00    0.00     100
    1351     4.4      88   -0.08   -0.02    0.00    2.11     100
    1352     4.5      86   -0.07   -0.02    1.62   70.89      38
    1353     5.6      77   -0.06   -0.05  187.22  246.31       0
    1354     7.0      69    0.09    0.00  502.61  180.22       0
    1355     8.1      66   -0.07    0.09  613.36  167.17       0
    1356     8.8      55   -0.08    0.04  648.32  165.82       0
    1357     9.1      52   -0.05    0.08  609.18  180.17       0
    1358     9.1      55    0.04    0.08  534.41  193.51       0
    1359     9.1      56    0.03    0.07  393.98  211.87       0
    1360     8.3      59    0.07    0.03  180.13  221.43       0
    1361     6.7      67   -0.02    0.05    0.00   88.10       0
    1362     5.2      71   -0.02    0.04    0.00    0.29       0
    1363     4.0      72    0.02   -0.01    0.00    0.00       0
    1364     3.3      72    0.05    0.01    0.00    0.00       0
    1365     1.6      68    0.05    0.01    0.00    0.00       0
    1366     2.2      68    0.03    0.04    0.00    0.00       0
    1367     2.0      71    0.02   -0.03    0.00    0.00       0
    1368     0.6      71    0.02    0.02    0.00    0.00       0
    1369    -0.5      72    0.00   -0.02    0.00    0.00       0
    1370    -2.4      77    0.01    0.01    0.00    0.00       0
    1371    -3.5      86    0.00    0.00    0.00    0.00       0
    1372    -4.0      79   -0.01    0.00    0.00    0.00       0
    1373    -4.3      83    0.01    0.01    0.00    0.00       0
    1374    -4.4      80    0.01    0.01    0.00    0.00       0
    1375    -4.1      72   -0.04    0.00    0.00    7.62       0
    1376    -2.6      68   -0.02   -0.03    0.00  105.85       0
    1377     0.7      54    0.00    0.03  148.31  265.31       0
    1378     5.9      52    0.02    0.04  559.55  160.43       0
    1379     8.7      46    0.06   -0.02  536.09  202.18      50
    1380     9.8      45   -0.04   -0.05  286.88  357.39     100
    1381     9.4      47   -0.06    0.01    0.00  322.84     100
    1382     9.2      52    0.00   -0.03    4.17  209.93     100
    1383     8.4      55   -0.01   -0.04    2.60  119.13     100
    1384     6.8      68   -0.01    0.04    0.00  172.38     100
    1385     4.8      83   -0.05   -0.01    1.01   48.89      88
    1386     3.9      91    0.01    0.06    0.00    0.55     100
    1387     3.5      95    0.01   -0.06    0.00    0.00     100
    1388     3.3      96   -0.01    0.06    0.00    0.00     100
    1389     2.9      98   -0.04    0.04    0.00    0.00     100
    1390     2.8      99    0.01   -0.03    0.00    0.00     113
    1391     2.6      99   -0.01   -0.02    0.00    0.00     113
    1392     2.2      99   -0.03    0.01    0.00    0.00       0
    1393     1.7      97    0.00   -0.03    0.00    0.00       0
    1394     1.3      96   -0.02    0.01    0.00    0.00       0
    1395     0.7      95   -0.03    0.01    0.00    0.00       0
    1396     0.4      94    0.02    0.00    0.00    0.00       0
    1397     0.1      91    0.02    0.00    0.00    0.00       0
    1398    -0.3      90    0.01   -0.03    0.00    0.00       0
    1399    -0.9      83   -0.03   -0.04    0.00    4.57       0
    1400    -0.6      76   -0.01   -0.06    1.23   47.80       0
    1401     0.8      68   -0.04    0.02    0.00  292.16       0
    1402     2.4      67    0.01   -0.05  286.69  285.17       0
    1403     6.1      62   -0.01   -0.04  330.84  310.25       0
    1404    10.1      57   -0.01    0.05  659.71  164.54       0
    1405    11.5      49   -0.01   -0.06  570.79  200.91       0
    1406    11.9      47   -0.05    0.01  499.61  213.20       0
    1407    11.3      49   -0.01    0.05  416.22  206.92       0
    1408    10.4      52   -0.03    0.01  203.25  217.36       0
    1409     7.9      74    0.02    0.00    0.00   96.80       0
    1410     5.1      86   -0.02    0.00    0.00    0.22       0
    1411     3.0      84   -0.01   -0.03    0.00    0.00       0
    1412     1.3      79    0.01   -0.05    0.00    0.00       0
    1413    -0.2      87   -0.01   -0.02    0.00    0.00       0
    1414    -0.8      93    0.00    0.02    0.00    0.00       0
    1415    -1.9      94    0.00    0.03    0.00    0.00       0
    1416    -0.9      98   -0.04    0.00    0.00    0.20       0
    1417    -0.3      94    0.00    0.05    0.00    0.24       0
    1418     0.0      97    0.03   -0.02    0.00    0.23       0
    1419     0.0      90    0.01   -0.04    0.00    0.04       0
    1420    -0.3      91    0.03    0.02    0.00    0.00       0
    1421    -0.3      98   -0.05    0.00    0.00    0.00       0
    1422    -0.1      99    0.04   -0.01    0.00    0.00      25
    1423     0.0      99    0.01    0.03    0.00    2.90     113
    1424     0.2      95    0.01    0.04    0.76   27.94       0
    1425     1.2      93   -0.03    0.02    2.18   86.86      88
    1426     2.8      79    0.05   -0.01  146.82  358.33       0
    1427     5.0      69   -0.02   -0.06  654.48  156.38       0
    1428     7.4      72    0.03    0.04  626.23  180.26       0
    1429     8.6      55   -0.03   -0.05  688.15  152.97       0
    1430     8.0      56   -0.05   -0.02  500.18  214.97       0
    1431     7.1      62    0.00   -0.06  387.34  221.79       0
    1432     4.5      79    0.04   -0.04  158.19  237.09       0
    1433     3.3      92   -0.01    0.06    0.81   32.64      63
    1434     3.1      94    0.02    0.05    0.00    0.92     100
    1435     3.1      95    0.06    0.00    0.00    0.00     100
    1436     3.2      96   -0.03   -0.05    0.00    0.00     100
    1437     2.8      98    0.00   -0.04    0.00    0.00     100
    1438     2.7      98   -0.05    0.00    0.00    0.00     100
    1439     2.8      97   -0.03   -0.03    0.00    0.00     100
    1440     2.7      97   -0.02   -0.03    0.00    0.00     100
    1441     2.7      98    0.05    0.04    0.00    0.00     113
    1442     2.8      98    0.01    0.06    0.00    0.00     100
    1443     2.7      98   -0.04   -0.04    0.00    0.00     100
    1444     2.3      99   -0.04   -0.01    0.00    0.00     100
    1445     2.0      99    0.00   -0.01    0.00    0.00      50
    1446     1.5      99    0.00    0.01    0.00    0.00      13
    1447     1.4      99    0.01   -0.02    0.00    3.12       0
    1448     1.6      99    0.02   -0.01    0.77   26.70     113
    1449     2.5      89   -0.01   -0.01    1.80   70.30      13
    1450     3.4      81    0.00   -0.01    3.15  141.53       0
    1451     4.9      68   -0.01   -0.03    0.00  288.16       0
    1452     6.2      63   -0.02    0.00  443.80  271.92       0
    1453     6.7      64    0.04    0.00  655.80  167.38       0
    1454     6.9      63   -0.01   -0.02  591.73  176.74       0
    1455     6.7      64    0.01   -0.03  464.49  191.17       0
    1456     6.0      71    0.01    0.02  244.53  206.31       0
    1457     4.2      87    0.01    0.01    0.00  106.73       0
    1458     1.8      94    0.01   -0.01    0.00    0.69       0
    1459     1.1      96   -0.01    0.02    0.00    0.04       0
    1460     0.9      99    0.00    0.02    0.00    0.03     113
    1461     0.5      99    0.00   -0.02    0.00    0.00     113
    1462     0.2      99    0.01   -0.02    0.00    0.00     113
    1463    -0.1      99   -0.01   -0.01    0.00    0.00     113
    1464    -0.5      99    0.03   -0.01    0.00    0.00     113
    1465    -0.8      99    0.01   -0.02    0.00    0.00     113
    1466    -0.9      99    0.00    0.03    0.00    0.01     113
    1467    -0.5      99   -0.02   -0.01    0.00    0.09     113
    1468    -0.5      99   -0.01    0.00    0.00    0.01     113
    1469    -0.5      99   -0.02    0.00    0.00    0.00     113
    1470    -0.5      99    0.02    0.00    0.00    0.00     113
    1471    -0.6      99   -0.02   -0.01    0.00    2.08     113
    1472    -0.5      99   -0.02    0.01    0.59   19.44     113
    1473    -0.1      99    0.02   -0.02    1.13   43.28     113
    1474     0.5      99    0.02   -0.03    1.73   76.99     113
    1475     1.1      99    0.01   -0.03    1.69   82.48     113
    1476     1.3      99    0.04   -0.03    1.93   98.85     113
    1477     1.4      99    0.04   -0.03    1.99  100.83     100
    1478     1.5      99    0.00    0.04    2.75  131.42     100
    1479     1.5      97    0.05    0.02    2.17   92.37     100
    1480     1.4      96    0.05    0.01    1.68   60.83     100
    1481     1.2      97   -0.03   -0.01    0.49   16.89     100
    1482     1.1      99    0.05    0.05    0.00    0.55     100
    1483     0.7      99   -0.04   -0.04    0.00    0.00     100
    1484     0.6      99   -0.02    0.05    0.00    0.00     113
    1485     0.6      99   -0.04    0.03    0.00    0.00     113
    1486     0.4      99    0.00   -0.04    0.00    0.00     113
    1487     0.3      99    0.04    0.02    0.00    0.00     100
    1488     0.4      99   -0.04    0.03    0.00    0.00     113
    1489     0.4      99   -0.04   -0.06    0.00    0.00     100
    1490     0.1      99    0.04    0.02    0.00    0.00     113
    1491    -0.2      99    0.03   -0.06    0.00    0.00     100
    1492    -0.2      88   -0.03    0.07    0.00    0.00     100
    1493    -0.2      75   -0.02    0.05    0.00    0.00     100
    1494    -0.4      70    0.08   -0.01    0.00    0.00     100
    1495    -0.9      71    0.05    0.05    0.00    5.26      38
    1496    -0.4      66    0.08   -0.01  109.70  177.84       0
    1497     0.2      65   -0.04    0.06  453.00  159.54      38
    1498     0.8      60   -0.07   -0.04  662.82  133.74      38
    1499     1.4      57   -0.02   -0.06  735.24  131.80      38
    1500     1.7      54   -0.01   -0.08  750.33  136.13      63
    1501     2.1      54    0.05    0.07  738.04  138.74       0
    1502     2.2      52   -0.06    0.04  672.32  148.51      13
    1503     2.0      51   -0.02   -0.07  548.95  162.44       0
    1504     1.6      47    0.02   -0.06  322.74  182.25       0
    1505     0.0      56   -0.01   -0.03    0.00  126.65       0
    1506    -2.8      62   -0.01    0.03    0.00    0.70       0
    1507    -4.0      69    0.00   -0.01    0.00    0.00       0
    1508    -2.9      64    0.03   -0.01    0.00    0.00       0
    1509    -2.1      61    0.01   -0.03    0.00    0.00       0
    1510    -2.5      63    0.01   -0.03    0.00    0.00       0
    1511    -2.6      63    0.02    0.04    0.00    0.00       0
    1512    -2.6      65   -0.05    0.00    0.00    0.00       0
    1513    -3.2      67    0.02   -0.03    0.00    0.00       0
    1514    -4.0      70   -0.02   -0.03    0.00    0.00       0
    1515    -4.0      72    0.03   -0.01    0.00    0.00       0
    1516    -3.7      72   -0.05    0.00    0.00    0.00       0
    1517    -3.5      72   -0.02   -0.03    0.00    0.00       0
    1518    -4.3      73    0.02    0.03    0.00    0.00       0
    1519    -3.2      71   -0.03   -0.03    0.00   22.44       0
    1520    -1.8      66   -0.02   -0.04  149.90  169.98       0
    1521    -0.3      62   -0.07    0.03  455.23  161.32       0
    1522     0.7      59    0.05   -0.03  654.96  138.12       0
    1523     1.5      54   -0.03   -0.04  723.29  137.37      13
    1524     2.5      53    0.07   -0.04  731.65  144.20      50
    1525     2.7      46    0.08    0.03  530.70  229.48       0
    1526     3.1      41   -0.07   -0.01  640.31  162.20      13
    1527     3.2      42    0.06   -0.02  526.71  172.63      13
    1528     3.3      46    0.01   -0.02  197.44  230.80       0
    1529     2.0      63    0.00    0.00    2.59   77.21       0
    1530     0.3      60    0.00   -0.03    0.00    1.78       0
    1531    -0.9      69    0.01    0.02    0.00    0.00       0
    1532    -1.6      71   -0.02   -0.02    0.00    0.00       0
    1533    -3.5      73    0.00   -0.02    0.00    0.00       0
    1534    -4.5      70    0.02   -0.01    0.00    0.00       0
    1535    -5.4      83   -0.03    0.01    0.00    0.00       0
    1536    -6.2      91    0.01    0.03    0.00    0.00       0
    1537    -6.8      95   -0.03   -0.01    0.00    0.00      13
    1538    -6.6      99   -0.02    0.04    0.00    0.06     113
    1539    -5.2      98   -0.04    0.03    0.00    0.73     113
    1540    -4.5      99    0.05    0.00    0.00    0.31     113
    1541    -3.7      99   -0.04    0.03    0.00    0.34     113
    1542    -2.8      98    0.00   -0.05    0.00    0.37     100
    1543    -1.9      99   -0.06    0.02    0.00    3.72     113
    1544    -0.8      99   -0.04    0.03    0.76   21.95     113
    1545     0.2      99    0.03   -0.04    1.37   49.05     113
    1546     2.8      97   -0.05    0.00    0.00  215.11     100
    1547     4.9      71    0.04   -0.06  580.16  196.25      63
    1548     5.8      62    0.07    0.05  502.57  248.71      50
    1549     5.4      58   -0.11    0.00   45.80  462.34      13
    1550     4.4      69    0.08   -0.01    0.00  213.89      13
    1551     4.1      72   -0.03   -0.09    3.83  154.67      13
    1552     3.5      79   -0.03    0.07    3.30  110.20       0
    1553     2.8      84   -0.01    0.08    1.29   36.10       0
    1554     2.6      83   -0.01    0.08    0.00    1.96       0
    1555     2.6      87   -0.08    0.02    0.00    0.00      63
    1556     2.7      87    0.04   -0.09    0.00    0.00      50
    1557     2.6      88    0.05    0.09    0.00    0.00      38
    1558     2.7      88   -0.07    0.07    0.00    0.00      63
    1559     2.6      87   -0.07    0.07    0.00    0.00      38
    1560     2.7      87   -0.10    0.03    0.00    0.00     100
    1561     3.2      88    0.10   -0.02    0.00    0.00     100
    1562     3.6      88    0.09    0.06    0.00    0.00     100
    1563     3.8      91   -0.10   -0.01    0.00    0.00     100
    1564     3.2      97    0.04    0.01    0.00    0.00     113
    1565    -1.0      95   -0.02    0.00    0.00    0.00     100
    1566    -1.2      95    0.00    0.00    0.00    0.00     100
    1567    -1.6      84   -0.04   -0.01    0.05    8.62     100
    1568     0.1      68   -0.09    0.03  148.74  176.18       0
    1569     1.4      53   -0.05   -0.12  647.45  107.39       0
    1570     1.5      39   -0.10   -0.11  709.17  123.70       0
    1571     1.5      35    0.10    0.08  790.05  118.26       0
    1572     1.9      34    0.02    0.12  811.43  119.99       0
    1573     2.4      33    0.06    0.09  531.15  232.93       0
    1574     2.0      35   -0.02   -0.10   97.29  430.50       0
    1575     2.0      39   -0.05    0.06   80.14  363.48       0
    1576     1.6      40   -0.05    0.03   42.38  263.90       0
    1577     0.2      44    0.05   -0.02    0.00   97.94       0
    1578    -2.7      48    0.03    0.03    0.00    1.93       0
    1579    -1.7      50   -0.01   -0.04    0.00    0.00       0
    1580    -0.8      49   -0.01   -0.05    0.00    0.00       0
    1581    -1.1      50    0.04   -0.03    0.00    0.00       0
    1582    -1.5      54   -0.02   -0.04    0.00    0.00       0
    1583    -2.2      59    0.03    0.01    0.00    0.00       0
    1584    -3.2      63    0.00    0.02    0.00    0.00       0
    1585    -4.3      66   -0.01   -0.02    0.00    0.00       0
    1586    -4.6      65   -0.01    0.02    0.00    0.00       0
    1587    -4.5      69   -0.01    0.00    0.00    0.00       0
    1588    -4.4      70   -0.02   -0.02    0.00    0.00       0
    1589    -4.6      73    0.02    0.02    0.00    0.00       0
    1590    -4.6      76    0.01   -0.02    0.00    0.00       0
    1591    -3.6      76   -0.02    0.00    0.00   58.59       0
    1592    -2.4      72   -0.02   -0.01   68.12  193.88       0
    1593    -1.2      69   -0.02   -0.02  368.42  200.55       0
    1594     0.4      49    0.02    0.04  602.73  162.27       0
    1595     1.4      37   -0.02    0.03  764.92  127.41       0
    1596     2.1      39   -0.03    0.00  773.86  133.15       0
    1597     2.3      36    0.02    0.02  705.17  156.44       0
    1598     2.7      33    0.02   -0.02  605.17  181.18       0
    1599     2.6      27    0.00    0.03  380.27  239.69       0
    1600     2.3      34    0.01    0.01   36.26  261.27       0
    1601     0.2      47    0.00    0.00    2.56   63.76       0
    1602    -2.3      58    0.00    0.00    0.00    2.53       0
    1603    -3.6      54   -0.01    0.00    0.00    0.00       0
    1604    -4.5      54    0.00    0.02    0.00    0.00       0
    1605    -5.4      65    0.00    0.00    0.00    0.00       0
    1606    -6.3      71    0.01    0.01    0.00    0.00      25
    1607    -7.4      72   -0.02   -0.02    0.00    0.00       0
    1608    -8.1      75    0.02   -0.01    0.00    0.00       0
    1609    -8.6      81   -0.01   -0.03    0.00    0.00       0
    1610    -9.2      83   -0.03   -0.02    0.00    0.00       0
    1611    -9.1      85    0.04    0.00    0.00    0.00      25
    1612    -8.7      88   -0.01   -0.03    0.00    0.00      13
    1613    -8.7      91   -0.03   -0.02    0.00    0.00      50
    1614    -8.4      92    0.01    0.05    0.00    0.00     100
    1615    -7.3      92    0.03   -0.04    0.28   10.86     100
    1616    -4.7      92    0.05    0.00    0.00  109.22     100
    1617    -1.6      91    0.04   -0.05    0.00  249.44     100
    1618     0.7      83    0.03    0.03    0.00  210.95     100
    1619     1.9      82    0.04    0.03    0.00  284.91     100
    1620     1.8      92    0.00    0.05    4.10  195.51     100
    1621     2.3      80   -0.01   -0.04    0.76   36.06     100
    1622     2.8      62    0.07    0.01    0.59   25.96     100
    1623     2.9      57   -0.05   -0.01    0.00  264.00     100
    1624     3.0      60    0.03   -0.02   43.80  265.31     100
    1625     2.1      62   -0.01   -0.03    1.77   41.90     100
    1626     1.0      65    0.02    0.02    0.00    5.70     100
    1627    -0.8      73    0.01    0.01    0.00    0.00     100
    1628    -0.8      78    0.00   -0.01    0.00    0.00     100
    1629    -1.2      86    0.00   -0.01    0.00    0.00      75
    1630    -2.7      91    0.01    0.00    0.00    0.00       0
    1631    -3.2      90   -0.01    0.00    0.00    0.00      13
    1632    -2.9      89   -0.01   -0.01    0.00    0.00     100
    1633    -3.5      88   -0.02    0.02    0.00    0.00     100
    1634    -4.1      85   -0.01   -0.02    0.00    0.00     100
    1635    -4.1      85    0.00    0.00    0.00    0.00     100
    1636    -4.9      87    0.00    0.00    0.00    0.00      13
    1637    -5.9      87    0.02    0.01    0.00    0.00       0
    1638    -5.6      89   -0.01   -0.02    0.00    0.07      50
    1639    -4.5      86   -0.04    0.04    1.29   36.25     100
    1640    -2.5      78    0.06   -0.02   25.59  186.15     100
    1641    -0.8      74    0.02    0.07  175.77  281.54     100
    1642     0.2      73    0.06    0.00    3.92  156.83     100
    1643     1.5      76    0.02   -0.07    0.00  295.99     100
    1644     2.4      76    0.06   -0.01    0.00  258.50      75
    1645     2.8      75    0.07    0.04    0.00  265.49     100
    1646     2.5      75    0.07   -0.02    4.37  189.69     100
    1647     2.3      76    0.04    0.06    2.32   87.74     100
    1648     1.9      76   -0.05   -0.06    3.57  107.95     100
    1649     1.0      78    0.09   -0.02    1.77   39.73     100
    1650     0.3      79   -0.02    0.09    0.00    2.51     100
    1651     0.2      78   -0.08    0.06    0.00    0.00     100
    1652     0.0      80    0.08   -0.08    0.00    0.00     100
    1653    -0.4      79   -0.02   -0.11    0.00    0.00     100
    1654    -0.7      82   -0.08    0.06    0.00    0.00     100
    1655    -0.8      78    0.08   -0.08    0.00    0.00     100
    1656    -0.6      71    0.01    0.12    0.00    0.00     100
    1657    -0.4      69   -0.02    0.12    0.00    0.00     100
    1658    -0.1      68    0.12   -0.03    0.00    0.00     100
    1659    -0.3      71   -0.12   -0.09    0.00    0.00     113
    1660    -0.5      85   -0.12   -0.09    0.00    0.00     113
    1661    -0.9      93   -0.03    0.15    0.00    0.00     100
    1662    -0.8      96   -0.03    0.15    0.00    0.00     113
    1663    -0.3      96    0.12    0.07    0.07    1.56     100
    1664     0.1      95    0.12   -0.07    0.51   12.29     100
    1665     0.5      96   -0.10    0.07    0.90   29.20     100
    1666     0.8      97   -0.03   -0.14    1.28   50.69     100
    1667     0.7      99    0.12    0.03    1.05   46.75     100
    1668     1.0      98   -0.06   -0.11    1.12   52.36     100
    1669     0.7      99   -0.03   -0.11    0.93   42.92     113
    1670     1.1      99    0.11   -0.01    1.06   45.69     100
    1671     1.4      99    0.09   -0.05    0.78   29.18     100
    1672     1.7      99   -0.07    0.05    1.04   30.93     113
    1673     2.0      99   -0.07    0.00    0.62   13.35     113
    1674     2.1      99   -0.03   -0.06    0.00    1.83     113
    1675     2.2      99   -0.05    0.03    0.00    0.93     113
    1676     2.4      99    0.03   -0.04    0.00    1.95     113
    1677     2.7      99   -0.04    0.01    0.00    0.57     100
    1678     3.0      99    0.04   -0.04    0.00    0.21     100
    1679     3.1      99   -0.01    0.08    0.00    0.00     100
    1680     3.2      99    0.06    0.05    0.00    0.00     100
    1681     3.2      99   -0.01    0.09    0.00    0.00     100
    1682     3.2      98    0.02   -0.08    0.00    0.00     100
    1683     3.3      97   -0.01    0.08    0.00    0.04     100
    1684     3.4      95   -0.09   -0.05    0.00    0.05     100
    1685     3.3      93    0.07    0.06    0.00    0.01     100
    1686     3.3      93    0.04    0.06    0.00    0.11     100
    1687     3.3      92   -0.06   -0.06    0.76   14.20     100
    1688     3.9      89    0.02   -0.08    4.16   97.21     100
    1689     4.2      87    0.08   -0.03    3.46  110.36     100
    1690     4.6      83    0.07    0.06    4.55  177.08     100
    1691     4.7      85    0.02   -0.07    3.97  173.94     100
    1692     4.7      86    0.06    0.02    3.87  178.20     100
    1693     5.4      82    0.00    0.07    3.29  150.23     100
    1694     5.4      81   -0.03    0.06    0.00  258.29     100
    1695     3.9      95    0.06    0.03    0.00  192.56     100
    1696     3.1      97   -0.01    0.06    3.52  101.59     100
    1697     2.3      97    0.04   -0.05    2.39   48.46     100
    1698     1.5      98   -0.03   -0.06    0.00    2.66     113
    1699     1.4      99   -0.03    0.02    0.00    0.10     100
    1700     1.5      96   -0.05    0.00    0.00    0.42     113
    1701     1.7      97   -0.04    0.02    0.00    0.29     100
    1702     1.6      98    0.03    0.04    0.00    0.00     100
    1703     1.8      98   -0.05    0.01    0.00    0.00     100
    1704     1.8      98    0.05   -0.02    0.00    0.00     100
    1705     1.9      97   -0.05    0.00    0.00    0.00     100
    1706     2.0      97   -0.03    0.00    0.00    0.00     100
    1707     2.0      99   -0.02    0.02    0.00    0.00     113
    1708     1.8      99   -0.02    0.02    0.00    0.00     100
    1709     1.8      99    0.02    0.02    0.00    0.00     113
    1710     2.0      99   -0.02    0.00    0.00    0.06     113
    1711     1.8      99    0.00    0.03    0.50    8.08     113
    1712     2.7      98    0.01    0.03    1.62   36.94     100
    1713     3.6      95    0.04    0.01    3.45  108.27     100
    1714     4.6      90    0.04    0.00    3.98  152.96     100
    1715     4.8      90   -0.02   -0.04    2.62  113.81     100
    1716     6.0      84    0.00   -0.05    4.66  212.46     100
    1717     4.9      85    0.05    0.00    3.72  167.57     100
    1718     5.6      92   -0.04    0.02    0.00  236.21     100
    1719     5.6      87    0.04    0.03    0.00  334.06      75
    1720     4.7      86    0.04   -0.03    3.71  104.66      25
    1721     2.9      92    0.00    0.02    2.20   42.68     100
    1722     1.8      93    0.01    0.02    0.00    5.54      88
    1723     1.9      93    0.03   -0.03    0.00    0.00     100
    1724     1.4      98    0.02   -0.01    0.00    0.00     113
    1725     0.8      99    0.00    0.02    0.00    0.00     113
    1726     0.8      99   -0.01   -0.01    0.00    0.00     113
    1727     0.6      99   -0.01    0.01    0.00    0.00     113
    1728     0.4      99    0.01    0.02    0.00    0.00     100
    1729     0.4      99    0.02    0.00    0.00    0.00     113
    1730     0.1      99    0.01   -0.03    0.00    0.00     113
    1731     0.2      99    0.01    0.01    0.00    0.00     100
    1732    -0.4      99    0.01    0.02    0.00    0.00     100
    1733    -0.7      99   -0.02    0.01    0.00    0.00     113
    1734    -0.9      99    0.03   -0.01    0.00    0.18     113
    1735    -0.7      99    0.02   -0.01    0.88   12.44     113
    1736     0.1      99   -0.02   -0.01    4.01   88.58     113
    1737     1.8      99    0.02   -0.01  136.34  302.55     113
    1738     4.2      99   -0.04   -0.01  700.66  137.08     113
    1739     4.8      97    0.02   -0.01  216.68  406.25     100
    1740     5.9      84    0.02    0.03  406.65  317.35     100
    1741     6.4      78    0.02   -0.01    0.00  430.52     100
    1742     7.1      84    0.01   -0.01    0.00  378.47     100
    1743     6.7      79    0.02    0.01  314.33  280.73      88
    1744     5.4      84    0.02    0.01    0.00  174.51     100
    1745     3.7      92    0.00   -0.04    0.72   13.44     100
    1746     3.0      98    0.02   -0.04    0.00    4.28     100
    1747     2.6      99   -0.01   -0.04    0.00    0.00     100
    1748     2.2      99    0.03    0.03    0.00    0.00     100
    1749     2.2      99    0.03    0.00    0.00    0.00     113
    1750     2.7      99    0.03   -0.01    0.00    0.01     100
    1751     2.9      98   -0.01    0.03    0.00    0.00     100
    1752     2.8      99   -0.01   -0.02    0.00    0.00     100
    1753     2.7      99    0.00    0.03    0.00    0.00     100
    1754     2.1      99   -0.03    0.01    0.00    0.00     100
    1755     0.4      99    0.00   -0.03    0.00    0.00     113
    1756     0.3      99    0.01   -0.03    0.00    0.00     100
    1757     0.3      99   -0.01    0.02    0.00    0.00     113
    1758     0.4      99    0.01    0.01    0.00    0.55     100
    1759     0.7      99    0.00    0.00    0.77    9.78     100
    1760     1.3      99    0.01    0.01    1.03   22.09     113
    1761     2.6      99    0.00   -0.04    3.76  113.96     100
    1762     3.3      97   -0.03    0.00    0.00  229.52     100
    1763     4.1      94    0.03   -0.02    5.12  216.60     100
    1764     3.6      98    0.05   -0.02    4.49  200.16     100
    1765     3.2      95    0.06   -0.01    5.18  228.01     100
    1766     3.2      96    0.04    0.05    4.07  165.96     100
    1767     3.4      97   -0.01    0.08    0.00  191.24     100
    1768     3.1      92   -0.05   -0.03  199.97  245.93     100
    1769     2.1      91   -0.03    0.06   36.21  153.10     100
    1770     0.9      91    0.03   -0.04    0.03    8.70     100
    1771     0.3      94    0.02    0.01    0.00    0.00      25
    1772    -0.5      94    0.02   -0.02    0.00    0.00       0
    1773    -0.8      91   -0.03    0.01    0.00    0.00       0
    1774    -0.9      95    0.02   -0.02    0.00    0.00       0
    1775    -1.3      96    0.00    0.01    0.00    0.00       0
    1776    -2.3      95   -0.01    0.00    0.00    0.00       0
    1777    -3.3      98    0.00    0.01    0.00    0.00       0
    1778    -3.4      97    0.00    0.00    0.00    0.00       0
    1779    -2.5      98    0.00    0.00    0.00    0.00       0
    1780    -3.0      98    0.00    0.00    0.00    0.00       0
    1781    -4.2      95   -0.01    0.01    0.00    0.00       0
    1782    -4.9      97    0.00    0.00    0.00    0.48       0
    1783    -2.9      97   -0.01    0.01   35.22   81.99       0
    1784     0.4      87    0.02    0.02  252.07  172.27       0
    1785     3.9      85   -0.03    0.00  658.10  120.33       0
    1786     5.4      79   -0.02    0.00  742.49  126.13       0
    1787     6.2      67    0.03   -0.01  782.27  131.61       0
    1788     6.6      58    0.01    0.01  804.30  132.20      75
    1789     7.0      54    0.00   -0.03  180.71  446.97     100
    1790     7.2      56    0.01    0.04    0.00  222.87     100
    1791     6.7      61   -0.01    0.02    0.00  193.63     100
    1792     5.7      58    0.03    0.02    0.00  258.52      75
    1793     3.1      67    0.01   -0.03    2.23   38.08      50
    1794     0.9      78    0.00    0.00    0.32    9.24      25
    1795    -0.4      90    0.00    0.00    0.00    0.00      63
    1796    -1.4      92    0.00    0.00    0.00    0.00     100
    1797    -1.8      90    0.00    0.00    0.00    0.00     100
    1798    -2.1      96    0.00    0.00    0.00    0.00     100
    1799    -2.5      94    0.01   -0.01    0.00    0.00     100
    1800    -2.8      94    0.00    0.00    0.00    0.00     100
    1801    -3.0      95    0.00    0.00    0.00    0.00     100
    1802    -3.8      85    0.00   -0.02    0.00    0.00     100
    1803    -4.3      94    0.00    0.00    0.00    0.00       0
    1804    -5.0      87   -0.01    0.00    0.00    0.00      88
    1805    -5.1      90    0.00    0.00    0.00    0.00     100
    1806    -4.2      95   -0.01    0.01    0.00    1.02     100
    1807    -1.1      88   -0.01   -0.01    2.16   23.14     100
    1808     0.0      92    0.02    0.00    0.00  132.90      38
    1809     1.8      84    0.01   -0.03  128.29  309.85      75
    1810     3.8      72    0.02    0.02  776.27  117.10       0
    1811     5.4      54   -0.01    0.04  801.66  126.55      75
    1812     5.6      49    0.06   -0.01  821.67  127.83     100
    1813     5.8      46   -0.02   -0.06  813.87  128.28       0
    1814     5.8      45   -0.06    0.00  503.45  241.62      50
    1815     5.8      42    0.02    0.04  698.95  130.04      38
    1816     5.2      50    0.01    0.05   90.38  273.58      25
    1817     4.5      50    0.01   -0.02    0.00  153.52      75
    1818     1.9      55    0.00    0.00    0.98   14.90     100
    1819     0.9      62    0.00    0.00    0.00    0.00     100
    1820    -0.9      73    0.00    0.00    0.00    0.00     100
    1821    -2.6      68    0.00    0.00    0.00    0.00      25
    1822    -2.8      74    0.00    0.00    0.00    0.00       0
    1823    -3.6      79    0.00    0.00    0.00    0.00       0
    1824    -4.5      82    0.00    0.00    0.00    0.00       0
    1825    -5.2      82    0.01   -0.01    0.00    0.00       0
    1826    -5.3      85   -0.01    0.01    0.00    0.00      25
    1827    -4.8      79    0.01    0.01    0.00    0.00     100
    1828    -4.9      82    0.00    0.00    0.00    0.00      25
    1829    -5.6      85    0.00    0.00    0.00    0.00      13
    1830    -5.6      85    0.00    0.00    0.00    1.89      25
    1831    -3.4      82   -0.02    0.00   75.68   87.47       0
    1832     0.6      74    0.00   -0.03  408.02  136.24      50
    1833     2.7      62    0.02    0.02  667.42  120.87      25
    1834     3.6      46   -0.06    0.02  662.16  156.73       0
    1835     4.3      45    0.04   -0.05  828.13  119.87      38
    1836     5.1      44   -0.04   -0.04  663.42  189.92      63
    1837     5.2      49   -0.01    0.06  151.93  462.89     100
    1838     5.6      53    0.09   -0.01  144.08  427.06      38
    1839     5.7      56   -0.06    0.05  228.02  325.73     100
    1840     5.2      59   -0.05    0.01   40.12  265.08       0
    1841     4.4      68   -0.01   -0.01  176.63  147.75      13
    1842     1.9      80    0.00    0.00    1.61   16.34      75
    1843    -0.5      77    0.00    0.00    0.00    0.00     100
    1844    -0.6      77    0.00    0.00    0.00    0.00     100
    1845    -0.7      72    0.01   -0.01    0.00    0.00     100
    1846    -0.9      82    0.00    0.00    0.00    0.00     100
    1847    -0.4      91    0.01    0.01    0.00    0.00     100
    1848     0.3      87    0.04    0.00    0.00    0.10     100
    1849     0.4      86    0.06    0.01    0.00    0.00     100
    1850    -0.7      90   -0.04    0.01    0.00    0.00     113
    1851    -1.8      82   -0.04    0.02    0.00    0.00     100
    1852    -2.9      76    0.00    0.03    0.00    0.00      38
    1853    -4.0      78    0.00    0.02    0.00    0.00       0
    1854    -4.4      79    0.01    0.01    0.00    1.77       0
    1855    -3.8      77   -0.03    0.02   70.08   89.13       0
    1856    -2.7      69   -0.03   -0.01  574.20   99.11      13
    1857    -1.5      59    0.02    0.04  684.61  117.48      38
    1858    -1.0      56   -0.06   -0.04  812.00  109.51     100
    1859     0.2      51    0.03   -0.02  677.84  174.68      50
    1860     0.9      43    0.02   -0.03  839.24  124.77      25
    1861     1.7      36   -0.03    0.03  843.34  121.78      13
    1862     1.5      33   -0.05    0.00  719.78  150.25       0
    1863     1.3      39   -0.05    0.00  680.90  138.23       0
    1864     1.2      43    0.02    0.04  507.88  149.35       0
    1865     0.3      42    0.03    0.00  160.56  151.43       0
    1866    -2.1      52    0.00    0.00    0.91    6.97       0
    1867    -3.3      63    0.00    0.00    0.00    0.00      75
    1868    -2.8      59   -0.01   -0.02    0.00    0.02     100
    1869    -1.7      62   -0.01    0.03    0.00    0.49     100
    1870    -1.7      63    0.01    0.02    0.00    0.00     100
    1871    -1.6      64    0.01    0.04    0.00    0.00     100
    1872    -1.5      62    0.03   -0.02    0.00    0.00     100
    1873    -1.5      99    0.04    0.00    0.00    0.00     113
    1874    -1.4      99    0.03    0.02    0.00    0.00     113
    1875    -1.2      99    0.04   -0.03    0.00    0.00     113
    1876    -0.7      99    0.03   -0.01    0.00    0.00     113
    1877    -0.4      99   -0.04    0.01    0.00    0.00     113
    1878     0.2      99    0.04    0.02    0.00    1.06     113
    1879     0.8      99    0.00   -0.05    1.80   15.80     113
    1880     1.5      99    0.04    0.04    1.78   33.97     100
    1881     2.0      99   -0.05    0.03    2.36   66.33     113
    1882     2.6      99    0.07    0.05    2.28   80.41     100
    1883     2.8      98    0.06    0.03    2.14   86.08     100
    1884     3.2      97    0.03    0.04    2.05   86.86     100
    1885     3.2      97    0.02    0.05    1.78   74.58     100
    1886     3.3      96    0.03    0.06    1.77   68.06     100
    1887     3.2      91    0.07   -0.01    1.53   49.64     100
    1888     3.3      90   -0.04    0.02    1.46   35.46     100
    1889     3.4      92    0.00    0.02    1.25   18.27     100
    1890     3.5      94    0.01    0.01    0.56    3.43     100
    1891     3.6      98   -0.02   -0.02    0.00    0.19     100
    1892     2.6      99   -0.01    0.01    0.00    0.00     100
    1893     1.5      99    0.01    0.01    0.00    0.00     100
    1894     1.2      99    0.03    0.00    0.00    0.00     113
    1895     0.4      99    0.01    0.01    0.00    0.00     113
    1896     1.2      99    0.01   -0.01    0.00    0.00     113
    1897     1.8      99    0.01    0.01    0.00    0.00     113
    1898     2.1      99    0.00   -0.02    0.00    0.00     113
    1899     2.6      99    0.00    0.00    0.00    0.00     113
    1900     1.8      99    0.00    0.00    0.00    0.00     113
    1901     1.5      99    0.01   -0.01    0.00    0.00     113
    1902     1.3      99    0.03    0.02    0.00    3.20     113
    1903     2.1      99    0.03   -0.02   59.33   91.58     113
    1904     3.5      99   -0.01    0.04  511.28  117.38     113
    1905     4.8      99   -0.01    0.03  617.90  140.77     113
    1906     5.6      99    0.03   -0.03  829.97  107.17     100
    1907     5.9      97    0.02    0.04  597.06  213.54     100
    1908     6.5      87    0.01   -0.04  798.62  139.20     100
    1909     6.8      83   -0.03   -0.03  224.94  429.70     100
    1910     7.1      80   -0.03    0.01  668.64  172.43     100
    1911     7.0      81   -0.01   -0.01  421.03  242.74     100
    1912     6.7      81    0.01   -0.03  217.31  246.94     100
    1913     5.4      85    0.01   -0.05  147.53  154.85     100
    1914     3.4      98   -0.07    0.02    0.00   18.95     100
    1915     1.2      99    0.00    0.06    0.00    0.00     100
    1916     0.5      99   -0.05    0.05    0.00    0.00     100
    1917    -0.5      99   -0.05    0.00    0.00    0.00     100
    1918    -1.0      99    0.03    0.02    0.00    0.00     100
    1919    -1.9      99   -0.02    0.04    0.00    0.00     113
    1920    -2.8      99   -0.02    0.04    0.00    0.00     113
    1921    -3.4      99   -0.04    0.03    0.00    0.00     113
    1922    -3.8      99   -0.02   -0.04    0.00    0.00     100
    1923    -3.5      99    0.05   -0.02    0.00    0.11     100
    1924    -3.3      99   -0.02   -0.05    0.00    0.00     100
    1925    -3.6      99   -0.05    0.00    0.00    0.00     113
    1926    -3.8      99   -0.04    0.02    0.00    3.72     113
    1927    -2.0      99    0.02    0.06    0.00   64.18     113
    1928    -0.2      99    0.00   -0.06    0.00  201.10     113
    1929     3.1      99    0.03    0.07   80.50  322.70     113
    1930     6.5      99   -0.07   -0.01  786.78  119.90     113
    1931     7.7      99   -0.07   -0.04  804.82  130.90     100
    1932     8.8      98   -0.01    0.07  806.47  137.56     100
    1933     9.3      97    0.04   -0.08  797.86  138.20     100
    1934     9.4      95   -0.08   -0.01  685.97  166.54     100
    1935     9.1      97   -0.05   -0.06  375.30  264.38     100
    1936     9.0      98    0.04   -0.06  325.79  212.45     100
    1937     7.7      99    0.06    0.01  269.60  134.61     100
    1938     5.7      99    0.01   -0.07    0.00   25.65     100
    1939     3.0      95   -0.03   -0.07    0.00    0.00     100
    1940     1.0      94   -0.06    0.02    0.00    0.00     100
    1941    -0.4      96    0.05    0.00    0.00    0.00     100
    1942    -1.5      94   -0.04   -0.03    0.00    0.00     100
    1943    -2.0      96    0.04   -0.01    0.00    0.00     100
    1944    -0.8      96   -0.03   -0.03    0.00    0.60     100
    1945    -0.1      95    0.04    0.00    0.00    0.46     100
    1946     0.1      95    0.04   -0.04    0.00    0.10     100
    1947     0.2      96    0.03   -0.05    0.00    0.00     100
    1948     0.3      97   -0.05    0.04    0.00    0.00     100
    1949     0.2      95    0.04    0.03    0.00    0.00     100
    1950     0.6      97   -0.03    0.03    0.00    3.20     100
    1951     1.6      96    0.02   -0.04    3.67   27.83     100
    1952     2.6      94    0.04    0.00    4.01   71.59     100
    1953     3.6      98    0.03    0.04    4.17  112.20     100
    1954     5.2      99   -0.06    0.03    4.68  159.53     100
    1955     7.0      96    0.01   -0.02    0.00  255.33     100
    1956     7.1      98    0.04    0.03    4.96  203.47     100
    1957     5.8      98   -0.04    0.05    3.11  125.65     100
    1958     5.5      97   -0.09   -0.02    2.57   94.94     100
    1959     5.1      96    0.08   -0.03    2.17   67.24     100
    1960     5.2      91    0.03   -0.05    2.16   49.35     100
    1961     5.2      94    0.05    0.03    2.77   36.25     100
    1962     4.9      95    0.03    0.03    2.32    8.58     100
    1963     4.7      97    0.00   -0.05    0.00    0.19     113
    1964     4.4      96    0.04    0.03    0.00    0.00      25
    1965     4.3      95   -0.04   -0.02    0.00    0.00      13
    1966     4.1      96    0.00   -0.04    0.00    0.00      25
    1967     4.0      97    0.04    0.05    0.00    0.00     113
    1968     3.9      97   -0.02    0.06    0.00    0.00     100
    1969     3.7      99   -0.02   -0.04    0.00    0.00     100
    1970     3.3      99    0.05   -0.03    0.00    0.00     113
    1971     3.2      99    0.04   -0.02    0.00    0.00     113
    1972     3.2      99    0.06   -0.02    0.00    0.00     113
    1973     2.7      99   -0.02    0.06    0.00    0.00     113
    1974     2.8      99   -0.04   -0.04    0.00    4.09     113
    1975     3.5      99    0.03   -0.05    2.87   20.95     113
    1976     4.0      99   -0.03   -0.06    1.49   26.17     100
    1977     4.6      99    0.07   -0.04    1.47   39.14     100
    1978     6.0      99   -0.06    0.04    3.45  116.41     100
    1979     7.5      99   -0.05    0.08    0.00  280.61     100
    1980     7.8      97    0.05    0.09    0.00  306.75     100
    1981     8.5      96   -0.09   -0.09    0.00  263.83     100
    1982     7.8      96   -0.07    0.09    3.15  115.08     100
    1983     6.9      94    0.07    0.04    3.07   93.70     100
    1984     7.4      96    0.07   -0.07    2.11   47.19     100
    1985     7.6      94   -0.08   -0.03    2.35   29.73     100
    1986     7.3      96   -0.08   -0.01    1.57    5.11     100
    1987     6.5      96    0.07    0.06    0.00    0.05     100
    1988     5.8      96   -0.08   -0.03    0.00    0.00     100
    1989     5.4      96    0.03    0.07    0.00    0.00     100
    1990     5.3      98    0.06    0.03    0.00    0.00     100
    1991     5.2      98   -0.01    0.06    0.00    0.00     100
    1992     5.0      99    0.05    0.03    0.00    0.00     100
    1993     4.8      99   -0.02   -0.05    0.00    0.00     100
    1994     4.5      99    0.04    0.04    0.00    0.00     100
    1995     4.3      99   -0.06   -0.01    0.00    0.00     113
    1996     3.3      99    0.01    0.07    0.00    0.00     100
    1997     2.8      99    0.00   -0.05    0.00    0.00     113
    1998     2.4      99   -0.02    0.07    0.00    4.92     113
    1999     3.3      99    0.06   -0.01    6.38   44.73     100
    2000     4.8      98    0.03   -0.04    0.00  120.52     100
    2001     6.4      99   -0.05    0.00   61.40  323.06     100
    2002     8.3      96   -0.04   -0.03  603.58  190.27     100
    2003     9.2      95    0.04    0.04  101.45  466.71     100
    2004     7.9      95   -0.04    0.04    4.01  161.55     113
    2005     8.1      97   -0.01   -0.04    0.00  270.87     100
    2006     8.1      94   -0.02   -0.03    3.76  135.67     100
    2007     7.4      95    0.04   -0.03    3.29   98.94     100
    2008     6.3      96    0.02   -0.04    1.75   38.37     100
    2009     6.0      97   -0.01    0.01    3.23   39.50     100
    2010     5.5      99    0.00    0.00    3.83   11.07     100
    2011     4.8      99   -0.01    0.00    0.00    0.13     100
    2012     4.2      99    0.02   -0.01    0.00    0.00     100
    2013     4.3      99   -0.01   -0.04    0.00    0.00     100
    2014     4.1      99    0.02   -0.03    0.00    0.00     113
    2015     4.1      99    0.02    0.00    0.00    0.00     113
    2016     3.6      99   -0.03    0.00    0.00    0.00     113
    2017     2.8      99    0.00   -0.03    0.00    0.00     100
    2018     2.8      99   -0.02   -0.03    0.00    0.00     100
    2019     2.9      99   -0.03    0.02    0.00    0.00     100
    2020     3.1      97    0.02    0.02    0.00    0.00     100
    2021     3.4      98   -0.03    0.02    0.00    0.01     100
    2022     4.0      98   -0.03    0.00    0.00    5.41     100
    2023     4.7      97   -0.02    0.02    4.42   29.91     100
    2024     5.5      98    0.00   -0.05    4.46   75.29     100
    2025     6.1      98    0.02   -0.02    3.41   88.13     113
    2026     7.5      97    0.00   -0.06    3.61  119.07     100
    2027     9.4      98    0.00   -0.05    0.00  274.51     100
    2028    10.1      96   -0.05    0.02   74.18  492.12     100
    2029     7.9      90    0.06   -0.04    2.29   89.93     100
    2030     8.6      92   -0.03    0.04    2.86  101.99     100
    2031     9.0      95   -0.05   -0.01    4.13  122.49     100
    2032     8.7      96    0.05   -0.04    2.92   62.81     100
    2033     8.3      96    0.06   -0.04    2.59   30.70     100
    2034     7.7      94   -0.01    0.07    3.54    9.18     100
    2035     7.4      95    0.02   -0.05    0.00    0.13     100
    2036     7.1      95    0.05    0.02    0.00    0.00     100
    2037     6.7      96   -0.01   -0.06    0.00    0.00     100
    2038     6.3      95   -0.05    0.02    0.00    0.00     100
    2039     6.1      96   -0.03    0.01    0.00    0.00     100
    2040     6.1      94   -0.04   -0.02    0.00    0.00     100
    2041     5.9      96    0.03    0.04    0.00    0.00     100
    2042     5.1      95    0.02   -0.01    0.00    0.00     100
    2043     4.8      96    0.02    0.01    0.00    0.00      88
    2044     4.8      96    0.01   -0.01    0.00    0.00       0
    2045     5.2      95    0.01   -0.03    0.00    0.00       0
    2046     5.2      96    0.01   -0.04    0.00    1.56       0
    2047     5.4      96   -0.04    0.01    1.67   10.99       0
    2048     6.0      91    0.01    0.03    1.91   31.74       0
    2049     6.3      72    0.05   -0.01    1.49   38.08      13
    2050     6.6      65    0.05    0.00    1.36   44.56      63
    2051     7.4      59    0.05   -0.03    2.22   83.04     100
    2052     7.7      57    0.05   -0.02    1.82   71.83     100
    2053     7.5      60    0.05   -0.02    2.20   85.36     100
    2054     5.6      60    0.04    0.04    1.03   36.52     100
    2055     3.0      60   -0.02   -0.05    0.51   15.02      88
    2056     2.8      58    0.07   -0.04    1.28   27.12      63
    2057     3.2      57   -0.05   -0.03    1.67   19.15      75
    2058     3.6      63    0.03   -0.04    5.10   11.96      38
    2059     3.8      64   -0.02   -0.03    0.00    0.62      88
    2060     3.6      74   -0.05    0.04    0.00    0.00      38
    2061     3.5      79    0.03    0.04    0.00    0.00     100
    2062     3.6      85    0.00    0.05    0.00    0.00     100
    2063     3.4      83   -0.03   -0.04    0.00    0.00      50
    2064     3.4      85    0.05   -0.01    0.00    0.00       0
    2065     3.3      78    0.06   -0.03    0.00    0.00      13
    2066     3.3      71   -0.05    0.01    0.00    0.00      13
    2067     3.3      73   -0.01    0.05    0.00    0.00       0
    2068     3.0      72   -0.01   -0.06    0.00    0.00       0
    2069     3.1      70   -0.04   -0.06    0.00    0.00       0
    2070     3.1      70    0.05    0.05    0.00    5.07       0
    2071     3.2      65    0.06   -0.01    5.54   35.24       0
    2072     3.6      50    0.04   -0.06    4.08   66.56       0
    2073     4.0      40    0.01    0.07    0.00  207.28       0
    2074     5.5      35    0.07   -0.03   29.99  383.83       0
    2075     6.4      23    0.02    0.07  167.69  449.88       0
    2076     8.0      23    0.05    0.04  187.76  463.97       0
    2077     8.5      28    0.06    0.03    2.78  106.84       0
    2078     5.9      26   -0.07    0.02    1.47   51.49       0
    2079     5.2      32   -0.01   -0.08    2.08   60.04       0
    2080     5.3      37   -0.04   -0.03    1.67   34.54       0
    2081     5.2      42   -0.01    0.01    1.72   19.17       0
    2082     5.0      55    0.01    0.01    2.02    4.32       0
    2083     5.0      63    0.02   -0.02    0.00    0.29       0
    2084     5.1      65    0.01   -0.05    0.00    0.00     100
    2085     5.4      68    0.05    0.02    0.00    0.00     100
    2086     5.6      67   -0.04   -0.04    0.00    0.00     100
    2087     5.6      70   -0.02    0.06    0.00    0.00     100
    2088     5.5      81   -0.02    0.06    0.00    0.00     100
    2089     5.5      94   -0.06    0.03    0.00    0.00     113
    2090     5.5      96   -0.06    0.03    0.00    0.00     113
    2091     5.8      95    0.05   -0.04    0.00    0.00     100
    2092     6.0      98    0.00   -0.06    0.00    0.00     100
    2093     6.2      99    0.04   -0.01    0.00    0.00     100
    2094     6.4      99   -0.04    0.01    0.00    2.65     100
    2095     6.8      99    0.02   -0.04    3.50   21.68     100
    2096     7.0      99   -0.05    0.00    2.38   38.17     100
    2097     7.1      99   -0.02    0.04    1.76   43.88     100
    2098     7.3      99   -0.03   -0.02    1.86   59.62     100
    2099     7.7      99    0.01    0.03    2.08   76.24     100
    2100     8.0      99   -0.02   -0.02    2.56   99.14     100
    2101     8.2      99   -0.04    0.01    2.83  107.58     113
    2102     8.3      99    0.05   -0.01    3.64  125.35     100
    2103     8.5      99    0.02   -0.04    3.53  100.40     113
    2104     8.5      99   -0.01   -0.05    2.77   56.42     113
    2105     8.4      98   -0.01   -0.01    2.21   23.89     100
    2106     8.2      96    0.02    0.00    3.46    6.80     100
    2107     8.0      99   -0.01   -0.02    0.00    0.15     100
    2108     8.3      99   -0.01    0.02    0.00    0.00     100
    2109     8.1      99   -0.02    0.02    0.00    0.00     100
    2110     8.0      95    0.03    0.02    0.00    0.00     100
    2111     7.6      94    0.02   -0.03    0.00    0.00     100
    2112     7.4      94    0.03   -0.01    0.00    0.00     100
    2113     7.2      95   -0.02    0.02    0.00    0.00     100
    2114     7.2      94    0.00    0.03    0.00    0.00     100
    2115     7.1      94   -0.03    0.02    0.00    0.00     100
    2116     7.3      94   -0.02    0.05    0.00    0.00     100
    2117     7.3      94    0.04    0.05    0.00    0.00     100
    2118     7.2      95    0.01   -0.07    0.00    1.91     100
    2119     7.4      95   -0.03   -0.05    2.48   14.98     100
    2120     8.1      93   -0.03   -0.06    2.76   43.69     100
    2121     8.8      93   -0.05    0.00    3.79   93.19     100
    2122     9.8      96    0.02    0.05    4.56  144.22     100
    2123    10.2      96    0.04   -0.04    3.31  120.34     100
    2124     9.9      96   -0.05    0.00    2.34   90.02     100
    2125     9.5      97   -0.01   -0.05    2.56   96.48     100
    2126     9.9      99    0.03   -0.03    3.13  106.68     100
    2127    11.2      99   -0.05   -0.04    4.22  118.38     100
    2128    12.5      99    0.01    0.06    0.00  214.11     100
    2129    12.7      99   -0.01   -0.05    0.00  126.68     100
    2130    12.0      99    0.02    0.06    0.00   46.36     100
    2131    10.4      99    0.02   -0.05    0.00    1.45     100
    2132     9.0      99    0.02    0.05    0.00    0.00     100
    2133     7.8      99    0.03   -0.03    0.00    0.00     100
    2134     7.2      99   -0.03   -0.02    0.00    0.00     113
    2135     7.3      99    0.04   -0.02    0.00    0.00     113
    2136     7.5      99   -0.03   -0.02    0.00    0.00     100
    2137     7.5      99   -0.03    0.00    0.00    0.00     100
    2138     7.3      99    0.02   -0.03    0.00    0.00     100
    2139     6.9      99    0.01   -0.04    0.00    0.00     100
    2140     6.7      99   -0.02    0.04    0.00    0.00     100
    2141     6.6      99   -0.03    0.03    0.00    0.02     100
    2142     6.4      98   -0.05   -0.01    0.00    3.67     100
    2143     6.4      98   -0.01   -0.05    3.04   17.87     100
    2144     6.3      97   -0.04   -0.02    2.89   45.00     100
    2145     6.6      95   -0.01   -0.06    2.77   67.36     100
    2146     7.1      94    0.04    0.01    2.61   81.79     100
    2147     7.7      97   -0.05    0.01    2.95  106.33     100
    2148     8.1      97   -0.03   -0.03    3.31  125.78     100
    2149     8.7      97    0.03    0.04    0.00  419.01     100
    2150    10.9      97    0.02   -0.05    0.00  350.56     100
    2151    10.8      97    0.06   -0.01    0.00  340.57     100
    2152    11.1      97   -0.04   -0.04    0.00  193.71     100
    2153    10.4      96   -0.06    0.02    0.00   82.73     100
    2154     9.4      95    0.02   -0.05    8.52   14.22     100
    2155     8.7      94    0.04    0.03    0.00    0.35     100
    2156     8.3      89   -0.04   -0.04    0.00    0.00     100
    2157     7.9      90    0.05   -0.01    0.00    0.00     100
    2158     7.5      86    0.05   -0.02    0.00    0.00     100
    2159     5.0      84    0.01   -0.05    0.00    0.00      50
    2160     4.3      86    0.06   -0.01    0.00    0.00       0
    2161     3.3      84    0.02   -0.04    0.00    0.00       0
    2162     2.1      87   -0.03    0.00    0.00    0.00       0
    2163     1.7      87   -0.01    0.03    0.00    0.00       0
    2164     1.5      86    0.01    0.02    0.00    0.00       0
    2165     1.4      90    0.00    0.03    0.00    0.09       0
    2166     1.6      86    0.03   -0.01    0.00   11.91       0
    2167     1.7      83    0.02    0.04    0.00   68.10       0
    2168     2.2      70   -0.02    0.03  509.47  137.28       0
    2169     3.7      67   -0.04   -0.01  840.92   93.94       0
    2170     5.3      66   -0.03    0.03  833.67  117.07       0
    2171     6.3      67   -0.02    0.03  402.98  330.53       0
    2172     7.3      55   -0.04    0.03   23.46  445.12       0
    2173     7.5      54    0.04   -0.02  559.01  254.04       0
    2174     8.1      56   -0.01    0.04  820.66  127.79       0
    2175     8.7      58   -0.03    0.03  745.81  129.46       0
    2176     8.9      61    0.01    0.03  624.55  129.71       0
    2177     9.2      64    0.00    0.01  312.55  134.81       0
    2178     8.4      71    0.00    0.00    0.00   43.67       0
    2179     5.9      82    0.00    0.00    0.00    0.78       0
    2180     4.6      76    0.02    0.00    0.00    0.00       0
    2181     2.5      77   -0.01    0.00    0.00    0.00       0
    2182     1.6      79    0.01   -0.01    0.00    0.00       0
    2183     0.9      83    0.02    0.00    0.00    0.00       0
    2184    -0.9      82   -0.01    0.00    0.00    0.00       0
    2185    -2.2      88   -0.01   -0.01    0.00    0.00       0
    2186    -2.6      84    0.01    0.01    0.00    0.00       0
    2187    -3.2      84    0.00    0.00    0.00    0.36       0
    2188    -1.9      85    0.00    0.00    0.00    0.99       0
    2189    -0.8      81    0.01   -0.01    0.00    0.60       0
    2190    -0.2      77    0.02    0.01    0.00   10.15       0
    2191     0.5      70    0.00    0.03    7.96   44.72       0
    2192     1.8      51    0.02   -0.02  249.25  205.62       0
    2193     3.8      41   -0.01    0.06  813.39  100.64       0
    2194     6.0      38   -0.02    0.04  844.40  115.40       0
    2195     7.9      38    0.01    0.04  755.70  158.72       0
    2196     8.7      38   -0.04    0.02  761.15  163.92       0
    2197     9.6      36   -0.01    0.04  316.25  390.93       0
    2198     9.3      33    0.01   -0.04    0.00  360.83       0
    2199     9.0      35    0.00    0.03  142.86  365.53       0
    2200     8.5      35    0.01    0.02  194.80  260.43       0
    2201     8.7      38    0.00    0.00  313.45  135.21       0
    2202     7.5      52   -0.01    0.00    0.00   49.47       0
    2203     5.8      54    0.00   -0.01    0.00    1.20       0
    2204     3.8      58    0.01    0.00    0.00    0.00       0
    2205     2.1      65    0.00    0.02    0.00    0.00       0
    2206     2.2      69    0.01    0.01    0.00    0.00       0
    2207     1.7      71    0.01   -0.01    0.00    0.00       0
    2208     1.3      69   -0.01    0.00    0.00    0.00       0
    2209     0.9      67    0.00    0.01    0.00    0.00       0
    2210     0.1      68    0.00   -0.01    0.00    0.00       0
    2211    -0.6      60    0.01   -0.01    0.00    0.00       0
    2212    -1.0      61    0.00   -0.01    0.00    0.00       0
    2213    -1.1      64   -0.02    0.01    0.00    0.05       0
    2214    -1.5      65   -0.01    0.01    0.00   16.96       0
    2215    -0.4      66    0.02    0.00  390.45   86.38       0
    2216     1.4      47   -0.03    0.02  768.16   80.75       0
    2217     3.0      46   -0.01   -0.05  542.47  186.53       0
    2218     3.9      40   -0.03   -0.03  842.10  116.79       0
    2219     5.0      36    0.01    0.04  326.75  375.47       0
    2220     5.7      38    0.01    0.04  618.23  230.12       0
    2221     6.1      38   -0.01   -0.03  561.66  254.62       0
    2222     6.4      37    0.03    0.00  704.90  170.04       0
    2223     6.7      38    0.02    0.00  521.00  214.40       0
    2224     7.1      39    0.00   -0.01  454.60  182.54       0
    2225     7.2      42    0.00    0.00  423.84  116.37       0
    2226     7.1      58    0.00    0.00    0.00   47.69       0
    2227     5.5      65    0.00    0.00    0.00    2.17       0
    2228     3.4      69    0.00    0.00    0.00    0.00       0
    2229     2.2      69    0.00    0.00    0.00    0.00      13
    2230     0.8      72    0.00   -0.01    0.00    0.00       0
    2231    -0.8      69    0.00    0.00    0.00    0.00      63
    2232    -2.2      69    0.00    0.00    0.00    0.00      25
    2233    -2.9      68    0.00    0.00    0.00    0.00      63
    2234    -3.3      65    0.00    0.00    0.00    0.00     100
    2235    -3.8      62    0.00    0.01    0.00    0.00     100
    2236    -3.9      61    0.00   -0.01    0.00    0.00     100
    2237    -4.0      69   -0.02    0.00    0.00    0.43     100
    2238    -3.4      52    0.01   -0.03    0.00   20.63     100
    2239    -1.3      57    0.02    0.03    6.99   37.78     100
    2240     1.3      66   -0.02    0.03    3.71   54.49      38
    2241     2.5      57    0.03   -0.02    4.20   97.64       0
    2242     4.3      50    0.01    0.05    0.00  297.35      38
    2243     6.4      47    0.02   -0.04  206.75  439.27      88
    2244     7.8      45    0.01   -0.04  466.67  313.10     100
    2245     9.2      43   -0.03   -0.03  709.16  184.07       0
    2246     9.8      45   -0.02    0.03  220.43  406.39      75
    2247     8.4      50    0.03   -0.02    5.52  144.53     100
    2248     7.1      54   -0.04    0.02    2.24   40.95     100
    2249     5.6      57    0.01    0.00    0.70    6.33     100
    2250     4.7      61   -0.01    0.01    4.83    6.10     100
    2251     4.5      65    0.00    0.00    0.00    0.42     100
    2252     4.3      72    0.00    0.00    0.00    0.00     100
    2253     4.3      78    0.00    0.00    0.00    0.00     100
    2254     4.1      83    0.00    0.00    0.00    0.00      88
    2255     3.7      82    0.00    0.00    0.00    0.00      25
    2256     3.3      88    0.00    0.00    0.00    0.00       0
    2257     3.2      92    0.00    0.00    0.00    0.02       0
    2258     2.7      92    0.00    0.00    0.00    0.02       0
    2259     1.8      91   -0.01   -0.01    0.00    0.00       0
    2260     0.6      93    0.00   -0.01    0.00    0.00       0
    2261    -0.5      88    0.01   -0.02    0.00    0.32       0
    2262    -1.3      79    0.03   -0.01    0.00   31.16       0
    2263    -1.5      78   -0.05   -0.01  419.85   85.73       0
    2264    -0.7      67    0.05    0.02  114.68  231.80       0
    2265    -0.6      56   -0.03   -0.04  407.87  240.63       0
    2266    -0.3      35    0.03   -0.04  648.59  185.31       0
    2267     1.0      37    0.06   -0.04  107.68  472.90      38
    2268     1.6      35    0.01    0.05  507.34  291.21     100
    2269     2.3      31   -0.02   -0.03  291.76  407.20     100
    2270     3.2      41   -0.02    0.06  308.24  364.19     100
    2271     3.6      33    0.02    0.04    0.00  344.33     100
    2272     3.6      50   -0.02   -0.03   32.05  253.95     100
    2273     4.2      97   -0.02    0.00  225.53  149.92     113
    2274     4.0      97   -0.01   -0.02    0.00   58.42     100
    2275     3.0      95    0.00    0.02    0.00    3.49     100
    2276     2.5      94   -0.01   -0.02    0.00    0.00     100
    2277     2.1      92    0.03   -0.01    0.00    0.00     100
    2278     1.2      91   -0.02    0.01    0.00    0.00     100
    2279     0.9      92   -0.01   -0.01    0.00    0.00     100
    2280     0.5      95   -0.01   -0.01    0.00    0.00     100
    2281     0.0      95    0.01   -0.02    0.00    0.00     100
    2282    -0.6      94   -0.01    0.01    0.00    0.00     100
    2283    -1.5      97    0.01    0.02    0.00    0.00     100
    2284    -3.1      97   -0.01    0.04    0.00    0.00     113
    2285    -3.6      96   -0.01    0.05    0.00    1.21     100
    2286    -3.8      94    0.03    0.06    0.00   34.66     100
    2287    -1.7      91    0.07   -0.02  499.54   77.44     100
    2288     1.0      95   -0.06   -0.04  838.34   71.93     100
    2289     3.1      97    0.06   -0.03  876.36   93.10     100
    2290     4.4      91   -0.05   -0.02  923.01  113.87     100
    2291     5.6      90    0.00    0.05  891.92  124.56     100
    2292     6.3      80    0.05   -0.03  884.84  130.44     100
    2293     7.4      66   -0.02   -0.06  959.60  133.23     100
    2294     7.5      63    0.05    0.02  927.74  120.06      75
    2295     7.0      62   -0.01   -0.06  831.01  109.36      63
    2296     6.3      60    0.00   -0.05  755.90   99.41      75
    2297     6.2      54    0.03   -0.04  610.28   85.67       0
    2298     5.3      56    0.02   -0.02    0.00   52.15       0
    2299     3.8      60   -0.05    0.01    0.00    3.68       0
    2300     2.3      71   -0.03   -0.01    0.00    0.00       0
    2301     1.0      75    0.01   -0.04    0.00    0.00       0
    2302    -0.6      78    0.03    0.02    0.00    0.00       0
    2303    -2.0      80   -0.04   -0.03    0.00    0.00       0
    2304    -1.7      81    0.03   -0.02    0.00    0.02       0
    2305     0.0      86    0.02    0.03    0.00    0.82       0
    2306     1.1      87   -0.01   -0.03    0.00    0.00       0
    2307     1.6      89    0.00    0.00    0.00    0.00       0
    2308     1.5      95   -0.01    0.00    0.00    0.00       0
    2309     0.3      94    0.01    0.01    0.00    0.27       0
    2310    -0.7      86   -0.01   -0.02    0.00   29.52       0
    2311     0.5      76    0.03    0.03  506.18   77.89       0
    2312     2.7      59    0.04   -0.02  821.04   75.41       0
    2313     3.9      60    0.03    0.03  581.73  177.36       0
    2314     4.8      56    0.01    0.03   51.34  408.96      50
    2315     5.7      60    0.02   -0.04   64.91  469.36     100
    2316     6.2      61    0.05   -0.01  150.51  485.85     100
    2317     7.0      63   -0.03    0.04  322.02  391.71     100
    2318     7.5      73   -0.05    0.00  460.08  287.35     100
    2319     8.2      76   -0.02   -0.04  260.17  327.62     100
    2320     7.9      76   -0.03    0.02  379.69  208.94     100
    2321     7.5      75    0.04    0.00   75.52  157.29     100
    2322     6.4      71   -0.02   -0.03    0.00   38.27     100
    2323     4.0      72   -0.03    0.02    0.00    2.07     100
    2324     1.7      70    0.02    0.03    0.00    0.00     100
    2325    -0.3      69    0.02    0.01    0.00    0.00     100
    2326    -1.9      71    0.02   -0.03    0.00    0.00     100
    2327    -2.7      73    0.00    0.01    0.00    0.00     100
    2328    -2.7      75    0.02    0.00    0.00    0.00     100
    2329    -3.4      78    0.02   -0.01    0.00    0.00     100
    2330    -3.4      82    0.01    0.02    0.00    0.00     100
    2331    -3.3      83   -0.03    0.00    0.00    0.00     100
    2332    -4.3      86    0.02    0.02    0.00    0.00     100
    2333    -5.0      87    0.01    0.01    0.00    1.01     100
    2334    -5.0      86   -0.02    0.01    0.00   25.31     100
    2335    -3.4      83   -0.01   -0.02  354.86   97.14     100
    2336     1.0      80   -0.02    0.02  810.55   78.03     100
    2337     4.3      77   -0.03   -0.01  776.99  115.26     100
    2338     5.6      69    0.01   -0.04  360.41  322.87     100
    2339     6.5      61   -0.01    0.03  899.67  126.32     100
    2340     7.3      58    0.00   -0.04  620.02  233.76      38
    2341     6.6      55    0.03   -0.01  752.70  168.57     100
    2342     5.7      54   -0.02    0.02    0.00  387.09       0
    2343     5.0      52    0.03    0.00    0.00  181.59      25
    2344     4.3      41    0.00    0.02    3.83   65.28     100
    2345     3.7      35   -0.01   -0.01    8.28   67.59     100
    2346     3.3      45    0.00    0.02    0.00   50.79      25
    2347     1.8      48   -0.02    0.00    0.00    2.99       0
    2348     0.8      49    0.02    0.00    0.00    0.00       0
    2349     0.6      53   -0.02    0.00    0.00    0.00      13
    2350     0.5      55    0.05    0.00    0.00    0.00     100
    2351     0.9      55    0.04    0.02    0.00    0.31      13
    2352     2.6      65    0.02    0.02    0.00    0.03      50
    2353     3.7      68    0.01   -0.03    0.00    0.00      38
    2354     4.0      69    0.02    0.01    0.00    0.01     100
    2355     4.1      70    0.03    0.00    0.00    0.00       0
    2356     3.8      72    0.00   -0.03    0.00    0.00       0
    2357     3.8      69   -0.02   -0.01    0.00    0.17       0
    2358     3.8      56   -0.02   -0.02    0.00    2.64       0
    2359     2.6      50    0.02   -0.01    2.55   12.71       0
    2360     1.4      39   -0.02    0.02    0.00  146.73       0
    2361     3.3      36    0.01   -0.04    5.64  124.24       0
    2362     4.4      37    0.01   -0.05   69.15  417.65       0
    2363     6.1      32    0.02   -0.02   90.36  474.86       0
    2364     6.6      32   -0.02    0.03    0.00  450.22       0
    2365     6.9      30    0.02   -0.03  140.37  479.12       0
    2366     7.3      29    0.02   -0.02   54.57  433.14       0
    2367     6.6      35   -0.02    0.02    0.00  232.82       0
    2368     5.8      35    0.01   -0.02    0.00  148.28      38
    2369     5.3      44    0.03    0.00    0.00   92.12       0
    2370     4.5      49    0.01   -0.03    0.00   36.69       0
    2371     3.8      54   -0.02   -0.06    0.00    6.81       0
    2372     3.0      56    0.05    0.05    0.00    0.00       0
    2373     2.6      59   -0.07    0.01    0.00    0.00      50
    2374     2.1      61    0.07   -0.02    0.00    0.00       0
    2375     1.6      63    0.02    0.06    0.00    0.00      75
    2376     1.4      67    0.05   -0.05    0.00    0.00     100
    2377     1.1      71    0.02   -0.04    0.00    0.00      13
    2378     0.8      76   -0.03   -0.01    0.00    0.00       0
    2379     0.7      76   -0.05    0.00    0.00    0.00     100
    2380     0.5      76    0.00    0.06    0.00    0.00      38
    2381     0.6      75    0.02    0.05    0.00    2.21       0
    2382     0.2      70    0.04   -0.04    0.00   39.24      13
    2383     1.1      65   -0.08   -0.02  101.54  116.15      50
    2384     2.8      53   -0.09    0.01  527.97  144.92      50
    2385     4.1      35   -0.07    0.07  870.69   97.09      13
    2386     5.1      34    0.09   -0.02   77.20  419.95      25
    2387     5.9      34   -0.09    0.01  431.90  324.58     100
    2388     7.0      34    0.07    0.06  841.73  141.67     100
    2389     7.2      32    0.05   -0.05  739.61  175.25      38
    2390     8.0      33    0.03    0.08  342.24  349.92      25
    2391     7.5      38    0.01   -0.06  424.68  260.32      63
    2392     7.0      41    0.07    0.01  669.77  123.88       0
    2393     6.6      42   -0.06    0.01  215.79  151.63      13
    2394     5.6      45   -0.02    0.08    0.00   79.51       0
    2395     4.4      48    0.08    0.08    0.00    7.99      25
    2396     2.6      50    0.04   -0.10    0.00    0.00     100
    2397     0.1      53   -0.02    0.10    0.00    0.00     100
    2398    -1.7      60   -0.05    0.09    0.00    0.00      38
    2399    -2.2      64   -0.02    0.09    0.00    0.00       0
    2400    -3.1      65    0.08    0.07    0.00    0.00      75
    2401    -3.5      65   -0.05    0.09    0.00    0.00      38
    2402    -3.9      67    0.05    0.09    0.00    0.00     100
    2403    -3.8      70    0.05   -0.07    0.00    0.00     100
    2404    -3.7      73   -0.09   -0.02    0.00    0.00      88
    2405    -3.3      74   -0.06   -0.07    0.00    1.59     100
    2406    -2.8      76    0.10    0.01    0.00   23.75     100
    2407    -1.5      76    0.07    0.07   10.23   49.50     100
    2408     0.2      73   -0.05   -0.07    7.53  101.13     100
    2409     2.2      75    0.00   -0.08    6.60  142.52     100
    2410     3.8      83    0.02    0.04    5.33  150.15     100
    2411     4.3      91   -0.03   -0.03    4.06  132.15     100
    2412     2.5      93    0.04    0.00    2.54   87.53     100
    2413     1.1      96    0.00    0.04    1.69   56.60     100
    2414     0.7      96   -0.01    0.03    1.85   55.44     100
    2415     0.9      96    0.03   -0.01    2.20   52.84     100
    2416     0.8      97   -0.02    0.00    2.15   35.00     100
    2417     0.7      97   -0.01   -0.03    2.41   18.31     113
    2418     0.5      96   -0.01    0.00    8.77    7.42     100
    2419     0.2      98    0.03   -0.01    0.00    0.95     100
    2420     0.2      99    0.01   -0.02    0.00    0.00     100
    2421     0.5      99    0.00   -0.02    0.00    0.00     113
    2422     0.7      99    0.01    0.02    0.00    0.00      38
    2423     0.9      99    0.00   -0.02    0.00    0.00     113
    2424     1.1      99   -0.02    0.00    0.00    0.00       0
    2425     1.4      99   -0.01    0.02    0.00    0.00       0
    2426     1.6      99   -0.01   -0.02    0.00    0.27     113
    2427     1.8      99   -0.03   -0.02    0.00    0.07     113
    2428     2.2      99    0.03    0.00    0.00    0.01     113
    2429     1.5      99    0.00   -0.03    0.00    1.19      13
    2430     1.3      99    0.02   -0.03    0.00   21.73       0
    2431     1.5      98    0.06   -0.01    0.00   80.49       0
    2432     2.0      81   -0.01    0.06   23.37  208.70      13
    2433     2.9      79   -0.02    0.08    0.00  263.26      38
    2434     3.4      71   -0.03    0.06    0.00  230.96      88
    2435     2.6      67   -0.07    0.02   28.06  433.58      63
    2436     4.1      54    0.00   -0.06    0.00  366.26      63
    2437     4.3      52    0.01   -0.06    5.78  191.65      75
    2438     3.2      47    0.05    0.02    0.00  288.59      50
    2439     4.7      54   -0.04   -0.02  221.35  343.42     100
    2440     5.5      51   -0.06    0.02   60.49  267.05      50
    2441     5.6      53   -0.03   -0.01  258.16  146.50      75
    2442     4.6      62   -0.04    0.04    0.00   52.25      50
    2443     3.7      67   -0.04    0.04    0.00    7.45     100
    2444     1.9      73   -0.05    0.03    0.00    0.00     100
    2445     1.1      77    0.05   -0.04    0.00    0.00      88
    2446     0.4      79   -0.06   -0.01    0.00    0.00     100
    2447    -0.1      83    0.00    0.05    0.00    0.01     100
    2448     0.3      86   -0.02    0.03    0.00    0.00     100
    2449     0.6      90    0.01    0.03    0.00    0.00     100
    2450     0.5      93   -0.02    0.03    0.00    0.00     100
    2451     0.5      94    0.02   -0.02    0.00    0.00     100
    2452     0.7      94    0.00   -0.05    0.00    0.00     100
    2453     0.5      92    0.01    0.05    0.00    1.60     100
    2454     0.5      88    0.08    0.03    0.00   22.31     100
    2455     0.7      81    0.06    0.04    0.00   67.56     100
    2456     1.1      88    0.10    0.01  166.72  234.55     100
    2457     2.5      82    0.08   -0.02   87.55  341.54     100
    2458     3.1      74   -0.04    0.08  104.25  422.79     100
    2459     3.4      73    0.06    0.06   60.55  467.78     100
    2460     3.5      71   -0.04   -0.06  112.95  496.07     100
    2461     3.7      83    0.05   -0.07   25.78  437.92     100
    2462     4.7      78   -0.06   -0.01    0.00  249.57     100
    2463     4.7      75    0.04   -0.04    0.00  211.12     100
    2464     5.1      70    0.04    0.02    0.00  218.31      88
    2465     5.2      68   -0.07    0.03  545.11  100.72     100
    2466     4.9      69    0.03    0.05    0.00   29.49     100
    2467     2.1      76    0.04    0.02    0.00    6.43     100
    2468     1.0      82   -0.02   -0.06    0.00    0.00     100
    2469    -0.3      85   -0.01    0.04    0.00    0.00      50
    2470    -1.2      89   -0.04   -0.03    0.00    0.00      25
    2471    -2.4      91   -0.03    0.00    0.00    0.00      38
    2472    -3.2      94   -0.01    0.01    0.00    0.00       0
    2473    -3.5      98    0.01   -0.04    0.00    0.00       0
    2474    -3.8      96    0.00    0.04    0.00    0.00      25
    2475    -4.0      98    0.01   -0.02    0.00    0.00      75
    2476    -4.0      98    0.00    0.00    0.00    0.00      25
    2477    -4.3      97   -0.01    0.00    0.00    3.01      38
    2478    -3.3      99   -0.01   -0.02    0.00   29.67      88
    2479    -0.6      94    0.00   -0.03  609.93   72.45     100
    2480     2.1      95    0.02   -0.03  878.38   74.47     100
    2481     4.7      88    0.01   -0.02  895.98   99.12     100
    2482     5.4      92    0.02   -0.01  855.98  122.19     100
    2483     6.5      97    0.03    0.00  941.88  135.78     100
    2484     7.3      93   -0.01    0.03   57.79  487.28     100
    2485     7.2      92   -0.01    0.03   68.55  480.90     100
    2486     7.4      87   -0.04    0.01    0.00  328.62     100
    2487     7.6      90   -0.04    0.01  410.74  268.45     100
    2488     7.7      94   -0.03   -0.01  103.28  272.52     100
    2489     6.9      97   -0.04   -0.01   20.96  133.38     100
    2490     6.6      98    0.03    0.00    0.00   45.72     100
    2491     6.1      99    0.02    0.03    0.00    6.57     100
    2492     1.3      98   -0.02    0.03    0.00    0.00     100
    2493    -0.9      99   -0.01    0.03    0.00    0.00     100
    2494    -1.8      98    0.02    0.03    0.00    0.00     100
    2495    -2.3      99    0.01   -0.04    0.00    0.00     113
    2496    -2.2      99    0.02    0.04    0.00    0.00     100
    2497    -2.5      99   -0.04   -0.01    0.00    0.01     100
    2498    -2.6      98    0.01    0.03    0.00    0.00     100
    2499    -2.8      97    0.02    0.03    0.00    0.00     100
    2500    -3.6      97    0.01   -0.04    0.00    0.00     100
    2501    -3.8      94   -0.02    0.02    0.00    5.03     100
    2502    -3.4      94   -0.03   -0.01    0.00   40.97     100
    2503    -0.5      91    0.00   -0.04  526.59   84.08     100
    2504     4.4      84   -0.04    0.02  830.59   80.56     100
    2505     6.5      72    0.03    0.05  859.89  102.32       0
    2506     8.1      61   -0.06   -0.04  855.46  122.96      13
    2507     8.5      58    0.00    0.05  471.03  307.53       0
    2508     9.6      54   -0.03   -0.05  625.20  236.35       0
    2509     9.5      61    0.04   -0.02  518.12  287.34     100
    2510     9.8      58   -0.04   -0.02  563.26  241.66     100
    2511    10.3      58    0.01   -0.05  380.99  281.41     100
    2512    10.1      57    0.00    0.05  120.97  271.92       0
    2513     9.2      58    0.01    0.04   38.96  144.73      63
    2514     8.2      65   -0.03    0.01    0.00   73.28     100
    2515     7.2      73    0.02    0.02    0.00   11.61     100
    2516     4.8      76   -0.01   -0.02    0.00    0.00      88
    2517     3.0      78    0.01   -0.03    0.00    0.00     100
    2518     2.1      81    0.00   -0.03    0.00    0.00     100
    2519     1.0      79   -0.03    0.01    0.00    0.00     100
    2520     0.1      73    0.01    0.01    0.00    0.00     100
    2521    -0.5      74    0.01    0.02    0.00    0.00     100
    2522    -0.7      73   -0.01    0.01    0.00    0.00     100
    2523    -1.0      74    0.00   -0.02    0.00    0.00     100
    2524    -1.4      75    0.01    0.01    0.00    0.00     100
    2525    -1.6      76   -0.01    0.02    0.00    5.76     100
    2526    -1.7      77   -0.02   -0.01    0.00   41.31     100
    2527     0.8      69    0.00   -0.03  581.43   77.95     100
    2528     3.7      63   -0.03    0.00  848.46   78.79     100
    2529     5.3      48    0.04   -0.02  873.92  101.33     100
    2530     7.1      42    0.04    0.01  881.21  120.02       0
    2531     8.4      37   -0.03   -0.01  892.89  132.22       0
    2532    10.0      32    0.06   -0.01  885.73  137.25       0
    2533    10.3      30   -0.06   -0.02  868.30  136.34       0
    2534    11.1      27   -0.03    0.05  837.73  132.04       0
    2535    11.9      28    0.04   -0.02  650.09  172.43       0
    2536    11.8      25   -0.03    0.00  626.20  139.48       0
    2537    11.5      30    0.00    0.02   28.81  138.76       0
    2538    10.3      38    0.00    0.00    0.00   44.12       0
    2539     9.3      50    0.00    0.00    0.00    7.50       0
    2540     8.4      49    0.02    0.00    0.00    0.00       0
    2541     8.0      47    0.00    0.00    0.00    0.00       0
    2542     7.6      53    0.00   -0.02    0.00    0.00       0
    2543     7.3      55    0.01    0.02    0.00    0.00       0
    2544     7.1      59    0.00    0.00    0.00    0.00       0
    2545     6.5      70    0.00    0.00    0.00    0.00       0
    2546     6.2      78    0.00    0.00    0.00    0.00       0
    2547     6.0      75    0.00    0.01    0.00    0.00       0
    2548     5.5      69    0.01    0.01    0.00    0.00       0
    2549     5.0      68   -0.02   -0.02    0.00    7.08       0
    2550     4.5      66    0.02    0.01    0.00   50.40       0
    2551     4.8      60    0.03   -0.01    0.00  104.86       0
    2552     5.9      44    0.02    0.04  145.42  240.11       0
    2553     7.9      34   -0.01   -0.04    0.00  258.07       0
    2554     9.7      23   -0.01    0.04    0.00  370.97       0
    2555    10.2      26    0.02   -0.06  107.16  475.68       0
    2556    12.6      27    0.04   -0.01  685.41  207.78       0
    2557    13.8      22   -0.03    0.04  222.13  448.27       0
    2558    13.9      20    0.01    0.05  214.38  412.16       0
    2559    14.0      23    0.00   -0.06  529.09  220.60       0
    2560    14.6      28    0.01    0.03   46.17  258.39       0
    2561    14.0      29    0.01    0.01   98.51  155.76       0
    2562    12.9      35    0.02   -0.01    0.00   60.85       0
    2563    11.7      39   -0.02    0.01    0.00   11.85       0
    2564    10.4      38    0.02    0.01    0.00    0.00       0
    2565     9.4      40   -0.01   -0.01    0.00    0.00       0
    2566     8.9      44   -0.02    0.01    0.00    0.00       0
    2567     8.3      43    0.00    0.00    0.00    0.00       0
    2568     8.1      52   -0.02    0.01    0.00    0.00       0
    2569     7.3      53    0.00    0.00    0.00    0.00       0
    2570     6.5      68    0.00    0.00    0.00    0.00       0
    2571     5.3      67    0.00    0.01    0.00    0.00       0
    2572     4.8      64    0.01   -0.01    0.00    0.00       0
    2573     4.5      60    0.03    0.01    0.00    7.65       0
    2574     4.7      58   -0.04    0.00    0.00   49.33       0
    2575     5.7      53   -0.01   -0.05  380.13  104.92       0
    2576     7.4      44    0.06   -0.02  648.00  122.24       0
    2577     9.5      40   -0.01    0.04  736.09  135.21       0
    2578    11.5      38   -0.06   -0.02  789.75  142.49       0
    2579    14.0      35   -0.05    0.02  782.11  160.12       0
    2580    16.3      34    0.07    0.01  754.46  177.26       0
    2581    17.0      31    0.06    0.02  732.21  182.86       0
    2582    17.0      32    0.04    0.03  715.09  175.23       0
    2583    17.2      29   -0.01    0.06  655.08  171.59       0
    2584    17.2      32    0.05    0.01  557.93  160.38       0
    2585    16.8      37   -0.02   -0.01  444.16  119.53       0
    2586    16.1      40   -0.02   -0.01    0.00   81.15       0
    2587    15.1      45   -0.01    0.01    0.00   14.94       0
    2588    11.7      50    0.01    0.01    0.00    0.00       0
    2589     8.9      53    0.02    0.01    0.00    0.00       0
    2590     7.4      54    0.01   -0.01    0.00    0.00       0
    2591     7.9      60    0.00   -0.03    0.00    0.00       0
    2592     7.1      61    0.01    0.02    0.00    0.00       0
    2593     5.5      66    0.00    0.02    0.00    0.00       0
    2594     4.3      68    0.01    0.01    0.00    0.00       0
    2595     3.2      69    0.00   -0.01    0.00    0.00       0
    2596     3.0      71    0.02    0.00    0.00    0.00       0
    2597     2.3      70   -0.01   -0.04    0.00    8.38       0
    2598     2.8      67    0.01   -0.03    0.00   46.98       0
    2599     5.1      63    0.05    0.02  562.05   83.06       0
    2600     8.5      52    0.02    0.04  764.59   95.72       0
    2601    11.7      40    0.02   -0.05  812.30  114.51       0
    2602    14.4      34    0.06    0.04  838.12  129.21       0
    2603    15.8      31   -0.05    0.02  872.29  135.31       0
    2604    16.5      32   -0.03   -0.05  883.38  139.17       0
    2605    16.9      32   -0.05    0.03  878.40  136.63       0
    2606    17.3      34   -0.01   -0.06  863.17  128.04       0
    2607    17.6      34   -0.03   -0.03  832.31  115.93       0
    2608    17.8      35   -0.03   -0.04  754.14  106.94       0
    2609    17.0      36    0.03   -0.02  672.98   81.94       0
    2610    16.4      40   -0.01    0.00    0.00   78.31       0
    2611    15.5      47    0.00   -0.02    0.00   11.73       0
    2612    11.3      54    0.00   -0.02    0.00    0.00       0
    2613     8.2      57   -0.03   -0.01    0.00    0.00       0
    2614     6.6      61   -0.02   -0.01    0.00    0.00       0
    2615     5.0      57   -0.01   -0.01    0.00    0.00       0
    2616     3.8      61    0.02    0.01    0.00    0.00       0
    2617     2.6      64    0.01   -0.02    0.00    0.00       0
    2618     1.4      69    0.01    0.02    0.00    0.00     100
    2619     0.5      69    0.02   -0.01    0.00    0.00      13
    2620    -0.4      71    0.02    0.03    0.00    0.00       0
    2621    -1.1      64    0.00    0.04    0.00    9.61       0
    2622    -0.6      58   -0.04    0.00    0.00   45.90       0
    2623     2.3      54    0.02   -0.04  724.34   62.86       0
    2624     8.9      43   -0.05    0.00  874.79   79.08       0
    2625    12.8      32   -0.04    0.03  877.17  103.82       0
    2626    14.2      27   -0.02   -0.04  885.68  122.51       0
    2627    15.4      24    0.01   -0.03  891.44  134.88       0
    2628    15.8      22   -0.04   -0.01  887.28  139.64       0
    2629    15.4      23    0.03    0.00  869.89  138.15       0
    2630    17.0      24    0.04    0.00  843.88  132.38       0
    2631    17.4      23    0.02   -0.01  807.15  122.50       0
    2632    17.7      24   -0.01   -0.02  745.62  109.44       0
    2633    17.5      25    0.00   -0.02  674.87   82.02       0
    2634    15.9      29    0.00    0.01    0.00   81.29       0
    2635    14.6      37    0.00   -0.01    0.00   13.79       0
    2636    11.5      42   -0.01   -0.01    0.00    0.00       0
    2637     8.6      43    0.00    0.02    0.00    0.00       0
    2638     5.2      45   -0.04   -0.02    0.00    0.00       0
    2639     3.1      45   -0.03    0.02    0.00    0.00       0
    2640     1.8      47   -0.03    0.01    0.00    0.00       0
    2641     1.1      49    0.01    0.01    0.00    0.00       0
    2642     0.6      70    0.01   -0.01    0.00    0.00       0
    2643     0.3      74    0.00    0.00    0.00    0.00       0
    2644     0.1      70    0.00    0.00    0.00    0.00       0
    2645     0.4      57   -0.01    0.01    0.00    8.26       0
    2646     3.4      43   -0.01   -0.02    0.00   23.91       0
    2647     5.4      35    0.00   -0.02    0.00  101.01       0
    2648     6.5      29    0.00    0.02   83.61  241.90       0
    2649     7.4      27    0.02    0.02  439.33  245.74       0
    2650     8.2      25    0.02   -0.01  562.02  237.84       0
    2651     9.1      24    0.01    0.03  787.42  159.72       0
    2652     8.9      27    0.00   -0.02   77.25  493.14       0
    2653     8.3      27   -0.01    0.00  498.69  301.15       0
    2654     8.7      24   -0.01    0.02  127.44  437.56       0
    2655     8.2      28   -0.03    0.02    0.00  211.57       0
    2656     5.6      29    0.01   -0.04    5.43   76.03       0
    2657     3.6      33   -0.02   -0.03    0.00  110.77       0
    2658     3.9      40    0.00   -0.01    0.00   38.28       0
    2659     3.1      47    0.01    0.00    0.00   11.35       0
    2660     2.9      49    0.01   -0.01    0.00    0.12       0
    2661     3.0      51    0.00    0.00    0.00    0.00       0
    2662     2.8      70    0.02   -0.03    0.00    0.00       0
    2663     2.6      54   -0.02    0.02    0.00    0.00       0
    2664     1.9      60   -0.03    0.00    0.00    0.00       0
    2665     1.1      55   -0.03    0.00    0.00    0.00       0
    2666     0.7      54   -0.03    0.01    0.00    0.00       0
    2667     0.5      63   -0.01   -0.02    0.00    0.00       0
    2668     0.2      63   -0.01    0.03    0.00    0.00       0
    2669    -0.1      56    0.04    0.00    0.00    4.66       0
    2670     0.1      46   -0.03    0.02    0.00   23.73       0
    2671     0.5      43   -0.01   -0.02    0.00  109.72       0
    2672     0.9      33    0.03   -0.01  126.95  244.20       0
    2673     2.1      31   -0.04    0.03  104.17  345.77       0
    2674     3.4      31   -0.03    0.02  778.91  148.36       0
    2675     5.1      29   -0.02    0.04  441.81  328.09       0
    2676     6.0      27    0.01    0.06  854.55  144.93       0
    2677     7.5      27   -0.04   -0.01  631.66  231.78       0
    2678     8.3      26   -0.04   -0.02  871.70  128.23       0
    2679     8.7      26   -0.01   -0.04  155.48  361.12       0
    2680     8.6      28    0.03    0.02   77.15  266.82      13
    2681     8.8      33    0.02    0.00  196.25  152.41       0
    2682     8.2      47   -0.01    0.01    0.00   49.21       0
    2683     6.7      52    0.00   -0.05    0.00   14.33       0
    2684     5.0      50    0.04   -0.04    0.00    0.01      50
    2685     5.0      55   -0.04    0.03    0.00    0.00      13
    2686     4.0      58   -0.07   -0.02    0.00    0.00      13
    2687     0.9      58    0.02    0.06    0.00    0.00       0
    2688     0.4      60    0.01    0.08    0.00    0.00       0
    2689     2.2      59    0.08   -0.05    0.00    0.00     100
    2690     1.9      58    0.01   -0.09    0.00    0.00      75
    2691     1.5      63    0.07    0.04    0.00    0.00     100
    2692     1.0      65   -0.04    0.06    0.00    0.00     100
    2693     0.6      65    0.04   -0.07    0.00   10.83     100
    2694     0.6      65   -0.02   -0.05    0.00   45.73     100
    2695     2.1      63    0.00    0.04  814.76   54.66     100
    2696     3.7      82   -0.03   -0.05  927.97   84.01     100
    2697     4.6      96   -0.05   -0.01  926.01  109.08     100
    2698     5.5      98   -0.02   -0.03  895.12  124.93     100
    2699     6.4      98    0.02    0.02  689.80  201.45     100
    2700     7.5      99    0.02   -0.03  840.03  148.94     113
    2701     8.2      99    0.01    0.03  919.95  142.06     113
    2702     8.7      95   -0.05   -0.04  475.41  288.61     100
    2703     9.3      97   -0.02   -0.02  644.68  177.75     100
    2704     9.7      94    0.01    0.04   91.28  268.47     100
    2705     8.6      87   -0.01   -0.01   26.33  134.06      88
    2706     7.6      89   -0.01   -0.02    0.00   72.56      63
    2707     8.1      95    0.02   -0.01    0.00   27.38       0
    2708     6.4      99   -0.01   -0.03    0.00    0.76       0
    2709     5.0      99    0.01    0.03    0.00    0.00       0
    2710     2.8      99    0.01    0.04    0.00    0.00       0
    2711     0.7      96    0.04    0.01    0.00    0.00       0
    2712    -0.2      96   -0.02    0.02    0.00    0.00      25
    2713    -0.9      97    0.02    0.04    0.00    0.00      63
    2714     0.0      98    0.00    0.06    0.00    0.00      13
    2715    -0.5      98    0.04    0.02    0.00    0.00      50
    2716    -1.1      98   -0.06   -0.02    0.00    0.00      63
    2717    -1.4      97   -0.04   -0.04    0.00   12.47     100
    2718    -1.3      95    0.06   -0.01    0.00   50.85     100
    2719     0.7      91   -0.05   -0.03  839.95   53.08     100
    2720     1.9      91    0.06   -0.01  926.12   84.61     100
    2721     3.3      90    0.04   -0.02  920.43  109.30     100
    2722     4.3      87   -0.06   -0.03  761.82  155.36     100
    2723     5.1      79    0.04    0.07  641.66  224.74     100
    2724     5.9      65    0.05   -0.08  674.22  216.68     100
    2725     6.6      58    0.06   -0.06  842.61  145.49     100
    2726     7.5      61   -0.02    0.06  391.75  330.63     100
    2727     7.4      65    0.04    0.05   38.35  341.89     100
    2728     7.5      69    0.06    0.01  101.18  268.86     100
    2729     7.0      71    0.05   -0.03  508.45  110.60     100
    2730     6.4      76    0.05    0.01    0.00   64.68      75
    2731     5.1      82    0.05    0.03    0.00   14.11     100
    2732     3.2      82    0.05   -0.03    0.00    0.45     100
    2733     1.1      83    0.05   -0.03    0.00    0.00     100
    2734     1.3      88   -0.03    0.05    0.00    0.00     100
    2735     0.7      93   -0.03    0.04    0.00    0.00     100
    2736     0.1      98    0.03    0.00    0.00    0.00     100
    2737    -0.2      97   -0.03    0.00    0.00    0.00     113
    2738    -0.3      98   -0.03   -0.03    0.00    0.00     100
    2739    -0.7      98   -0.05    0.01    0.00    0.00     100
    2740    -1.1      98    0.04   -0.01    0.00    0.00     100
    2741    -1.1      98    0.04   -0.01    0.00   13.08     100
    2742    -0.6      97    0.04   -0.03    0.00   57.26     100
    2743     0.7      95    0.03   -0.04  837.24   53.84     100
    2744     1.9      89    0.02   -0.04  469.29  175.09     100
    2745     2.5      94    0.03    0.02  244.35  319.54     100
    2746     3.1      97   -0.03    0.02  119.42  423.90     100
    2747     4.3      94    0.01    0.05  660.47  216.15     100
    2748     5.2      91    0.04   -0.02  840.76  149.56     100
    2749     5.5      89   -0.01    0.06  898.64  140.78     100
    2750     6.2      87    0.06   -0.02  147.86  432.50     100
    2751     5.6      81    0.01    0.07  332.62  303.80     100
    2752     5.9      83    0.07    0.01   25.78  236.74     100
    2753     6.3      84   -0.07    0.00  487.94  114.14     100
    2754     5.6      87    0.05   -0.01    0.00   80.00     100
    2755     5.3      84    0.01    0.05    0.00   21.24     100
    2756     4.3      84    0.02    0.04    0.00    0.18     100
    2757     3.4      87   -0.03    0.00    0.00    0.00     100
    2758     2.4      90   -0.02    0.04    0.00    0.00     100
    2759     0.4      90    0.00   -0.04    0.00    0.00     100
    2760    -0.5      91    0.03   -0.01    0.00    0.00     100
    2761    -1.4      93    0.02    0.02    0.00    0.00     100
    2762    -2.2      93    0.03    0.00    0.00    0.00      63
    2763    -1.7      94   -0.02   -0.02    0.00    0.00      50
    2764    -3.1      94   -0.01   -0.02    0.00    0.10     100
    2765    -3.4      91    0.03    0.01    0.00   14.40      75
    2766    -1.9      90   -0.05   -0.01    0.00   71.57     100
    2767     1.6      88   -0.06   -0.02  873.61   52.50     100
    2768     3.7      78    0.04    0.05  922.22   85.72     100
    2769     4.9      67   -0.06   -0.05  931.64  111.74      88
    2770     5.8      65    0.09   -0.05  892.45  126.57     100
    2771     6.7      56   -0.03   -0.09  418.51  342.67     100
    2772     6.9      50   -0.08    0.05  611.92  249.01      88
    2773     7.1      55    0.09   -0.03  523.76  289.61     100
    2774     7.4      63   -0.07    0.07  891.21  129.56     100
    2775     7.8      50    0.03   -0.01  861.90  113.42     100
    2776     7.8      65   -0.03    0.04  817.75   95.98     100
    2777     7.6      62    0.03    0.01  761.77   70.85     100
    2778     7.6      82    0.02    0.01    0.00   86.26     113
    2779     8.4      74   -0.02   -0.03    0.00   17.83     100
    2780     4.3      83   -0.02   -0.04    0.00    0.33      13
    2781     0.6      91    0.04    0.00    0.00    0.00       0
    2782    -1.0      92   -0.03   -0.04    0.00    0.00      63
    2783    -1.8      95    0.02   -0.05    0.00    0.00     100
    2784    -2.1      95   -0.04    0.00    0.00    0.00      25
    2785    -2.5      86   -0.03    0.00    0.00    0.00      13
    2786    -3.3      85    0.04   -0.01    0.00    0.00      75
    2787    -3.8      85   -0.02    0.03    0.00    0.00     100
    2788    -4.1      87   -0.01    0.04    0.00    0.33      25
    2789    -4.3      86    0.04   -0.02    0.00   14.99      38
    2790    -3.4      80   -0.02    0.09    0.00  107.81     100
    2791     0.6      67    0.03   -0.07 1000.84   60.84      88
    2792     5.8      59    0.02    0.08  893.01   83.77      88
    2793     8.6      54   -0.09   -0.04  862.99  109.29      88
    2794     8.9      48   -0.05   -0.10  179.54  411.66     100
    2795     9.8      44   -0.01    0.09  469.47  315.53     100
    2796    10.7      43    0.07   -0.07   78.58  491.13     100
    2797    10.7      39    0.11    0.03   34.99  447.13      75
    2798    11.4      42   -0.04    0.05   40.49  412.00      75
    2799    11.6      43    0.06    0.06    0.00  327.41      75
    2800    10.8      38    0.08    0.05   34.12  244.72     100
    2801    11.4      42   -0.06   -0.01   26.22  132.49      25
    2802    10.4      49    0.01   -0.02    0.00   80.19      13
    2803    10.2      57    0.00    0.02    0.00   27.29       0
    2804     7.6      69   -0.02   -0.02    0.00    0.25       0
    2805     4.3      83    0.02   -0.01    0.00    0.00       0
    2806     3.3      91    0.02    0.00    0.00    0.00       0
    2807     2.4      95    0.01   -0.03    0.00    0.00       0
    2808    -1.6      98   -0.03    0.01    0.00    0.00       0
    2809    -2.2      99   -0.02    0.02    0.00    0.00       0
    2810    -1.5      99    0.00    0.03    0.00    0.00     113
    2811    -0.2      99    0.01    0.00    0.00    0.00     113
    2812     0.2      99    0.00    0.00    0.00    0.00     113
    2813     0.3      99    0.01    0.00    3.04   13.95      38
    2814     1.5      99    0.03    0.01  115.76   49.20      25
    2815     2.7      91   -0.03    0.02   24.29  127.47      25
    2816     5.3      72    0.01   -0.04   54.88  195.04       0
    2817     9.1      44    0.02    0.00  672.22  139.34      25
    2818    11.7      37    0.02    0.02  827.99  122.82     100
    2819    13.2      35    0.02    0.02  798.73  148.14     100
    2820    12.3      30   -0.01    0.02  318.92  264.69     100
    2821    13.1      33    0.00    0.03  558.57  201.41     100
    2822    11.8      36   -0.02    0.00  726.70  165.01     100
    2823    11.4      43    0.00    0.00  467.41  193.46     100
    2824    11.4      51    0.00    0.01  445.80  159.79     100
    2825    11.0      47   -0.03    0.00  527.02  112.20     100
    2826     9.5      56    0.02   -0.02  215.73   72.78     100
    2827     7.8      56    0.00   -0.02    4.66   18.78     100
    2828     5.6      59    0.00   -0.01    0.00    0.16     100
    2829     4.9      63    0.00    0.00    0.00    0.00     100
    2830     4.2      79    0.00    0.00    0.00    0.00     100
    2831     3.8      77   -0.01   -0.01    0.00    0.00     100
    2832     3.6      84   -0.01    0.00    0.00    0.00     100
    2833     3.2      80    0.01    0.02    0.00    0.00     100
    2834     3.0      80    0.01    0.02    0.00    0.00     100
    2835     2.7      74    0.01   -0.03    0.00    0.00     100
    2836     2.4      56    0.04    0.00    0.00    0.00     100
    2837     3.1      50    0.02   -0.03    2.70   15.06     100
    2838     4.7      47   -0.04   -0.02    7.79   58.06     100
    2839     7.1      51    0.05   -0.02   29.23  130.91     100
    2840     8.8      59    0.06    0.01   27.59  178.89     100
    2841     9.9      59    0.06    0.01   70.24  242.67     100
    2842     8.8      66    0.07   -0.08    4.12  137.29     100
    2843     8.3      75    0.02    0.07   55.12  208.95     100
    2844     8.1      75   -0.07   -0.08   19.11  188.67     100
    2845     9.1      46    0.09    0.10  160.56  237.37      50
    2846     9.6      45   -0.09   -0.04  594.89  166.78     100
    2847    10.0      46   -0.13   -0.02  774.35  119.88      63
    2848    10.1      37   -0.09    0.06  737.48  102.88     100
    2849     9.7      43    0.08    0.02  528.18  104.54      75
    2850     9.8      43   -0.05    0.03  284.16   77.61     100
    2851     7.3      49   -0.01    0.04    4.65   20.68      13
    2852     5.5      57    0.03   -0.04    0.00    1.64       0
    2853     4.2      60   -0.01   -0.06    0.00    0.00       0
    2854     3.0      59    0.03    0.02    0.00    0.00       0
    2855     1.8      63   -0.02    0.05    0.00    0.00       0
    2856     0.8      65   -0.03   -0.04    0.00    0.00       0
    2857     0.2      69   -0.04    0.03    0.00    0.00       0
    2858    -0.7      65    0.02   -0.04    0.00    0.00       0
    2859    -2.3      65   -0.01   -0.04    0.00    0.00       0
    2860    -2.9      71   -0.01   -0.05    0.00    0.00       0
    2861    -1.7      68    0.01    0.08    2.65   17.70       0
    2862     3.1      61    0.08    0.02   56.25   45.13       0
    2863     5.2      54   -0.01   -0.08  578.00   98.05       0
    2864     6.0      42    0.07    0.04  678.25  111.80      25
    2865     7.4      39   -0.03    0.08  626.40  149.92      38
    2866     8.2      37    0.03    0.08  629.31  178.91     100
    2867     8.9      40   -0.04   -0.08  741.53  173.01     100
    2868     8.9      37    0.04    0.08  660.25  187.52      88
    2869     9.2      37   -0.05    0.06  622.74  201.42      75
    2870     9.2      41    0.07    0.05  605.79  190.62      13
    2871     9.1      44    0.07   -0.04  693.01  142.32      38
    2872     8.5      40    0.03    0.05  622.55  132.22       0
    2873     8.2      45   -0.02    0.06  468.12  124.44       0
    2874     7.2      53    0.03   -0.02  301.08   71.48      38
    2875     5.5      69    0.03    0.01    5.41   25.99      13
    2876     3.9      74   -0.02    0.02    0.00    0.26       0
    2877     1.7      77   -0.02   -0.01    0.00    0.00       0
    2878     1.0      84    0.03    0.01    0.00    0.00     100
    2879     1.2      85    0.02   -0.02    0.00    0.00      88
    2880     1.8      87   -0.02    0.01    0.00    0.00     100
    2881     3.0      91    0.02    0.01    0.00    0.00     100
    2882     3.0      97   -0.04    0.02    0.00    0.00     113
    2883     2.9      96    0.01   -0.03    0.00    0.00     113
    2884     2.8      98   -0.03    0.02    0.00    0.00     100
    2885     3.3      98    0.00   -0.05    0.49    6.03     100
    2886     3.9      99   -0.01   -0.05    1.42   29.42     100
    2887     4.7      98    0.00    0.06    1.35   46.02     100
    2888     6.9      94    0.04    0.06    4.38  112.03     100
    2889     8.0      89   -0.02    0.06   16.46  180.16     100
    2890     9.2      84   -0.07   -0.04    7.22  192.46     100
    2891     9.4      80    0.06    0.04    6.71  202.46     100
    2892    11.6      66   -0.08    0.02   19.23  237.19     100
    2893    12.2      65    0.04   -0.07  111.45  293.45     100
    2894    12.5      62   -0.01    0.07   14.74  214.64     100
    2895    12.0      68    0.01    0.06   86.73  251.13     100
    2896     8.8      91    0.04    0.05    1.46   66.73     100
    2897     7.8      97    0.06    0.01    0.43   29.28     100
    2898     7.8      98    0.05    0.04    0.57   21.02     100
    2899     7.9      99   -0.04    0.04    0.15    3.90     100
    2900     8.4      99    0.03    0.06    0.00    0.00     113
    2901     8.2      97   -0.07    0.00    0.00    0.00     113
    2902     7.4      99    0.07    0.03    0.00    0.00     100
    2903     6.8      97    0.02   -0.05    0.00    0.00     100
    2904     4.5      99    0.02    0.06    0.00    0.00     100
    2905     3.2      98   -0.03   -0.03    0.00    0.00     100
    2906     2.2      99    0.05    0.01    0.00    0.00     100
    2907     1.1      99   -0.02   -0.03    0.00    0.00      88
    2908     0.6      99    0.05    0.01    0.00    0.17     100
    2909     1.2      99   -0.03   -0.04    3.49   22.06     100
    2910     3.2      93   -0.05    0.02   96.38   44.90     100
    2911     4.6      87   -0.06   -0.02  682.44   85.04      38
    2912     5.8      80   -0.07    0.00  699.25  109.93      38
    2913     6.7      66    0.05   -0.03  792.72  113.36      13
    2914     7.5      50    0.06   -0.03  775.78  137.84      38
    2915     8.4      49    0.07    0.06  839.56  132.58      38
    2916     9.3      44    0.07    0.02  814.16  147.01       0
    2917    10.2      45    0.05    0.04  873.73  135.65     100
    2918    10.5      44    0.05    0.00  874.20  119.51      63
    2919    10.4      41    0.02    0.07  784.44  120.89      25
    2920    10.3      41    0.00   -0.06  674.49  121.36      25
    2921     9.7      45   -0.02    0.04  498.35  122.03       0
    2922    10.3      47    0.00   -0.04  269.89   87.30       0
    2923     7.3      51   -0.03    0.01   28.30   30.96       0
    2924     4.8      59   -0.02   -0.01    0.00    2.83       0
    2925     2.0      69    0.00   -0.04    0.00    0.00      25
    2926     0.3      76    0.02    0.04    0.00    0.00      13
    2927    -0.3      84   -0.04    0.00    0.00    0.00      38
    2928    -0.7      93    0.04   -0.01    0.00    0.00      38
    2929    -0.3      99    0.00    0.03    0.00    0.00     113
    2930     0.4      99    0.01    0.01    0.00    0.00     113
    2931     1.2      99   -0.01    0.01    0.00    0.00     113
    2932     1.6      99   -0.01   -0.01    0.00    0.00       0
    2933     1.8      99   -0.02   -0.01    4.49   20.73       0
    2934     3.0      82   -0.01   -0.01  115.91   57.62       0
    2935     6.2      65    0.03    0.00  210.34  145.60       0
    2936    11.0      46   -0.05    0.03  687.30  113.45       0
    2937    11.6      40   -0.04   -0.03  651.48  136.92      75
    2938    12.0      40    0.01   -0.03  512.12  170.86     100
    2939    12.6      34    0.04    0.02  607.09  184.26      88
    2940    13.6      39    0.01   -0.03  465.79  214.07     100
    2941    14.2      34   -0.03   -0.02  375.95  251.02     100
    2942    13.2      37    0.03    0.00  396.87  222.78     100
    2943    12.8      35   -0.02   -0.04  126.62  166.91     100
    2944    12.3      41    0.03   -0.01   22.52  145.65     100
    2945    13.4      45    0.00   -0.04  566.76   95.21     100
    2946    13.2      48    0.00    0.00  526.48   61.10     100
    2947     9.9      55    0.00    0.00   28.63   30.31      88
    2948     5.7      70    0.00    0.00    0.00    3.53      88
    2949     3.5      79    0.00    0.01    0.00    0.00      63
    2950     2.5      68    0.00    0.00    0.00    0.00       0
    2951     1.4      71    0.00   -0.01    0.00    0.00       0
    2952     0.7      76    0.00    0.00    0.00    0.00      38
    2953     0.3      80   -0.02    0.00    0.00    0.00       0
    2954     0.1      76   -0.03    0.01    0.00    0.00      88
    2955     2.1      66   -0.02    0.01    0.00    0.00      75
    2956     2.2      63   -0.02   -0.03    0.00    2.25       0
    2957     3.7      60   -0.02   -0.02    0.00    4.53      13
    2958     5.2      54   -0.02   -0.02   56.21   57.96     100
    2959     7.0      55    0.01    0.03  446.64  121.40     100
    2960     8.4      38   -0.05    0.00  489.22  159.29       0
    2961     9.7      34   -0.02   -0.04  682.77  144.80       0
    2962    10.8      31   -0.05    0.02  612.03  188.38      88
    2963    10.9      31    0.01   -0.05  798.52  157.39     100
    2964    10.9      29    0.05   -0.01  771.62  160.01     100
    2965    11.4      28   -0.02   -0.03  847.54  143.80     100
    2966    11.5      25   -0.01    0.05  767.94  158.24     100
    2967    11.6      27   -0.05    0.00  361.66  193.34     100
    2968    11.5      28   -0.01    0.04  319.03  182.11     100
    2969    10.0      32    0.03    0.02  390.71  123.49     100
    2970     9.7      38   -0.01   -0.01  316.60   73.52     100
    2971     7.2      45    0.02    0.00    3.93   12.91       0
    2972     4.8      43   -0.02    0.01    0.11    4.27       0
    2973     3.1      41    0.02    0.02    0.00    0.00       0
    2974     1.8      49   -0.04    0.04    0.00    0.00       0
    2975     0.3      65    0.03   -0.04    0.00    0.00      50
    2976     0.0      71   -0.03    0.03    0.00    0.00      63
    2977    -0.3      74    0.02    0.03    0.00    0.00       0
    2978    -0.6      76   -0.02   -0.04    0.00    0.00       0
    2979    -1.0      72    0.03   -0.04    0.00    0.00       0
    2980    -1.3      72    0.03   -0.04    0.00    1.60       0
    2981     0.3      72   -0.04    0.01    3.68   23.65       0
    2982     4.6      60    0.02   -0.03   57.55   49.62       0
    2983     6.9      51    0.06   -0.02  575.75  103.84       0
    2984     8.5      37   -0.05   -0.02  708.58  110.30       0
    2985     9.2      34    0.02   -0.05  793.47  114.39       0
    2986     9.9      30   -0.06    0.00  827.18  123.18       0
    2987    10.6      32    0.05   -0.04  850.92  128.80      13
    2988    11.0      30    0.02    0.05  859.80  131.33       0
    2989    11.8      30   -0.03    0.04  854.38  129.53       0
    2990    11.6      29    0.00    0.06  834.28  124.24       0
    2991    11.6      31   -0.03   -0.03  792.27  118.33       0
    2992    11.6      32    0.04    0.03  702.64  116.99       0
    2993    11.3      33    0.04   -0.06  531.47  119.24       0
    2994    12.0      34    0.04    0.03  247.23   87.28       0
    2995     8.7      41    0.01    0.05   52.14   32.95       0
    2996     6.1      42    0.04   -0.05    0.28    4.48       0
    2997     4.5      43   -0.02   -0.06    0.00    0.00       0
    2998     3.1      46    0.03    0.04    0.00    0.00       0
    2999     1.9      53   -0.04   -0.03    0.00    0.00       0
    3000     1.2      67   -0.01    0.04    0.00    0.00       0
    3001     0.3      73   -0.05    0.00    0.00    0.00       0
    3002     0.0      78   -0.03    0.04    0.00    0.00       0
    3003    -0.1      70    0.06    0.04    0.00    0.00       0
    3004    -0.2      71    0.01   -0.07    0.00    2.75       0
    3005     0.7      75    0.07    0.05    5.15   27.96       0
    3006     3.1      69   -0.04    0.05   68.09   53.78       0
    3007     5.2      62    0.06    0.04  614.79   98.40       0
    3008     7.2      53    0.03   -0.06  722.23  108.10       0
    3009     8.9      45   -0.03    0.06  795.31  114.53       0
    3010    10.3      39    0.03    0.06  828.22  123.47       0
    3011    11.6      37    0.05   -0.02  848.82  129.57       0
    3012    12.9      33    0.02   -0.05  855.63  132.29       0
    3013    13.5      32   -0.04   -0.02  850.56  130.56       0
    3014    13.9      31    0.04    0.01  828.06  125.88       0
    3015    14.0      31    0.00   -0.03  779.93  121.72       0
    3016    14.0      31   -0.02    0.04  682.93  122.26       0
    3017    13.9      32    0.00   -0.04  506.37  124.97       0
    3018    14.8      35   -0.02    0.04  200.66   92.63       0
    3019    11.4      41   -0.04    0.04   51.51   35.59       0
    3020     6.9      45    0.07   -0.02    0.50    5.38       0
    3021     5.9      52   -0.01    0.07    0.00    0.00       0
    3022     4.5      54    0.05   -0.03    0.00    0.00       0
    3023     2.5      60    0.04    0.02    0.00    0.00       0
    3024     0.7      64    0.00   -0.04    0.00    0.00       0
    3025    -0.4      65   -0.03    0.03    0.00    0.00       0
    3026    -0.9      69    0.00    0.04    0.00    0.00       0
    3027    -1.7      75    0.00   -0.05    0.00    0.00       0
    3028    -2.1      75   -0.01    0.04    0.00    2.60       0
    3029    -0.6      65   -0.02   -0.05    3.83   24.83       0
    3030     4.2      49   -0.01   -0.05   63.48   50.33       0
    3031     8.6      43    0.04    0.02  592.33  103.08       0
    3032    10.6      34   -0.03    0.04  722.40  108.76       0
    3033    12.5      33   -0.04    0.04  791.74  115.90       0
    3034    12.8      29   -0.04   -0.01  832.09  123.19       0
    3035    14.7      25    0.02   -0.04  847.77  130.21       0
    3036    15.7      24    0.04    0.02  856.84  132.59       0
    3037    15.9      24    0.00    0.04  847.28  131.44       0
    3038    16.5      22    0.00   -0.03  820.71  127.87       0
    3039    16.8      23   -0.03    0.00  766.35  125.59       0
    3040    16.9      22    0.02    0.00  689.48  121.46       0
    3041    17.4      24    0.02   -0.01  478.22  130.69       0
    3042    17.5      31    0.04   -0.01  231.13  103.32       0
    3043    13.1      43   -0.01   -0.02    6.22   37.31       0
    3044    10.2      44    0.01   -0.01    0.78    6.98       0
    3045     7.6      56    0.00    0.00    0.00    0.00       0
    3046     4.8      56    0.02   -0.01    0.00    0.00       0
    3047     4.0      65    0.02   -0.02    0.00    0.00       0
    3048     2.5      65   -0.01   -0.03    0.00    0.00       0
    3049     1.3      64    0.04   -0.03    0.00    0.00       0
    3050     0.4      62    0.04   -0.02    0.00    0.00       0
    3051    -0.2      61    0.03    0.04    0.00    0.00       0
    3052    -0.7      55    0.02    0.03    0.00    2.98       0
    3053     0.5      49   -0.02    0.03    3.77   24.90       0
    3054     6.3      45   -0.03    0.03   62.51   50.25       0
    3055    11.0      37    0.01    0.04  576.11  107.01       0
    3056    13.7      35   -0.02    0.03  703.18  113.69       0
    3057    16.0      36    0.04    0.01  772.51  120.80       0
    3058    17.0      34    0.00   -0.05  809.81  128.27       0
    3059    17.1      32    0.03   -0.03  825.95  134.69       0
    3060    17.4      35    0.00   -0.04  840.36  135.58      13
    3061    18.1      38    0.03   -0.03  836.53  133.82      13
    3062    18.4      32   -0.01   -0.03  796.37  133.94      13
    3063    18.1      31   -0.05    0.00  761.05  127.32       0
    3064    18.6      32    0.04    0.01  665.28  127.99       0
    3065    18.5      35    0.01    0.02  438.24  136.29       0
    3066    18.3      39    0.01   -0.02  227.73   91.68       0
    3067    15.1      50   -0.01   -0.01    0.00    0.00       0
    3068    11.3      61   -0.01    0.01    0.00    6.00       0
    3069     8.0      67    0.02   -0.04    0.00    0.00       0
    3070     6.1      70   -0.05    0.00    0.00    0.00       0
    3071     5.8      68    0.04   -0.04    0.00    0.00       0
    3072     4.6      68    0.00   -0.07    0.00    0.00       0
    3073     4.9      69   -0.06    0.05    0.00    0.00       0
    3074     5.7      69    0.01    0.08    0.00    0.00       0
    3075     5.3      70   -0.02   -0.08    0.00    0.00       0
    3076     5.5      69    0.03    0.07    0.00    6.12       0
    3077     7.2      65   -0.04   -0.07    0.00    0.86       0
    3078    10.0      60    0.04    0.06   69.87   61.16       0
    3079    12.5      50   -0.07   -0.07  341.11  149.02       0
    3080    14.7      46    0.02   -0.09  505.92  161.56       0
    3081    16.0      37   -0.05   -0.09  368.15  234.19       0
    3082    17.8      34   -0.06   -0.11  781.63  140.31       0
    3083    19.1      29   -0.08    0.04  833.94  136.24       0
    3084    20.0      29    0.05   -0.10  828.93  139.31      13
    3085    20.8      28    0.02   -0.09  828.06  136.50       0
    3086    21.1      28    0.10    0.05  736.03  152.21       0
    3087    20.9      26   -0.04   -0.07  773.32  125.49       0
    3088    19.9      22   -0.09    0.02  649.94  132.18       0
    3089    18.6      24    0.03    0.08  438.77  138.21       0
    3090    16.9      31   -0.03    0.08   74.62  106.54       0
    3091    14.0      35    0.03    0.08  106.69   41.52       0
    3092    12.0      42    0.07   -0.04    1.16    5.82       0
    3093    10.8      45   -0.08    0.03    0.00    0.00       0
    3094     9.9      49   -0.02    0.09    0.00    0.00       0
    3095     9.0      53   -0.09   -0.03    0.00    0.00       0
    3096     7.2      55    0.08    0.02    0.00    0.00       0
    3097     6.9      60    0.04    0.05    0.00    0.00       0
    3098     6.1      64    0.01    0.08    0.00    0.00       0
    3099     6.5      66   -0.04    0.05    0.00    0.00       0
    3100     6.9      67   -0.07    0.00    0.00    4.87       0
    3101     8.5      62   -0.09    0.04    3.98   24.90       0
    3102    11.4      53   -0.02   -0.08   22.02   65.20       0
    3103    14.8      45   -0.09   -0.03  439.54  127.64       0
    3104    16.6      36   -0.08   -0.10  661.82  125.06       0
    3105    18.0      30   -0.10    0.04  715.09  136.72       0
    3106    19.3      30    0.06   -0.08  797.00  132.31       0
    3107    20.2      30    0.09    0.01  823.54  136.09       0
    3108    20.8      25    0.02    0.09  833.39  137.68      13
    3109    21.2      22    0.01    0.10  835.55  134.73       0
    3110    21.4      22    0.09   -0.05  813.62  130.65       0
    3111    20.8      22   -0.09   -0.02  767.67  126.63       0
    3112    20.2      24    0.07    0.04  677.13  126.37       0
    3113    19.5      27    0.03   -0.06  505.96  129.07       0
    3114    19.9      33   -0.03    0.04  197.49  107.87       0
    3115    16.6      40    0.03    0.03   31.65   39.46       0
    3116    13.6      46    0.00   -0.05    1.31    7.82       0
    3117    11.7      48   -0.07   -0.01    0.00    0.00       0
    3118    11.0      49   -0.03    0.06    0.00    0.00       0
    3119    10.2      49   -0.07    0.03    0.00    0.00       0
    3120     9.6      50   -0.05   -0.02    0.00    0.00       0
    3121     8.8      53    0.05   -0.03    0.00    0.00       0
    3122     7.9      56    0.00   -0.07    0.00    0.00       0
    3123     7.4      58    0.07   -0.02    0.00    0.00       0
    3124     7.6      57   -0.06    0.02    0.19    4.83       0
    3125     8.7      55   -0.05   -0.04    5.46   32.17      25
    3126    13.3      50   -0.07   -0.01   50.46   65.65       0
    3127    15.8      46    0.00   -0.07  488.54  125.69       0
    3128    18.7      41   -0.09    0.01  633.67  132.13       0
    3129    21.0      37   -0.02   -0.08  713.86  137.59       0
    3130    22.4      34   -0.04    0.06  759.74  142.66      38
    3131    23.2      35   -0.08    0.01  806.19  140.89      38
    3132    23.8      32    0.02   -0.07  755.26  169.97      38
    3133    23.1      29    0.05   -0.05  322.73  258.28      63
    3134    24.4      32    0.04    0.07  598.81  179.73      38
    3135    24.1      31    0.06   -0.01  640.44  154.94     100
    3136    23.5      32    0.03   -0.05  546.77  148.71       0
    3137    23.1      30   -0.03   -0.01  470.55  131.35       0
    3138    21.1      35   -0.03    0.00   91.07   95.32       0
    3139    17.9      43    0.02    0.02    3.96   34.46       0
    3140    13.1      45    0.03   -0.02    0.87    5.88       0
    3141    10.9      51   -0.04   -0.01    0.00    0.00       0
    3142    10.0      51   -0.01   -0.03    0.00    0.00       0
    3143     9.7      54    0.03    0.03    0.00    0.00       0
    3144     7.3      55   -0.05   -0.02    0.00    0.00       0
    3145     6.1      56   -0.01    0.06    0.00    0.00       0
    3146     5.5      56   -0.06    0.01    0.00    0.00       0
    3147     4.9      55   -0.03   -0.04    0.00    0.00       0
    3148     4.7      52    0.03   -0.02    0.38    4.89       0
    3149     6.3      49   -0.03   -0.03    4.16   28.82       0
    3150    12.2      40    0.04   -0.02   55.42   59.96       0
    3151    16.3      35    0.03    0.00  505.03  123.90       0
    3152    19.0      30    0.00    0.05  660.90  126.22       0
    3153    21.1      28   -0.02   -0.05  760.08  125.91       0
    3154    21.4      29   -0.04   -0.03  782.74  136.82       0
    3155    22.2      27    0.03    0.02  796.67  143.54       0
    3156    22.9      24    0.01   -0.02  813.01  143.14       0
    3157    22.8      25    0.01    0.02  806.71  142.12       0
    3158    23.5      22    0.03    0.01  778.22  140.42       0
    3159    23.0      21    0.01    0.02  713.44  142.28       0
    3160    23.3      21    0.01   -0.02  618.99  142.50       0
    3161    22.0      24    0.04   -0.04  461.09  139.64       0
    3162    21.5      35   -0.01    0.03  176.73  113.35       0
    3163    18.6      39    0.04   -0.02   13.44   42.18       0
    3164    14.8      44    0.04    0.00    2.06   10.22       0
    3165    12.0      46    0.03   -0.01    0.00    0.00       0
    3166    10.2      51   -0.02    0.03    0.00    0.00       0
    3167     9.1      57   -0.03    0.03    0.00    0.00       0
    3168     7.7      62    0.02   -0.04    0.00    0.00       0
    3169     6.5      54   -0.03   -0.01    0.00    0.00       0
    3170     5.7      53    0.00    0.04    0.00    0.00       0
    3171     5.0      53   -0.01   -0.03    0.00    0.00       0
    3172     4.8      54   -0.01    0.03    0.59    5.85       0
    3173     6.1      47    0.01    0.04    4.18   29.64       0
    3174    12.2      41    0.02   -0.02   50.96   62.01       0
    3175    16.2      39    0.03    0.01  479.31  129.34       0
    3176    18.8      34    0.01   -0.04  631.50  134.08       0
    3177    19.5      33   -0.01   -0.05  710.89  139.50       0
    3178    22.3      29   -0.03   -0.01  756.84  144.37       0
    3179    23.1      28   -0.02   -0.02  802.50  142.75      38
    3180    23.3      23   -0.04   -0.01  841.52  143.49      75
    3181    24.1      25    0.02    0.00  750.60  175.57     100
    3182    23.4      32    0.03    0.00  485.22  201.03     100
    3183    20.9      32   -0.01    0.03   45.07  199.96     100
    3184    21.1      39   -0.02    0.00   29.29  175.34     100
    3185    21.2      35   -0.02    0.01  418.34  142.07     100
    3186    18.9      37    0.02    0.01   56.28   75.25     100
    3187    17.2      42    0.00    0.00    5.82   42.92     100
    3188    14.2      58    0.00    0.00    1.54    8.64     100
    3189    11.4      62    0.00    0.00    0.00    0.00      38
    3190     9.8      56   -0.02   -0.01    0.00    0.00      50
    3191     8.8      56    0.00   -0.04    0.00    0.00      63
    3192     7.4      49    0.00    0.03    0.00    0.00     100
    3193     6.8      56    0.05    0.00    0.00    0.00      50
    3194     6.1      49    0.04    0.00    0.00    0.00      50
    3195     5.3      52    0.02    0.03    0.00    0.00      88
    3196     5.6      50   -0.03    0.02    0.00    5.07      75
    3197     7.8      48   -0.02    0.04   26.34   24.80     100
    3198    11.2      43   -0.07   -0.01   13.88   78.45     100
    3199    15.2      36    0.08   -0.02   38.42  143.77     100
    3200    18.4      33   -0.01   -0.06  373.43  178.43     100
    3201    21.6      31   -0.09    0.01  413.81  199.20     100
    3202    20.9      30    0.04   -0.03  252.48  239.58      25
    3203    21.3      30    0.03   -0.03  260.80  248.60     100
    3204    19.5      46    0.00   -0.02   29.09  258.60     100
    3205    17.4      48    0.01    0.04  230.55  197.69     100
    3206    14.9      79   -0.01   -0.01   14.47  166.47     100
    3207    16.0      73    0.01   -0.01    5.65  164.32     100
    3208    18.0      66   -0.01    0.00  261.65  204.52     100
    3209    16.4      69   -0.01   -0.01   80.12  148.58     100
    3210    17.8      65   -0.01    0.00  255.35   76.00      75
    3211    14.2      69    0.01   -0.02   71.65   12.16      63
    3212    10.7      69   -0.02    0.03    0.00    5.63       0
    3213     9.1      68   -0.02    0.04    0.00    0.00       0
    3214     8.1      62   -0.03    0.05    0.00    0.00     100
    3215     7.1      60   -0.01    0.04    0.00    0.00      13
    3216     6.8      65    0.05    0.00    0.00    0.00       0
    3217     6.6      65   -0.03    0.05    0.00    0.00       0
    3218     6.1      67    0.05   -0.01    0.00    0.00      25
    3219     5.5      66   -0.03   -0.04    0.00    0.00       0
    3220     5.4      67   -0.04    0.01    0.96    5.73       0
    3221     6.8      62    0.01   -0.04    4.79   33.89      38
    3222    11.9      59    0.06    0.00   97.77   79.38     100
    3223    14.5      58    0.01   -0.03  236.88  133.19     100
    3224    14.8      58   -0.01    0.01    5.30  135.18     100
    3225    15.4      61    0.00    0.00    4.64  159.73     100
    3226    17.9      53   -0.03   -0.01   11.60  222.84     100
    3227    20.7      38   -0.01    0.03  690.60  185.90     100
    3228    22.5      44    0.06   -0.01  777.64  157.03     100
    3229    21.1      63   -0.01    0.02  412.74  237.19     100
    3230    13.9      92   -0.01    0.00    4.01   79.61     100
    3231    14.2      89    0.04   -0.07    6.00  144.89     100
    3232    14.3      94   -0.02    0.04    3.23  112.86     100
    3233    11.5      83    0.02    0.00    0.64   37.36     100
    3234    11.4      87    0.01   -0.01    3.50   60.02     100
    3235    11.2      90    0.04   -0.01   24.44   16.58     100
    3236    10.1      90    0.02    0.00    1.77    7.76     100
    3237     9.4      95    0.01    0.02    0.00    0.00     100
    3238     9.0      97   -0.01    0.00    0.00    0.00     100
    3239     8.7      97    0.01    0.00    0.00    0.00     100
    3240     8.2      99    0.00    0.01    0.00    0.00      13
    3241     7.0      95    0.00    0.01    0.00    0.00     100
    3242     6.0      94    0.00    0.00    0.00    0.00     100
    3243     6.0      97    0.00    0.00    0.00    0.00     100
    3244     6.1      96    0.00    0.00    0.47    3.90     100
    3245     7.3      98    0.01    0.02    1.67   20.92     100
    3246     9.2      90    0.00    0.00    5.68   72.98     100
    3247    12.2      94    0.02    0.00   27.86  151.71     100
    3248    13.9      93    0.01    0.02   62.54  212.49     100
    3249    16.7      83    0.01    0.01  196.67  221.83     100
    3250    17.4      67   -0.02    0.02  115.31  306.24     100
    3251    18.1      79   -0.01    0.01   42.14  313.29     100
    3252    16.9      84   -0.02    0.00   74.18  219.57     100
    3253    14.6      94    0.00    0.00    1.53  104.03     100
    3254    12.7      95    0.01   -0.03    0.95   82.85     100
    3255    13.7      91   -0.03   -0.02    3.68  115.81     100
    3256    14.5      88    0.04    0.02   32.76  214.83     100
    3257    12.8      88   -0.02   -0.02    3.42   89.55     100
    3258    11.2      91    0.03    0.02    3.25   60.57     100
    3259    10.6      97   -0.02   -0.03    2.03   26.20     100
    3260    10.4      97   -0.04    0.01    0.78    4.66     100
    3261    10.2      96    0.04    0.00    0.00    0.00     100
    3262     9.9      96   -0.05    0.00    0.00    0.00     100
    3263     9.4      95   -0.02   -0.04    0.00    0.00     100
    3264     9.0      97    0.04   -0.01    0.00    0.00     100
    3265     8.1      97    0.07    0.03    0.00    0.00     100
    3266     7.8      87    0.04    0.05    0.00    0.00     100
    3267     6.6      82    0.04    0.03    0.00    0.00     100
    3268     5.9      83   -0.07    0.05    0.00    3.93     100
    3269     6.3      86    0.05    0.06   28.04   34.39     100
    3270     5.0      95    0.05    0.07    2.02   40.32     100
    3271     3.4      99    0.07    0.03    9.41  122.47     100
    3272     3.2      99    0.09    0.01   32.52  189.06     100
    3273     3.4      98    0.02   -0.06   21.35  215.60     100
    3274     4.7      98    0.03   -0.02    9.56  222.58     100
    3275     7.3      93    0.07   -0.01  133.97  270.08     100
    3276     9.7      81    0.07    0.06  133.71  347.58     100
    3277    10.9      57   -0.02   -0.11  196.82  306.09     100
    3278    11.6      49   -0.09    0.06  270.18  275.01     100
    3279    12.4      50   -0.06   -0.05  592.05  179.15     100
    3280    12.0      45   -0.03   -0.06  698.66  126.36      25
    3281    12.5      42   -0.04    0.05  466.97  143.44       0
    3282    13.2      42    0.02   -0.03  290.18  117.19       0
    3283    11.0      50   -0.01    0.02    4.64   42.46       0
    3284     7.8      57   -0.02    0.01    2.33   12.65       0
    3285     6.1      70    0.03    0.01    0.00    0.00       0
    3286     5.2      77   -0.01   -0.02    0.00    0.00       0
    3287     3.8      83    0.02   -0.02    0.00    0.00       0
    3288     3.0      92    0.03   -0.03    0.00    0.00       0
    3289     2.7      95   -0.01    0.03    0.00    0.00     100
    3290     4.0      95   -0.02    0.02    0.00    0.00     100
    3291     4.3      96   -0.01    0.00    0.00    0.00     100
    3292     3.5      97    0.00    0.00    0.66    5.13     113
    3293     4.5      94    0.01    0.00   69.24    9.61     100
    3294     6.5      91    0.00   -0.01  188.56   71.00     100
    3295     9.4      80   -0.01    0.00   73.70  153.44     100
    3296    12.0      71    0.00   -0.02  703.19  125.48      13
    3297    13.1      56    0.03    0.02  775.43  126.60       0
    3298    14.0      59   -0.01    0.00  782.13  139.27      63
    3299    15.0      51    0.02   -0.03  596.39  184.31      63
    3300    15.5      47   -0.03    0.01  630.98  207.65      25
    3301    17.6      44    0.01    0.03  510.70  207.00      50
    3302    16.2      47    0.02   -0.04  662.52  164.33      38
    3303    16.0      52   -0.03   -0.03  589.16  177.87      63
    3304    16.5      47   -0.03   -0.02  362.68  186.96      38
    3305    16.3      49    0.03    0.02  433.64  139.44      25
    3306    17.1      52    0.02   -0.04  724.79   52.37      13
    3307    13.8      52    0.04    0.01   71.90   43.73       0
    3308    10.3      60   -0.03   -0.02    2.79   14.20       0
    3309     7.9      70    0.02    0.03    0.00    0.00       0
    3310     6.0      71   -0.01    0.01    0.00    0.00       0
    3311     4.5      74    0.01    0.01    0.00    0.00       0
    3312     3.1      87    0.00    0.00    0.00    0.00       0
    3313     2.3      91    0.00    0.00    0.00    0.00       0
    3314     1.5      97    0.00    0.00    0.00    0.00       0
    3315     0.9      94    0.00    0.00    0.00    0.00       0
    3316     1.0      90    0.00    0.00    1.97   10.26       0
    3317     2.9      84   -0.01    0.01    4.96   38.09       0
    3318     9.3      61    0.03   -0.01  132.33   64.11       0
    3319    13.5      51   -0.01    0.01  538.91  124.55       0
    3320    14.3      53    0.03    0.01  658.02  131.27       0
    3321    15.7      43   -0.01   -0.02  735.77  135.33       0
    3322    16.4      41    0.03    0.01  746.19  150.67       0
    3323    16.7      33   -0.01    0.03  794.21  148.05      13
    3324    18.5      35   -0.01   -0.02  769.16  159.42       0
    3325    18.6      32    0.02   -0.02  713.81  175.61       0
    3326    18.9      31    0.00    0.02  672.65  178.98       0
    3327    20.2      31   -0.01    0.03  683.00  154.74       0
    3328    19.5      30   -0.01    0.00  495.46  178.89       0
    3329    20.1      31   -0.02    0.01  313.80  173.41       0
    3330    19.9      29   -0.01    0.04  544.74   80.03      38
    3331    16.4      50   -0.05    0.01    0.00    0.00      50
    3332    13.1      64    0.02    0.02    0.00    4.37       0
    3333    11.7      75    0.00   -0.01    0.00    0.00       0
    3334    10.7      83    0.01    0.01    0.00    0.00       0
    3335    10.0      87    0.01    0.02    0.00    0.00       0
    3336     9.7      89    0.01   -0.02    0.00    0.00       0
    3337     9.3      88    0.01    0.01    0.00    0.00       0
    3338     9.1      88   -0.01   -0.01    0.00    0.00       0
    3339     8.0      88    0.00    0.00    0.00    0.00       0
    3340     7.5      87    0.00    0.01    1.72    8.46       0
    3341     9.1      76    0.02    0.00    3.81   34.00       0
    3342    13.8      62   -0.01   -0.02   56.57   67.69       0
    3343    15.4      55   -0.03    0.00  484.89  134.59       0
    3344    18.7      46    0.01    0.03  638.03  136.70       0
    3345    20.1      43    0.03   -0.02  716.76  141.04       0
    3346    21.6      39    0.04   -0.02  791.04  137.71       0
    3347    21.1      34    0.03    0.00  593.42  195.11      13
    3348    21.5      37    0.03    0.01  562.30  202.17       0
    3349    21.5      30   -0.01    0.02  799.22  146.69      63
    3350    21.6      31   -0.03   -0.01  769.76  145.74      38
    3351    21.6      26   -0.02    0.01  707.96  147.53       0
    3352    22.1      25    0.03    0.00  614.82  148.48       0
    3353    22.8      27    0.00   -0.03  442.15  151.00       0
    3354    22.7      23   -0.01    0.02  230.45  116.74       0
    3355    18.7      27    0.00    0.00  139.75   49.21       0
    3356    14.7      63   -0.01    0.01    3.97   16.99       0
    3357    11.4      57   -0.04   -0.05    0.00    0.00       0
    3358     9.5      53    0.06    0.03    0.00    0.00       0
    3359     8.2      58    0.04   -0.04    0.00    0.00       0
    3360     7.9      61   -0.06   -0.02    0.00    0.00      75
    3361     7.5      64   -0.05    0.04    0.00    0.00      25
    3362     6.5      67    0.05    0.03    0.00    0.00       0
    3363     5.7      71   -0.01    0.05    0.00    0.00       0
    3364     5.8      67    0.02    0.03    1.86   10.39       0
    3365     7.7      60   -0.03    0.00    3.76   34.68       0
    3366    12.8      50   -0.01    0.02   66.37   73.77       0
    3367    17.0      48    0.02    0.02  485.26  135.61       0
    3368    19.0      44   -0.02   -0.02  599.22  147.64      88
    3369    19.7      47   -0.02    0.01  520.91  192.59     100
    3370    21.6      44    0.03   -0.01  734.47  155.61      88
    3371    22.9      47    0.03   -0.03  766.51  165.40      25
    3372    23.0      44   -0.02   -0.01  756.98  162.28      38
    3373    23.8      43   -0.02    0.01  738.21  165.71      75
    3374    24.7      40    0.00    0.02  493.33  200.99      38
    3375    26.4      44    0.02    0.00  705.48  145.60      75
    3376    25.2      43   -0.01    0.02  689.69  129.96      25
    3377    24.3      45   -0.01   -0.01  339.11  150.73       0
    3378    24.9      49   -0.02    0.01  406.61   85.30      13
    3379    23.8      55    0.03   -0.02  295.03   27.72     100
    3380    19.0      64    0.00    0.00    0.00    5.27      50
    3381    16.1      79   -0.01    0.03    0.00    0.00       0
    3382    14.3      77    0.03    0.01    0.00    0.00     100
    3383    13.4      76   -0.02    0.03    0.00    0.00     100
    3384    12.1      73   -0.01   -0.04    0.00    0.00     100
    3385    12.0      72    0.00   -0.05    0.00    0.00     100
    3386    11.8      74   -0.01    0.05    0.00    0.00     100
    3387    11.6      75    0.01   -0.03    0.00    0.00     100
    3388    11.6      75   -0.01   -0.05    0.30    5.69     100
    3389    12.7      70   -0.01   -0.05   26.17   28.45     100
    3390    15.5      73   -0.05    0.02  396.21   96.74      50
    3391    18.9      57    0.00    0.04  469.85  126.95      50
    3392    19.2      52   -0.04    0.02  372.31  189.83     100
    3393    21.1      46   -0.03    0.02  358.30  237.66      63
    3394    23.4      39    0.03    0.01  667.57  177.64      13
    3395    23.9      38   -0.03   -0.01  630.66  204.27      38
    3396    25.0      35    0.03    0.05  766.50  161.11      13
    3397    25.4      30   -0.03    0.01  629.64  188.04      13
    3398    26.1      34    0.02   -0.01  632.96  187.33      13
    3399    25.9      29    0.01    0.04  582.06  187.44      13
    3400    26.4      31    0.01   -0.02  570.69  162.41     100
    3401    25.6      35   -0.01    0.00  394.43  135.61     100
    3402    23.7      38   -0.02   -0.01   11.89  102.53     100
    3403    21.8      54    0.02    0.01  245.16   22.92     100
    3404    18.7      61   -0.01    0.01    0.21    3.65      13
    3405    16.2      73    0.00    0.02    0.00    0.00      13
    3406    13.8      80   -0.03    0.00    0.00    0.00       0
    3407    12.2      62    0.04    0.01    0.00    0.00      25
    3408    11.2      57   -0.01   -0.02    0.00    0.00     100
    3409    10.3      66    0.00   -0.04    0.00    0.00     100
    3410     9.8      61    0.03   -0.01    0.00    0.00     100
    3411     9.8      63   -0.03    0.00    0.00    0.00     100
    3412     9.5      60   -0.03   -0.01    1.53    8.55     100
    3413    10.9      58   -0.04   -0.01  116.81   38.85     100
    3414    13.7      50    0.05    0.01  470.51   96.22     100
    3415    15.5      48   -0.05    0.00   45.41  159.04     100
    3416    16.0      52   -0.02   -0.02    6.35  154.96     100
    3417    17.9      51    0.04    0.02   13.51  212.39     100
    3418    20.1      44    0.02    0.04  197.50  315.92     100
    3419    20.6      44   -0.03    0.04   39.18  318.07     100
    3420    19.0      44   -0.02    0.02   17.27  255.49     100
    3421    13.9      76   -0.01    0.02    2.06  134.38     100
    3422    12.3      93   -0.02    0.00    0.81   78.59     100
    3423    11.9      95    0.00    0.01    1.33   91.31     100
    3424    12.1      97    0.00    0.00    0.81   55.69     100
    3425    12.3      98    0.00    0.01    1.12   53.93     100
    3426    13.2      98    0.00   -0.02  143.49   66.05     100
    3427    13.7      99    0.00    0.00    0.00    0.00     100
    3428    12.1      99   -0.01    0.00    0.95    7.96     113
    3429    10.8      99    0.00    0.00    0.00    0.00     113
    3430    10.0      99    0.00   -0.01    0.00    0.00      13
    3431     9.7      99   -0.01    0.00    0.00    0.00      38
    3432     9.7      99   -0.01    0.00    0.00    0.00      75
    3433    10.3      99    0.00    0.00    0.00    0.00     100
    3434     9.7      95    0.00    0.00    0.00    0.00      13
    3435     8.7      99    0.01    0.01    0.00    0.00       0
    3436     8.3      97    0.00    0.00    2.78   13.20       0
    3437     9.2      96   -0.02    0.00    5.33   43.51       0
    3438    13.5      74    0.00    0.02  132.05   73.25       0
    3439    16.4      60   -0.02   -0.01  509.38  134.18       0
    3440    19.7      60   -0.02    0.01  568.57  156.74       0
    3441    21.1      53    0.02    0.00  659.78  159.33       0
    3442    22.4      46    0.03    0.02  711.23  162.43       0
    3443    23.2      45   -0.01    0.03  741.71  163.89      13
    3444    23.8      49   -0.01    0.02  779.09  156.62      75
    3445    23.7      51    0.01   -0.02  629.04  185.62      75
    3446    23.7      48   -0.02    0.03  698.03  162.33      63
    3447    22.5      51    0.00    0.05  555.88  165.88      75
    3448    21.6      47    0.01   -0.05  583.39  159.49      38
    3449    20.2      53    0.01   -0.04  422.28  158.35       0
    3450    18.4      63    0.03   -0.04   43.15   96.33       0
    3451    16.6      76    0.03    0.01    4.56   42.42       0
    3452    14.5      83    0.01    0.01    1.36   11.12       0
    3453    13.1      89    0.00   -0.02    0.00    0.70      25
    3454    11.6      86    0.04    0.00    0.00    0.00      38
    3455    10.7      84    0.04    0.01    0.00    0.00     100
    3456    10.3      91   -0.02   -0.03    0.00    0.00     100
    3457    10.4      96    0.05    0.03    0.00    0.00     100
    3458    10.6      97    0.01   -0.03    0.00    0.00     100
    3459    10.7      96    0.00   -0.05    0.00    0.00     100
    3460    10.8      94    0.07    0.02    1.99    9.46     100
    3461    10.7      75    0.01   -0.08   27.24   25.35     100
    3462    11.2      65    0.06    0.04  160.50   80.10       0
    3463    11.8      57   -0.04   -0.05  419.81  151.64      13
    3464    12.9      48   -0.07   -0.03  521.36  170.00       0
    3465    13.9      45    0.01   -0.05  595.58  179.75      13
    3466    14.8      43    0.04   -0.06  609.07  197.84      13
    3467    15.6      38    0.05   -0.02  647.26  197.95      25
    3468    16.4      39    0.05    0.05  684.03  189.20      13
    3469    17.0      34   -0.07    0.02  711.47  176.08      13
    3470    16.8      39   -0.01   -0.06  717.89  163.48       0
    3471    16.1      38    0.05   -0.05  671.78  160.58       0
    3472    15.8      37   -0.04   -0.05  548.75  169.28       0
    3473    15.4      40   -0.06    0.02  373.31  169.54       0
    3474    15.0      39    0.03   -0.01  317.89  109.43       0
    3475    13.2      54    0.01   -0.04    0.74    2.96       0
    3476    10.9      70   -0.01    0.03    4.84   16.06       0
    3477     9.4      79    0.02   -0.03    0.00    0.00       0
    3478     8.1      83   -0.03    0.03    0.00    0.00       0
    3479     7.3      83   -0.01    0.04    0.00    0.00       0
    3480     5.8      81   -0.05   -0.01    0.00    0.00       0
    3481     4.7      79   -0.05   -0.02    0.00    0.00       0
    3482     3.7      79    0.03   -0.04    0.00    0.00       0
    3483     3.3      77    0.05    0.01    0.00    0.00       0
    3484     4.6      80   -0.05    0.02    4.28   14.76       0
    3485     7.4      79   -0.07    0.03    2.82   10.17       0
    3486    10.1      68   -0.07   -0.03  157.43   86.68       0
    3487    11.2      60   -0.01   -0.06  312.06  171.51       0
    3488    12.6      54   -0.06   -0.01  454.75  186.96      25
    3489    13.6      48    0.05   -0.02  513.58  194.33      88
    3490    14.5      43    0.06   -0.01  682.53  170.37      38
    3491    15.5      41   -0.04   -0.05  557.23  214.07      75
    3492    15.9      37    0.04    0.03  657.99  199.14     100
    3493    16.3      38   -0.04   -0.05  728.05  172.13      50
    3494    16.1      38    0.04    0.05  630.34  176.30     100
    3495    16.3      37   -0.05    0.04  611.58  167.45      38
    3496    15.9      40    0.03    0.05  558.30  166.24      25
    3497    15.7      41    0.06    0.02  386.14  167.49      75
    3498    15.5      47    0.03    0.03  243.13  117.39       0
    3499    13.9      57    0.01   -0.03   48.09   25.35       0
    3500    11.2      64    0.01   -0.02    1.05    8.60       0
    3501     8.5      73    0.02    0.01    0.00    0.00       0
    3502     6.4      75    0.02   -0.01    0.00    0.00       0
    3503     5.1      85    0.01    0.00    0.00    0.00       0
    3504     4.1      91    0.01    0.01    0.00    0.00       0
    3505     3.4      95    0.01   -0.01    0.00    0.00       0
    3506     2.8      96   -0.01    0.01    0.00    0.00       0
    3507     2.3      97   -0.02   -0.02    0.00    0.00       0
    3508     4.4      99   -0.01   -0.03    2.00   10.70     113
    3509     7.0      99    0.01    0.02   50.05   43.97     113
    3510     8.8      99    0.01    0.03  158.84   90.69     113
    3511    10.9      84    0.02    0.02   16.58  151.84      50
    3512    14.9      68    0.00   -0.03  379.21  175.50       0
    3513    17.5      57   -0.02    0.03  668.39  159.25      25
    3514    17.7      52    0.03    0.02  669.85  177.12     100
    3515    17.5      47    0.02    0.03  558.01  222.96      13
    3516    17.7      42    0.04    0.01  750.83  166.09      13
    3517    18.0      42   -0.01    0.06  738.70  167.34      13
    3518    17.8      46    0.03   -0.04  695.71  171.60      13
    3519    17.3      39    0.00   -0.05  678.17  159.35       0
    3520    17.3      40    0.02   -0.04  607.60  154.23       0
    3521    16.5      43   -0.02    0.01  459.58  153.36       0
    3522    16.5      50    0.02    0.01  304.66  127.11       0
    3523    14.6      65   -0.01   -0.02  319.56   53.95       0
    3524    11.4      78    0.00   -0.02    3.67   20.13       0
    3525     9.8      83   -0.01    0.03    0.00    0.00       0
    3526     8.9      84    0.00    0.03    0.00    0.00       0
    3527     8.3      88   -0.03    0.01    0.00    0.00     100
    3528     8.2      90    0.00   -0.03    0.00    0.00     100
    3529     9.1      92   -0.02    0.02    0.00    0.00     100
    3530     9.5      93   -0.02    0.02    0.00    0.00     100
    3531     9.7      92    0.03    0.01    0.00    0.00     100
    3532    10.0      92   -0.03   -0.03    0.33    3.34     100
    3533    11.0      85    0.08    0.01   24.35   19.56     100
    3534    12.2      74    0.08    0.01  259.04   79.72     100
    3535    13.2      69    0.06   -0.02  173.62  151.64     100
    3536    13.3      54    0.06    0.03  413.26  160.41     100
    3537    13.4      57   -0.08    0.03  525.37  192.26     100
    3538    13.1      55   -0.02    0.08  395.72  259.09     100
    3539    13.9      52    0.06   -0.04  461.23  252.56      88
    3540    14.0      49   -0.04    0.04  578.76  229.49      50
    3541    15.5      49    0.07    0.04  774.08  165.46      75
    3542    15.3      48    0.05    0.05  829.40  139.94     100
    3543    15.1      45    0.05   -0.05  635.73  165.75      50
    3544    15.3      48    0.02   -0.07  720.38  125.45      13
    3545    15.2      46    0.03   -0.05  498.22  145.38      25
    3546    13.7      55    0.02    0.03   97.87  121.37       0
    3547    12.0      62    0.00    0.00  225.61   41.32      13
    3548    10.6      71   -0.01    0.01    1.80    8.53      63
    3549     9.4      76    0.01   -0.02    0.00    0.00      38
    3550     8.0      84    0.03    0.00    0.00    0.00       0
    3551     5.9      88   -0.01    0.03    0.00    0.00       0
    3552     4.5      94    0.01    0.02    0.00    0.00       0
    3553     3.4      94   -0.01    0.01    0.00    0.00       0
    3554     2.7      93    0.01    0.02    0.00    0.00       0
    3555     2.4      93   -0.01    0.02    0.00    0.00       0
    3556     2.7      89   -0.01    0.03    2.39   14.59       0
    3557     5.7      81    0.02    0.04    3.01   35.08       0
    3558    11.2      71   -0.02    0.01  153.18   54.52       0
    3559    13.3      61   -0.03    0.02  613.68  115.67       0
    3560    16.0      55   -0.02   -0.03  660.55  134.75       0
    3561    16.2      45    0.02    0.05  734.20  138.92       0
    3562    16.9      40   -0.02    0.05  712.95  163.88      25
    3563    17.6      37   -0.02   -0.04  722.73  178.08      38
    3564    18.2      32   -0.01   -0.04  460.28  274.24      75
    3565    18.3      39    0.04   -0.01  163.64  339.79      88
    3566    17.8      40   -0.06    0.03  150.25  316.36     100
    3567    17.6      32   -0.03   -0.06  275.55  273.64     100
    3568    17.4      35    0.06   -0.04  499.93  184.99      88
    3569    16.4      38    0.01   -0.05  367.81  159.99     100
    3570    14.9      38   -0.04   -0.04  315.32  125.39      13
    3571    12.8      47   -0.03    0.03  208.05   52.15       0
    3572    10.7      60    0.00   -0.03    6.58   25.42       0
    3573     9.3      66    0.00    0.00    0.00    0.00       0
    3574     7.1      74    0.00    0.00    0.00    0.00       0
    3575     5.6      73    0.00    0.00    0.00    0.00       0
    3576     4.3      78    0.00    0.00    0.00    0.00       0
    3577     3.4      69    0.00    0.00    0.00    0.00       0
    3578     2.5      73    0.00   -0.01    0.00    0.00       0
    3579     2.2      77   -0.02    0.00    0.00    0.00       0
    3580     3.3      73    0.03   -0.03    2.10   14.37       0
    3581     8.3      68   -0.03    0.02    2.23   30.40       0
    3582    12.6      62    0.02   -0.03   62.48   64.02       0
    3583    14.9      58   -0.01    0.02  502.41  137.33       0
    3584    17.2      51   -0.01    0.03  657.47  135.78       0
    3585    17.0      46   -0.03   -0.05  733.50  139.20       0
    3586    18.3      44    0.04   -0.01  777.14  143.50       0
    3587    18.6      39    0.01   -0.04  800.82  147.09       0
    3588    19.4      36   -0.05    0.01  806.25  149.53      13
    3589    20.0      36    0.01    0.04  768.88  159.91       0
    3590    20.6      34    0.02   -0.03  756.41  153.16       0
    3591    21.1      29    0.03   -0.03  728.82  145.04       0
    3592    21.3      29   -0.01    0.07  642.61  145.94       0
    3593    21.1      39   -0.05    0.02  454.19  156.26       0
    3594    20.6      41    0.03   -0.02  188.19  134.95       0
    3595    19.1      45   -0.01   -0.01    3.98   48.38       0
    3596    15.1      51   -0.01   -0.01    3.39   21.12       0
    3597    12.6      55    0.00    0.03    0.00    0.34       0
    3598    11.3      55    0.00    0.03    0.00    0.00       0
    3599     9.2      59    0.03   -0.02    0.00    0.00       0
    3600     8.7      68    0.03   -0.01    0.00    0.00       0
    3601     8.5      75    0.03    0.01    0.00    0.00       0
    3602     8.7      78   -0.02   -0.03    0.00    0.00       0
    3603     8.5      83    0.01    0.04    0.00    0.00       0
    3604     9.1      83   -0.04    0.04    1.95   13.92       0
    3605    11.5      84    0.03   -0.04   67.72    9.76       0
    3606    13.7      77    0.03    0.04   23.61   83.41       0
    3607    15.2      71    0.03   -0.03  293.75  174.18      13
    3608    16.4      62    0.02    0.03  428.44  192.99      13
    3609    18.5      53    0.00   -0.04  583.77  185.24       0
    3610    20.4      47    0.05   -0.02  826.86  132.98      13
    3611    20.6      47    0.01    0.07  688.67  193.68       0
    3612    21.3      48   -0.04    0.04  639.44  211.70      25
    3613    21.9      48   -0.01   -0.05  777.96  157.04      50
    3614    22.1      42    0.02    0.05  534.90  219.84       0
    3615    21.9      39    0.01    0.07  466.25  222.15       0
    3616    21.2      38   -0.06   -0.01  594.15  160.54       0
    3617    20.6      43   -0.05   -0.03  464.08  152.86       0
    3618    20.5      43    0.04    0.03  256.95  135.14       0
    3619    19.2      49    0.01    0.04   69.24   49.49       0
    3620    15.1      60    0.00   -0.04    3.70   21.92       0
    3621    12.6      66   -0.03    0.01    0.00    0.33       0
    3622    10.3      69   -0.01    0.02    0.00    0.00       0
    3623     8.6      75    0.02    0.00    0.00    0.00       0
    3624     7.2      71    0.02   -0.01    0.00    0.00       0
    3625     6.3      73    0.01   -0.01    0.00    0.00       0
    3626     5.5      77    0.01    0.01    0.00    0.00       0
    3627     5.1      84   -0.01    0.00    0.00    0.00       0
    3628     5.9      84   -0.02   -0.01    4.34   18.14       0
    3629     9.1      69   -0.01   -0.03    5.10   46.79       0
    3630    12.1      63   -0.01   -0.04   59.09   89.72       0
    3631    13.2      47   -0.05   -0.01  429.22  153.10       0
    3632    13.9      48   -0.01    0.07  557.50  163.13       0
    3633    14.2      42    0.06   -0.04  650.90  164.31      13
    3634    14.9      42   -0.06   -0.02  720.14  161.29      75
    3635    15.8      40    0.03    0.05  697.09  190.50      38
    3636    16.3      40    0.06    0.05  701.31  184.31      13
    3637    16.2      40   -0.05   -0.06  738.61  168.27       0
    3638    14.9      36   -0.03    0.06  712.24  167.20       0
    3639    14.7      36   -0.04    0.03  684.18  159.12       0
    3640    14.8      37    0.07   -0.01  609.39  155.99       0
    3641    14.7      32   -0.02    0.05  455.70  157.69       0
    3642    15.0      35    0.01   -0.02  298.29  128.29       0
    3643    13.5      45    0.02   -0.01  115.91   32.79       0
    3644    10.1      47    0.01    0.00    7.31   28.54       0
    3645     7.3      55    0.00    0.00    0.00    1.07       0
    3646     5.3      55    0.00    0.00    0.00    0.00       0
    3647     3.8      60   -0.01   -0.03    0.00    0.00       0
    3648     3.4      64    0.00    0.03    0.00    0.00       0
    3649     6.2      63    0.00    0.00    0.00    0.00       0
    3650     5.0      72    0.00    0.00    0.00    0.00       0
    3651     4.3      78   -0.04   -0.01    0.00    0.00       0
    3652     4.9      71   -0.03    0.05    2.87   17.33       0
    3653     6.6      67    0.06   -0.01    2.89   35.85       0
    3654     8.9      59   -0.03    0.05   62.30   70.02       0
    3655     9.7      54    0.07    0.03  504.36  138.04       0
    3656    10.9      45    0.06   -0.02  619.11  142.06      50
    3657    11.5      46    0.04    0.05  732.86  141.05      38
    3658    11.8      42    0.01    0.07  659.01  176.72     100
    3659    12.7      41   -0.07    0.00  797.13  153.46      13
    3660    13.0      37    0.06   -0.02  726.60  176.70      13
    3661    13.4      39   -0.01    0.06  821.14  144.06       0
    3662    13.7      38   -0.03   -0.02  787.51  143.98      13
    3663    13.9      36   -0.04   -0.02  746.46  140.58      13
    3664    14.4      37   -0.03    0.02  652.69  144.33      50
    3665    15.4      37   -0.02   -0.03  482.10  152.07      13
    3666    16.8      38    0.00    0.00  205.30  133.78       0
    3667    16.1      47    0.00    0.00   47.65   50.78       0
    3668     9.8      69    0.00    0.00    4.00   23.51       0
    3669     7.0      69    0.00    0.00    0.00    1.67       0
    3670     5.5      66    0.00    0.00    0.00    0.00       0
    3671     4.2      79    0.00   -0.01    0.00    0.00       0
    3672     3.1      79    0.00    0.00    0.00    0.00       0
    3673     2.3      78    0.00    0.00    0.00    0.00      75
    3674     1.6      84    0.00   -0.01    0.00    0.00      75
    3675     1.2      86    0.00    0.00    0.00    0.00      88
    3676     2.3      77   -0.02    0.01    3.35   17.43     100
    3677     5.6      69    0.00    0.03   48.12   21.34     100
    3678     9.8      51   -0.05    0.00  560.88   52.35     100
    3679    13.4      54    0.03   -0.02  516.59  132.00       0
    3680    16.1      45   -0.03   -0.01  732.09  118.46       0
    3681    16.6      43   -0.06   -0.01  705.02  149.13      13
    3682    17.9      39   -0.01   -0.04  645.71  183.48      25
    3683    18.6      39   -0.01   -0.04  685.76  179.41      25
    3684    18.9      36    0.04    0.00  761.03  161.91      75
    3685    20.1      34   -0.01    0.05  763.46  160.24       0
    3686    19.3      28   -0.05    0.02  747.18  156.15       0
    3687    19.4      33    0.02   -0.04  681.35  160.55       0
    3688    19.0      31    0.03    0.00  618.94  154.44       0
    3689    19.1      39   -0.01    0.02  438.44  162.03       0
    3690    18.5      45   -0.03    0.01  215.91  136.95       0
    3691    16.8      49    0.00   -0.01  297.38   46.87      50
    3692    14.3      59    0.01   -0.01    0.00    2.38       0
    3693    11.6      65    0.00    0.02    0.00    2.23       0
    3694     9.5      70    0.01    0.01    0.00    0.00       0
    3695     7.9      71   -0.01    0.00    0.00    0.00       0
    3696     6.7      76    0.00   -0.01    0.00    0.00       0
    3697     5.7      83    0.01    0.01    0.00    0.00       0
    3698     4.8      89    0.00    0.00    0.00    0.00       0
    3699     4.2      92    0.01   -0.01    0.00    0.00       0
    3700     4.7      90    0.00    0.02    2.72   14.81       0
    3701     7.2      85   -0.03   -0.01    5.03   48.34       0
    3702    13.7      76    0.03   -0.01   75.52   86.83       0
    3703    15.4      71    0.02    0.03  631.43  113.10      13
    3704    16.6      60    0.02   -0.02  636.70  142.46       0
    3705    18.9      49   -0.02   -0.02  702.54  149.34       0
    3706    18.5      47   -0.04   -0.02  752.41  151.47       0
    3707    19.5      44   -0.05    0.00  778.55  154.05      13
    3708    19.8      42   -0.02   -0.04  793.34  153.74       0
    3709    20.2      38    0.06    0.03  584.92  196.09       0
    3710    20.6      33    0.02    0.05  744.33  148.85       0
    3711    20.6      35    0.00    0.06  695.81  147.22       0
    3712    20.6      29   -0.05   -0.01  638.59  148.97       0
    3713    21.1      31    0.01   -0.02  466.42  156.73       0
    3714    22.1      37    0.00    0.00  173.60  139.97       0
    3715    21.0      41    0.00    0.00   46.90   50.44       0
    3716    15.1      50    0.00    0.00    3.76   23.10       0
    3717    11.8      63    0.00    0.00    0.00    1.17       0
    3718     9.7      66    0.01    0.00    0.00    0.00       0
    3719     8.3      62    0.00    0.00    0.00    0.00       0
    3720     7.2      65    0.00    0.00    0.00    0.00       0
    3721     6.2      61    0.00    0.00    0.00    0.00       0
    3722     5.3      68    0.00    0.00    0.00    0.00       0
    3723     4.9      70    0.00    0.00    0.00    0.00       0
    3724     5.0      70    0.00    0.00    2.18   14.44       0
    3725     7.3      52   -0.02    0.01    2.84   36.59       0
    3726    14.7      32   -0.01   -0.02   61.58   73.29       0
    3727    17.4      34   -0.02    0.01  490.90  142.03       0
    3728    18.9      41    0.04   -0.01  590.71  155.09      13
    3729    20.2      40   -0.03    0.01  632.67  172.53      25
    3730    21.1      39   -0.03   -0.02  730.08  161.73       0
    3731    22.0      37   -0.02   -0.03  784.05  152.51       0
    3732    22.3      35   -0.01    0.05  800.42  151.96       0
    3733    22.1      36    0.02   -0.06  796.24  150.62      25
    3734    23.1      36    0.02    0.03  772.14  148.87      63
    3735    22.9      34   -0.02   -0.06  739.69  143.21      63
    3736    22.4      38   -0.04   -0.03  622.58  153.72      25
    3737    22.6      38    0.03   -0.02  442.49  162.50       0
    3738    22.8      40    0.00   -0.04  193.72  140.27       0
    3739    21.6      46    0.00    0.02  136.66   53.93       0
    3740    17.0      55   -0.02    0.01    4.33   24.97       0
    3741    13.3      63    0.01    0.01    0.00    2.42       0
    3742    11.4      73   -0.01    0.00    0.00    0.00       0
    3743    10.1      79   -0.01    0.01    0.00    0.00       0
    3744     9.0      80   -0.01    0.01    0.00    0.00       0
    3745     8.2      83    0.02   -0.01    0.00    0.00       0
    3746     7.6      87    0.02    0.00    0.00    0.00       0
    3747     7.2      87   -0.02   -0.02    0.00    0.00       0
    3748     7.7      89    0.02    0.01    3.22   18.98       0
    3749    10.9      86   -0.01   -0.03   79.26   26.13       0
    3750    14.0      78   -0.03    0.00  259.74  105.87       0
    3751    17.8      60   -0.02   -0.04  396.30  146.30       0
    3752    19.9      54   -0.02   -0.03  638.47  142.25       0
    3753    21.0      52    0.04    0.02  720.68  143.93       0
    3754    21.6      41   -0.01   -0.02  768.37  146.86      13
    3755    22.9      42    0.01   -0.03  795.35  149.39       0
    3756    23.4      31   -0.02    0.03  808.92  149.64      13
    3757    24.2      31   -0.02   -0.03  799.55  149.83       0
    3758    23.7      29   -0.03   -0.02  774.86  148.21       0
    3759    23.8      31   -0.02   -0.02  727.81  146.89       0
    3760    24.0      31    0.02   -0.02  641.49  148.77       0
    3761    24.0      30    0.02    0.00  465.59  157.87       0
    3762    24.3      33    0.00    0.00  143.16  141.82       0
    3763    22.6      41    0.00    0.00   33.79   51.80       0
    3764    16.7      53    0.00    0.00    4.10   24.44       0
    3765    12.8      57    0.00    0.00    0.00    2.29       0
    3766    10.4      67    0.00    0.00    0.00    0.00       0
    3767     8.8      70    0.00    0.00    0.00    0.00       0
    3768     7.7      75    0.00    0.00    0.00    0.00       0
    3769     6.7      75    0.00    0.00    0.00    0.00       0
    3770     5.9      74    0.00    0.01    0.00    0.00       0
    3771     5.6      79    0.00    0.00    0.00    0.00       0
    3772     6.2      70    0.00    0.00    3.10   18.86       0
    3773     8.7      68   -0.02    0.02    3.21   39.24       0
    3774    15.8      52   -0.02    0.03   57.23   76.82       0
    3775    19.4      47    0.04    0.00  480.30  144.56       0
    3776    23.1      47    0.01    0.03  627.61  145.35       0
    3777    24.1      46    0.01   -0.02  704.82  148.72       0
    3778    24.8      35    0.03   -0.01  756.92  150.33       0
    3779    25.8      26    0.00   -0.04  784.69  152.48      13
    3780    26.2      27   -0.01    0.03  799.27  152.33     100
    3781    26.4      22   -0.01   -0.02  799.47  149.95       0
    3782    26.5      21   -0.01   -0.01  766.25  150.94       0
    3783    26.2      18    0.05    0.06  713.35  151.48       0
    3784    25.2      37    0.02    0.05  605.12  159.26       0
    3785    25.0      42    0.06    0.00  411.12  170.19       0
    3786    24.9      46    0.01   -0.04  144.99  143.02       0
    3787    23.9      51    0.00    0.00   49.91   54.78       0
    3788    18.8      62    0.00    0.00    4.66   26.11       0
    3789    15.3      75    0.00    0.00    0.00    3.08       0
    3790    12.7      68    0.00    0.00    0.00    0.00       0
    3791    10.9      70    0.00    0.00    0.00    0.00       0
    3792     9.2      67   -0.01    0.00    0.00    0.00       0
    3793     7.8      66    0.00    0.01    0.00    0.00       0
    3794     6.5      59   -0.01    0.01    0.00    0.00       0
    3795     6.3      69    0.01    0.01    0.00    0.00       0
    3796     8.6      66   -0.01    0.00    3.87   20.82       0
    3797    10.8      67   -0.02    0.00   64.33   31.07       0
    3798    14.4      59    0.00    0.02  137.71   65.06       0
    3799    16.7      54    0.02   -0.02  529.43  134.69       0
    3800    19.7      46   -0.03    0.00  666.47  135.13       0
    3801    21.7      44    0.03    0.03  735.54  139.81       0
    3802    23.6      39    0.03    0.00  781.14  143.37       0
    3803    25.1      35   -0.02    0.02  809.19  145.87       0
    3804    25.4      32   -0.04    0.02  809.45  149.68      13
    3805    26.3      26    0.03    0.01  798.07  150.44       0
    3806    26.6      25    0.01   -0.02  770.52  149.79       0
    3807    25.3      28    0.03    0.04  691.60  149.21       0
    3808    25.7      35    0.06    0.01  735.06  124.27     100
    3809    25.0      40    0.05   -0.01  170.07  135.96      13
    3810    25.1      49    0.00   -0.03  268.93   86.39       0
    3811    22.4      48   -0.01    0.02   55.65   50.23       0
    3812    18.9      66   -0.03    0.00    3.84   23.32       0
    3813    17.4      71   -0.02    0.03    0.00    4.74       0
    3814    16.6      72   -0.04   -0.01    0.00    0.00       0
    3815    14.6      69    0.04    0.05    0.00    0.00      13
    3816    12.5      48    0.03   -0.03    0.00    0.00      13
    3817    11.4      47    0.02    0.04    0.00    0.00      50
    3818    10.9      47   -0.02    0.03    0.00    0.00       0
    3819    10.6      50    0.02    0.05    0.00    0.00      25
    3820    11.0      52   -0.01   -0.04    2.57    9.79      25
    3821    12.1      51   -0.04    0.00    4.21   42.47      38
    3822    14.6      47    0.00    0.04   49.36   79.46      50
    3823    16.2      41    0.03    0.01  391.35  157.40       0
    3824    17.7      38   -0.02   -0.04  616.53  148.41       0
    3825    19.0      38   -0.03    0.02  696.97  151.45       0
    3826    19.9      34    0.03   -0.03  743.70  154.52       0
    3827    20.3      37    0.00   -0.02  770.78  156.79       0
    3828    21.2      35    0.02   -0.03  779.46  158.25      13
    3829    22.3      35    0.02    0.02  769.62  158.97       0
    3830    22.8      32   -0.03   -0.02  738.83  159.81       0
    3831    23.2      33    0.00   -0.02  689.33  159.37       0
    3832    23.6      35   -0.03    0.01  601.70  161.00       0
    3833    23.6      36    0.00    0.03  430.96  167.02       0
    3834    24.0      36    0.01    0.03  151.87  143.59       0
    3835    21.6      39   -0.01    0.04   51.29   50.40       0
    3836    17.6      39   -0.03   -0.03    4.26   24.72       0
    3837    15.3      38    0.04   -0.02    0.00    3.36       0
    3838    13.8      40    0.00   -0.05    0.00    0.00       0
    3839    12.3      41   -0.02   -0.02    0.00    0.00       0
    3840    10.4      44   -0.03    0.01    0.00    0.00       0
    3841    10.0      51   -0.03    0.02    0.00    0.00       0
    3842     9.2      56    0.01   -0.02    0.00    0.00       0
    3843     8.4      60   -0.01    0.02    0.00    0.00       0
    3844     8.4      59   -0.02   -0.02    3.05   19.06       0
    3845    10.4      59    0.02   -0.02    3.12   39.45       0
    3846    14.1      55    0.04    0.01   50.71   77.26       0
    3847    16.0      49   -0.02    0.02  492.06  142.40       0
    3848    18.0      42    0.01   -0.03  678.07  132.15       0
    3849    19.1      41    0.02   -0.02  788.18  126.48       0
    3850    19.9      40   -0.03    0.03  791.60  144.98       0
    3851    21.2      30   -0.02    0.02  812.54  145.14      13
    3852    21.7      25    0.02    0.02  821.23  146.96      13
    3853    22.5      24    0.05    0.00  809.56  147.61       0
    3854    23.1      26   -0.01    0.03  784.70  145.96       0
    3855    23.6      26    0.00   -0.04  727.63  147.66       0
    3856    23.9      26    0.03   -0.02  638.54  150.66       0
    3857    25.2      27    0.05    0.00  462.97  160.23       0
    3858    25.6      29   -0.05   -0.01  121.39  144.83       0
    3859    24.3      33    0.05    0.02   36.30   52.94       0
    3860    19.0      38    0.09    0.00    4.59   26.23       0
    3861    16.6      38    0.05   -0.07    0.00    3.97       0
    3862    14.6      42   -0.02    0.08    0.00    0.00       0
    3863    12.9      45   -0.05    0.04    0.00    0.00       0
    3864    10.4      51    0.04    0.02    0.00    0.00       0
    3865     8.4      56   -0.04    0.03    0.00    0.00       0
    3866     7.3      61   -0.04    0.02    0.00    0.00       0
    3867     6.5      64    0.00   -0.04    0.00    0.00       0
    3868     6.6      62   -0.04    0.01    2.81   17.94       0
    3869     9.1      59   -0.05   -0.01    2.78   37.31       0
    3870    14.6      50   -0.04    0.02   68.08   72.09       0
    3871    17.6      45   -0.03   -0.03  536.08  133.55       0
    3872    20.0      35    0.04    0.01  670.68  134.22       0
    3873    21.1      33    0.05    0.00  746.22  136.94       0
    3874    22.0      30   -0.04   -0.02  783.49  142.80      13
    3875    23.0      27    0.04    0.02  802.24  147.80      13
    3876    23.8      23   -0.03   -0.01  810.77  149.52      13
    3877    24.5      27    0.04   -0.01  801.14  149.90      13
    3878    24.6      23   -0.03   -0.01  772.79  149.43       0
    3879    24.6      22   -0.01   -0.04  713.92  151.97       0
    3880    25.4      23    0.02   -0.01  626.47  154.37       0
    3881    26.0      28    0.04    0.01  460.37  161.35       0
    3882    26.6      29    0.01    0.01  131.92  145.31       0
    3883    24.8      34    0.01    0.03   50.99   54.51       0
    3884    18.6      39    0.01    0.03    4.94   27.26       0
    3885    15.8      45   -0.05    0.04    0.00    4.52       0
    3886    12.0      42    0.01    0.06    0.00    0.00       0
    3887    10.9      48   -0.01   -0.06    0.00    0.00       0
    3888    10.1      53   -0.05    0.00    0.00    0.00       0
    3889     9.3      58   -0.03    0.05    0.00    0.00       0
    3890     8.2      57    0.02    0.04    0.00    0.00       0
    3891     7.4      60   -0.03    0.04    0.00    2.55       0
    3892     6.8      61   -0.04    0.03    3.98   21.14       0
    3893     7.6      53   -0.04    0.02    4.16   45.43       0
    3894    12.5      43    0.02   -0.04  195.47   66.37       0
    3895    17.2      38    0.04    0.00  650.75  110.12       0
    3896    19.7      28   -0.03    0.03  700.82  126.58       0
    3897    20.8      24    0.00   -0.05  747.24  136.66       0
    3898    22.2      26   -0.04    0.04  766.38  147.71       0
    3899    23.7      20   -0.03    0.01  734.64  168.80      13
    3900    24.6      18    0.02    0.01  580.69  203.18       0
    3901    24.9      19    0.01    0.02  431.93  217.70      13
    3902    24.7      19    0.03    0.00  338.62  181.25       0
    3903    24.8      18   -0.01    0.01  476.97  162.58       0
    3904    25.9      19    0.02    0.00  521.91  162.13       0
    3905    26.1      17   -0.02   -0.01  427.09  156.12       0
    3906    27.2      20    0.00    0.00  175.87  134.92       0
    3907    28.5      34    0.00    0.04   31.48   20.89       0
    3908    21.6      39   -0.02    0.00    0.00    0.00       0
    3909    18.4      45   -0.01    0.01    0.00    5.29       0
    3910    17.3      47    0.00    0.00    0.00    0.00       0
    3911    14.5      61   -0.01   -0.01    0.00    0.00       0
    3912    12.8      65   -0.02    0.01    0.00    0.00       0
    3913    11.0      63    0.00   -0.01    0.00    0.00       0
    3914     9.2      69   -0.01    0.02    0.00    0.00       0
    3915     8.1      70   -0.02    0.01    0.00    0.51       0
    3916     8.2      69    0.01   -0.02    3.11   19.44       0
    3917     9.3      67    0.03    0.00    2.66   36.58       0
    3918    14.1      58   -0.04   -0.01   48.90   71.34       0
    3919    17.9      53   -0.01   -0.03  475.07  146.32       0
    3920    20.1      41    0.03    0.02  638.70  142.75       0
    3921    21.7      31    0.01    0.02  720.58  144.26       0
    3922    23.2      26    0.02    0.00  769.82  146.67      13
    3923    24.1      26    0.01   -0.01  799.97  148.44      25
    3924    24.0      25    0.00   -0.02  799.50  152.59      13
    3925    25.3      24   -0.02   -0.01  791.27  152.71      25
    3926    25.5      24   -0.02   -0.01  761.35  153.05      50
    3927    25.7      23   -0.01    0.01  714.78  151.99      50
    3928    26.1      23    0.01    0.01  660.40  145.32      75
    3929    26.6      24    0.01   -0.01  492.84  147.24       0
    3930    26.7      21    0.00    0.01  569.18   85.36       0
    3931    27.7      27    0.00    0.00   51.13   36.73       0
    3932    23.0      35    0.00    0.00    5.50   29.19       0
    3933    18.6      36    0.01   -0.03    0.10    5.07       0
    3934    15.9      40    0.04    0.01    0.00    0.00       0
    3935    13.7      59    0.03    0.01    0.00    0.00       0
    3936    12.0      63    0.03   -0.01    0.00    0.00       0
    3937    10.4      67    0.00   -0.01    0.00    0.00       0
    3938     9.3      63   -0.01   -0.02    0.00    0.00       0
    3939     8.5      70    0.02    0.01    0.00    1.19       0
    3940     8.4      65    0.02    0.01    4.26   22.45       0
    3941     9.3      66    0.00    0.00    3.67   42.98       0
    3942    14.2      47   -0.02   -0.01   52.43   77.91       0
    3943    18.8      41   -0.02    0.01  493.15  142.94       0
    3944    22.5      33   -0.01   -0.02  631.67  144.68       0
    3945    25.2      31   -0.01   -0.03  704.66  148.97       0
    3946    25.4      31    0.01   -0.02  744.28  154.41       0
    3947    26.0      34   -0.03   -0.03  724.91  169.70      38
    3948    27.6      26   -0.03    0.00  655.45  194.01      75
    3949    26.8      26    0.02    0.00  344.92  230.72      63
    3950    27.5      27    0.03   -0.01  420.44  175.85      75
    3951    27.6      26    0.00   -0.02  459.22  156.38      25
    3952    27.6      25   -0.02   -0.03  549.87  156.15      38
    3953    28.2      26    0.00    0.00  533.80  136.64      50
    3954    27.4      33    0.01   -0.01  373.15  125.90      50
    3955    27.0      39    0.00    0.00   90.85   16.52      63
    3956    24.4      41    0.00    0.00   22.91    1.65     100
    3957    22.3      48   -0.01   -0.01    0.00    7.17      88
    3958    20.6      56    0.00    0.00    0.00    0.00     100
    3959    20.1      59    0.00    0.00    0.00    0.00     100
    3960    18.6      62    0.00    0.00    0.00    0.00     100
    3961    17.5      64    0.02    0.02    0.00    0.08     100
    3962    16.2      59   -0.02   -0.03    0.00    0.00     100
    3963    14.5      56   -0.02   -0.01    0.00    0.00     100
    3964    14.2      55    0.00   -0.03    0.00    0.00     100
    3965    16.2      63    0.03   -0.02    0.00    0.00       0
    3966    18.5      53    0.02   -0.02  214.60   15.49      13
    3967    20.7      54   -0.03    0.01  755.73  108.07      75
    3968    21.2      49   -0.01    0.01  841.74  111.88      75
    3969    22.6      35   -0.01   -0.03 1095.04  143.92      25
    3970    24.7      36   -0.01    0.02  690.21  200.42       0
    3971    26.0      32    0.01    0.03  705.66  168.63      25
    3972    26.7      28   -0.01    0.04  376.85  280.51      63
    3973    27.3      25    0.00   -0.02  338.43  266.30      88
    3974    27.2      27   -0.02    0.02  206.99  301.61      50
    3975    27.7      25    0.00   -0.02   78.82  300.67      50
    3976    27.6      23   -0.03   -0.01    7.27  166.58       0
    3977    28.1      23   -0.02   -0.01    1.05   59.07       0
    3978    28.1      27    0.00    0.00    0.38   26.44       0
    3979    28.6      28   -0.01    0.00    0.07    5.51       0
    3980    22.9      40    0.00    0.00    0.00    0.00       0
    3981    18.4      44   -0.03    0.02    0.00    0.00       0
    3982    16.1      38    0.01    0.03    0.00    0.00       0
    3983    15.1      38    0.00    0.03    0.00    0.00       0
    3984    14.2      42    0.02   -0.03    0.00    0.00       0
    3985    12.9      51   -0.03   -0.02    0.00    0.00       0
    3986    11.6      50   -0.04    0.00    0.00    0.08       0
    3987    11.0      57    0.03   -0.01    0.00    0.00       0
    3988    11.0      57    0.00    0.00    0.00    0.00       0
    3989    12.2      78    0.00    0.00    0.00    0.00      50
    3990    14.5      59    0.01    0.00  383.20   26.83     100
    3991    18.2      52    0.02    0.01  566.85  139.31     100
    3992    20.3      56    0.02    0.00  205.94  245.64     100
    3993    21.3      52   -0.02   -0.01  669.38  203.36     100
    3994    21.9      43   -0.03    0.02  936.82  146.72     100
    3995    23.6      29    0.03   -0.01  584.04  223.29      25
    3996    25.8      28    0.02    0.03  110.55  348.90      25
    3997    25.9      32    0.01   -0.03  142.86  325.31      63
    3998    26.7      30   -0.02    0.02  228.74  323.31      50
    3999    26.3      32   -0.03    0.01   32.42  175.83      38
    4000    26.5      32   -0.01    0.02    0.23   34.33      63
    4001    26.5      56    0.00    0.00    0.74   48.67     100
    4002    21.2      56    0.00    0.00    0.38   26.16     100
    4003    18.6      59   -0.01   -0.02    0.12    7.94      13
    4004    18.3      64    0.01    0.01    0.00    0.00     100
    4005    17.5      70    0.00    0.00    0.00    0.00      75
    4006    16.2      75    0.00    0.00    0.00    0.00      50
    4007    15.9      80    0.00    0.00    0.00    0.00      75
    4008    15.4      79    0.00    0.00    0.00    0.00     100
    4009    13.6      71    0.02    0.00    0.00    0.00      13
    4010    12.3      63    0.00    0.00    0.00    0.00       0
    4011    11.3      74    0.00    0.00    0.00    0.00       0
    4012    11.3      65    0.01    0.01    0.00    0.00      13
    4013    12.2      55    0.01    0.00    0.00    0.00       0
    4014    16.9      46   -0.01    0.03    0.00    0.00       0
    4015    22.1      49   -0.01    0.02    0.00    0.00       0
    4016    23.5      38    0.02    0.00  652.46  119.95       0
    4017    25.7      32    0.02   -0.02  686.51  187.46       0
    4018    25.8      27    0.02    0.00  689.00  190.46      13
    4019    26.1      30    0.03    0.01  511.90  236.93     100
    4020    27.0      29    0.03   -0.02  468.92  246.86      75
    4021    27.5      24    0.01   -0.03  188.71  275.31      38
    4022    27.8      22    0.02    0.03   46.14  280.45      13
    4023    26.4      24    0.00    0.03  101.49  286.23      38
    4024    25.5      23   -0.04    0.03    1.44   84.01      13
    4025    26.6      43    0.02   -0.02    1.47   69.25      88
    4026    24.4      59   -0.01    0.00    0.44   27.03     100
    4027    21.1      65    0.00    0.02    0.00    0.00     100
    4028    19.8      70    0.00    0.00    0.00    0.00     100
    4029    18.6      71    0.00    0.00    0.00    0.00     100
    4030    17.7      76   -0.01   -0.01    0.00    0.00     100
    4031    16.5      79   -0.02    0.01    0.00    0.00     100
    4032    15.8      82    0.00    0.01    0.00    0.00     100
    4033    15.0      93    0.00    0.01    0.00    0.00     100
    4034    14.5      94   -0.01    0.00    0.00    0.41     100
    4035    14.2      94    0.00   -0.02    0.00    3.29     100
    4036    14.2      92    0.01    0.01    0.37   12.15     100
    4037    14.6      94    0.00    0.03   45.20   15.77     100
    4038    14.7      97   -0.03    0.00  136.57  100.42     113
    4039    14.3      97   -0.01    0.03   11.58  136.59     100
    4040    14.7      97    0.02    0.00   33.88  210.83     100
    4041    15.5      98    0.01    0.02    3.10  135.94     100
    4042    16.4      98    0.01    0.01    4.31  179.43     100
    4043    16.2      98    0.00    0.02    8.95  245.91     100
    4044    16.7      97    0.02   -0.01    3.02  161.51     100
    4045    17.8      97    0.01    0.02    1.83  128.46     100
    4046    17.3      95    0.01    0.01    4.18  183.99     100
    4047    17.4      93    0.01    0.01    1.82  103.66     100
    4048    18.0      97    0.00    0.02    1.95   97.69     100
    4049    18.0      96    0.01    0.01    1.90   77.99     100
    4050    17.8      94   -0.01    0.00    0.26   19.76     100
    4051    17.5      95   -0.01    0.00    0.00    0.00     100
    4052    16.4      97    0.00    0.00    0.00    0.00     100
    4053    15.7      98    0.00    0.00    0.00    0.00     100
    4054    15.0      99    0.00    0.00    0.00    0.00     100
    4055    13.3      99   -0.01   -0.01    0.00    0.00     100
    4056    12.6      99    0.00    0.00    0.00    0.00     113
    4057    11.8      99    0.00    0.00    0.00    0.00     113
    4058    11.5      99    0.00    0.00    0.00    0.00     113
    4059    12.6      99    0.00    0.00    0.00    0.00     100
    4060    13.1      99   -0.01    0.02    0.78   13.01     100
    4061    14.0      99   -0.03    0.03    0.21    2.98     100
    4062    14.8      99    0.01    0.02  150.23   15.49     100
    4063    16.2      99   -0.02    0.02  369.41  152.55     100
    4064    18.3      86    0.02   -0.02   64.78  196.67     100
    4065    20.7      82   -0.01   -0.04  227.29  258.28     100
    4066    21.2      80    0.06    0.00  260.34  269.56     100
    4067    22.9      69   -0.05   -0.03   12.09  249.41     100
    4068    24.3      66    0.05    0.01    9.26  261.90     100
    4069    23.8      60   -0.03    0.02   19.61  217.84     100
    4070    24.5      59    0.05   -0.03    4.58  195.49     100
    4071    24.2      60   -0.03    0.01    3.73  160.34     100
    4072    24.1      64    0.04   -0.01    3.60  134.55     100
    4073    23.4      58   -0.03   -0.04    1.46   69.27     100
    4074    23.5      60    0.00   -0.03    0.21   16.53      88
    4075    24.7      66   -0.01   -0.01    0.04    3.38       0
    4076    20.7      79   -0.02   -0.02    0.00    0.00      88
    4077    17.5      81   -0.01   -0.01    0.00    0.00     100
    4078    16.0      86    0.01   -0.04    0.00    0.00     100
    4079    15.4      84    0.03    0.01    0.00    0.00      75
    4080    15.3      89   -0.04   -0.03    0.00    0.00     100
    4081    15.3      92   -0.02   -0.03    0.00    0.00     100
    4082    15.1      94   -0.05   -0.01    0.00    0.08     100
    4083    15.0      94   -0.04    0.00    0.00    0.00     100
    4084    14.8      91    0.00    0.05    0.00    0.00     100
    4085    15.7      88    0.04    0.02    0.00    0.00      88
    4086    18.2      81   -0.02   -0.04  354.00   24.99      50
    4087    20.4      71   -0.06    0.00  261.58   34.78      13
    4088    21.8      67   -0.01    0.05  403.36  203.16      38
    4089    23.5      69   -0.04   -0.02   72.43  236.57     100
    4090    24.8      65   -0.04   -0.02  559.24  232.68     100
    4091    24.5      65    0.01   -0.04  304.44  278.84     100
    4092    26.5      60   -0.03   -0.01  546.63  231.13     100
    4093    26.8      52    0.05    0.01  158.04  318.12     100
    4094    27.3      52   -0.02   -0.02   24.60  273.51      50
    4095    28.0      53   -0.01   -0.02   11.97  235.87     100
    4096    26.2      55    0.01   -0.02    8.08  162.97      13
    4097    26.1      56   -0.04    0.01    1.91   79.92      63
    4098    26.0      55    0.00    0.00    0.96   41.85      63
    4099    24.7      68   -0.01    0.01    0.04    3.33       0
    4100    22.6      74   -0.01   -0.01    0.00    0.00     100
    4101    20.5      81    0.01    0.01    0.00    0.00     100
    4102    19.1      79   -0.01   -0.02    0.00    0.00      88
    4103    17.2      74   -0.01   -0.03    0.00    0.00      13
    4104    15.6      77    0.03    0.03    0.00    0.00       0
    4105    14.6      81   -0.01    0.04    0.00    0.00       0
    4106    13.6      86   -0.03   -0.04    0.00    0.08      13
    4107    13.2      84   -0.03   -0.04    0.00    0.00       0
    4108    14.1      78   -0.01    0.06    0.00    0.00      63
    4109    16.8      73   -0.07    0.01    0.00    0.00      88
    4110    18.0      70    0.04    0.07  379.51   64.22     100
    4111    18.6      68    0.09   -0.02    1.43   60.12     100
    4112    19.0      77   -0.08   -0.02    0.88   61.34     100
    4113    17.0      87    0.05   -0.07    0.85   70.36     100
    4114    17.0      94   -0.02   -0.05    6.98  218.83     100
    4115    16.2      93   -0.07   -0.01   15.66  257.25     100
    4116    17.4      89    0.04   -0.06   23.25  304.53     100
    4117    19.3      90   -0.04   -0.04    8.69  220.39     100
    4118    21.9      86    0.01    0.02    1.35   98.73     100
    4119    22.4      81    0.01   -0.03    1.90   90.32     100
    4120    20.7      95   -0.02   -0.03    0.54   52.77     100
    4121    19.9      94    0.01    0.02    0.38   33.90     100
    4122    19.4      95   -0.03    0.06    0.31   23.00     100
    4123    18.6      92   -0.05    0.01    0.00    0.00     100
    4124    17.3      93    0.00    0.05    0.00    0.00     100
    4125    16.4      95    0.01    0.04    0.00    0.00     100
    4126    15.6      90   -0.03    0.02    0.00    0.00     100
    4127    15.2      92   -0.04   -0.01    0.00    0.00     100
    4128    14.9      91   -0.04    0.02    0.00    0.00     100
    4129    14.8      89    0.03    0.06    0.00    0.00     100
    4130    14.5      89   -0.06   -0.02    0.00    0.08     100
    4131    14.5      91   -0.05   -0.01    0.00    0.00     100
    4132    14.3      90    0.00   -0.06    0.00    0.00     100
    4133    14.7      87    0.01    0.05    0.00    0.00     100
    4134    15.3      83    0.00   -0.06   34.70    2.58     100
    4135    16.4      78   -0.04   -0.02  150.39   24.82     100
    4136    18.0      73   -0.05    0.03  552.41  118.75     100
    4137    20.1      67    0.03    0.05  904.66  171.25      88
    4138    20.7      63   -0.05    0.05  737.17  197.07      75
    4139    21.7      59    0.07    0.04  491.33  212.39      75
    4140    21.7      57   -0.08   -0.01  283.31  249.67      88
    4141    22.1      61    0.03    0.06  377.50  280.75     100
    4142    21.6      60    0.07   -0.01   99.17  275.90      63
    4143    22.6      55   -0.02   -0.06   53.95  264.75     100
    4144    22.2      55   -0.01   -0.06   10.94  191.95      63
    4145    21.7      58   -0.03    0.05    2.54   92.44      75
    4146    21.8      54    0.02   -0.04    0.64   34.64      13
    4147    20.9      55    0.01   -0.03    0.06    4.90       0
    4148    18.5      65    0.01    0.01    0.00    0.00       0
    4149    16.4      73    0.02    0.02    0.00    0.00       0
    4150    14.7      78   -0.03    0.00    0.00    0.00       0
    4151    13.0      85    0.00    0.01    0.00    0.00       0
    4152    12.8      90    0.00    0.01    0.00    0.00       0
    4153    11.5      93    0.01   -0.01    0.00    0.00       0
    4154    10.1      96   -0.01    0.01    0.00    0.00       0
    4155     9.5      97   -0.01    0.03    0.00    0.00       0
    4156     9.7      94   -0.03    0.02    0.00    0.00       0
    4157    11.2      84    0.01   -0.04    0.00    0.00       0
    4158    16.0      70    0.03    0.04    0.00    0.00       0
    4159    18.5      57   -0.05   -0.04  106.44   24.66       0
    4160    19.6      46    0.05    0.01  656.37  103.74       0
    4161    19.8      47   -0.04    0.02  691.79  175.71       0
    4162    21.0      45   -0.03   -0.03  606.94  205.03      25
    4163    21.9      44    0.03    0.05  628.87  211.84      25
    4164    22.0      42   -0.02    0.06  536.49  249.50      13
    4165    23.2      35   -0.01    0.05  336.06  319.63      13
    4166    22.9      40   -0.01    0.04  247.94  327.02       0
    4167    23.1      40    0.05   -0.03   66.17  297.87       0
    4168    23.2      40    0.05    0.00    6.42  161.34       0
    4169    23.8      41   -0.01    0.06    0.89   54.71       0
    4170    23.7      46    0.01   -0.06    0.38   26.84       0
    4171    24.0      51    0.06    0.00    0.03    3.21       0
    4172    20.0      61    0.00    0.03    0.00    0.00       0
    4173    16.7      70    0.00   -0.04    0.00    0.00       0
    4174    14.7      78   -0.04   -0.02    0.00    0.00       0
    4175    13.5      85    0.03   -0.03    0.00    0.00       0
    4176    12.0      94   -0.01    0.03    0.00    0.00      38
    4177    12.0      98    0.00   -0.01    0.00    0.08     100
    4178    11.7      98    0.00    0.00    0.00    0.00     100
    4179    10.7      99    0.00    0.00    0.00    0.00     113
    4180    10.8      99    0.01    0.00    0.00    0.00     113
    4181    12.4      98    0.00    0.01    0.00    0.00     100
    4182    14.0      91   -0.02    0.00  240.73   17.35     100
    4183    15.8      81   -0.02    0.00  893.92   76.71     100
    4184    17.6      74   -0.02    0.00  935.96  118.29     100
    4185    20.0      65   -0.02   -0.01  900.71  160.77     100
    4186    21.8      63   -0.03   -0.01  907.43  163.26     100
    4187    23.1      56   -0.01   -0.03  808.74  169.03     100
    4188    23.1      50    0.03   -0.03  354.05  294.52      88
    4189    22.9      45    0.00    0.03  223.11  326.03      38
    4190    23.2      49    0.00   -0.03  182.65  332.28      13
    4191    23.6      47    0.00   -0.03   58.35  267.74       0
    4192    23.4      53   -0.05    0.03    7.58  165.49      13
    4193    22.2      55    0.04    0.02    0.95   56.48      13
    4194    22.6      55    0.04    0.03    0.41   27.98       0
    4195    23.2      66    0.01   -0.02    0.07    5.35       0
    4196    19.7      76    0.04   -0.02    0.00    0.00       0
    4197    16.7      79   -0.03    0.00    0.00    0.00       0
    4198    14.0      89   -0.03   -0.01    0.00    0.00       0
    4199    12.5      95    0.01   -0.01    0.00    0.00      13
    4200    11.7      98    0.00    0.00    0.00    0.00     100
    4201    11.3      99   -0.03    0.01    0.00    0.00     113
    4202    10.7      99    0.04   -0.01    0.00    0.08     113
    4203    10.9      99   -0.02    0.02    0.00    0.00     113
    4204    11.8      99    0.02   -0.01    0.00    0.00     113
    4205    13.2      99    0.03    0.00    0.00    0.00     100
    4206    14.7      96    0.01    0.01    0.00    0.00     100
    4207    16.0      77    0.00    0.00    0.00    0.00       0
    4208    19.3      60   -0.02    0.00  878.23   99.97       0
    4209    21.9      49   -0.02   -0.02 1099.59  143.92       0
    4210    23.6      50    0.01    0.01  954.73  140.64       0
    4211    24.7      48    0.02    0.01  817.67  146.99      50
    4212    25.9      43   -0.01    0.03  635.79  211.11      13
    4213    27.0      39    0.02    0.00  408.88  295.70      63
    4214    26.9      34    0.02    0.02  214.00  335.62      25
    4215    27.2      34   -0.04    0.00   64.32  297.34       0
    4216    27.2      34    0.02    0.00    6.38  161.16      13
    4217    28.0      34   -0.01    0.02    0.85   53.68       0
    4218    28.1      35   -0.05   -0.01    0.40   27.49       0
    4219    26.5      60   -0.03    0.02    0.05    4.65       0
    4220    23.2      70    0.00    0.02    0.00    0.00       0
    4221    20.0      76    0.00    0.01    0.00    0.00       0
    4222    17.9      82    0.00    0.00    0.00    0.00       0
    4223    16.1      89    0.00    0.00    0.00    0.00       0
    4224    15.2      93    0.00    0.00    0.00    0.00       0
    4225    14.0      94    0.00    0.00    0.00    0.00       0
    4226    13.0      94    0.00    0.00    0.00    0.08       0
    4227    12.3      92    0.00    0.00    0.00    0.00       0
    4228    12.2      91    0.01    0.00    0.00    6.49       0
    4229    12.8      84   -0.02    0.00    0.00    0.00       0
    4230    17.0      68    0.00    0.03    0.00    0.00       0
    4231    23.0      61   -0.02   -0.02    0.00    0.00       0
    4232    25.1      54    0.04   -0.01  490.34   75.02       0
    4233    26.5      46    0.05   -0.05 1084.40  149.93       0
    4234    28.1      41   -0.03    0.06  921.04  147.62       0
    4235    29.0      39    0.07   -0.04  778.07  155.64      13
    4236    29.1      31   -0.06   -0.05  183.37  316.65      50
    4237    29.8      30    0.00   -0.04   52.33  329.24      88
    4238    29.7      33    0.01   -0.05    3.46  140.08      38
    4239    29.6      34    0.10    0.01    0.34   46.98     100
    4240    26.2      75    0.01    0.04    0.30   35.78     100
    4241    18.7      95    0.03   -0.03    0.30   28.45     100
    4242    16.6      96   -0.03   -0.01    0.02    4.11     100
    4243    16.8      97    0.02    0.00    0.00    0.00     100
    4244    16.3      96    0.00    0.01    0.00    0.00     100
    4245    16.1      98   -0.01    0.00    0.00    0.00     100
    4246    15.4      97   -0.01   -0.03    0.00    0.00     100
    4247    14.9      98   -0.02    0.01    0.00    0.00     100
    4248    14.6      97   -0.03   -0.03    0.00    0.00     100
    4249    14.1      98    0.00    0.01    0.00    0.00     100
    4250    13.9      98    0.02    0.02    0.00    0.26     100
    4251    13.8      98    0.01    0.02    0.00    0.00     100
    4252    13.7      98   -0.01    0.02    0.00    0.00     100
    4253    13.9      97    0.02    0.01    0.00    0.00     100
    4254    14.7      94   -0.02   -0.02  323.65   52.95     100
    4255    15.1      93    0.02    0.03  511.99  131.31     100
    4256    15.6      86    0.01    0.03  458.00  176.00     100
    4257    17.5      81   -0.01    0.01   89.46  218.44     100
    4258    19.4      80   -0.01   -0.01    3.38  141.27     100
    4259    19.4      83    0.01    0.02   14.88  263.52     100
    4260    17.2      94    0.02   -0.03   92.72  321.17     100
    4261    17.5      90    0.01   -0.03   22.91  258.03     100
    4262    19.2      82    0.01    0.00    8.82  187.96     100
    4263    19.3      87    0.02    0.03    4.20  111.41     100
    4264    19.1      81    0.01   -0.02    7.57  171.90     100
    4265    18.1      79    0.02    0.01    1.27   65.11     100
    4266    20.4      78    0.00    0.00    0.61   33.71      75
    4267    22.2      84    0.00    0.00    0.08    5.68       0
    4268    19.7      95    0.00    0.00    0.00    0.00       0
    4269    16.2      99    0.00    0.00    0.00    0.00       0
    4270    14.6      99   -0.01    0.00    0.00    0.00       0
    4271    13.6      99    0.00    0.00    0.00    0.00       0
    4272    12.7      99    0.00    0.00    0.00    0.00       0
    4273    12.2      99    0.00    0.00    0.00    0.00       0
    4274    11.7      99    0.00   -0.01    0.00    0.08       0
    4275    11.3      99    0.00    0.00    0.00    0.00       0
    4276    11.1      99    0.01    0.00    0.00    3.60       0
    4277    11.9      99    0.02    0.01    0.00    0.00       0
    4278    15.5      89    0.01   -0.01    0.00    0.00       0
    4279    20.8      73    0.01    0.02    0.00    0.00       0
    4280    23.3      60   -0.02    0.01  441.09   51.77       0
    4281    23.8      62    0.01    0.02 1159.64  156.98     100
    4282    25.2      52    0.00    0.01  532.65  205.58     100
    4283    26.5      44    0.02   -0.01  879.73  147.08     100
    4284    24.7      55    0.00   -0.01  203.24  248.61      25
    4285    27.2      56    0.02    0.02  386.40  268.40      38
    4286    25.1      45   -0.04    0.03    9.59  174.93     100
    4287    25.4      59   -0.04   -0.04   72.07  290.12      63
    4288    23.6      59    0.02   -0.06    6.47  161.17     100
    4289    24.7      59    0.07    0.00    1.19   63.35     100
    4290    24.2      57   -0.04   -0.02    0.47   29.75      13
    4291    24.4      62   -0.02   -0.05    0.05    4.30     100
    4292    20.9      73    0.02   -0.02    0.00    0.00     100
    4293    17.4      86    0.02   -0.04    0.00    0.00       0
    4294    15.3      69    0.01   -0.03    0.00    0.00       0
    4295    13.8      77   -0.01   -0.03    0.00    0.00       0
    4296    12.0      84    0.00    0.00    0.00    0.00       0
    4297    11.1      90    0.01    0.01    0.00    0.00     100
    4298    10.8      92    0.00   -0.01    0.00    0.00     100
    4299    11.3      88    0.01   -0.02    0.00    0.00     100
    4300    12.5      87    0.02    0.00    0.00    0.00     100
    4301    13.8      87    0.00   -0.02    0.00    0.00      88
    4302    15.3      81    0.00    0.01  237.04   53.41     100
    4303    16.0      92    0.01    0.02    6.81  117.65     100
    4304    16.3      90    0.01   -0.02    3.09  114.17     100
    4305    17.2      94   -0.01    0.01    2.26  117.90     100
    4306    17.5      95    0.00   -0.02   11.10  199.49     113
    4307    17.7      96    0.00    0.02   21.66  291.80     100
    4308    18.8      86   -0.01   -0.01    9.52  244.61     100
    4309    20.9      84    0.01    0.02   45.27  277.69     100
    4310    21.9      81   -0.02    0.01    2.88  153.02     100
    4311    21.9      79   -0.01   -0.01    4.51  166.23     100
    4312    21.7      80    0.02   -0.01    4.53  144.46     100
    4313    21.6      79   -0.02   -0.01    1.75   76.47     100
    4314    21.3      80   -0.01    0.02    0.27   22.13      75
    4315    20.5      85    0.00    0.02    0.03    3.23     100
    4316    19.5      88    0.01    0.02    0.00    0.00     100
    4317    18.4      93    0.04    0.01    0.00    0.00     100
    4318    17.7      93   -0.02    0.03    0.00    0.00     100
    4319    17.4      97   -0.01   -0.03    0.00    0.00     100
    4320    17.3      96    0.01    0.03    0.00    0.00     100
    4321    17.0      98    0.02   -0.02    0.00    0.00     100
    4322    16.8      98    0.02   -0.02    0.00    0.00     100
    4323    16.7      98   -0.01   -0.03    0.00    0.17     100
    4324    16.6      98    0.02    0.02    1.21   12.19     100
    4325    15.3      98    0.00   -0.04    0.91    4.89     100
    4326    13.7      97    0.03    0.00  294.81   68.75     100
    4327    13.3      96    0.02    0.02   92.76  164.15     100
    4328    13.9      94   -0.01    0.03  119.65  236.35     100
    4329    15.0      88   -0.03   -0.02  503.14  230.03     100
    4330    16.0      77    0.06    0.00  240.78  284.99     100
    4331    17.1      69    0.02    0.05  128.40  332.80     100
    4332    17.5      62    0.06    0.05  448.00  258.51      63
    4333    17.9      58   -0.04    0.06  358.62  274.45      88
    4334    18.6      55    0.04    0.07  297.15  306.42     100
    4335    18.9      54    0.08   -0.03   90.21  301.18      75
    4336    18.9      50   -0.04    0.06    8.85  167.03      75
    4337    18.8      51   -0.04    0.06    1.13   61.52      25
    4338    18.5      57    0.04   -0.01    0.44   28.84      13
    4339    19.1      62    0.04    0.00    0.05    4.44       0
    4340    16.2      71   -0.03    0.00    0.00    0.00       0
    4341    14.0      81   -0.01   -0.01    0.00    0.00       0
    4342    12.4      86    0.00   -0.03    0.00    0.00       0
    4343    11.1      88    0.02   -0.01    0.00    0.00       0
    4344    10.5      92   -0.02   -0.01    0.00    0.00       0
    4345    10.5      94    0.00   -0.02    0.00    0.00       0
    4346    10.1      96    0.00   -0.02    0.00    0.00       0
    4347     9.6      97    0.01   -0.03    0.00    0.00     100
    4348     9.9      96   -0.02   -0.01    0.00    0.00      38
    4349    12.1      91    0.02   -0.01    0.00    0.00     100
    4350    13.9      86    0.02   -0.01  101.05   36.87     100
    4351    14.6      89    0.02   -0.03   17.06  136.97     100
    4352    15.0      92   -0.01    0.02   42.41  202.68     100
    4353    14.5      85    0.03   -0.01  154.91  240.95     100
    4354    15.6      86    0.04   -0.01   24.16  211.94     100
    4355    17.8      94    0.02    0.02    2.24  135.84     100
    4356    17.8      96    0.00    0.02    1.97  127.54     100
    4357    15.6      96   -0.02   -0.02    1.00   86.76     100
    4358    15.9      95    0.03   -0.01    0.25   44.34     100
    4359    15.6      97    0.03    0.04    0.23   38.68     100
    4360    15.5      98   -0.05    0.00    0.13   25.37     100
    4361    15.1      98    0.03   -0.05    0.09   16.37     100
    4362    14.8      98   -0.02   -0.04    0.07    8.50     100
    4363    14.7      99   -0.02   -0.04    0.00    0.00     100
    4364    14.8      99   -0.01    0.04    0.00    0.00     100
    4365    14.9      99    0.01   -0.02    0.00    0.00     100
    4366    14.9      99    0.01    0.03    0.00    0.00     100
    4367    15.0      99    0.01    0.03    0.00    0.00     100
    4368    14.6      98    0.01   -0.02    0.00    0.00     100
    4369    14.3      98   -0.02    0.01    0.00    0.00     100
    4370    14.0      98   -0.02    0.00    0.00    0.18     100
    4371    13.8      97   -0.01    0.03    0.00    0.00     100
    4372    13.5      97    0.02    0.03    0.00    6.01     100
    4373    13.5      97    0.03    0.00    0.26    1.31     100
    4374    13.8      94    0.04   -0.05   73.55    5.01     100
    4375    14.3      87   -0.05    0.02  257.45   65.79      88
    4376    15.8      82    0.01    0.04  309.06   98.82     100
    4377    16.6      70   -0.05    0.01  436.43  204.56      75
    4378    17.6      69    0.03    0.02  408.38  187.14     100
    4379    16.9      89    0.00   -0.03  104.31  217.40     100
    4380    14.7      80   -0.02   -0.03  184.37  261.14     100
    4381    15.3      87   -0.01    0.05  367.61  250.89     100
    4382    15.1      71   -0.01   -0.05   24.12  243.12     100
    4383    17.0      73    0.01   -0.06   22.49  170.72      88
    4384    17.3      84    0.02   -0.02    1.02   68.59      88
    4385    14.2      91    0.01    0.04    0.73   46.52     100
    4386    13.2      94    0.05    0.00    0.00    0.85     100
    4387    12.7      95    0.04    0.02    0.00    0.00     100
    4388    12.1      96    0.03   -0.04    0.00    0.00     100
    4389    11.9      97   -0.03   -0.05    0.00    0.00     100
    4390    11.7      96   -0.04   -0.03    0.00    0.00     100
    4391    11.3      97    0.04    0.04    0.00    0.00     100
    4392    11.2      97    0.04    0.05    0.00    0.00     100
    4393    11.0      98   -0.04   -0.03    0.00    0.00     100
    4394    10.5      98   -0.05    0.02    0.00    0.00     100
    4395    10.4      97   -0.03   -0.02    0.00    1.80     100
    4396    10.2      96   -0.05   -0.02    1.15   10.07     100
    4397    10.2      97   -0.04    0.02   22.92    1.04     100
    4398    10.1      97    0.04   -0.03  258.64   43.15     100
    4399    11.0      94   -0.04    0.01  258.21  122.97     100
    4400    11.6      94   -0.05    0.03    8.72  142.18     100
    4401    12.1      94   -0.07   -0.01   25.70  197.09     100
    4402    11.8      94   -0.06   -0.02  127.13  249.03     100
    4403    12.0      96    0.04    0.05  107.38  206.20     100
    4404    12.9      92   -0.03   -0.07  129.05  256.96     100
    4405    13.0      92    0.00   -0.08  292.87  291.23     100
    4406    13.5      81   -0.06    0.03  210.39  291.61     100
    4407    14.5      74    0.06    0.05   64.02  226.67     100
    4408    16.2      67   -0.01    0.06    3.83  132.34      88
    4409    15.9      64   -0.03   -0.01    3.41  105.83     100
    4410    15.1      83   -0.03    0.00    4.60   86.53     100
    4411    13.5      83    0.03    0.00    0.42   13.08     100
    4412    12.0      89    0.02    0.03    0.00    0.00     100
    4413    10.6      93   -0.01    0.02    0.00    0.00     100
    4414    10.3      98   -0.02    0.02    0.00    0.00     100
    4415    10.5      98    0.02    0.02    0.00    0.00     100
    4416     9.7      98    0.02   -0.02    0.00    0.00     100
    4417     9.4      97   -0.01    0.02    0.00    0.00      75
    4418     9.5      97    0.03   -0.01    0.00    0.08      75
    4419     8.8      98    0.02   -0.01    0.00    0.00      88
    4420     8.9      98    0.03    0.01    0.00    0.00     100
    4421     9.9      97    0.03    0.01    0.00    0.00     100
    4422    12.2      91   -0.01    0.03   54.49   11.54      88
    4423    14.3      84    0.02    0.03  175.04   79.26      88
    4424    14.3      80    0.00    0.04  168.37  181.08      88
    4425    14.2      81   -0.03   -0.04  492.54  194.17     100
    4426    14.3      78    0.04   -0.03  158.49  266.79     100
    4427    15.3      74    0.03    0.05  257.68  260.13     100
    4428    15.6      77    0.00   -0.05   83.86  262.99     100
    4429    15.8      83   -0.03   -0.02   37.19  195.03     100
    4430    15.4      88    0.00    0.05    5.29  195.57     100
    4431    14.4      92    0.01   -0.04    4.49  136.28     100
    4432    13.7      88    0.02    0.03    1.01   66.30     100
    4433    13.8      96    0.01   -0.02    0.20   19.33     100
    4434    12.8      97    0.00    0.04    0.00    0.00     100
    4435    12.6      97   -0.03   -0.03    0.00    0.00     100
    4436    12.4      97   -0.04   -0.02    0.00    0.00     100
    4437    12.2      96   -0.04    0.00    0.00    0.00     100
    4438    11.4      95    0.01   -0.03    0.00    0.00     100
    4439    10.3      97   -0.01    0.03    0.00    0.00      13
    4440     9.6      97   -0.03    0.00    0.00    0.00      25
    4441     9.0      97    0.02    0.01    0.00    0.00      50
    4442     8.8      98   -0.01   -0.02    0.00    0.08      38
    4443     8.4      97   -0.02    0.01    0.00    0.00      38
    4444     8.3      97    0.03    0.01    0.00    0.00      88
    4445     9.2      96   -0.02    0.03    0.00    0.00     100
    4446    11.7      92    0.03    0.01   83.65   19.20     100
    4447    14.1      79    0.03    0.02  227.66   61.85      50
    4448    15.9      75   -0.01   -0.03  478.08  140.70     100
    4449    17.9      70    0.04    0.01  645.63  206.24      88
    4450    18.7      66   -0.01   -0.04  429.04  243.97     100
    4451    20.2      61    0.03    0.02    9.71  233.73      88
    4452    21.9      62   -0.05   -0.03    7.58  220.56     100
    4453    20.7      71   -0.05    0.02    0.87   86.47     100
    4454    18.4      87   -0.03   -0.02    0.40   54.67     100
    4455    14.9      93   -0.04    0.02    1.60   98.87     100
    4456    13.6      94    0.00    0.06    1.71   89.72     100
    4457    14.1      88    0.02    0.08    1.87   75.13     100
    4458    14.8      83    0.05    0.02    0.67   34.35     100
    4459    15.5      88   -0.02   -0.05    0.05    4.26     100
    4460    15.2      89    0.04   -0.03    0.00    0.00     100
    4461    13.9      88   -0.02   -0.06    0.00    0.00     100
    4462    13.1      90    0.06    0.00    0.00    0.00     100
    4463    12.7      93   -0.04    0.05    0.00    0.00     100
    4464    12.7      92    0.08    0.00    0.00    0.00     100
    4465    12.8      90    0.06    0.05    0.00    0.00     100
    4466    12.7      92    0.07    0.04    0.00    0.17     100
    4467    12.5      91    0.07   -0.04    0.00    0.08     100
    4468    12.2      95    0.08   -0.04    0.54    4.33     100
    4469    12.1      95   -0.08    0.02   46.19    7.43     100
    4470    12.6      96    0.05    0.00  148.96   32.90     100
    4471    13.3      92   -0.03    0.02  256.28  111.78     100
    4472    14.6      96    0.03   -0.04   96.95  151.93     100
    4473    14.1      92    0.03    0.04   27.02  212.83     100
    4474    14.4      91   -0.03   -0.02   18.76  227.74     100
    4475    13.8      91    0.01    0.04    3.66  141.62     100
    4476    14.7      93   -0.04    0.02    1.15  100.41     100
    4477    13.7      97    0.00   -0.04    1.54  111.52     100
    4478    13.1      97   -0.04   -0.02    1.24   91.29     100
    4479    13.2      95   -0.01    0.03    0.66   51.78     100
    4480    13.3      95   -0.03    0.03    4.27  108.09     100
    4481    13.1      95   -0.04   -0.02    1.14   60.62     100
    4482    14.2      87    0.00   -0.02    0.48   29.83     100
    4483    13.8      89   -0.01    0.02    0.02    2.37     100
    4484    12.9      90   -0.02    0.02    0.00    0.00     100
    4485    11.5      87    0.00   -0.03    0.00    0.00     100
    4486    10.8      93    0.03    0.01    0.00    0.00      25
    4487    10.3      95   -0.02    0.02    0.00    0.00      13
    4488    10.7      97    0.01    0.03    0.00    0.00      13
    4489    11.2      96    0.04   -0.01    0.00    0.00     100
    4490    11.2      96   -0.04   -0.02    0.00    0.08      88
    4491    11.3      96   -0.03    0.03    0.00    0.00     100
    4492    11.2      95   -0.06   -0.01    0.00    0.00     100
    4493    11.9      92    0.05    0.02    0.00    0.00     100
    4494    13.3      83    0.00   -0.07   39.48    7.31     100
    4495    15.4      75    0.00   -0.07    0.00    0.00      63
    4496    16.3      69   -0.02    0.08  352.08   78.45      38
    4497    17.7      63    0.06    0.06  962.50  150.23      25
    4498    18.4      62   -0.03   -0.04  845.67  186.90      63
    4499    18.7      61   -0.06   -0.02  744.46  161.26     100
    4500    19.8      59    0.01    0.05  290.87  251.43      75
    4501    19.7      56    0.07    0.04  254.09  273.08      63
    4502    19.6      60   -0.06    0.02   94.35  287.95      63
    4503    19.8      56   -0.03    0.06   35.66  262.40      38
    4504    20.1      58   -0.05   -0.04    6.78  156.30      50
    4505    19.9      58   -0.02    0.04    1.74   75.27     100
    4506    20.0      55    0.04    0.04    0.58   32.66     100
    4507    20.6      61    0.05   -0.01    0.06    4.28     100
    4508    17.7      69   -0.01   -0.03    0.00    0.00     100
    4509    14.9      78   -0.01    0.00    0.00    0.00      63
    4510    12.1      85   -0.02    0.01    0.00    0.00      13
    4511    10.6      90   -0.03    0.00    0.00    0.00       0
    4512    10.2      92   -0.02    0.02    0.00    0.00      50
    4513     9.5      95   -0.02   -0.01    0.00    0.00       0
    4514     8.8      95    0.02    0.01    0.00    0.00       0
    4515     8.3      96   -0.03    0.01    0.00    0.00       0
    4516     8.2      94   -0.03   -0.03    0.00    0.00       0
    4517     9.6      82   -0.03    0.02    0.00    0.00     100
    4518    12.2      73   -0.05    0.01    0.00    0.00     100
    4519    15.1      71    0.04   -0.04    0.00    0.00      50
    4520    19.5      62    0.02    0.04  909.12  100.38       0
    4521    21.5      59   -0.02   -0.03 1069.85  136.95       0
    4522    22.0      52    0.03   -0.02  855.66  141.43     100
    4523    23.0      50   -0.04   -0.01  797.46  151.68      75
    4524    23.9      51   -0.03    0.02  576.19  231.64      38
    4525    24.2      47   -0.04    0.01  383.37  301.87       0
    4526    24.6      45    0.03    0.01  147.18  330.27      25
    4527    24.9      50   -0.03   -0.01   66.46  286.67     100
    4528    24.7      48   -0.04    0.04    6.55  160.34      75
    4529    24.8      48    0.05    0.01    0.99   56.58      75
    4530    23.7      49   -0.04    0.00    0.35   25.41       0
    4531    24.8      54    0.01    0.02    0.04    3.20      25
    4532    21.4      60    0.03    0.00    0.00    0.00      88
    4533    17.6      61    0.00   -0.02    0.00    0.00      25
    4534    15.1      61   -0.01    0.01    0.00    0.00       0
    4535    13.6      60    0.01    0.01    0.00    0.00     100
    4536    12.7      66    0.00    0.01    0.00    0.00     100
    4537    12.0      68    0.00    0.00    0.00    0.00       0
    4538    10.9      80    0.00    0.00    0.00    0.08       0
    4539    10.1      84    0.00    0.00    0.00    0.00       0
    4540    10.2      68    0.02    0.00    0.00    0.00       0
    4541    11.8      67   -0.02    0.00    0.00    0.00       0
    4542    15.5      58    0.01    0.02    0.00    0.00       0
    4543    19.8      50    0.02    0.02    0.00    0.00       0
    4544    23.1      56   -0.02    0.00  936.91  102.99       0
    4545    25.5      51    0.01    0.02  499.02  195.63       0
    4546    25.8      44    0.02   -0.04  445.88  220.24       0
    4547    25.1      45    0.00   -0.02  338.67  218.53      38
    4548    26.7      51    0.00    0.00  767.81  165.10      63
    4549    25.9      41    0.02   -0.02  312.33  269.52      75
    4550    27.1      38    0.01    0.00  265.89  316.82      25
    4551    27.2      38    0.00    0.00   84.90  299.63      38
    4552    27.6      35    0.01    0.02    5.82  115.26       0
    4553    28.5      34    0.01    0.00    0.83   51.52      25
    4554    26.1      49    0.00    0.00    0.44   28.25       0
    4555    24.0      49    0.00    0.00    0.02    1.85       0
    4556    21.1      61    0.02    0.00    0.00    0.00      25
    4557    20.3      66    0.00    0.00    0.00    0.00       0
    4558    17.7      77    0.00    0.00    0.00    0.00       0
    4559    15.4      76   -0.02   -0.02    0.00    0.00       0
    4560    14.6      65   -0.04    0.00    0.00    0.00       0
    4561    13.7      68   -0.02   -0.03    0.00    0.00       0
    4562    12.8      73   -0.02    0.04    0.00    0.00       0
    4563    12.7      72   -0.01    0.04    0.00    0.00       0
    4564    12.9      76   -0.03   -0.03    0.00    0.00       0
    4565    14.3      76   -0.01   -0.04    0.00    0.00      25
    4566    16.7      77    0.00   -0.02    0.00    0.00      13
    4567    19.8      73    0.02   -0.05  500.98   43.18      13
    4568    23.7      60   -0.01    0.03  500.82  147.29      13
    4569    25.5      56    0.02    0.02   35.77  257.93      63
    4570    27.0      56    0.03    0.00   27.89  279.78     100
    4571    26.2      58    0.02   -0.01    2.97  157.44     100
    4572    25.5      49    0.02    0.01    1.23  108.01     100
    4573    23.9      59    0.00   -0.01    1.03   96.98     100
    4574    21.8      64    0.01    0.00    1.02   91.65     100
    4575    19.4      89   -0.01    0.04    0.80   70.26     100
    4576    17.7      91    0.02    0.03    0.12   14.16     100
    4577    17.7      94    0.04    0.00    0.11   16.88     100
    4578    16.6      97   -0.04    0.00    0.00    0.00     100
    4579    16.1      97    0.00    0.03    0.00    0.00     100
    4580    15.8      97   -0.01   -0.02    0.00    0.00     100
    4581    15.8      98   -0.01    0.02    0.00    0.00     100
    4582    15.6      98   -0.02    0.02    0.00    0.00     100
    4583    15.5      98   -0.03    0.01    0.00    0.00     100
    4584    15.4      98    0.03    0.02    0.00    0.00     100
    4585    15.4      99    0.01   -0.03    0.00    0.00     113
    4586    15.2      99    0.01    0.00    0.00    0.00     100
    4587    14.9      98   -0.01   -0.01    0.00    0.00     100
    4588    14.8      99    0.01    0.01    0.00    0.00     100
    4589    14.7      98   -0.01    0.02    0.00    0.00     100
    4590    15.2      95   -0.02   -0.02    0.00    0.00     100
    4591    16.1      87    0.02    0.00  669.45   55.76     100
    4592    18.5      79    0.01   -0.02  493.52  171.08      63
    4593    20.2      77   -0.01   -0.02  531.68  195.71      75
    4594    20.9      71    0.00   -0.02  105.70  313.68     100
    4595    21.5      70    0.03    0.01  213.42  318.79      88
    4596    22.4      59   -0.02   -0.02  264.08  302.00      75
    4597    22.4      61   -0.02    0.03   36.79  298.79     100
    4598    23.2      59    0.03   -0.02    3.73  171.50      88
    4599    24.0      61    0.02   -0.01    0.89   72.46     100
    4600    22.1      67    0.02   -0.04    1.38   81.73     100
    4601    20.4      69   -0.02   -0.03    0.62   44.99     100
    4602    19.0      70   -0.04    0.02    0.09    8.89     100
    4603    17.3      74   -0.04   -0.05    0.00    0.00     100
    4604    16.5      74    0.04   -0.04    0.00    0.00     100
    4605    17.7      80   -0.06    0.00    0.00    0.00     100
    4606    17.0      84   -0.01   -0.05    0.00    0.00     100
    4607    15.7      91    0.06   -0.04    0.00    0.00     100
    4608    15.6      91   -0.06    0.05    0.00    0.00     100
    4609    15.3      86   -0.06   -0.05    0.00    0.00     100
    4610    14.7      84   -0.09    0.01    0.00    0.00     100
    4611    14.1      89    0.01   -0.10    0.00    0.00     100
    4612    14.1      91   -0.05   -0.06    0.16    0.87      63
    4613    14.6      92   -0.04    0.05   25.27   28.13     100
    4614    15.0      93   -0.08   -0.03    0.81   27.15     100
    4615    15.1      96    0.06    0.05    0.67   39.49     100
    4616    14.8      98   -0.05    0.00    0.68   51.91     100
    4617    14.7      98   -0.07   -0.01    2.58  119.67     100
    4618    15.0      98   -0.05    0.03    1.13   70.67     100
    4619    15.5      98    0.08    0.00    0.06   22.29     100
    4620    16.0      98    0.07   -0.04    0.14   35.83     100
    4621    15.5      98    0.00    0.02    0.29   50.45     100
    4622    14.9      97    0.01    0.00    1.87  107.88     100
    4623    15.1      98   -0.02   -0.01   18.29  233.26     100
    4624    15.5      97    0.04    0.00    5.99  162.14     100
    4625    17.2      91   -0.01   -0.02    2.38   86.97     100
    4626    17.7      90    0.01   -0.02    0.73   35.41      75
    4627    18.0      91   -0.01    0.00    0.04    3.29     100
    4628    16.0      95    0.01   -0.02    0.00    0.00     100
    4629    15.1      98   -0.02    0.02    0.00    0.00     100
    4630    14.1      97   -0.03    0.00    0.00    0.00     100
    4631    14.0      96   -0.03    0.01    0.00    0.00     100
    4632    13.9      96   -0.02   -0.01    0.00    0.00      88
    4633    13.5      96   -0.01    0.02    0.00    0.00     100
    4634    12.8      97    0.01   -0.02    0.00    0.08     100
    4635    12.5      97    0.01   -0.03    0.00    0.00     100
    4636    12.5      97   -0.02    0.02    0.00    0.00     100
    4637    12.8      95    0.02    0.02    0.00    0.00     100
    4638    14.3      91   -0.01   -0.03   22.10    8.66     100
    4639    15.7      85   -0.01    0.03  445.21  126.69     100
    4640    15.6      79   -0.05   -0.02  444.33  122.66     100
    4641    17.0      76   -0.03   -0.02   45.49  172.78      88
    4642    17.4      84   -0.01   -0.02  474.58  228.41     100
    4643    17.3      90   -0.03   -0.01  347.73  236.37     100
    4644    18.8      75   -0.03   -0.02  244.90  242.26     100
    4645    19.5      70    0.00   -0.03  276.16  295.63     100
    4646    19.4      70   -0.02   -0.04  108.10  281.37      75
    4647    20.0      65   -0.02   -0.04   40.40  219.02     100
    4648    19.6      65   -0.02    0.01    3.18   87.24      63
    4649    19.4      74   -0.01    0.05    2.08   75.82     100
    4650    17.8      95   -0.02    0.00    0.40   25.83     100
    4651    16.5      95   -0.02    0.02    0.02    1.97     100
    4652    15.2      93    0.02    0.00    0.00    0.00      38
    4653    13.9      95   -0.02    0.02    0.00    0.00     100
    4654    13.1      93   -0.02    0.01    0.00    0.00      88
    4655    12.3      95   -0.02    0.00    0.00    0.00       0
    4656    11.4      97   -0.02    0.00    0.00    0.00     100
    4657    11.7      96   -0.01   -0.02    0.00    0.00     100
    4658    12.1      97    0.02    0.02    0.00    0.08     100
    4659    12.1      98   -0.02   -0.01    0.00    0.00     100
    4660    11.8      97    0.00    0.03    0.00    0.00     100
    4661    12.5      91   -0.04    0.04    0.00    0.00     100
    4662    14.0      84    0.03   -0.04  243.18   15.95     100
    4663    15.9      71   -0.06    0.02  360.42   69.74      38
    4664    16.7      66    0.04   -0.05  211.34  220.88      63
    4665    17.4      63   -0.02   -0.05  208.15  245.13     100
    4666    17.9      65   -0.04   -0.04  150.11  285.89     100
    4667    18.2      62   -0.04    0.03   28.92  295.64     100
    4668    18.6      59   -0.03    0.00  385.36  243.01     100
    4669    18.0      67    0.02   -0.02  206.95  260.80     100
    4670    19.2      84   -0.03   -0.02  165.70  287.63     100
    4671    19.3      80    0.01   -0.05   17.50  195.13     100
    4672    19.3      64    0.00   -0.04    5.17  149.08      88
    4673    18.6      70    0.01   -0.02    1.35   65.35     100
    4674    19.1      67    0.01    0.01    0.43   27.35     100
    4675    20.0      72    0.02    0.00    0.03    2.22       0
    4676    16.9      84    0.01   -0.01    0.00    0.00       0
    4677    13.8      87    0.01   -0.01    0.00    0.00       0
    4678    11.3      90    0.00   -0.02    0.00    0.00       0
    4679    10.3      93   -0.02   -0.02    0.00    0.00       0
    4680     9.8      94    0.03   -0.03    0.00    0.00       0
    4681     9.5      95   -0.05   -0.02    0.00    0.00       0
    4682     9.8      94   -0.01   -0.05    0.00    0.08     100
    4683    10.1      91    0.05   -0.03    0.00    0.00     100
    4684    10.6      88   -0.01   -0.06    0.00    0.00     100
    4685    11.7      84   -0.01    0.06    1.98   20.06     100
    4686    13.3      85    0.05    0.05  149.44   28.48     100
    4687    13.6      82   -0.08    0.01   19.64  121.55     100
    4688    14.6      77    0.07    0.02   53.05  200.32     100
    4689    16.1      76   -0.11   -0.02   18.23  198.31     100
    4690    17.7      64    0.02    0.10   30.16  242.60     100
    4691    19.0      67    0.12    0.01    6.20  212.66     100
    4692    19.8      61    0.05    0.09   26.76  284.57     100
    4693    20.9      63   -0.05    0.10  107.00  341.70     100
    4694    21.5      62    0.06    0.11   74.27  323.22     100
    4695    23.2      60    0.08   -0.05   30.32  263.58     100
    4696    24.6      60    0.08    0.04    4.55  142.47      13
    4697    25.6      55    0.07    0.04    1.40   65.39      25
    4698    25.3      59    0.00   -0.06    0.02    2.23      25
    4699    24.4      63    0.02    0.06    0.00    0.00     100
    4700    20.3      90   -0.03   -0.06    0.00    0.00     100
    4701    17.4      88   -0.06   -0.07    0.00    0.00     100
    4702    16.6      86    0.06    0.01    0.00    0.00     100
    4703    16.8      92    0.04    0.02    0.00    0.00     100
    4704    16.7      93    0.05    0.03    0.00    0.00     100
    4705    16.4      95    0.06    0.03    0.00    0.00     100
    4706    16.5      95   -0.03   -0.03    0.00    0.09     100
    4707    16.7      97    0.02   -0.04    0.00    0.08     100
    4708    16.9      97    0.04   -0.01    0.46   14.61     100
    4709    16.6      94    0.03   -0.03   71.75   36.01     100
    4710    15.9      97   -0.03    0.03  174.80   58.12     100
    4711    15.8      97    0.05    0.00  202.49  137.57     100
    4712    16.0      94    0.01   -0.03  352.52  177.69     100
    4713    17.6      95    0.05   -0.02  913.47  181.52     100
    4714    18.7      82    0.05    0.00  443.48  247.96      88
    4715    21.1      79    0.01   -0.04   68.46  140.14     100
    4716    21.5      75   -0.05    0.04  101.84  276.47     100
    4717    18.8      77   -0.03    0.04   32.72  244.23     100
    4718    18.4      89    0.06    0.00   76.15  258.08     100
    4719    19.1      81   -0.02   -0.03    7.69  130.69     100
    4720    19.7      77   -0.03   -0.02    1.98   95.39     100
    4721    18.5      80   -0.03   -0.01    0.95   51.62     100
    4722    17.5      90   -0.05    0.00    1.67   45.61     100
    4723    16.9      94    0.00   -0.02    0.00    0.00     100
    4724    16.2      97   -0.03   -0.01    0.00    0.00      63
    4725    15.1      95    0.00    0.04    0.00    0.00      88
    4726    14.7      93    0.01    0.03    0.00    0.00     100
    4727    14.4      91    0.00   -0.03    0.00    0.00     100
    4728    14.0      93   -0.03    0.00    0.00    0.00     100
    4729    13.7      95   -0.01   -0.04    0.00    0.00     100
    4730    13.8      94   -0.03   -0.03    0.00    0.00     100
    4731    14.1      94   -0.02    0.04    0.00    0.00     100
    4732    13.7      94    0.02   -0.04    0.00   11.63     100
    4733    14.3      93    0.04   -0.01   22.35    3.73     100
    4734    14.8      97    0.03    0.03   26.08   48.05     100
    4735    15.8      92    0.01    0.02  100.89   82.32     100
    4736    15.9      94   -0.03    0.01  167.23  164.40     100
    4737    16.5      93   -0.03    0.03  208.18  170.67     100
    4738    18.7      80   -0.04   -0.02   63.89  259.96      63
    4739    17.6      89    0.03   -0.01  202.32  271.82     100
    4740    14.4      88    0.02    0.03   63.52  290.62     100
    4741    16.1      79    0.04    0.02  174.55  296.67     100
    4742    17.8      80   -0.06   -0.02  194.83  281.06     100
    4743    18.4      66    0.04   -0.03   31.68  200.32     100
    4744    18.2      70   -0.01    0.04    6.31  125.79     100
    4745    17.6      71   -0.03    0.01    0.91   51.09      50
    4746    16.9      81    0.01   -0.03    0.73   33.46     100
    4747    15.9      85   -0.02    0.01    0.02    1.84     100
    4748    14.6      90    0.04    0.01    0.00    0.00     100
    4749    13.1      91    0.00    0.04    0.00    0.00     100
    4750    12.9      94    0.05    0.00    0.00    0.00     100
    4751    12.6      94    0.02    0.05    0.00    0.00     100
    4752    12.5      94    0.03    0.04    0.00    0.00     100
    4753    12.1      92    0.01    0.04    0.00    0.00     100
    4754    11.8      93    0.05    0.00    0.00    0.08      88
    4755    11.8      91   -0.02   -0.04    0.00    0.00     100
    4756    11.5      90   -0.02   -0.05    0.00    0.00     100
    4757    12.1      87    0.08    0.01    0.00    0.00     100
    4758    13.0      78    0.05   -0.06   31.02   16.06     100
    4759    13.6      79    0.01   -0.06  149.67   18.16     100
    4760    14.9      72   -0.03    0.06  125.59   99.67      75
    4761    16.3      65    0.06    0.03  554.53  205.10     100
    4762    16.4      61   -0.05    0.05  651.36  182.77      50
    4763    17.0      64   -0.05   -0.03   56.15  183.78     100
    4764    18.1      66    0.08   -0.01  202.04  230.30     100
    4765    16.5      67    0.06    0.06  179.40  273.29     100
    4766    17.1      64    0.03   -0.08   42.01  252.05     100
    4767    17.5      62    0.01    0.07   12.70  216.24     100
    4768    17.2      65    0.06    0.02    5.50  158.66     100
    4769    16.5      65   -0.06   -0.01    2.46   86.56     100
    4770    15.9      69    0.04    0.03    0.71   33.63     100
    4771    15.0      72    0.03    0.04    0.00    0.18     100
    4772    14.0      74   -0.03   -0.02    0.00    0.00     100
    4773    13.1      78    0.02   -0.01    0.00    0.00     100
    4774    12.6      83    0.02   -0.03    0.00    0.00     100
    4775    12.1      84   -0.01    0.01    0.00    0.00     100
    4776    11.9      88    0.00    0.02    0.00    0.00     100
    4777    11.8      90   -0.02    0.01    0.00    0.00     100
    4778    11.4      93    0.02    0.00    0.00    0.00     100
    4779    10.8      94   -0.03   -0.01    0.00    0.00     100
    4780    10.7      92    0.04   -0.03    0.00    0.00     100
    4781    11.3      91    0.02   -0.03    0.00    0.00     100
    4782    11.7      88   -0.03   -0.05  146.99   17.20     100
    4783    13.2      78    0.03   -0.07  386.03   71.06     100
    4784    14.3      74   -0.05   -0.07  455.49   85.82     100
    4785    15.3      65   -0.07   -0.06 1000.91  147.56     100
    4786    16.5      62   -0.07    0.05  947.53  145.63      88
    4787    17.1      54   -0.09   -0.01  858.96  139.30      63
    4788    17.1      53    0.06    0.05  477.73  218.66      38
    4789    17.5      51   -0.08    0.06  288.88  266.89     100
    4790    17.1      53   -0.07    0.05  169.73  277.92     100
    4791    17.1      58   -0.02    0.09   31.99  196.27      63
    4792    17.1      60    0.01   -0.07   10.15  148.97      38
    4793    16.3      66    0.07   -0.03    1.58   67.96     100
    4794    16.0      68    0.02   -0.05    0.40   24.48      88
    4795    15.3      73    0.02    0.03    0.00    0.00      63
    4796    13.5      79    0.00    0.02    0.00    0.00      38
    4797    12.3      82   -0.01    0.01    0.00    0.00     100
    4798    11.3      87    0.01   -0.01    0.00    0.00     100
    4799    10.6      90   -0.01   -0.02    0.00    0.00     100
    4800    10.6      91    0.02   -0.01    0.00    0.00     100
    4801    10.7      95    0.02    0.00    0.00    0.00     100
    4802    10.7      96   -0.01   -0.01    0.00    0.00     100
    4803    11.0      97   -0.01   -0.02    0.00    0.00     100
    4804    11.0      97   -0.02    0.00    0.00    0.00     100
    4805    11.1      95   -0.03   -0.03    0.00    0.00     100
    4806    11.8      90   -0.03   -0.02   40.49    2.63     100
    4807    13.0      82   -0.03   -0.02  196.45  146.34     100
    4808    14.1      79   -0.03   -0.03  261.59  176.57     100
    4809    13.5      80    0.04    0.02  422.12  216.14     100
    4810    14.2      72   -0.04    0.02  693.43  201.22     100
    4811    16.1      67    0.06    0.02  861.66  156.25     100
    4812    17.7      64    0.01    0.06  369.01  252.50      88
    4813    18.6      59   -0.02   -0.07  127.23  234.00     100
    4814    19.0      58    0.08   -0.01   70.39  241.95     100
    4815    18.1      67    0.08   -0.01   63.96  238.04      88
    4816    17.8      63    0.06    0.03    7.97  156.28     100
    4817    17.6      67    0.01    0.07    1.61   68.16      75
    4818    17.0      74    0.01   -0.04    0.31   20.66     100
    4819    15.5      81    0.02    0.03    0.00    0.00      75
    4820    14.1      86   -0.02   -0.03    0.00    0.00     100
    4821    13.0      88    0.03   -0.03    0.00    0.00     100
    4822    12.1      92    0.04    0.02    0.00    0.00     100
    4823    12.2      95   -0.01   -0.02    0.00    0.00     100
    4824    11.9      97   -0.02   -0.01    0.00    0.00     100
    4825    11.7      97   -0.01   -0.03    0.00    0.00     100
    4826    11.6      98    0.03    0.01    0.00    0.09     100
    4827    11.5      98    0.03    0.00    0.00    0.00     100
    4828    11.5      98   -0.02    0.02    0.00    0.00     100
    4829    11.8      95   -0.04    0.00    0.00    0.00     100
    4830    12.9      89   -0.04    0.03   17.74    8.85     100
    4831    13.6      77    0.06    0.04  378.20   74.19     100
    4832    15.3      70    0.03    0.04  216.65  170.37      88
    4833    15.8      70    0.00    0.05  182.86  181.86     100
    4834    15.4      70    0.05    0.02   16.51  204.97     100
    4835    15.9      70    0.01    0.06   24.41  289.24     100
    4836    15.1      69    0.05   -0.02   11.95  226.93     100
    4837    16.1      60   -0.04    0.00   50.15  236.12     100
    4838    16.5      66   -0.04    0.00    8.20  209.10     100
    4839    16.0      64    0.03    0.03   23.51  186.86     100
    4840    16.3      62    0.01    0.03    6.51  142.03     100
    4841    16.2      64    0.00   -0.04    0.85   49.40      88
    4842    16.2      63   -0.01    0.01    0.19   16.49      88
    4843    15.1      73    0.02    0.00    0.00    0.00     100
    4844    14.1      80   -0.01    0.00    0.00    0.00     100
    4845    13.1      85   -0.01    0.00    0.00    0.00     100
    4846    12.0      88    0.01    0.01    0.00    0.00     100
    4847    10.5      93   -0.02    0.00    0.00    0.00     100
    4848     9.2      96    0.00   -0.02    0.00    0.00     100
    4849     8.4      97    0.00    0.02    0.00    0.00     100
    4850     8.4      97   -0.01    0.01    0.00    0.00     100
    4851     8.6      97   -0.02   -0.03    0.00    0.00     100
    4852     8.8      98    0.02    0.00    0.00    0.00     100
    4853     9.7      97    0.00    0.03    0.00    0.00     100
    4854    11.0      90   -0.01    0.03   22.96    7.49     100
    4855    12.5      85   -0.02    0.00  254.93   85.92     100
    4856    14.1      78   -0.02   -0.03  362.86  115.08     100
    4857    16.3      86    0.04    0.01  462.80  210.63     100
    4858    17.2      66    0.01    0.03  648.44  206.82     100
    4859    16.8      67   -0.03   -0.04  158.95  262.92     100
    4860    17.8      64    0.03   -0.03  164.04  276.05     100
    4861    15.7      67   -0.02   -0.04  315.00  270.32     100
    4862    16.0      60    0.00    0.05   77.02  231.28      75
    4863    17.2      56    0.04    0.01   80.83  254.51      88
    4864    17.1      58   -0.03   -0.03   24.35  185.38      50
    4865    17.0      63    0.02   -0.01    0.73   46.29      88
    4866    17.1      68    0.00   -0.01    0.18   16.63     100
    4867    14.9      81    0.02    0.01    0.00    0.00      38
    4868    13.1      87   -0.02   -0.01    0.00    0.00       0
    4869    11.8      92    0.02   -0.01    0.00    0.00      63
    4870    10.8      96   -0.01   -0.01    0.00    0.00     100
    4871     9.7      98    0.00    0.02    0.00    0.00      13
    4872     8.3      98    0.00   -0.02    0.00    0.00       0
    4873     7.2      98   -0.02   -0.01    0.00    0.00      25
    4874     6.6      98   -0.02    0.00    0.00    0.11      38
    4875     6.6      99    0.02    0.00    0.00    0.00      50
    4876     7.1      99    0.02    0.03    0.00    0.00       0
    4877     8.4      96    0.02    0.00    0.00    0.00       0
    4878    10.3      89    0.01   -0.02    0.00    0.00       0
    4879    14.5      80   -0.02   -0.02  215.99   41.74      88
    4880    17.2      68   -0.01   -0.03  401.95   71.84      63
    4881    17.7      62   -0.01   -0.02  338.58  212.75      63
    4882    19.5      59   -0.01    0.02  793.25  179.23      88
    4883    18.4      54    0.00   -0.02  334.62  282.05      25
    4884    19.6      44    0.01   -0.02  112.58  313.76     100
    4885    21.4      54    0.02   -0.01   91.55  262.58     100
    4886    21.1      55    0.01   -0.02   17.30  250.97     100
    4887    21.8      58    0.01   -0.03    2.71  130.62     100
    4888    21.5      63   -0.03   -0.01    2.78  110.10     100
    4889    19.7      74    0.03    0.02    0.67   43.79     100
    4890    18.4      76    0.02    0.02    0.08    8.92     100
    4891    16.9      80    0.00   -0.03    0.00    0.00     100
    4892    15.2      93    0.02    0.00    0.00    0.00     100
    4893    13.8      96    0.00    0.03    0.00    0.00     100
    4894    13.5      96   -0.01    0.02    0.00    0.00     100
    4895    13.2      97    0.00   -0.03    0.00    0.00     100
    4896    13.2      98    0.02    0.02    0.00    0.00     100
    4897    13.3      98    0.02   -0.01    0.00    0.00     100
    4898    13.4      98    0.03    0.00    0.00    0.00     100
    4899    13.3      99    0.03   -0.04    0.00    0.17     100
    4900    13.5      99    0.01    0.04    0.00    8.26     100
    4901    13.7      99   -0.06   -0.01    1.85   14.00     100
    4902    14.1      99   -0.03    0.05  169.63   38.88     100
    4903    14.9      99    0.07    0.00   28.43   89.39     100
    4904    16.2      96    0.02   -0.06  163.67  200.27     100
    4905    16.7      97    0.06    0.00    7.63  157.42     100
    4906    17.7      92    0.03   -0.03  100.01  218.48     100
    4907    17.7      97    0.00   -0.05  102.95  223.61     100
    4908    18.2      91    0.03   -0.04   22.90  227.79     100
    4909    18.6      93    0.03   -0.02   12.58  184.94     100
    4910    17.8      98    0.01    0.05    4.28  160.07     100
    4911    17.7      95   -0.04   -0.03    0.67   60.19     100
    4912    17.0      96    0.02   -0.04    0.67   54.31     100
    4913    16.2      94   -0.03    0.01    0.28   27.45     100
    4914    15.6      92   -0.01    0.03    0.00    0.00     100
    4915    15.1      94   -0.04   -0.02    0.00    0.00     100
    4916    14.4      95   -0.03    0.01    0.00    0.00     100
    4917    14.0      98   -0.03    0.02    0.00    0.00     100
    4918    13.7      98    0.00   -0.03    0.00    0.00     100
    4919    13.5      99   -0.01   -0.02    0.00    0.00     100
    4920    13.2      99   -0.02   -0.02    0.00    0.00     100
    4921    13.1      99    0.01    0.03    0.00    0.00     100
    4922    12.9      98   -0.02   -0.01    0.00    0.00     100
    4923    12.8      98   -0.01   -0.02    0.00    0.00     100
    4924    12.6      98   -0.03    0.00    0.00    0.00     100
    4925    12.9      98    0.01   -0.03    0.00    0.00     100
    4926    13.8      95   -0.03    0.00   30.84    1.92     100
    4927    14.8      90   -0.02   -0.02  290.19   69.60     100
    4928    16.1      81   -0.01    0.03  263.78   38.52     100
    4929    17.5      78   -0.02   -0.03  779.30  169.47      63
    4930    18.7      67   -0.04   -0.01  702.15  173.67      50
    4931    19.3      64   -0.03    0.03  565.51  187.80      25
    4932    18.9      63    0.05    0.00  304.90  221.49      63
    4933    18.9      58    0.04   -0.01  260.15  247.14      63
    4934    18.6      65   -0.02    0.05  141.82  265.63      88
    4935    18.5      55   -0.05   -0.05   57.86  202.35      88
    4936    18.4      58    0.06   -0.02    7.17  143.90      75
    4937    17.9      69    0.01   -0.06    0.81   46.85      63
    4938    17.2      69    0.01   -0.02    0.24   17.35      50
    4939    15.7      81    0.00   -0.02    0.00    0.00      38
    4940    14.2      85   -0.01   -0.01    0.00    0.00      38
    4941    12.9      91   -0.01   -0.01    0.00    0.00      25
    4942    11.8      91   -0.02   -0.01    0.00    0.00      50
    4943    10.8      94   -0.01    0.02    0.00    0.00      13
    4944    10.6      93    0.02   -0.02    0.00    0.00     100
    4945    10.9      95    0.01   -0.02    0.00    0.00      88
    4946    11.0      94   -0.03    0.00    0.00    0.09     100
    4947    10.7      95    0.01    0.02    0.00    0.00     100
    4948    10.6      95    0.03    0.01    0.00    0.00     100
    4949    11.0      96   -0.03    0.00    0.00    0.00     100
    4950    12.0      90    0.02    0.02  201.23   11.97     100
    4951    13.9      79    0.02   -0.04  291.77  101.06     100
    4952    14.8      74    0.02   -0.02  215.17  128.12     100
    4953    15.1      78   -0.02   -0.03  425.72  201.44     100
    4954    15.5      71   -0.01    0.04  719.71  209.29     100
    4955    16.3      69    0.03    0.00  612.66  212.17     100
    4956    17.4      73    0.03    0.04  221.69  251.16     100
    4957    18.1      78   -0.04    0.03  192.83  266.77     100
    4958    17.7      78    0.03   -0.02   30.55  180.39     100
    4959    17.3      64   -0.03   -0.01   20.79  147.63      38
    4960    16.3      73   -0.02    0.01    1.64   84.63     100
    4961    13.7      87    0.00   -0.03    1.73   68.01     100
    4962    12.9      90    0.02    0.02    0.06    6.31     100
    4963    12.7      95   -0.03   -0.02    0.00    0.00     100
    4964    11.8      96    0.01    0.03    0.00    0.00     100
    4965    11.6      97    0.04   -0.01    0.00    0.00     100
    4966    11.3      97    0.02    0.02    0.00    0.00     100
    4967    11.0      98    0.04    0.04    0.00    0.00     100
    4968    11.0      98    0.01   -0.04    0.00    0.00     100
    4969    11.0      98   -0.02   -0.04    0.00    0.00     100
    4970    11.1      98    0.05    0.02    0.00    0.00     100
    4971    11.1      99   -0.01    0.04    0.00    0.00     100
    4972    11.1      99   -0.01   -0.03    0.00    9.18     100
    4973    11.5      99   -0.03   -0.01    2.79   19.18     100
    4974    11.8      99   -0.02   -0.01  248.50   41.37     100
    4975    12.6      98    0.02    0.03  326.62  104.70     100
    4976    13.5      97   -0.01    0.03    8.86   95.39     100
    4977    14.6      94    0.02   -0.02  509.08  134.11     100
    4978    13.3      94    0.04    0.00  222.01  241.69     100
    4979    14.4      87   -0.02    0.05  363.66  184.25     100
    4980    16.2      78   -0.04   -0.03  165.73  194.49      75
    4981    17.1      71    0.04   -0.03  141.07  230.28      88
    4982    17.1      70    0.02   -0.03  168.68  262.43     100
    4983    17.2      69   -0.02    0.04   62.73  226.28     100
    4984    17.6      65    0.01   -0.04   11.88  166.11      63
    4985    17.4      64    0.01    0.04    1.61   63.25      50
    4986    17.4      70   -0.02   -0.01    0.21   16.09      13
    4987    18.7      77    0.00    0.01    0.00    0.00      25
    4988    14.7      89   -0.01    0.00    0.00    0.00       0
    4989    11.6      93   -0.01    0.01    0.00    0.00      13
    4990    10.4      95    0.00    0.02    0.00    0.00      63
    4991    10.2      97    0.00    0.00    0.00    0.00      75
    4992     9.0      98    0.00   -0.01    0.00    0.00      25
    4993     8.4      99    0.00    0.02    0.00    0.00      50
    4994     8.2      99   -0.02    0.02    0.00    0.08      63
    4995     7.5      99   -0.02    0.00    0.00    0.00     100
    4996     7.4      99    0.02   -0.01    0.00    0.00     100
    4997     7.9      98   -0.02    0.01    0.00    0.00     100
    4998     9.8      94    0.00   -0.03    0.00    0.00     100
    4999    14.1      81   -0.03   -0.09   46.27   37.34     100
    5000    16.9      97    0.04   -0.05  311.02   33.12     100
    5001    18.7      94   -0.03   -0.08  867.74  176.49     100
    5002    20.0      89   -0.07    0.03  866.73  162.31     100
    5003    20.0      89   -0.06   -0.04  815.44  144.69     100
    5004    21.0      87    0.06   -0.03  465.86  229.69     100
    5005    21.4      94   -0.01   -0.06  236.06  249.12     100
    5006    22.4      92    0.02   -0.03  102.82  223.88     100
    5007    21.4      85    0.01   -0.03   71.41  282.20     100
    5008    17.9      79    0.01   -0.03    9.02  160.23     100
    5009    19.5      69    0.04    0.01    0.85   47.84      88
    5010    20.8      74   -0.01    0.02    0.18   14.81     100
    5011    21.6      88   -0.01   -0.02    0.00    0.00      63
    5012    16.7      90    0.00    0.02    0.00    0.00     100
    5013    13.9      95    0.01    0.01    0.00    0.00      50
    5014    13.1      93   -0.02    0.01    0.00    0.00     100
    5015    11.7      97    0.01   -0.01    0.00    0.00     100
    5016    10.1      97    0.00    0.02    0.00    0.00      88
    5017     9.3      97   -0.01   -0.02    0.00    0.00      88
    5018     8.9      98    0.02   -0.01    0.00    0.08     100
    5019     9.3      97   -0.01    0.03    0.00    0.00     100
    5020     9.5      98    0.03   -0.03    0.00    0.00     100
    5021     9.9      97    0.04   -0.01    0.00    0.00     100
    5022    11.7      95   -0.01   -0.03  355.36   20.04     100
    5023    15.4      94   -0.02    0.03  377.55  135.65     100
    5024    18.6      91    0.04    0.00  823.88  110.59     100
    5025    19.1      85    0.00    0.03  345.53  210.32     100
    5026    21.2      90    0.00   -0.02   69.19  260.71     100
    5027    22.1      95    0.03   -0.03  175.28  217.95     100
    5028    22.1      95    0.05   -0.01  319.19  273.86     100
    5029    21.1      97   -0.03   -0.04  247.59  303.09     100
    5030    22.4      96    0.01   -0.04   64.88  281.53     100
    5031    23.6      95    0.04    0.02    7.38  187.87     100
    5032    23.7      91    0.05   -0.04    1.39   76.45     100
    5033    22.1      94   -0.05    0.02    0.48   32.15     100
    5034    20.7      96   -0.06   -0.01    0.00    0.00     100
    5035    18.9      94   -0.03    0.04    0.00    0.00     100
    5036    17.2      95    0.01    0.04    0.00    0.00     100
    5037    16.6      95    0.03    0.04    0.00    0.00     100
    5038    16.1      95    0.04    0.00    0.00    0.00     100
    5039    15.6      98    0.04    0.01    0.00    0.00     100
    5040    15.4      98   -0.03   -0.03    0.00    0.00     100
    5041    15.4      99    0.03    0.01    0.00    0.00     100
    5042    15.2      98   -0.01    0.03    0.00    0.00     100
    5043    15.0      98    0.02    0.03    0.00    0.00     100
    5044    14.6      96    0.04   -0.02    0.00    0.00     100
    5045    14.7      95   -0.02   -0.05    0.37    4.45     100
    5046    15.2      94    0.06   -0.02  356.31   31.06     100
    5047    15.5      94    0.04    0.02  274.27  113.04     100
    5048    16.0      90    0.01    0.05  122.30  154.93     100
    5049    16.8      82   -0.01    0.07  868.35  162.37     100
    5050    17.2      80    0.00   -0.06  393.76  222.59     100
    5051    18.1      78    0.06   -0.04  690.52  165.45     100
    5052    19.0      74    0.07   -0.03  357.78  229.62     100
    5053    20.1      70    0.07   -0.02  339.92  270.09     100
    5054    19.7      74    0.09    0.04  220.24  252.36     100
    5055    20.8      79   -0.04    0.06   32.20  198.48     100
    5056    20.7      81    0.04    0.04    2.85  108.58     100
    5057    19.6      86    0.03    0.05    1.31   56.72     100
    5058    16.7      91    0.02    0.04    0.11    9.25     100
    5059    16.2      93    0.05    0.02    0.00    0.00     100
    5060    14.9      95   -0.03    0.05    0.00    0.00     100
    5061    13.9      94   -0.04    0.03    0.00    0.00     100
    5062    13.3      93   -0.03    0.05    0.00    0.00     100
    5063    13.2      93    0.05    0.02    0.00    0.00     100
    5064    13.1      95    0.02    0.04    0.00    0.00     100
    5065    12.1      96    0.06   -0.01    0.00    0.00     100
    5066    10.7      97   -0.01   -0.04    0.00    0.08     100
    5067    11.4      98   -0.03    0.04    0.00    0.00      50
    5068    11.8      99    0.00    0.04    0.00    0.00      13
    5069    12.3      95   -0.02   -0.03    0.00    0.00      38
    5070    13.6      89    0.03   -0.04  174.52   32.57      25
    5071    14.6      83    0.02    0.03  247.12  135.53      88
    5072    15.8      73   -0.03    0.00   39.15  192.95      50
    5073    16.3      67    0.02    0.04    5.77  158.59      88
    5074    16.7      66    0.01   -0.03  109.97  278.96     100
    5075    15.4      61   -0.02   -0.02   19.85  231.99      25
    5076    16.3      57    0.02    0.02   86.07  247.72      25
    5077    17.0      54   -0.01   -0.01   27.91  199.56      63
    5078    18.2      53   -0.02    0.00   22.56  235.38      63
    5079    17.1      55    0.01    0.03   22.15  191.33      75
    5080    18.0      57   -0.02    0.00    2.04   80.85       0
    5081    18.1      55   -0.01    0.02    0.53   35.94      88
    5082    17.2      55    0.03   -0.02    0.09    8.39      25
    5083    15.0      75    0.00    0.00    0.00    0.00       0
    5084    14.4      81    0.00    0.00    0.00    0.00       0
    5085    13.2      71    0.00    0.00    0.00    0.00       0
    5086    11.8      80   -0.01    0.00    0.00    0.00       0
    5087    11.8      89    0.01    0.00    0.00    0.00       0
    5088    11.2      87    0.02    0.00    0.00    0.00       0
    5089    11.6      85   -0.01    0.02    0.00    0.00       0
    5090    12.2      75   -0.01   -0.02    0.00    0.00       0
    5091    12.2      70   -0.02    0.02    0.00    0.08       0
    5092    12.1      71    0.00   -0.02    0.00    3.23       0
    5093    12.4      74   -0.02    0.02    0.00    2.98       0
    5094    13.0      70   -0.03    0.02  169.78   43.87       0
    5095    13.9      65   -0.05    0.00  267.56  142.38       0
    5096    15.3      57    0.00    0.03  170.87  193.46       0
    5097    16.9      57   -0.03    0.00   32.67  238.71       0
    5098    17.8      56    0.00    0.04   13.30  229.89       0
    5099    18.4      55   -0.03    0.01    7.61  214.02     100
    5100    18.8      54    0.00   -0.02   56.37  291.70      88
    5101    17.8      56    0.00    0.02    6.47  223.52      13
    5102    19.2      53   -0.02    0.02   14.31  236.18      13
    5103    19.2      52   -0.03    0.03    3.78  148.70      75
    5104    19.2      49    0.05   -0.03    6.19  149.93     100
    5105    18.6      53   -0.02   -0.02    0.81   44.06      88
    5106    18.3      60    0.00    0.02    0.06    7.71      25
    5107    16.5      68   -0.02    0.00    0.00    0.00      38
    5108    14.6      78    0.01   -0.01    0.00    0.00       0
    5109    14.0      77    0.00    0.00    0.00    0.00     100
    5110    13.7      83   -0.01   -0.01    0.00    0.00      75
    5111    13.6      83    0.00   -0.02    0.00    0.00     100
    5112    13.4      85   -0.01    0.05    0.00    0.00     100
    5113    13.1      87    0.00   -0.05    0.00    0.00     100
    5114    13.0      88    0.00    0.04    0.00    0.00     100
    5115    13.1      86   -0.01    0.07    0.00    0.08      88
    5116    13.1      86    0.05    0.03    0.00    0.00     100
    5117    12.9      86    0.06    0.03    0.00    0.00      63
    5118    12.9      88    0.06    0.01  370.57   19.62     100
    5119    13.5      88   -0.03    0.02  664.21  101.10     100
    5120    14.8      91   -0.03   -0.02  276.30  196.20     100
    5121    16.6      95    0.02   -0.03  194.49  181.38     100
    5122    17.9      97    0.02   -0.01  383.10  234.07     100
    5123    17.5      95    0.01   -0.01   62.87  309.19     100
    5124    19.3      91   -0.02    0.00  194.40  320.32     100
    5125    19.0      84    0.04   -0.02   69.12  316.00     100
    5126    19.9      93   -0.02   -0.03   37.27  176.89     100
    5127    20.8      92   -0.01    0.03    1.45   90.02     100
    5128    21.0      87    0.00    0.03    1.99   90.65     100
    5129    18.1      84    0.02   -0.02    1.34   58.56     100
    5130    17.3      83    0.02   -0.01    0.26   15.53     100
    5131    19.1      88    0.02    0.00    0.00    0.00     100
    5132    15.6      96    0.01    0.00    0.00    0.00      63
    5133    13.3      95   -0.01   -0.02    0.00    0.00     100
    5134    12.3      94   -0.01   -0.03    0.00    0.00     100
    5135    11.7      94    0.00   -0.03    0.00    0.00      88
    5136    11.9      91   -0.02    0.02    0.00    0.00     100
    5137    12.2      94    0.01    0.02    0.00    0.00     100
    5138    12.7      94   -0.01   -0.02    0.00    0.00     100
    5139    13.3      95   -0.01    0.01    0.00    0.08     100
    5140    13.2      95    0.01   -0.02    0.00    0.00     100
    5141    13.5      93   -0.01    0.02    0.00    0.00     100
    5142    14.0      90    0.00   -0.03   45.56    2.58     100
    5143    14.4      81    0.00   -0.03  912.98   73.03     100
    5144    15.6      73   -0.04   -0.02   73.60  177.52     100
    5145    16.5      68    0.04    0.00    5.96  163.61     100
    5146    16.9      63   -0.02    0.04    2.42  124.82      88
    5147    16.3      63   -0.04   -0.02    2.14  128.87     100
    5148    15.7      64    0.00   -0.06    2.18  134.59     100
    5149    15.5      63   -0.07    0.02    4.11  179.75     100
    5150    15.8      62   -0.07   -0.02    4.63  181.01      88
    5151    16.3      59   -0.06   -0.03    4.65  163.27      38
    5152    16.8      60    0.04   -0.04    1.48   75.34      38
    5153    16.9      59    0.00   -0.04    0.49   35.00     100
    5154    16.7      64   -0.03   -0.01    0.05    5.82      50
    5155    16.3      73    0.02   -0.02    0.00    0.00       0
    5156    15.9      83    0.02    0.01    0.00    0.00       0
    5157    14.6      92    0.00    0.00    0.00    0.00       0
    5158    13.5      94   -0.01    0.00    0.00    0.00       0
    5159    13.0      97   -0.02    0.01    0.00    0.00       0
    5160    13.4      97    0.00   -0.01    0.00    0.00     113
    5161    13.5      97    0.00   -0.02    0.00    0.00     113
    5162    13.1      97    0.01    0.01    0.00    0.00     100
    5163    13.5      99   -0.02    0.01    0.00    0.08     100
    5164    14.1      99   -0.01   -0.01    0.00    0.00     100
    5165    14.3      99   -0.02   -0.01    0.00    0.00     113
    5166    15.1      96    0.00   -0.03  201.40   10.84     100
    5167    16.2      85   -0.02    0.00  637.87   84.40     100
    5168    17.3      72    0.02   -0.03  403.62  151.77      38
    5169    18.8      59    0.03   -0.01  111.45  251.88      50
    5170    21.0      65   -0.03   -0.04  206.97  270.17     100
    5171    20.1      46    0.02   -0.04  114.60  278.35      63
    5172    20.9      49   -0.03    0.05   52.52  247.77      38
    5173    20.6      49    0.04   -0.03   17.22  240.05     100
    5174    20.5      50    0.05    0.01    2.11  118.07      38
    5175    19.8      48    0.00    0.06    4.81  149.12     100
    5176    18.6      47   -0.05    0.00    2.61   95.00      25
    5177    18.2      56    0.01   -0.03    0.47   29.97      63
    5178    17.5      57    0.01   -0.03    0.12    9.13      25
    5179    16.1      67    0.01   -0.02    0.00    0.00       0
    5180    15.6      76    0.00    0.00    0.00    0.00      13
    5181    15.3      82   -0.01    0.00    0.00    0.00      25
    5182    14.9      81   -0.01    0.01    0.00    0.00      75
    5183    14.3      84   -0.01    0.00    0.00    0.00      38
    5184    13.4      85   -0.01    0.00    0.00    0.00      88
    5185    12.8      87    0.01    0.01    0.00    0.00      38
    5186    13.1      91    0.00    0.00    0.00    0.00     100
    5187    13.2      92    0.01   -0.01    0.00    0.16     100
    5188    12.9      92    0.01    0.01    0.00    1.42     100
    5189    12.9      90   -0.01   -0.02    0.00    7.52     100
    5190    13.0      94    0.02    0.03   25.56   40.82     100
    5191    13.3      92    0.03    0.03   14.14  114.07     100
    5192    13.2      95    0.00    0.04    9.54  146.33     100
    5193    13.8      93   -0.06    0.01   35.88  184.96     100
    5194    14.8      91    0.06   -0.02  171.04  268.81     100
    5195    15.6      91    0.00   -0.05  221.71  273.77     100
    5196    17.4      93   -0.03    0.03   28.05  286.44     100
    5197    18.2      81    0.04   -0.03  150.74  282.97     100
    5198    18.4      80   -0.05   -0.01   59.37  227.92     100
    5199    18.9      88    0.03    0.05   43.05  229.25     100
    5200    18.7      96    0.05    0.02    5.74  115.29     100
    5201    18.5      97   -0.04    0.02    0.76   42.95     100
    5202    17.9      97    0.00    0.05    0.09    8.19     100
    5203    18.0      98   -0.02   -0.02    0.00    0.00     100
    5204    13.4      98   -0.01    0.03    0.00    0.00     100
    5205    11.1      99    0.01   -0.02    0.00    0.00     113
    5206     9.8      99   -0.02   -0.01    0.00    0.00     100
    5207     8.9      99   -0.01    0.02    0.00    0.00     100
    5208     8.5      98    0.00    0.03    0.00    0.00     100
    5209     8.2      99   -0.02    0.00    0.00    0.00     100
    5210     7.9      98    0.00    0.03    0.00    0.00     100
    5211     7.7      98   -0.01    0.01    0.00    0.08     100
    5212     7.4      99   -0.01    0.02    0.00    0.00     100
    5213     8.0      98    0.02   -0.02    0.00    0.00     100
    5214     9.7      97   -0.02   -0.02    0.00    0.00     100
    5215    13.3      88   -0.02    0.03  653.71   73.06      50
    5216    17.5      80   -0.01    0.02  142.89  187.33      13
    5217    18.3      65    0.02   -0.01  273.17  226.57       0
    5218    17.8      52    0.01   -0.03   11.77  193.87       0
    5219    18.2      49    0.02   -0.01    2.17  125.64       0
    5220    18.2      49    0.00   -0.03    3.51  160.10       0
    5221    17.1      48    0.03    0.02    0.71   74.66      25
    5222    16.0      50    0.01   -0.03    0.54   61.81     100
    5223    14.4      55    0.00   -0.01    0.33   43.09     100
    5224    13.5      52    0.00   -0.01    0.06   15.07      88
    5225    12.5      51    0.01    0.01    0.02    3.90     100
    5226    11.6      71    0.00    0.00    0.00    0.00     100
    5227    11.8      70    0.00   -0.01    0.00    0.00      88
    5228    11.9      64   -0.03    0.01    0.00    0.00     100
    5229    12.1      64   -0.01   -0.03    0.00    0.00     100
    5230    12.3      67    0.02    0.02    0.00    0.00     100
    5231    12.4      71    0.03   -0.02    0.00    0.00     100
    5232    12.4      75    0.03   -0.03    0.00    0.00     100
    5233    12.4      73    0.01    0.03    0.00    0.00     100
    5234    12.4      72   -0.04   -0.01    0.00    0.00     100
    5235    12.7      67   -0.04    0.00    0.00    0.14     100
    5236    13.0      73    0.04    0.02    0.00    1.79     100
    5237    13.4      73    0.04    0.02    0.00    7.64     100
    5238    13.9      72    0.03   -0.02   43.35   33.56     100
    5239    14.5      66   -0.04   -0.01    3.38   73.08     100
    5240    15.5      61    0.02   -0.03    2.90   92.68     100
    5241    15.9      53   -0.04   -0.01   52.67  221.08      75
    5242    17.3      47   -0.03   -0.01    9.67  177.88       0
    5243    19.8      48   -0.04    0.00  143.02  288.92      13
    5244    20.9      45   -0.01   -0.02   69.42  222.91       0
    5245    22.1      39    0.01    0.02    7.65  189.52       0
    5246    22.4      42    0.00    0.02    2.09  112.51       0
    5247    20.5      43    0.02   -0.01    1.19   74.43       0
    5248    19.6      39   -0.02    0.01    0.70   47.95       0
    5249    18.0      44    0.00   -0.01    0.22   21.19       0
    5250    17.2      55    0.00   -0.01    0.00    0.45       0
    5251    15.4      59    0.01    0.02    0.00    0.00       0
    5252    14.6      67   -0.01    0.01    0.00    0.00       0
    5253    14.0      78   -0.01   -0.02    0.00    0.00       0
    5254    13.9      62   -0.03    0.02    0.00    0.00       0
    5255    13.7      72   -0.01   -0.02    0.00    0.00       0
    5256    13.6      73    0.02   -0.03    0.00    0.00      25
    5257    13.3      72    0.02   -0.03    0.00    0.00      13
    5258    12.8      70    0.03    0.01    0.00    0.00     100
    5259    12.4      75   -0.04    0.02    0.00    0.00      13
    5260    12.0      72    0.03    0.02    0.00    0.00       0
    5261    11.7      70    0.02   -0.01    0.00    0.00      50
    5262    11.7      68    0.03    0.01  240.90   32.43     100
    5263    11.6      61   -0.02    0.03   35.41  133.37     100
    5264    11.9      48   -0.03   -0.01   46.21  189.22      13
    5265    12.2      43   -0.02   -0.01    3.17  119.22       0
    5266    12.5      40    0.01   -0.02    1.50   96.36       0
    5267    11.8      42   -0.01    0.01    1.91  118.43       0
    5268    11.6      42   -0.01    0.00    1.02   90.23       0
    5269    11.5      38    0.00    0.00    1.69  113.31       0
    5270    11.3      39    0.01   -0.03    2.31  126.07     100
    5271    11.2      38    0.01    0.01    1.77   97.47     100
    5272    11.2      36    0.01    0.00    2.76   97.42      63
    5273    11.0      45    0.01   -0.02    1.58   58.78     100
    5274    10.6      51    0.00   -0.01    0.98   29.60      38
    5275    10.5      71    0.00    0.00    0.51   11.21       0
    5276    10.2      70    0.00   -0.01    0.00    0.00       0
    5277     9.9      69    0.00    0.00    0.00    0.00       0
    5278     9.7      76    0.00    0.00    0.00    0.00       0
    5279     9.7      81    0.00    0.00    0.00    0.00       0
    5280     9.7      85    0.00    0.00    0.00    0.00       0
    5281     9.7      86   -0.01   -0.01    0.00    0.00       0
    5282     9.6      85    0.00    0.00    0.00    0.00       0
    5283     9.7      82    0.00    0.00    0.00    0.00       0
    5284     9.8      82    0.00    0.00    0.00    0.00       0
    5285     9.8      79    0.00    0.00    1.25   10.03       0
    5286    10.3      76    0.00    0.00  187.97   55.03       0
    5287    10.7      62    0.00    0.00    3.25   69.85       0
    5288    11.2      56    0.00    0.00    3.06   95.12       0
    5289    11.5      50    0.01    0.01    2.89  114.53       0
    5290    11.6      49    0.00    0.02    2.22  111.11       0
    5291    12.2      47    0.00    0.01    4.68  181.80      13
    5292    12.4      45    0.00    0.02    4.59  185.79      13
    5293    12.8      45    0.00    0.02    6.34  208.01      13
    5294    12.6      49   -0.02    0.00    3.18  146.04      13
    5295    12.1      46   -0.03    0.00    1.31   82.85     100
    5296    12.3      50   -0.01    0.01    3.81  116.68      63
    5297    12.0      53    0.01   -0.02    2.05   67.23      13
    5298    11.7      60    0.02   -0.01    2.63   49.89       0
    5299    11.5      71    0.01   -0.01    1.31   17.67       0
    5300    11.4      76    0.00    0.00    0.00    0.00       0
    5301    11.1      75    0.00   -0.01    0.00    0.00       0
    5302    11.4      76    0.00    0.00    0.00    0.00     100
    5303    11.4      85    0.00    0.00    0.00    0.00      50
    5304    11.4      83    0.00    0.00    0.00    0.00      88
    5305    11.4      88    0.00    0.00    0.00    0.00      50
    5306    11.3      89    0.01    0.05    0.00    0.00      25
    5307    11.1      93   -0.02   -0.05    0.00    0.00       0
    5308    10.9      95   -0.04    0.04    0.00    0.00     100
    5309    10.9      95    0.01    0.06    0.63    6.32      88
    5310    11.3      91   -0.04    0.04    4.89   50.82     100
    5311    12.1      84    0.03    0.05   83.27  102.76      63
    5312    14.1      77    0.04    0.01  168.69  169.42     100
    5313    14.5      74   -0.03   -0.02   85.30  171.31      88
    5314    14.7      73   -0.02   -0.05   67.56  206.28     100
    5315    14.9      72    0.01    0.05   49.74  202.46     100
    5316    14.7      72    0.03    0.05    6.94  208.99      63
    5317    16.4      71    0.04    0.03   50.82  292.57     100
    5318    17.5      70   -0.02    0.03  557.36  200.43      75
    5319    16.3      73    0.01    0.06  113.16  213.81      63
    5320    16.5      77    0.04   -0.03  408.04  162.60      13
    5321    16.4      81    0.04    0.00  510.07  118.44      13
    5322    15.4      80    0.04    0.00  112.92   80.53      38
    5323    15.6      82    0.03    0.05    2.16    6.46      63
    5324    12.4      85   -0.05    0.02    0.52    4.82      50
    5325    10.5      87   -0.05   -0.03    0.00    0.00      75
    5326     9.0      86    0.07   -0.02    0.00    0.00      63
    5327     8.1      87    0.04   -0.06    0.00    0.00       0
    5328     7.3      88    0.03    0.05    0.00    0.00      50
    5329     6.8      85    0.05    0.03    0.00    0.00      88
    5330     6.6      81    0.02   -0.06    0.00    0.00     100
    5331     7.4      73    0.05    0.04    0.00    0.00     100
    5332     8.2      76   -0.05    0.05    0.00    0.00      75
    5333     8.6      79    0.04    0.04    1.95   12.33     100
    5334     9.3      78    0.05    0.03    5.19   51.77     100
    5335    10.6      68   -0.04    0.04    9.76  105.90     100
    5336    12.2      61   -0.05   -0.01   12.75  155.65     100
    5337    14.8      57   -0.01    0.05  281.16  185.37      50
    5338    17.3      56    0.03   -0.04  291.39  199.80       0
    5339    16.3      51   -0.01    0.04   21.66  239.17      38
    5340    17.7      50    0.02    0.01   34.97  293.85      50
    5341    17.6      50    0.01    0.00   28.79  253.85     100
    5342    17.4      57    0.01    0.00  120.91  245.38     100
    5343    17.5      54    0.01   -0.02  187.52  251.14      38
    5344    17.9      60    0.00    0.01  474.28  154.32      75
    5345    18.3      55    0.01    0.01  450.91  133.19     100
    5346    17.8      64    0.00    0.00  100.14   83.05       0
    5347    16.5      69    0.00    0.00    2.02   15.69       0
    5348    15.0      66    0.00   -0.01    0.00    0.00     100
    5349    14.4      74    0.00   -0.01    0.00    0.00      13
    5350    14.2      74   -0.02    0.00    0.00    0.00      13
    5351    14.2      73   -0.03    0.00    0.00    0.00      88
    5352    14.5      74    0.02   -0.05    0.00    0.00      63
    5353    14.3      80   -0.05    0.00    0.00    0.00      13
    5354    13.6      86    0.04   -0.02    0.00    0.00     100
    5355    14.4      88   -0.02   -0.01    0.00    0.00     100
    5356    14.8      88   -0.03    0.00    0.00    0.00     100
    5357    15.0      83   -0.02    0.00    0.17    2.25     100
    5358    15.7      79    0.03    0.01    1.45   26.11     100
    5359    16.9      82    0.03    0.01   14.02   76.97     100
    5360    16.3      67    0.00   -0.06    0.19   22.68     100
    5361    15.9      61    0.03   -0.03    0.14   24.50      63
    5362    15.8      61   -0.02    0.03    0.16   30.85     100
    5363    16.1      58   -0.01   -0.02    0.99   77.01      13
    5364    16.6      56    0.01    0.02    1.74  112.33      25
    5365    17.6      55   -0.01    0.00    2.11  125.09      50
    5366    17.5      58    0.01    0.02    1.18   86.00      38
    5367    16.6      55    0.02    0.01    0.62   55.12     100
    5368    16.6      52   -0.01   -0.01    1.98   79.02     100
    5369    16.9      56   -0.01    0.00    1.36   50.25      25
    5370    16.6      65    0.00    0.00    0.94   24.23      38
    5371    16.3      86    0.00    0.00    0.41    6.81       0
    5372    16.1      88    0.00    0.00    0.00    0.00       0
    5373    16.2      90    0.00    0.00    0.00    0.00       0
    5374    15.9      90    0.00    0.00    0.00    0.00       0
    5375    15.4      90    0.00    0.00    0.00    0.00       0
    5376    15.0      90    0.00    0.00    0.00    0.00       0
    5377    14.7      90    0.00    0.00    0.00    0.00       0
    5378    14.3      89    0.00    0.01    0.00    0.00       0
    5379    13.8      87    0.00    0.00    0.00    0.00       0
    5380    14.1      82    0.00    0.00    0.00    0.00       0
    5381    14.5      81    0.00    0.00    0.69    5.65       0
    5382    15.5      72    0.01    0.00  124.84   37.95       0
    5383    16.0      66    0.01    0.01   54.69   99.00       0
    5384    16.5      63    0.01    0.02   33.91  110.61       0
    5385    16.7      57   -0.02   -0.01    6.37  147.57       0
    5386    17.8      57    0.01   -0.01   56.22  226.94      13
    5387    20.0      56    0.03    0.00  729.56  157.71      13
    5388    20.2      54    0.04   -0.01  834.90  132.45      13
    5389    20.9      55    0.02   -0.04  661.68  173.59      50
    5390    19.8      53    0.02    0.03  398.37  211.92      50
    5391    20.2      53    0.03    0.00  281.33  204.71      75
    5392    20.5      53    0.01    0.02  140.37  186.76      38
    5393    20.3      59   -0.02   -0.02   76.08  125.53      13
    5394    18.5      66   -0.01   -0.01    4.48   54.45     100
    5395    18.1      72   -0.01    0.02    2.87   18.85      50
    5396    17.1      84    0.00    0.00    0.00    0.00      25
    5397    16.3      86    0.00    0.00    0.00    0.00      75
    5398    15.8      87    0.00    0.00    0.00    0.00      63
    5399    15.1      87    0.00    0.00    0.00    0.00     100
    5400    14.4      90    0.00    0.00    0.00    0.00     100
    5401    14.1      86    0.01    0.01    0.00    0.00      38
    5402    14.4      76   -0.01    0.01    0.00    0.00      63
    5403    14.7      74    0.00    0.01    0.00    0.00      38
    5404    14.8      79    0.00    0.01    0.00    0.00       0
    5405    14.7      78    0.01   -0.01    1.25    6.71      75
    5406    14.9      70    0.00   -0.01    1.88   29.22      13
    5407    15.7      58    0.00    0.00    2.58   55.13      13
    5408    16.0      52    0.00   -0.01    0.92   45.80       0
    5409    16.6      46   -0.02    0.02    4.25  129.38       0
    5410    18.4      47    0.02    0.02   31.33  220.35       0
    5411    20.5      42    0.02    0.00  155.73  265.07       0
    5412    22.3      32    0.01   -0.03  154.99  258.22       0
    5413    21.6      37   -0.02    0.02  186.89  198.84       0
    5414    22.6      41    0.00   -0.02  164.23  203.76       0
    5415    22.7      42    0.01   -0.03   60.35  240.37       0
    5416    23.0      45   -0.02    0.02  293.92  191.49       0
    5417    22.9      48    0.03   -0.01  342.36  124.56       0
    5418    21.8      52    0.00   -0.02   88.37   78.53       0
    5419    19.9      74   -0.01    0.01    1.60    6.64       0
    5420    17.0      81    0.00    0.00    0.00    0.00       0
    5421    15.8      81    0.00    0.00    0.00    0.00       0
    5422    14.7      83    0.00    0.00    0.00    0.00       0
    5423    14.0      87    0.00    0.00    0.00    0.00       0
    5424    13.4      89    0.00    0.00    0.00    0.00       0
    5425    12.8      89    0.00    0.00    0.00    0.00       0
    5426    12.3      84    0.00    0.00    0.00    0.00       0
    5427    12.1      87    0.00    0.00    0.00    0.00       0
    5428    11.9      86    0.00    0.00    0.00    0.00       0
    5429    11.8      88    0.00    0.00    1.20    8.01       0
    5430    13.1      74    0.00    0.01   28.84   39.67       0
    5431    16.2      60    0.00    0.00  284.35  103.52       0
    5432    18.0      57    0.01   -0.02   20.51  129.99       0
    5433    19.5      48   -0.01    0.01   19.60  184.35       0
    5434    22.2      48   -0.02    0.01  184.18  223.81       0
    5435    23.8      43   -0.01    0.00  104.79  209.07       0
    5436    23.3      37   -0.02    0.00   18.40  223.75       0
    5437    23.3      41    0.00   -0.04   15.94  194.37      25
    5438    23.3      41    0.02    0.01   13.13  223.53      38
    5439    23.1      39    0.00   -0.04   11.25  169.63      38
    5440    22.4      37    0.00   -0.03   93.83  180.00      38
    5441    23.2      52    0.03    0.05  204.99  135.24       0
    5442    22.2      57    0.02   -0.02   38.89   80.67       0
    5443    21.0      74    0.00    0.00    4.03   22.39       0
    5444    19.3      78    0.00    0.00    0.00    0.00       0
    5445    18.5      81    0.00    0.00    0.00    0.00       0
    5446    18.1      83    0.00    0.00    0.00    0.00       0
    5447    17.3      81    0.00    0.00    0.00    0.00       0
    5448    15.2      81    0.00    0.00    0.00    0.00       0
    5449    13.6      82    0.00    0.00    0.00    0.00       0
    5450    13.6      84    0.00    0.01    0.00    0.00       0
    5451    14.3      83    0.00    0.00    0.00    0.00       0
    5452    14.1      80    0.00    0.00    0.00    0.00       0
    5453    14.2      85    0.00    0.00    0.59    4.61       0
    5454    14.6      79    0.00    0.00    4.48   43.68       0
    5455    14.9      57    0.00    0.00    2.54   53.54       0
    5456    15.4      49    0.00    0.00    2.77   84.42       0
    5457    15.6      44    0.03    0.00    1.94   86.34       0
    5458    16.2      37    0.02    0.00   23.87  177.94       0
    5459    17.1      36    0.00    0.02   18.39  203.59       0
    5460    17.1      33   -0.01    0.00    4.04  150.46       0
    5461    17.7      42   -0.01   -0.02   12.83  215.27       0
    5462    17.4      40   -0.02    0.00   10.85  154.30      13
    5463    16.9      38    0.00   -0.02    5.27  123.59       0
    5464    17.3      38   -0.03   -0.03    9.96  140.94      38
    5465    18.1      43   -0.02    0.01  254.59  111.66       0
    5466    17.9      55    0.00    0.00  168.53   70.74       0
    5467    17.2      74    0.00    0.00    1.77    8.53       0
    5468    16.0      73    0.00    0.00    0.00    0.09       0
    5469    15.2      72    0.00    0.00    0.00    0.00       0
    5470    14.2      83    0.00    0.00    0.00    0.00       0
    5471    13.2      87    0.00    0.00    0.00    0.00       0
    5472    12.0      89    0.01    0.02    0.00    0.00       0
    5473    10.8      87    0.01   -0.01    0.00    0.00       0
    5474    10.4      81    0.02   -0.03    0.00    0.00       0
    5475    10.7      79    0.01   -0.02    0.00    0.00       0
    5476    10.2      74    0.00   -0.02    0.00    0.00       0
    5477     9.9      67    0.01   -0.01    1.83   10.00       0
    5478    11.3      74    0.00    0.00    5.24   43.95       0
    5479    13.0      61    0.00    0.00    6.69   89.66       0
    5480    14.5      49    0.00    0.00   15.42  146.05       0
    5481    15.8      47   -0.01   -0.01    4.57  127.32       0
    5482    16.8      44   -0.01    0.01    6.62  167.81      13
    5483    18.2      49    0.02    0.00   13.77  238.93       0
    5484    19.1      44    0.00   -0.02   19.92  262.18      13
    5485    18.3      40    0.00   -0.01    5.81  194.67      13
    5486    19.1      38    0.01   -0.02    4.22  149.67       0
    5487    18.6      42   -0.02   -0.01    8.68  181.32       0
    5488    19.6      48    0.00    0.00  178.56  208.58       0
    5489    19.2      49    0.00    0.00   41.55  149.11       0
    5490    18.5      58    0.00    0.00  196.86   83.08       0
    5491    17.3      66    0.00    0.00    2.54   11.80       0
    5492    15.0      63   -0.03    0.01    0.00    0.70      13
    5493    14.1      64    0.02   -0.01    0.00    0.00     100
    5494    14.1      70    0.00   -0.02    0.00    0.00      88
    5495    14.2      80   -0.01   -0.02    0.00    0.00      13
    5496    14.4      75   -0.02    0.03    0.00    0.00     100
    5497    14.8      78    0.02    0.01    0.00    0.00      25
    5498    14.5      76    0.02   -0.03    0.00    0.00      88
    5499    14.2      77    0.03    0.00    0.00    0.00      63
    5500    14.0      68   -0.01    0.02    0.00    0.00     100
    5501    14.0      68    0.02   -0.02    0.21    2.11     100
    5502    14.6      76    0.00    0.00    2.24   29.70     100
    5503    15.6      79   -0.01    0.03    7.83   89.05     100
    5504    16.6      77   -0.02   -0.03   13.41  133.75     100
    5505    17.7      52   -0.01   -0.03   96.85  188.92     100
    5506    19.5      47    0.00    0.03   65.50  237.01      50
    5507    19.1      39    0.03    0.00   13.00  229.21      38
    5508    19.3      36   -0.04    0.00   12.43  237.56       0
    5509    19.3      43    0.01    0.02   14.47  242.11      25
    5510    20.0      44    0.00    0.02   38.95  249.58      13
    5511    21.2      45    0.01   -0.02  193.94  228.48       0
    5512    20.5      58    0.00    0.00    8.27  142.12      75
    5513    20.0      65    0.00    0.01   21.11  129.20     100
    5514    19.3      68    0.00    0.00    4.14   52.19     100
    5515    18.4      84    0.00    0.00    3.05   18.22     100
    5516    17.1      93    0.00    0.00    0.00    0.00     100
    5517    16.0      88    0.01   -0.01    0.00    0.00     100
    5518    15.6      91    0.00   -0.01    0.00    0.00     100
    5519    15.2      87   -0.01   -0.01    0.00    0.00     100
    5520    14.8      91    0.00   -0.02    0.00    0.00      63
    5521    15.2      94   -0.01    0.02    0.00    0.00      50
    5522    15.8      96   -0.02   -0.02    0.00    0.00     100
    5523    16.2      98    0.00    0.00    0.00    0.00     100
    5524    16.3      99    0.00    0.00    0.00    0.00      75
    5525    16.3      99    0.00   -0.01    0.77    4.33     113
    5526    16.8      99   -0.02   -0.02    3.03   33.07     113
    5527    17.6      99    0.00   -0.02    5.06   77.86     100
    5528    18.3      96   -0.01    0.01    6.71  116.53     100
    5529    18.9      87    0.00   -0.02    7.72  159.26     100
    5530    20.0      71    0.00    0.02   43.94  237.86      13
    5531    20.7      75   -0.02    0.00    6.57  198.74     100
    5532    22.0      68    0.00    0.06   48.60  278.37     100
    5533    23.2      72   -0.04   -0.03  114.73  309.11     100
    5534    23.7      58    0.03   -0.02  212.80  270.20      13
    5535    24.0      66    0.00    0.04  391.69  168.11      50
    5536    23.3      79    0.00    0.01  112.80  179.48     100
    5537    22.2      84    0.01   -0.01   11.52  113.31     100
    5538    20.9      87    0.02    0.01    7.67   63.87      63
    5539    19.8      94    0.00    0.00    2.49   17.36      63
    5540    19.2      95    0.00   -0.03    0.00    0.00     100
    5541    18.7      90   -0.01   -0.01    0.00    0.00      88
    5542    18.1      94    0.01    0.02    0.00    0.00      63
    5543    17.7      96    0.01   -0.01    0.00    0.00      25
    5544    17.6      98    0.02    0.00    0.00    0.00      63
    5545    17.3      98    0.02    0.00    0.00    0.00       0
    5546    17.0      99   -0.01    0.01    0.00    0.00      38
    5547    16.6      99    0.00    0.01    0.00    0.00     100
    5548    16.5      99    0.00    0.00    0.00    0.00     100
    5549    16.5      99    0.00   -0.01    0.00    0.00     100
    5550    16.6      98    0.01    0.00    0.07    3.56      50
    5551    16.6      85    0.00    0.03    0.49   20.64      13
    5552    17.7      76   -0.02   -0.02    3.34   91.34       0
    5553    18.9      70   -0.02   -0.01    4.28  126.88       0
    5554    20.7      72    0.02    0.02   14.20  189.10      50
    5555    20.7      74    0.01    0.03    2.81  133.91      75
    5556    21.0      68   -0.03   -0.02   50.60  233.51      63
    5557    21.4      55    0.01   -0.03  112.21  262.38     100
    5558    20.4      67   -0.01    0.02  105.39  212.31     100
    5559    19.5      68   -0.01    0.02  248.30  197.26     100
    5560    20.7      70   -0.02    0.01  618.50  117.70     100
    5561    20.3      85    0.01   -0.01  253.94  128.69     100
    5562    19.7      93    0.02   -0.02  138.95   74.51     100
    5563    18.8      95    0.00   -0.02    0.52    4.13     100
    5564    15.8      97    0.02   -0.01    0.00    0.00     100
    5565    15.8      96    0.01   -0.02    0.00    0.00     100
    5566    15.7      97    0.04   -0.04    0.00    0.00     100
    5567    15.5      97   -0.01   -0.06    0.00    0.00     100
    5568    15.2      97    0.00   -0.08    0.00    0.00     100
    5569    15.3      97   -0.05   -0.06    0.00    0.00     100
    5570    15.4      97   -0.06    0.02    0.00    0.00     100
    5571    15.5      98    0.06    0.03    0.00    0.00     100
    5572    14.9      99   -0.05   -0.02    0.00    0.00     100
    5573    14.3      99    0.03   -0.03    0.14    1.11     113
    5574    14.8      99    0.01   -0.02    2.52   29.22     113
    5575    15.3      99    0.04   -0.02    3.77   66.63     100
    5576    16.0      96   -0.01    0.07   13.20  120.42     100
    5577    17.0      88   -0.08    0.01   73.01  185.68     100
    5578    18.0      82   -0.05    0.04   83.95  247.30     100
    5579    18.3      83   -0.03   -0.06   35.25  234.71     100
    5580    18.4      92   -0.06   -0.04  251.35  188.16     100
    5581    19.0      93   -0.06    0.02  136.10  203.15     100
    5582    19.6      96   -0.07    0.01  169.53  239.86     100
    5583    20.0      95    0.00   -0.08  209.28  203.02     100
    5584    19.3      90    0.07   -0.04   66.15  169.99     100
    5585    19.2      90   -0.04    0.05  275.14  125.92      13
    5586    18.2      94   -0.05   -0.03  211.45   77.17       0
    5587    16.8      93   -0.06   -0.02    0.00    3.22     100
    5588    14.8      95   -0.03    0.04    0.00    0.00     100
    5589    13.1      96    0.03    0.00    0.00    0.00     100
    5590    11.8      97   -0.04    0.00    0.00    0.00      63
    5591    10.7      96    0.01   -0.03    0.00    0.00     100
    5592    10.6      95    0.01   -0.04    0.00    0.00     100
    5593    10.1      97    0.00    0.05    0.00    0.00      88
    5594     9.7      98   -0.04    0.00    0.00    0.00     100
    5595     9.5      97    0.01    0.03    0.00    0.00     100
    5596     9.6      97    0.02    0.02    0.00    0.00     100
    5597    10.5      98   -0.03    0.02    0.03    0.27      63
    5598    12.0      94   -0.04    0.00    3.91   32.76     100
    5599    13.5      90   -0.02    0.03    5.70   71.56     100
    5600    15.4      84    0.04    0.00   20.48  122.21     100
    5601    17.3      76   -0.02    0.03  174.19  174.54     100
    5602    18.7      72    0.05    0.01  350.29  202.21      75
    5603    19.6      68    0.01    0.04  666.97  158.48     100
    5604    19.5      86    0.03    0.00  668.53  163.14     100
    5605    19.7      92    0.03    0.01  425.69  217.33     100
    5606    20.5      88   -0.01    0.03  719.26  142.02      75
    5607    20.4      82   -0.02   -0.03  634.49  145.90      25
    5608    19.8      75   -0.03    0.04  203.08  163.17     100
    5609    19.6      85   -0.02    0.01  312.55  115.79      50
    5610    18.8      95    0.00   -0.03  261.36   75.04     100
    5611    17.4      94    0.02    0.00    0.00    4.79      38
    5612    15.6      95    0.01    0.01    0.00    0.00      13
    5613    14.9      96    0.02    0.00    0.00    0.00       0
    5614    15.0      96    0.01   -0.02    0.00    0.00       0
    5615    14.4      97    0.02   -0.01    0.00    0.00      38
    5616    14.2      97    0.02   -0.02    0.00    0.00      38
    5617    14.2      98   -0.01    0.01    0.00    0.00      13
    5618    14.3      98   -0.03    0.02    0.00    0.00     100
    5619    14.6      98    0.01    0.02    0.00    0.00     100
    5620    14.4      97    0.03   -0.01    0.00    0.00     100
    5621    14.4      97   -0.01   -0.03    0.13    0.91     100
    5622    14.4      96    0.03    0.01    3.91   33.37     100
    5623    15.0      93    0.02    0.02    2.16   48.18     100
    5624    16.1      84    0.01   -0.03    8.51  110.44      88
    5625    17.9      86    0.01   -0.01   66.05  206.93     100
    5626    18.6      80    0.02    0.02   50.11  207.93     100
    5627    19.8      81   -0.02   -0.01  499.14  176.01     100
    5628    20.0      79   -0.02   -0.01  397.68  205.56     100
    5629    19.2      65   -0.04   -0.03   53.78  194.84     100
    5630    19.3      69    0.00    0.04   20.45  219.44     100
    5631    17.9      88    0.02   -0.01   12.42  145.21     100
    5632    16.6      87   -0.03    0.06    4.11   96.04     100
    5633    17.1      92    0.02    0.03    8.91   97.54     100
    5634    17.1      85    0.02    0.03  116.38   71.29     100
    5635    16.4      89    0.02    0.00    2.39   12.15      50
    5636    15.0      93   -0.01    0.00    0.00    0.00     100
    5637    14.7      92   -0.01    0.01    0.00    0.00      50
    5638    14.0      93    0.01   -0.01    0.00    0.00     100
    5639    13.9      93    0.01    0.01    0.00    0.00      25
    5640    13.6      93    0.00   -0.02    0.00    0.00      50
    5641    13.6      95   -0.02    0.02    0.00    0.00      25
    5642    13.4      96    0.01    0.01    0.00    0.00      38
    5643    13.2      96    0.00    0.02    0.00    0.00      25
    5644    12.7      95   -0.02    0.00    0.00    0.00       0
    5645    12.1      93    0.02   -0.01    0.00    3.01       0
    5646    12.5      90    0.02    0.01   92.46   31.99      25
    5647    13.3      81    0.00   -0.04   62.78  107.87      25
    5648    14.8      75    0.01   -0.04   59.54  164.59      75
    5649    15.6      73    0.03   -0.01   46.02  215.22     100
    5650    17.2      66   -0.02    0.03  723.21  135.44     100
    5651    18.2      57   -0.04    0.00  600.24  172.76     100
    5652    18.1      53    0.05   -0.05  574.49  188.63     100
    5653    18.7      50    0.05    0.05  577.96  184.98      38
    5654    19.0      54    0.06    0.02  562.93  180.70      50
    5655    18.9      51   -0.02    0.06  552.88  159.91      13
    5656    18.7      56    0.02    0.05  584.92  128.09      75
    5657    18.1      60    0.03    0.03  371.43  122.51      63
    5658    16.9      70    0.01    0.01  131.85   69.07       0
    5659    15.6      82    0.00    0.00    0.00    3.85       0
    5660    13.4      83    0.00    0.01    0.00    0.00       0
    5661    12.0      86    0.00    0.01    0.00    0.00      25
    5662    11.6      87   -0.01    0.00    0.00    0.00      38
    5663    11.3      91    0.01    0.01    0.00    0.00       0
    5664    11.4      92   -0.01    0.01    0.00    0.00       0
    5665    11.5      94    0.02   -0.01    0.00    0.00       0
    5666    11.6      94    0.02   -0.01    0.00    0.00       0
    5667    11.7      91    0.01    0.00    0.00    0.00      50
    5668    11.8      93   -0.01   -0.01    0.00    0.00      75
    5669    11.3      94    0.00    0.01    0.00    0.00      38
    5670    11.6      87    0.02    0.00    0.00    0.00      25
    5671    11.6      81   -0.01   -0.02    0.08    7.14     100
    5672    11.6      70   -0.03   -0.03    0.26   24.63      63
    5673    12.1      64    0.01   -0.04    1.09   62.37      13
    5674    12.8      59   -0.03    0.01    0.61   55.28      63
    5675    13.5      58    0.03   -0.02    0.77   68.93      75
    5676    14.1      52   -0.03    0.00    1.15   87.13      63
    5677    14.7      52    0.04    0.00    1.90  109.96     100
    5678    15.1      51   -0.03    0.02    2.06  107.30      50
    5679    15.6      54   -0.03   -0.04    2.33   98.73      75
    5680    15.8      55    0.03   -0.04    1.46   62.12     100
    5681    15.8      64   -0.01    0.00    1.06   39.30      75
    5682    15.4      74    0.00    0.00    0.76   19.44     100
    5683    15.3      76    0.00    0.00    0.22    2.85     100
    5684    15.1      80    0.00    0.00    0.00    0.00     100
    5685    14.9      81   -0.01    0.01    0.00    0.00     100
    5686    14.9      85    0.00    0.02    0.00    0.00     100
    5687    14.8      87    0.02   -0.02    0.00    0.00     100
    5688    14.8      88    0.03    0.00    0.00    0.00     100
    5689    14.7      85    0.00   -0.03    0.00    0.00     100
    5690    14.5      84   -0.04    0.05    0.00    0.00     100
    5691    14.4      80    0.03    0.05    0.00    0.00     100
    5692    14.3      85    0.04   -0.03    0.00    0.00     100
    5693    14.2      90    0.03    0.03    0.00    0.00     100
    5694    14.4      96    0.03    0.01    0.05    2.14     100
    5695    14.4      97   -0.02   -0.02    0.33   18.61     100
    5696    14.5      98    0.02   -0.01    1.31   52.61     100
    5697    14.4      96   -0.02    0.01    0.70   50.80     100
    5698    14.8      95   -0.02    0.00    1.00   70.90     100
    5699    15.6      96    0.02   -0.01    6.29  180.04     100
    5700    16.0      96   -0.02    0.00    3.62  136.12     100
    5701    16.1      95    0.00    0.02    1.89   92.86     100
    5702    15.5      94    0.01    0.02    0.40   46.72     100
    5703    15.3      90   -0.02   -0.02    1.47   75.70     100
    5704    15.2      88    0.00    0.02    2.57   81.68     100
    5705    15.0      90    0.01   -0.02   14.83   45.00     100
    5706    14.8      91   -0.01   -0.01    7.43   43.91     100
    5707    14.3      91    0.00   -0.01    0.77    4.43     100
    5708    13.8      92   -0.01   -0.01    0.00    0.00     100
    5709    13.7      93    0.00    0.00    0.00    0.00     100
    5710    13.5      95    0.00   -0.01    0.00    0.00     100
    5711    13.0      94    0.00   -0.01    0.00    0.00     100
    5712    12.0      92   -0.01    0.01    0.00    0.00     100
    5713    11.7      92    0.00    0.00    0.00    0.00     100
    5714    11.6      95    0.00    0.00    0.00    0.00      88
    5715    10.5      97    0.00    0.00    0.00    0.00     100
    5716     9.7      97    0.00    0.00    0.00    0.00     100
    5717     9.8      97    0.01    0.00    0.12    3.39     100
    5718    10.5      92    0.01    0.01   41.04   33.67     100
    5719    12.3      79   -0.02    0.01  143.14  102.43      25
    5720    14.9      68    0.00    0.03  355.16  145.52      63
    5721    17.1      63    0.01   -0.03  240.90  182.15      88
    5722    18.7      54    0.01    0.01  591.19  170.50       0
    5723    20.2      50    0.00   -0.02  775.69  138.22      38
    5724    20.9      43   -0.01    0.02  755.90  141.16      50
    5725    20.1      49   -0.02    0.01  591.25  169.84     100
    5726    20.5      49    0.00    0.00  674.68  149.69     100
    5727    20.0      69    0.00    0.00  264.76  202.14     100
    5728    19.8      58    0.00    0.00  107.92  176.06     100
    5729    19.1      54    0.02   -0.02  199.73  118.68     100
    5730    18.1      79    0.00    0.00   34.33   63.46     100
    5731    15.4      88    0.00    0.00    0.35    4.53     100
    5732    13.9      89    0.00    0.00    0.00    0.00      88
    5733    13.6      87    0.00    0.00    0.00    0.00      50
    5734    13.4      93    0.00    0.00    0.00    0.00      75
    5735    12.2      93    0.00    0.00    0.00    0.00     100
    5736    11.9      91    0.00    0.00    0.00    0.00     100
    5737    11.5      85    0.00   -0.02    0.00    0.00      63
    5738    11.0      81    0.01   -0.02    0.00    0.00       0
    5739    10.8      90   -0.02    0.02    0.00    0.00       0
    5740    11.1      85    0.03   -0.01    0.00    0.00       0
    5741    11.3      81    0.01    0.03    0.00    0.00       0
    5742    11.9      78    0.01    0.04    1.22   15.94       0
    5743    12.2      80    0.03    0.02    2.27   45.01       0
    5744    12.9      75   -0.03   -0.02    6.71   93.05     100
    5745    15.3      76    0.00    0.02   45.95  195.91     100
    5746    16.2      75   -0.02    0.02  150.87  227.24     100
    5747    17.8      68    0.02    0.04  421.57  185.90     100
    5748    17.9      60    0.03    0.00  244.18  224.66     100
    5749    17.8      76    0.02   -0.05  169.34  199.86     100
    5750    17.0      91    0.03   -0.01  376.20  183.24     100
    5751    17.7      88   -0.03    0.00  345.51  167.30     100
    5752    18.1      86    0.04    0.03  435.43  134.57     100
    5753    17.4      91    0.01   -0.04  282.90  106.06     100
    5754    16.2      91    0.03    0.00   56.49   58.54     100
    5755    14.8      90    0.02   -0.02    0.00    3.27     100
    5756    12.4      91    0.01    0.01    0.00    0.00     100
    5757    11.2      92   -0.02    0.00    0.00    0.00     100
    5758    10.6      93    0.00    0.00    0.00    0.00     100
    5759    11.1      90    0.00   -0.02    0.00    0.00     100
    5760    12.2      91    0.00   -0.01    0.00    0.00     100
    5761    12.6      91    0.01   -0.01    0.00    0.00     100
    5762    12.5      93    0.00    0.01    0.00    0.00     100
    5763    12.6      96    0.01    0.01    0.00    0.00     100
    5764    12.1      97    0.00   -0.02    0.00    0.00     100
    5765    11.2      97    0.02    0.00    0.00    2.99     100
    5766    10.8      98    0.00    0.02   23.17   41.54     100
    5767    12.2      98    0.01   -0.01  407.33   93.96     100
    5768    14.7      98    0.02   -0.01  461.51  132.03     100
    5769    15.6      98   -0.03    0.00  387.14  176.00     100
    5770    16.7      96    0.01    0.03  122.30  239.73     100
    5771    17.6      95   -0.01   -0.01  337.56  207.25     100
    5772    18.8      92    0.01    0.00  392.49  232.11     100
    5773    18.5      96    0.00    0.03  154.70  247.93     100
    5774    18.3      97   -0.02   -0.01   64.57  236.21     100
    5775    18.1      96   -0.01    0.03   46.52  216.78     100
    5776    17.8      98   -0.02   -0.03   32.19  167.59     100
    5777    16.4      98    0.03    0.03   12.96  101.79     100
    5778    15.5      99    0.02    0.02    4.98   42.75     100
    5779    14.1      99   -0.02   -0.01    0.79    4.80     100
    5780    12.4      99    0.00    0.02    0.00    0.00     100
    5781    11.5      99   -0.01   -0.01    0.00    0.00     100
    5782    10.8      99    0.00   -0.01    0.00    0.00     100
    5783     9.5      99    0.01   -0.01    0.00    0.00     100
    5784     8.9      99    0.00   -0.02    0.00    0.00     100
    5785     8.7      99   -0.01   -0.03    0.00    0.00     113
    5786     8.6      99   -0.02    0.00    0.00    0.00     113
    5787     8.6      99    0.00    0.00    0.00    0.00     113
    5788     8.4      99    0.00    0.00    0.00    0.00     113
    5789     7.7      99    0.00    0.00    0.00    1.06     113
    5790     8.2      99    0.00    0.00    8.68   32.77     100
    5791    10.1      99    0.00    0.00  176.77   91.84     113
    5792    14.2      99    0.00    0.00  599.22  105.03      75
    5793    17.3      90    0.01   -0.01  697.48  114.28     100
    5794    18.7      79    0.01    0.00  750.18  126.07     100
    5795    19.2      80   -0.03    0.01  657.96  161.87     100
    5796    19.7      69    0.02   -0.01  158.31  297.18     100
    5797    20.6      68    0.00    0.03  167.84  292.07      38
    5798    20.7      63    0.00    0.03  109.87  270.00     100
    5799    20.1      70    0.00    0.04   14.85  186.51      63
    5800    19.8      74    0.01   -0.04   13.94  146.34     100
    5801    18.8      87    0.01   -0.02   66.96  122.48      25
    5802    17.7      88    0.01    0.00   53.06   64.06     100
    5803    14.6      96    0.00    0.00    0.46    2.75       0
    5804    12.6      99    0.00    0.00    0.00    0.00       0
    5805    11.4      98    0.00    0.00    0.00    0.00       0
    5806    10.7      99    0.00    0.00    0.00    0.00       0
    5807    10.2      99    0.00    0.00    0.00    0.00       0
    5808     9.7      99    0.00    0.02    0.00    0.00       0
    5809     9.0      99   -0.02    0.03    0.00    0.00       0
    5810     8.7      96   -0.01    0.04    0.00    0.00       0
    5811     8.5      95   -0.01    0.03    0.00    0.00       0
    5812     8.5      96   -0.04   -0.01    0.00    0.00       0
    5813     8.5      93   -0.03    0.00    0.00    3.07       0
    5814     9.1      91    0.01   -0.03   10.26   36.80       0
    5815    10.8      88   -0.02    0.04   29.00   91.49      13
    5816    16.2      73    0.00   -0.06  685.97   92.11      25
    5817    18.7      74    0.07   -0.01  559.42  146.11      25
    5818    20.3      65   -0.03    0.06  468.46  174.02      38
    5819    21.0      58   -0.08    0.01  149.61  249.99       0
    5820    21.1      57   -0.07    0.01   93.55  286.80       0
    5821    18.5      50    0.05   -0.03    5.33  160.02      38
    5822    15.8      51    0.04    0.05    2.66  112.42      25
    5823    15.8      52   -0.05    0.02    2.92   98.52      13
    5824    14.4      59   -0.01   -0.03    0.34   20.55       0
    5825    13.3      55    0.02    0.03    1.19   37.03       0
    5826    12.9      75    0.00    0.00    2.19   22.99       0
    5827    12.8      90    0.00    0.00    0.41    2.19       0
    5828    12.5      87    0.00    0.00    0.00    0.00       0
    5829    12.3      89    0.00    0.00    0.00    0.00       0
    5830    12.1      89    0.00    0.00    0.00    0.00       0
    5831    12.1      89    0.00    0.00    0.00    0.00       0
    5832    12.0      94    0.00    0.00    0.00    0.00       0
    5833    11.7      91    0.00    0.00    0.00    0.00       0
    5834    11.7      93    0.00    0.00    0.00    0.00       0
    5835    12.0      92    0.00    0.00    0.00    0.00       0
    5836    12.4      97    0.00    0.00    0.00    0.00       0
    5837    12.4      96    0.00    0.00    0.00    0.00       0
    5838    12.5      90   -0.01    0.01    1.09   13.26       0
    5839    12.9      86   -0.02    0.00    2.16   41.84       0
    5840    13.3      82    0.00   -0.03    4.54   93.27       0
    5841    14.6      69   -0.02   -0.01  337.04  173.93       0
    5842    16.6      67    0.03    0.03  291.55  208.11      63
    5843    18.2      67   -0.03   -0.01  267.43  217.59      63
    5844    18.9      59    0.02    0.05  389.58  229.19      50
    5845    19.7      61   -0.02    0.01  676.67  163.94      63
    5846    19.3      62    0.00    0.00  259.90  215.46     100
    5847    19.2      50    0.02    0.01  199.07  173.87      13
    5848    18.3      54    0.02   -0.01   17.02  136.42      38
    5849    18.3      61    0.00    0.00  251.34  102.37       0
    5850    17.1      73    0.00    0.00  230.88   55.83       0
    5851    15.0      77    0.00    0.00    1.22    7.05       0
    5852    14.1      77    0.00    0.01    0.00    0.00       0
    5853    12.6      80    0.02   -0.01    0.00    0.00       0
    5854    12.4      80    0.01   -0.03    0.00    0.00       0
    5855    13.3      78   -0.01    0.02    0.00    0.00       0
    5856    12.9      76    0.02    0.02    0.00    0.00       0
    5857    12.2      76    0.01    0.01    0.00    0.00       0
    5858    11.5      84   -0.01    0.00    0.00    0.00       0
    5859     9.9      91    0.00    0.00    0.00    0.00       0
    5860     9.0      95    0.00    0.00    0.00    0.00      38
    5861     8.0      91   -0.01   -0.01    0.00    1.20      13
    5862     8.5      84    0.00    0.02    4.39   24.49      38
    5863    10.2      83   -0.02    0.00    9.00   76.42       0
    5864    12.3      79    0.02   -0.01    6.62   96.90      63
    5865    14.5      73   -0.03   -0.02  173.56  162.94     100
    5866    17.6      61    0.01   -0.03  560.84  153.81      75
    5867    18.9      66    0.02    0.02  740.75  132.79      88
    5868    20.2      55    0.01   -0.02  763.48  133.06     100
    5869    20.1      57    0.02    0.01  770.48  127.28     100
    5870    19.8      63    0.00   -0.02  710.03  133.41     100
    5871    19.4      69    0.00    0.02  631.04  133.74     100
    5872    18.5      71    0.00    0.01  538.00  121.59     100
    5873    17.6      73   -0.01   -0.01  291.03  104.09     100
    5874    16.0      84    0.00    0.00   99.35   48.91     100
    5875    14.4      91    0.00    0.00    0.00    2.28     100
    5876    13.7      92    0.00    0.00    0.00    0.00     100
    5877    13.8      95    0.00    0.00    0.00    0.00      25
    5878    13.6      96    0.00    0.00    0.00    0.00       0
    5879    13.1      95    0.00    0.00    0.00    0.00       0
    5880    12.8      97    0.00    0.00    0.00    0.00       0
    5881    12.6      98    0.00    0.00    0.00    0.00       0
    5882    12.4      99    0.00    0.01    0.00    0.00       0
    5883    11.4      99   -0.01   -0.01    0.00    0.00      13
    5884    11.0      99    0.00    0.00    0.00    0.00      25
    5885    11.5      99    0.01    0.00    0.00    0.00       0
    5886    12.1      99    0.00    0.00    3.05   20.72       0
    5887    13.2      99   -0.01    0.01   19.24   75.25       0
    5888    14.5      88   -0.01   -0.01   12.55  118.56      13
    5889    16.0      79    0.01    0.02   55.97  188.38      38
    5890    17.5      71    0.04    0.01   52.81  232.76      63
    5891    18.3      73    0.03    0.00   73.92  262.13     100
    5892    19.0      63    0.01    0.01   61.48  258.42     100
    5893    18.1      65    0.00    0.02    7.23  191.83     100
    5894    17.6      64    0.00   -0.02    4.29  140.24     100
    5895    17.6      68    0.04    0.01   12.11  167.39     100
    5896    16.3      72    0.00    0.02    2.53   74.30     100
    5897    15.2      79    0.00    0.00    1.53   39.73      75
    5898    14.9      83   -0.01    0.00    2.44   22.78     100
    5899    14.6      84    0.01    0.02    0.16    0.76     100
    5900    14.3      88   -0.01    0.03    0.00    0.00     100
    5901    14.4      89   -0.04    0.02    0.00    0.00     100
    5902    14.7      87    0.03   -0.03    0.00    0.00     100
    5903    15.5      89   -0.03   -0.01    0.00    0.00     100
    5904    15.5      92    0.04    0.05    0.00    0.00     100
    5905    15.4      96    0.05    0.00    0.00    0.00     100
    5906    15.4      98   -0.03   -0.03    0.00    0.00     100
    5907    15.3      99   -0.02    0.00    0.00    0.00     100
    5908    15.3      98    0.00   -0.02    0.00    0.00     100
    5909    15.3      97    0.00    0.03    0.00    0.00     100
    5910    15.4      96   -0.03    0.00    0.99   10.63     100
    5911    16.1      95    0.03   -0.02    3.63   51.41     100
    5912    17.2      91    0.01   -0.04   12.56  117.64     100
    5913    18.7      78   -0.05    0.05  329.47  168.22     100
    5914    18.8      73   -0.04    0.03   93.05  202.14     100
    5915    19.9      84    0.05    0.01   41.56  238.99     100
    5916    20.8      83   -0.01    0.04  149.06  242.42     100
    5917    21.6      72    0.06    0.04  198.52  247.68     100
    5918    22.2      75   -0.04    0.04  607.54  152.64     100
    5919    21.3      66    0.02   -0.03  520.11  144.08      75
    5920    20.4      65    0.02    0.03  421.89  124.38       0
    5921    19.8      73   -0.01    0.00  188.23   97.47      13
    5922    18.6      87    0.00    0.01  188.04   36.81     100
    5923    17.0      93    0.01   -0.01    0.00    5.38     100
    5924    15.7      94    0.00   -0.02    0.00    0.00     100
    5925    14.6      93    0.00   -0.01    0.00    0.00     100
    5926    14.0      90    0.02    0.00    0.00    0.00     100
    5927    14.0      89    0.01    0.00    0.00    0.00     100
    5928    14.4      93   -0.02    0.01    0.00    0.00     100
    5929    14.1      94   -0.02   -0.01    0.00    0.00      63
    5930    13.7      95   -0.01    0.01    0.00    0.00     100
    5931    13.4      96    0.02    0.02    0.00    0.00      75
    5932    13.3      97   -0.01    0.01    0.00    0.00     100
    5933    12.9      98    0.00   -0.02    0.00    0.84      63
    5934    13.7      98   -0.03   -0.01    1.71   16.37     100
    5935    14.9      95    0.01   -0.01    3.98   53.43     100
    5936    16.7      94    0.01   -0.02   36.64  131.89     100
    5937    18.7      92    0.02    0.01  516.17  135.95      88
    5938    19.6      92    0.02   -0.01  334.26  187.92     100
    5939    20.1      74   -0.03    0.02  693.30  137.10      38
    5940    20.0      79    0.03   -0.01  782.78  125.23     100
    5941    20.5      84   -0.03    0.04  774.33  125.11      88
    5942    20.7      80    0.00   -0.04  613.06  145.20     100
    5943    20.5      80   -0.02   -0.02  667.24  117.81     100
    5944    20.0      73   -0.02   -0.03  571.51  109.88     100
    5945    19.4      81    0.03    0.00  323.42   93.76      75
    5946    17.9      86   -0.02   -0.01  211.05   38.03      75
    5947    16.4      90   -0.01   -0.01    0.00    4.43      38
    5948    15.3      91   -0.01   -0.02    0.00    0.00      38
    5949    14.1      93    0.02    0.01    0.00    0.00       0
    5950    12.9      94   -0.02    0.00    0.00    0.00      88
    5951    12.1      94    0.01   -0.01    0.00    0.00      63
    5952    12.6      95    0.01    0.01    0.00    0.00      38
    5953    13.7      96   -0.01    0.02    0.00    0.00      38
    5954    13.9      95    0.02    0.01    0.00    0.00      75
    5955    13.8      95   -0.01    0.01    0.00    0.00     100
    5956    13.3      96   -0.02    0.00    0.00    0.00     100
    5957    13.2      98    0.02    0.00    0.00    0.00     100
    5958    13.7      96   -0.03   -0.01    0.98   10.08     100
    5959    14.5      95   -0.02   -0.02    2.92   44.92     100
    5960    16.0      92   -0.03    0.02    7.36  103.50     100
    5961    17.3      90   -0.02    0.02    7.00  136.97      88
    5962    17.6      74   -0.01    0.04    4.79  143.01      88
    5963    17.8      92   -0.06   -0.01    3.77  140.29     100
    5964    19.6      91    0.03    0.00   15.42  211.33     113
    5965    20.5      86   -0.03   -0.01  391.41  196.13     100
    5966    21.3      74    0.04    0.02  731.84  123.62      88
    5967    22.6      74   -0.03    0.03  724.09  108.12     100
    5968    22.8      87   -0.01    0.02   67.59  131.68      63
    5969    21.8      86    0.02    0.01   60.05  108.25     100
    5970    19.1      91   -0.02    0.00   13.25   34.56      88
    5971    17.5      94   -0.01    0.02    0.00    0.00     100
    5972    17.2      95    0.01    0.01    0.00    0.00      88
    5973    15.2      95   -0.02    0.01    0.00    0.00     100
    5974    14.2      96   -0.02    0.00    0.00    0.00     100
    5975    14.2      95   -0.02    0.01    0.00    0.00     100
    5976    15.0      96   -0.01   -0.02    0.00    0.00     100
    5977    15.2      96    0.01    0.00    0.00    0.00     100
    5978    15.4      97    0.00    0.00    0.00    0.00      63
    5979    15.1      99    0.00    0.00    0.00    0.00       0
    5980    13.5      99    0.01    0.01    0.00    0.00       0
    5981    12.4      97    0.01    0.00    0.00    0.00       0
    5982    13.3      95   -0.02   -0.01  135.81   29.90       0
    5983    14.1      93   -0.03   -0.01  343.33   77.24       0
    5984    15.4      79   -0.02   -0.02  874.60   72.25       0
    5985    16.6      77   -0.03    0.01  658.70  119.95       0
    5986    18.4      63   -0.05   -0.02  246.62  188.57      38
    5987    20.0      60    0.01   -0.06  190.19  252.42      38
    5988    21.3      62   -0.03    0.01   71.91  247.88      63
    5989    22.9      58   -0.04   -0.01    3.51  135.51      50
    5990    23.6      60   -0.04   -0.05    3.19  113.17      38
    5991    23.6      61   -0.02   -0.05    1.09   45.53      38
    5992    22.7      68    0.02    0.04    0.68   34.38      75
    5993    21.6      77   -0.03    0.00    1.06   30.28     100
    5994    18.4      81    0.01    0.01    2.33   19.17     100
    5995    15.8      85    0.01    0.01    0.00    0.00     100
    5996    14.5      85    0.02    0.00    0.00    0.00     100
    5997    13.6      87    0.02    0.01    0.00    0.00     100
    5998    12.9      83    0.02   -0.02    0.00    0.00     100
    5999    12.6      87    0.01    0.02    0.00    0.00     100
    6000    12.1      94   -0.03    0.00    0.00    0.00     100
    6001    11.7      96   -0.03    0.03    0.00    0.00     100
    6002    11.3      98   -0.03    0.02    0.00    0.00     100
    6003    10.8      98    0.03   -0.02    0.00    0.00     100
    6004    10.2      98    0.02   -0.03    0.00    0.00     100
    6005     9.9      98    0.00   -0.03    0.00    0.00     100
    6006    10.5      99    0.00    0.05    3.07   17.71     113
    6007    13.4      98   -0.02   -0.05    3.65   46.38     100
    6008    17.3      91    0.05   -0.07    9.53  105.46     100
    6009    19.9      85    0.03   -0.08  441.14  153.16     100
    6010    21.9      77    0.09   -0.02  282.24  202.18     100
    6011    24.1      73    0.09    0.01  247.56  206.04     100
    6012    24.9      69    0.07    0.08  491.59  204.01     100
    6013    24.9      65   -0.10    0.00  596.69  168.31      88
    6014    24.4      73    0.03   -0.08  278.49  205.91      88
    6015    24.5      73   -0.08    0.00  174.56  151.66     100
    6016    23.6      75    0.07    0.08   25.11  133.98     100
    6017    22.3      78   -0.06    0.02  276.84   89.17     100
    6018    19.5      81    0.01    0.08  161.53   39.58     100
    6019    17.1      82   -0.02   -0.07    0.00    3.25     100
    6020    15.8      83    0.05    0.02    0.00    0.00     100
    6021    14.7      83    0.03    0.06    0.00    0.00     100
    6022    14.0      84   -0.03    0.06    0.00    0.00     100
    6023    13.3      89    0.01   -0.04    0.00    0.00     100
    6024    12.8      90    0.01    0.02    0.00    0.00      38
    6025    12.3      88    0.02    0.03    0.00    0.00      75
    6026    12.0      93    0.02    0.00    0.00    0.00     100
    6027    12.0      94    0.01   -0.02    0.00    0.00     100
    6028    11.8      94   -0.02    0.00    0.00    0.00     100
    6029    12.1      94   -0.04    0.00    0.00    0.08     100
    6030    12.9      96    0.05    0.00   11.51   27.33     100
    6031    14.9      99    0.03   -0.04   16.26   75.00     100
    6032    18.1      99    0.05   -0.02    9.01   95.28     100
    6033    21.1      98   -0.06   -0.01  255.22  153.26     100
    6034    22.9      98    0.03    0.05  600.98  141.75     100
    6035    25.2      97    0.07    0.02  754.84  122.93     100
    6036    26.9      88   -0.08   -0.05  771.32  125.21     100
    6037    27.2      76    0.07   -0.02  786.44  118.28      88
    6038    26.4      77    0.08    0.03  719.17  123.48     100
    6039    25.8      79    0.00   -0.07  645.82  120.84     100
    6040    24.9      80   -0.04   -0.05  527.87  110.19     100
    6041    23.8      80    0.03   -0.07  328.20   86.40     100
    6042    19.8      81    0.09    0.01  306.24   35.01     100
    6043    17.0      83   -0.03   -0.08    0.00    3.29     100
    6044    15.6      83    0.06   -0.07    0.00    0.00     100
    6045    14.5      83   -0.04    0.07    0.00    0.00     100
    6046    13.7      83   -0.02    0.08    0.00    0.00     100
    6047    13.2      87   -0.02   -0.06    0.00    0.00     100
    6048    12.8      86   -0.02    0.06    0.00    0.00     100
    6049    12.5      86    0.05    0.05    0.00    0.00     100
    6050    12.4      86    0.02   -0.06    0.00    0.00      50
    6051    12.1      86    0.04    0.01    0.00    0.00       0
    6052    12.3      86    0.02   -0.04    0.00    0.00       0
    6053    13.2      86   -0.04    0.01    0.00    0.08       0
    6054    14.2      84    0.04   -0.03   13.43   24.48       0
    6055    15.6      76   -0.05    0.00   36.38   73.02       0
    6056    16.0      62   -0.04    0.06   17.71  114.38      13
    6057    16.7      57    0.05   -0.04   73.89  185.43      13
    6058    17.9      53   -0.05   -0.04   54.48  221.16      25
    6059    19.3      51    0.04   -0.02   86.28  253.02      13
    6060    20.6      52   -0.03   -0.04   61.15  245.36      88
    6061    20.8      51    0.00   -0.06    8.42  188.55      38
    6062    20.5      52   -0.06    0.00    4.91  138.39       0
    6063    19.8      53   -0.01    0.05   15.74  162.57      13
    6064    18.8      59   -0.05    0.02    3.32   75.93      13
    6065    17.6      66    0.01   -0.03    2.12   39.34      13
    6066    17.0      74    0.00    0.00    3.13   22.89       0
    6067    16.6      80    0.01    0.01    0.00    0.69      75
    6068    16.2      84    0.00    0.02    0.00    0.00     100
    6069    16.1      85    0.00   -0.01    0.00    0.00     100
    6070    16.0      86   -0.01   -0.01    0.00    0.00      63
    6071    16.0      91    0.00   -0.02    0.00    0.00      75
    6072    16.1      93   -0.01   -0.01    0.00    0.00      63
    6073    16.3      94   -0.02    0.00    0.00    0.00     100
    6074    16.4      93    0.01   -0.01    0.00    0.00     100
    6075    16.5      92    0.02    0.00    0.00    0.00     100
    6076    16.3      93    0.00    0.02    0.00    0.00     100
    6077    16.1      92   -0.01   -0.02    0.00    0.00     100
    6078    15.9      91   -0.02    0.01    0.00    5.32     100
    6079    16.1      87    0.01   -0.02    3.54   24.94     100
    6080    16.3      80   -0.03   -0.03    2.98   49.54     100
    6081    16.9      74   -0.03    0.02    3.44   86.58      75
    6082    18.4      75    0.02   -0.02    4.80  152.96     100
    6083    20.2      60    0.05    0.03   71.38  469.18     100
    6084    22.2      74    0.03    0.02  606.15  227.79     100
    6085    23.6      70    0.01    0.03  659.61  196.33     100
    6086    24.7      74   -0.01    0.04  562.35  221.56     100
    6087    24.9      73   -0.04   -0.01   23.68  320.62     100
    6088    25.1      81    0.04    0.00   45.54  249.34     100
    6089    22.7      92    0.02   -0.03    6.26   54.81     100
    6090    19.7      94    0.00    0.04    0.00   15.96     100
    6091    18.0      93    0.02    0.00    0.00    0.00     100
    6092    17.2      90   -0.04    0.00    0.00    0.00     100
    6093    16.2      92   -0.03   -0.02    0.00    0.00     100
    6094    15.0      94   -0.03   -0.01    0.00    0.00     100
    6095    14.4      94    0.01   -0.03    0.00    0.00     100
    6096    14.2      95    0.00    0.02    0.00    0.00     100
    6097    13.8      96    0.03   -0.01    0.00    0.00     100
    6098    13.4      96    0.00   -0.04    0.00    0.00     100
    6099    14.2      97   -0.03    0.00    0.00    0.00     100
    6100    15.0      97    0.00   -0.03    0.00    0.00     100
    6101    15.8      97    0.01    0.04    0.00    0.00     100
    6102    16.2      97   -0.01   -0.04    0.00    6.23     100
    6103    16.5      97   -0.01   -0.04    1.56   11.45     100
    6104    16.6      97    0.04    0.00    2.77   47.01     100
    6105    17.3      96    0.02    0.03    2.42   61.87     100
    6106    18.0      97   -0.01   -0.04    3.05   98.47     100
    6107    17.9      97    0.04    0.01    2.13   77.92     100
    6108    18.4      96    0.02    0.01    3.04  116.23     100
    6109    19.0      96   -0.01    0.03    4.13  153.06     100
    6110    19.4      95   -0.02    0.02    4.20  139.20     100
    6111    19.2      95    0.02    0.04    0.00  235.78     100
    6112    18.9      90   -0.05    0.02    0.00  213.98      88
    6113    18.0      88    0.06    0.00    0.00  114.47      75
    6114    16.4      90    0.05    0.00    0.00   19.69      50
    6115    15.1      94   -0.03    0.02    0.00    0.00      13
    6116    14.4      94    0.00    0.02    0.00    0.00      38
    6117    14.0      94    0.00   -0.03    0.00    0.00      13
    6118    12.9      95    0.02    0.02    0.00    0.00       0
    6119    11.2      94   -0.01   -0.03    0.00    0.00      88
    6120    10.0      95    0.03    0.01    0.00    0.00     100
    6121     9.4      95   -0.02    0.03    0.00    0.00      38
    6122     9.0      93    0.01   -0.03    0.00    0.00     100
    6123     8.4      94   -0.03    0.01    0.00    0.00     100
    6124     8.4      94   -0.02   -0.03    0.00    0.00     100
    6125     8.5      95   -0.04    0.00    0.00    0.00     100
    6126     8.7      94   -0.01    0.04    0.00   22.14     100
    6127     9.7      94   -0.02    0.02    0.00   83.21     100
    6128    11.2      91   -0.01    0.04    0.00  173.05     100
    6129    13.0      92    0.04   -0.01    6.00  155.50     100
    6130    13.7      95    0.04   -0.01    5.27  172.13     100
    6131    15.3      95    0.04    0.00   26.50  430.99     100
    6132    16.9      96   -0.03    0.02  293.74  401.79     100
    6133    17.2      97    0.00    0.03   52.72  466.63     100
    6134    17.5      98    0.03   -0.01    0.00  345.13     100
    6135    17.0      98   -0.03   -0.04    0.00  249.19     100
    6136    16.4      98   -0.03    0.03  254.65  224.72     100
    6137    15.6      98   -0.04   -0.03  301.96  118.23     100
    6138    13.5      99   -0.02   -0.04    0.00   31.87     100
    6139    10.6      99    0.02   -0.04    0.00    0.00     100
    6140     9.5      99    0.02    0.04    0.00    0.00     100
    6141     8.9      98   -0.04   -0.05    0.00    0.00     100
    6142     8.6      98   -0.07    0.01    0.00    0.00     100
    6143     8.4      98   -0.05   -0.05    0.00    0.00     100
    6144     7.4      99    0.03    0.04    0.00    0.00     100
    6145     6.7      99    0.04    0.03    0.00    0.00     100
    6146     5.8      99    0.04   -0.03    0.00    0.00     100
    6147     5.3      98    0.07    0.01    0.00    0.00     100
    6148     5.5      98    0.00   -0.05    0.00    0.00     100
    6149     5.2      98    0.04    0.03    0.00    0.00     100
    6150     5.7      99   -0.01   -0.04    0.00   14.69     100
    6151     7.7      99   -0.03   -0.03    0.00   82.47     100
    6152    10.3      99    0.00    0.03    0.00  121.49     100
    6153    11.4      99    0.03    0.02    4.08  107.62     100
    6154    13.9      99    0.03    0.03    5.20  171.96     100
    6155    15.2      97   -0.02    0.02    4.81  179.64     100
    6156    16.2      95   -0.03    0.02    0.00  296.90     100
    6157    15.9      92    0.00   -0.04    3.46  130.76     100
    6158    17.1      91    0.03   -0.02    0.00  226.89     100
    6159    17.6      90    0.03    0.00   69.43  352.20     100
    6160    16.8      92   -0.01   -0.02    0.00  170.45     100
    6161    15.7      94    0.03    0.00    0.00   91.94     100
    6162    13.8      97   -0.01    0.03    0.00   18.33      63
    6163    10.5      97    0.00    0.02    0.00    0.00      75
    6164     8.5      97   -0.02   -0.02    0.00    0.00      38
    6165     7.3      96   -0.01   -0.02    0.00    0.00       0
    6166     6.3      97    0.02   -0.01    0.00    0.00       0
    6167     6.0      97    0.00    0.02    0.00    0.00       0
    6168     6.1      98    0.01    0.01    0.00    0.00       0
    6169     7.2      99    0.01    0.01    0.00    0.00      63
    6170     7.8      99   -0.01   -0.01    0.00    0.00     113
    6171     7.0      99   -0.01    0.01    0.00    0.00     113
    6172     7.5      99    0.00    0.00    0.00    0.00     113
    6173     8.4      99    0.00   -0.02    0.00    0.00     113
    6174     8.4      99    0.01    0.00    0.00   26.48     113
    6175     9.9      99    0.01    0.00   40.69  115.95     113
    6176    12.6      99   -0.02    0.00    0.00  182.41     113
    6177    15.4      97    0.02    0.01  138.72  334.79     100
    6178    16.9      90    0.03    0.01    0.00  288.56     100
    6179    17.5      85   -0.02    0.00    0.00  254.85     100
    6180    17.7      80    0.00    0.02    5.02  197.54      13
    6181    18.1      75    0.00   -0.02    5.06  192.73      25
    6182    18.2      80    0.01   -0.02    0.00  247.93      25
    6183    18.3      80    0.00    0.00    0.00  284.14      25
    6184    17.5      81    0.00   -0.02    0.00  208.97      25
    6185    16.5      87    0.00   -0.01   29.44  126.43      13
    6186    15.0      98    0.00    0.00    0.00   23.30       0
    6187    12.7      99    0.00    0.00    0.00    0.00       0
    6188    10.6      95    0.01    0.00    0.00    0.00       0
    6189     9.3      93   -0.01    0.01    0.00    0.00       0
    6190     8.4      91   -0.01    0.01    0.00    0.00       0
    6191     8.3      93    0.01    0.01    0.00    0.00       0
    6192     8.7      92   -0.01   -0.01    0.00    0.00       0
    6193     8.4      95   -0.01    0.01    0.00    0.00       0
    6194     8.3      96    0.01   -0.01    0.00    0.00       0
    6195     9.4      98   -0.03    0.01    0.00    0.00     113
    6196    10.0      99    0.00   -0.02    0.00    0.00     113
    6197    10.5      97   -0.02    0.00    0.00    0.00       0
    6198    11.0      99    0.04   -0.03    0.00    9.85     113
    6199    11.8      99    0.00    0.02    4.59   39.36     113
    6200    13.0      99    0.02    0.01    4.88   90.29     113
    6201    15.3      95   -0.04    0.01    0.00  215.52     100
    6202    17.7      93    0.05   -0.01   48.57  409.87     100
    6203    19.0      88   -0.06    0.00    0.00  425.51     100
    6204    20.2      81   -0.04    0.03    0.00  414.35      88
    6205    21.5      76    0.01    0.08  111.68  471.41     100
    6206    21.1      70   -0.08    0.07    0.00  268.20      75
    6207    20.8      60   -0.03   -0.09    0.00  206.90     100
    6208    20.1      58   -0.02    0.08    0.00  135.97     100
    6209    18.5      59   -0.08   -0.02    5.63   54.88       0
    6210    16.3      63    0.00   -0.07    0.00    7.07      13
    6211    15.1      64   -0.06    0.03    0.00    0.00      75
    6212    14.4      70   -0.01    0.06    0.00    0.00      13
    6213    14.1      65   -0.02   -0.06    0.00    0.00       0
    6214    13.0      66    0.00   -0.08    0.00    0.00       0
    6215    11.6      71    0.07   -0.02    0.00    0.00       0
    6216    11.9      75    0.01   -0.05    0.00    0.00       0
    6217    12.2      75   -0.01   -0.04    0.00    0.00       0
    6218    12.7      76    0.03    0.04    0.00    0.00       0
    6219    12.8      77    0.02    0.03    0.00    0.00       0
    6220    12.7      80    0.01   -0.04    0.00    0.00       0
    6221    12.9      83   -0.03    0.03    0.00    0.00       0
    6222    12.2      86    0.02   -0.02    0.00    7.81       0
    6223    12.3      79   -0.02    0.04    2.85   25.53       0
    6224    12.6      74   -0.06    0.01    1.95   37.07       0
    6225    13.6      70    0.03   -0.05    5.48  151.15       0
    6226    14.6      68   -0.04   -0.01    3.56  122.24       0
    6227    15.5      60   -0.05   -0.04    5.21  200.73       0
    6228    17.0      58    0.07   -0.01    0.00  277.91       0
    6229    17.5      51    0.06    0.02    0.00  264.25       0
    6230    17.8      52   -0.04   -0.06    0.00  350.94      13
    6231    17.6      52    0.05    0.01  238.87  308.81       0
    6232    17.3      54   -0.02   -0.03  293.17  206.11       0
    6233    16.5      63   -0.02   -0.02   35.58  127.16       0
    6234    14.7      67   -0.02    0.02    0.00   20.57       0
    6235    13.3      69    0.03    0.00    0.00    0.00       0
    6236    12.7      78   -0.02    0.03    0.00    0.00       0
    6237    12.9      83   -0.03   -0.01    0.00    0.00       0
    6238    12.9      86   -0.02   -0.02    0.00    0.00       0
    6239    13.3      87    0.01   -0.03    0.00    0.00       0
    6240    13.0      87    0.02    0.01    0.00    0.00       0
    6241    12.5      94    0.00   -0.01    0.00    0.00       0
    6242    12.5      97    0.03   -0.02    0.00    0.00       0
    6243    12.7      99    0.03    0.01    0.00    0.00      63
    6244    12.9      99    0.02    0.01    0.00    0.00     113
    6245    13.0      99   -0.03    0.00    0.00    0.00     113
    6246    13.1      99   -0.01   -0.02    0.00    8.48     100
    6247    13.5      98    0.03   -0.03    0.00   98.91     100
    6248    14.7      89    0.01   -0.04  148.38  233.16     100
    6249    15.3      81   -0.06   -0.01    0.00  283.52     100
    6250    16.1      73   -0.03    0.04    4.61  160.14      13
    6251    16.4      67    0.01    0.05    3.02  118.09       0
    6252    16.3      67   -0.05    0.02    2.80  113.64       0
    6253    16.2      67    0.05    0.00    1.81   71.12       0
    6254    16.8      68    0.02    0.04    2.74   96.83       0
    6255    17.5      72    0.05    0.01    3.36   96.60       0
    6256    17.6      78    0.05    0.02    3.02   61.17       0
    6257    17.4      87    0.02    0.02    1.98   20.43       0
    6258    17.3      92   -0.01   -0.04    0.00    7.60      38
    6259    17.7      96   -0.03   -0.02    0.00    0.00      50
    6260    17.1      98   -0.05   -0.01    0.00    0.00     100
    6261    17.0      97    0.00   -0.03    0.00    0.00     100
    6262    16.9      98    0.01   -0.01    0.00    0.00     100
    6263    16.8      99    0.00    0.00    0.00    0.00     113
    6264    16.6      99   -0.01    0.01    0.00    0.00     113
    6265    16.5      99    0.01   -0.01    0.00    0.00     113
    6266    16.4      99    0.00   -0.01    0.00    0.00     113
    6267    16.2      99   -0.01   -0.01    0.00    0.00     113
    6268    16.2      99    0.00    0.00    0.00    0.00     113
    6269    15.9      99    0.00    0.00    0.00    0.00     113
    6270    15.4      99    0.01   -0.01    0.00    0.00     113
    6271    14.4      99   -0.01    0.00    4.48   43.72     113
    6272    13.5      99    0.00   -0.01    0.00  119.73     113
    6273    14.0      99    0.01    0.01    0.00  249.13     113
    6274    13.7      99    0.01    0.00   30.48  392.38     100
    6275    14.6      93   -0.01   -0.01   51.71  460.89     100
    6276    12.4      87    0.00    0.00   42.16  470.86     100
    6277    14.0      85    0.01    0.00  462.40  286.04     100
    6278    14.6      86    0.01    0.01    0.00  266.94     100
    6279    14.8      85    0.01    0.01    0.00  219.94     100
    6280    12.9      86    0.00    0.00    2.20   45.34      38
    6281    11.5      93    0.00    0.00    1.32   14.02       0
    6282    11.1      96    0.00    0.01    0.00    0.00       0
    6283    11.3      97    0.00    0.00    0.00    0.00     100
    6284    12.4      99   -0.02   -0.02    0.00    0.00      88
    6285    14.3      98   -0.01    0.02    0.00    0.00       0
    6286    14.8      98   -0.01    0.02    0.00    0.00       0
    6287    14.4      99    0.01   -0.01    0.00    0.00     113
    6288    13.8      99    0.01    0.00    0.00    0.00     100
    6289    13.4      99    0.02    0.02    0.00    0.00     113
    6290    12.8      99    0.00    0.00    0.00    0.00     113
    6291    12.6      99    0.00    0.00    0.00    0.00     113
    6292    12.1      99   -0.01    0.02    0.00    0.00     113
    6293    11.9      99    0.00    0.00    0.00    0.00     113
    6294    12.3      99    0.01   -0.01    0.00    4.84     100
    6295    13.4      99    0.00    0.01    1.79   18.34     100
    6296    15.5      99    0.01   -0.01    3.58   72.73     100
    6297    16.0      99    0.00    0.02    2.98   86.27     100
    6298    16.6      95    0.01   -0.01    3.35  119.57     100
    6299    16.9      91    0.02    0.01    2.68  106.84     100
    6300    17.0      92    0.01    0.02    5.57  230.31     100
    6301    17.8      93   -0.02    0.00    3.41  136.86     100
    6302    17.3      90   -0.04   -0.01    3.94  141.84     100
    6303    18.1      87    0.03   -0.02    0.00  166.27     100
    6304    17.1      88   -0.01    0.03    1.92   40.15     100
    6305    16.3      89    0.02    0.02    1.04   11.35     100
    6306    15.8      89   -0.03    0.02    0.00    0.00     100
    6307    15.6      95    0.01   -0.01    0.00    0.00     100
    6308    15.5      95    0.00   -0.01    0.00    0.00     100
    6309    15.4      96    0.01   -0.01    0.00    0.00     100
    6310    15.3      97   -0.01    0.01    0.00    0.00     100
    6311    15.3      97    0.00   -0.02    0.00    0.00     100
    6312    15.1      97    0.00    0.02    0.00    0.00     100
    6313    14.8      97    0.00   -0.02    0.00    0.00     100
    6314    14.2      98    0.02    0.01    0.00    0.00     100
    6315    13.8      98    0.03   -0.02    0.00    0.00     100
    6316    13.4      98   -0.02   -0.02    0.00    0.00     100
    6317    13.1      98    0.02    0.01    0.00    0.00     100
    6318    13.1      95    0.04    0.02    0.00    5.39     100
    6319    13.7      94    0.03    0.02    0.00   72.78     100
    6320    15.0      89   -0.01    0.03    0.00  226.81     100
    6321    17.3      89   -0.03    0.01  167.17  324.16     100
    6322    20.6      84   -0.02   -0.02  572.10  201.08     100
    6323    22.3      84    0.00   -0.04  684.52  173.25     100
    6324    23.8      84   -0.04   -0.02  140.79  473.25     100
    6325    23.9      80   -0.04   -0.02  358.21  341.64     100
    6326    24.3      83    0.03   -0.01  578.18  200.01     100
    6327    24.3      87   -0.01   -0.04  463.97  207.26     100
    6328    23.5      90    0.02    0.03   52.61  241.84     100
    6329    21.5      92   -0.03    0.01    3.28   36.94     100
    6330    19.6      90    0.02    0.01    0.00    3.84     100
    6331    18.2      91    0.03    0.00    0.00    0.00     100
    6332    17.5      91   -0.03    0.00    0.00    0.00     100
    6333    17.3      93    0.00   -0.03    0.00    0.00     100
    6334    17.2      93   -0.02   -0.02    0.00    0.00     100
    6335    16.8      93   -0.04   -0.01    0.00    0.00     100
    6336    16.7      95    0.03    0.00    0.00    0.00     100
    6337    16.7      93   -0.02   -0.03    0.00    0.00     100
    6338    16.5      91    0.02   -0.02    0.00    0.00     100
    6339    16.5      89    0.03    0.02    0.00    0.00     100
    6340    15.6      89    0.01    0.03    0.00    0.00     100
    6341    14.7      90    0.02    0.02    0.00    0.00     100
    6342    15.3      89    0.02   -0.01    0.00    0.00     100
    6343    15.7      87    0.02   -0.01    0.94   10.55     100
    6344    16.0      83   -0.03   -0.02    1.00   21.28     100
    6345    16.3      78    0.03   -0.01    1.60   48.02      75
    6346    16.7      70    0.03   -0.02    1.18   43.10     100
    6347    16.6      66   -0.02   -0.02    0.93   38.02       0
    6348    16.8      61    0.01    0.03    2.43  102.89       0
    6349    17.0      59    0.00   -0.04    2.22   91.05       0
    6350    15.8      61   -0.03    0.00    1.87   68.74       0
    6351    15.1      64    0.02    0.02    3.40  102.70       0
    6352    14.8      69    0.00   -0.03    5.34  115.34       0
    6353    14.1      83    0.00    0.01    3.51   40.89       0
    6354    13.4      92    0.00    0.00    0.00    7.14       0
    6355    13.0      95    0.01    0.01    0.00    0.00       0
    6356    12.8      95    0.00   -0.01    0.00    0.00       0
    6357    12.2      91    0.01   -0.01    0.00    0.00       0
    6358    11.7      84    0.02   -0.01    0.00    0.00       0
    6359    12.3      87   -0.01   -0.02    0.00    0.00       0
    6360    12.5      85    0.03    0.00    0.00    0.00       0
    6361    12.5      91   -0.03    0.00    0.00    0.00       0
    6362    12.5      92   -0.01    0.03    0.00    0.00       0
    6363    12.5      96   -0.03    0.00    0.00    0.00       0
    6364    12.3      96    0.03    0.01    0.00    0.00       0
    6365    12.0      98    0.02   -0.01    0.00    0.00       0
    6366    11.5      98    0.03    0.01    0.00    4.89       0
    6367    11.6      96    0.00    0.04    4.50   53.08       0
    6368    12.5      84    0.01    0.04    1.88   41.10       0
    6369    13.3      77   -0.04   -0.01    3.10   94.20       0
    6370    14.3      75    0.03   -0.02    2.53   93.74       0
    6371    13.2      66   -0.01   -0.04    0.67   27.80       0
    6372    13.3      56   -0.04    0.00    2.96  126.28       0
    6373    13.3      53   -0.01    0.03    1.72   71.31       0
    6374    14.8      55    0.01    0.04    0.00  222.27       0
    6375    15.0      61    0.01    0.03    0.00  198.08       0
    6376    13.6      71    0.01    0.02    0.00  132.38       0
    6377    13.3      82   -0.02    0.01    0.00   81.44       0
    6378    11.9      83    0.03    0.01    0.00    6.57      25
    6379    11.1      82    0.01   -0.05    0.00    0.00       0
    6380    10.6      83    0.02   -0.04    0.00    0.00       0
    6381    10.1      84   -0.03   -0.03    0.00    0.00       0
    6382     9.0      85   -0.04   -0.04    0.00    0.00       0
    6383     8.4      88    0.04    0.03    0.00    0.00      25
    6384     8.5      91    0.05    0.00    0.00    0.00      38
    6385     9.2      93   -0.05    0.04    0.00    0.00      25
    6386     9.2      93   -0.02    0.08    0.00    0.00      13
    6387     8.1      91   -0.01    0.07    0.00    0.00       0
    6388     7.4      90    0.08   -0.02    0.00    0.00      25
    6389     7.3      88    0.05    0.05    0.00    0.00     100
    6390     7.2      87   -0.02    0.08    0.00    7.57      75
    6391     7.6      81    0.06    0.06  162.32  114.42     100
    6392     9.6      73    0.07   -0.07   72.11  239.39     100
    6393    11.5      74   -0.06    0.04   37.67  327.26      75
    6394    12.8      91    0.01    0.04    0.00  292.64     100
    6395    12.8      95    0.03    0.03    3.99  166.42     100
    6396    14.0      88    0.02   -0.04  394.85  326.66     100
    6397    14.9      75    0.05    0.00  379.25  324.38     100
    6398    15.1      66    0.01    0.03   55.01  414.35      50
    6399    15.1      69    0.02   -0.03    0.00  270.82      63
    6400    14.5      73    0.02    0.02   27.97  225.07      50
    6401    13.5      77    0.03    0.00    0.00   91.10       0
    6402    11.3      85    0.01    0.03    0.00    6.81       0
    6403     9.1      90    0.00   -0.03    0.00    0.00       0
    6404     8.0      91    0.00    0.03    0.00    0.00       0
    6405     7.5      90    0.01    0.03    0.00    0.00       0
    6406     7.5      93   -0.03    0.00    0.00    0.00      13
    6407     7.3      96   -0.05    0.00    0.00    0.00      13
    6408     7.5      97    0.00   -0.04    0.00    0.00       0
    6409     8.1      98   -0.04    0.02    0.00    0.00       0
    6410     8.5      98   -0.05    0.02    0.00    0.00      13
    6411     8.9      98    0.03   -0.04    0.00    0.00      38
    6412     8.9      96    0.06   -0.01    0.00    0.00     100
    6413     8.9      95   -0.03   -0.03    0.00    0.00     100
    6414     9.2      91    0.00   -0.04    0.00    6.33     100
    6415    10.2      88    0.02   -0.03    3.74   49.02     100
    6416    11.8      85    0.00    0.01    0.00  143.52      75
    6417    13.3      82    0.00    0.00    4.92  154.63     100
    6418    14.4      80   -0.01    0.00    3.81  144.78      75
    6419    16.4      79    0.01   -0.01    0.00  449.91     100
    6420    17.3      75   -0.02   -0.01    0.00  426.94     100
    6421    17.1      77    0.03   -0.02    4.97  209.44     100
    6422    17.3      76    0.03   -0.03    0.00  234.54     100
    6423    17.5      75    0.04    0.01   22.78  309.63     100
    6424    17.0      91    0.01    0.03   33.55  228.50     100
    6425    16.1      92    0.04   -0.01    0.00   96.25     100
    6426    14.5      94    0.02   -0.02    0.00    5.77     100
    6427    13.0      94   -0.03    0.01    0.00    0.00     100
    6428    12.1      97    0.04    0.03    0.00    0.00     100
    6429    11.5      98   -0.02   -0.03    0.00    0.00     100
    6430    11.8      98    0.00   -0.03    0.00    0.00     100
    6431    11.8      98    0.01   -0.03    0.00    0.00     100
    6432    11.7      98    0.01    0.02    0.00    0.00     100
    6433    12.0      99    0.01   -0.02    0.00    0.00     100
    6434    12.0      97   -0.04    0.04    0.00    0.00     100
    6435    12.2      98   -0.04    0.00    0.00    0.00     100
    6436    12.2      98    0.02    0.04    0.00    0.00     100
    6437    12.1      98   -0.03    0.05    0.00    0.00     100
    6438    11.9      98    0.00   -0.06    0.00    0.00     100
    6439    11.7      97    0.02    0.04    2.90   40.22     100
    6440    12.7      96   -0.02    0.05    4.08   95.63     100
    6441    14.1      94    0.02   -0.03    0.00  305.05     100
    6442    16.8      94    0.02    0.01  269.90  343.84     100
    6443    19.4      88    0.01   -0.01  406.43  305.51     100
    6444    19.8      83   -0.01    0.01  108.23  479.03     100
    6445    19.5      83    0.00   -0.02   27.05  432.20     100
    6446    19.5      80   -0.02    0.02    0.00  390.99      63
    6447    19.2      83    0.02   -0.02    0.00  195.14     100
    6448    18.6      88    0.02   -0.02    0.00  161.22     100
    6449    16.7      92    0.01   -0.02    0.00   70.22     100
    6450    13.9      95   -0.03   -0.01    0.00    4.68     100
    6451    12.3      95    0.00   -0.03    0.00    0.00     100
    6452    12.0      92    0.02   -0.01    0.00    0.00     100
    6453    11.9      93   -0.04    0.00    0.00    0.00     100
    6454    12.5      93    0.05    0.00    0.00    0.00     100
    6455    13.6      95    0.03   -0.02    0.00    0.00     100
    6456    13.5      96   -0.03   -0.01    0.00    0.00     100
    6457    13.0      98    0.04    0.00    0.00    0.00     100
    6458    12.3      99   -0.02   -0.04    0.00    0.00     113
    6459    12.1      99   -0.03    0.00    0.00    0.00     113
    6460    11.7      99    0.02    0.02    0.00    0.00     113
    6461    11.8      99   -0.01    0.03    0.00    0.00     113
    6462    12.5      99   -0.04   -0.01    0.00    0.00     113
    6463    13.1      99    0.05   -0.01    1.68   24.73     113
    6464    13.6      99   -0.01    0.04    1.96   47.36     113
    6465    14.8      99   -0.04   -0.01    2.92   94.98     100
    6466    16.9      99   -0.03   -0.02    0.00  320.62     100
    6467    18.5      97   -0.04   -0.03    0.00  449.43     100
    6468    19.7      87   -0.03   -0.01    0.00  359.51     100
    6469    19.9      88   -0.03    0.03    4.79  206.18     100
    6470    19.7      91    0.04   -0.02    0.00  245.38     100
    6471    18.8      93    0.01   -0.04    2.79   90.35     100
    6472    18.0      94    0.04   -0.03    1.73   41.42     100
    6473    17.2      95   -0.03    0.03    3.19   46.14     100
    6474    16.1      95   -0.05   -0.01    0.00   10.44     100
    6475    14.3      95   -0.03    0.04    0.00    0.00     100
    6476    12.6      96    0.04   -0.02    0.00    0.00     100
    6477    11.7      96   -0.03   -0.02    0.00    0.00     100
    6478    12.5      95   -0.02   -0.01    0.00    0.00     100
    6479    12.6      94    0.04   -0.01    0.00    0.00     100
    6480    12.3      94   -0.03   -0.01    0.00    0.00     100
    6481    11.9      95   -0.04    0.02    0.00    0.00     100
    6482    11.4      96   -0.02    0.00    0.00    0.00     100
    6483    11.0      97   -0.02    0.01    0.00    0.00     100
    6484    10.5      97    0.01   -0.01    0.00    0.00     100
    6485    11.4      98   -0.03   -0.01    0.00    0.00     100
    6486    11.4      99    0.03    0.00    0.00    4.79     100
    6487    12.0      99    0.01   -0.02    3.38   52.58     100
    6488    14.0      96   -0.01    0.03    0.00  123.23     100
    6489    15.1      91    0.02    0.01    2.79   92.25     100
    6490    16.9      84   -0.03   -0.03    3.87  153.08     100
    6491    18.2      82   -0.02    0.01    0.00  257.94      88
    6492    19.9      87    0.02    0.00   34.12  458.46     100
    6493    21.3      87    0.02    0.00    0.00  326.51     100
    6494    22.1      89    0.01    0.01  210.86  369.64     100
    6495    20.6      91    0.00   -0.02    0.00  189.01     100
    6496    18.5      92    0.00   -0.01    2.61   63.89     100
    6497    17.8      94   -0.01    0.01    1.50   23.07     100
    6498    16.9      96   -0.01    0.00    0.00    0.00     100
    6499    16.5      97    0.00    0.00    0.00    0.00     113
    6500    15.9      97    0.00    0.00    0.00    0.00     100
    6501    15.4      98    0.01    0.01    0.00    0.00     100
    6502    15.1      98   -0.02    0.02    0.00    0.00     100
    6503    14.9      97    0.02    0.01    0.00    0.00     100
    6504    14.7      96    0.00   -0.02    0.00    0.00     100
    6505    14.5      96    0.02    0.00    0.00    0.00     100
    6506    14.3      96   -0.01   -0.02    0.00    0.00     100
    6507    14.2      97   -0.03    0.00    0.00    0.00     100
    6508    14.1      98   -0.01    0.02    0.00    0.00     113
    6509    13.9      99    0.00   -0.02    0.00    0.00     113
    6510    14.2      99    0.02    0.00    0.00    0.00     113
    6511    14.5      99    0.02   -0.02    0.82   13.63     113
    6512    14.6      99    0.01    0.02    1.19   30.40     113
    6513    15.1      70    0.00    0.03    1.65   55.66       0
    6514    15.7      67   -0.01   -0.03    1.79   71.88       0
    6515    16.5      64    0.03    0.02    0.00  231.08      25
    6516    18.0      56    0.02    0.02    4.78  217.30      88
    6517    18.7      62    0.00   -0.02    0.00  248.35     100
    6518    18.1      60    0.00    0.00    3.02  120.54     100
    6519    16.4      69    0.00    0.00    2.23   74.41     100
    6520    15.4      78    0.00    0.00    0.71   17.74     100
    6521    14.3      88    0.00    0.00    0.00    0.00     100
    6522    14.2      89    0.01   -0.02    0.00    0.00      63
    6523    15.0      80    0.02    0.01    0.00    0.00     100
    6524    14.6      80   -0.03    0.00    0.00    0.00     100
    6525    13.2      80    0.02   -0.03    0.00    0.00     100
    6526    12.7      83   -0.05   -0.01    0.00    0.00     100
    6527    11.9      87    0.00    0.03    0.00    0.00     100
    6528    10.7      89    0.02   -0.04    0.00    0.00     100
    6529    10.9      92   -0.03    0.02    0.00    0.00     100
    6530    11.2      94   -0.01    0.05    0.00    0.00      63
    6531    11.2      96   -0.01   -0.02    0.00    0.00      75
    6532    11.1      98   -0.03    0.02    0.00    0.00      88
    6533    11.8      99    0.04   -0.01    0.00    0.00     113
    6534    12.0      99    0.03    0.03    0.00    0.00     113
    6535    12.3      99    0.02    0.04    1.37   24.32     113
    6536    12.5      99    0.03   -0.03    3.57   93.08     113
    6537    12.3      99    0.00   -0.06    0.00  248.91     100
    6538    13.3      88   -0.02    0.05    0.00  225.83     100
    6539    14.0      85   -0.05   -0.04    4.94  220.41     100
    6540    14.9      82    0.01    0.03    0.00  279.88     100
    6541    15.1      78    0.02    0.04    0.00  257.70     100
    6542    14.7      75    0.04    0.00    3.50  141.43     100
    6543    14.4      80    0.01   -0.02    0.00  163.69      88
    6544    13.9      83    0.01    0.01    2.48   63.56      50
    6545    13.3      90   -0.01    0.00    1.38   23.95       0
    6546    12.8      95   -0.01    0.02    0.00    0.00       0
    6547    12.3      91    0.02    0.01    0.00    0.00       0
    6548    12.0      94    0.00    0.02    0.00    0.00       0
    6549    11.6      92    0.02    0.02    0.00    0.00       0
    6550    11.1      95    0.00    0.03    0.00    0.00       0
    6551    10.5      93   -0.03    0.03    0.00    0.00       0
    6552     9.8      94    0.03   -0.04    0.00    0.00       0
    6553     9.3      97    0.05   -0.01    0.00    0.00     100
    6554     9.7      99   -0.03   -0.04    0.00    0.00     113
    6555    10.3      99   -0.05    0.03    0.00    0.00     113
    6556    10.2      99   -0.05   -0.01    0.00    0.00     113
    6557     9.9      99    0.03   -0.01    0.00    0.00     100
    6558     9.7      94    0.04    0.00    0.00    0.00     100
    6559     9.0      91    0.01    0.00    2.76   52.26     100
    6560    10.5      86   -0.01    0.02    0.00  228.60     100
    6561    12.8      83   -0.01   -0.03    0.00  217.12     100
    6562    13.3      80   -0.04   -0.01    0.00  296.53     100
    6563    14.0      81    0.00    0.03    0.00  312.64     100
    6564    14.9      86    0.01   -0.01   41.15  464.81     100
    6565    15.1      90    0.01    0.01  298.00  358.34     100
    6566    15.5      86    0.00    0.02  412.90  258.94     100
    6567    14.9      85    0.02    0.00   44.73  325.85     100
    6568    13.9      87   -0.02   -0.01    0.00  226.00     100
    6569    12.5      89    0.02   -0.01    0.00   57.65     100
    6570    10.2      87   -0.02   -0.02    0.00    0.00     100
    6571     8.6      88   -0.02   -0.01    0.00    0.00     100
    6572     7.7      87   -0.02   -0.02    0.00    0.00     100
    6573     8.0      88    0.03    0.00    0.00    0.00     100
    6574     8.8      88   -0.01   -0.02    0.00    0.00     100
    6575     0.0      89   -0.03    0.01    0.00    0.00     100
    6576    12.1      90    0.02   -0.01    0.00    0.00     100
    6577    12.0      91    0.02    0.02    0.00    0.00     100
    6578    11.8      91    0.03    0.01    0.00    0.00     100
    6579    11.9      92   -0.03   -0.01    0.00    0.00     100
    6580    12.2      93   -0.02   -0.01    0.00    0.00     100
    6581    12.2      92    0.02    0.00    0.00    0.03     100
    6582    12.2      90    0.00   -0.03    0.00    0.79     100
    6583    12.7      87    0.03   -0.02    0.00   76.98     100
    6584    13.7      87   -0.01    0.02  110.72  232.31     100
    6585    15.0      83    0.01   -0.03  100.71  334.97     100
    6586    15.9      83    0.02    0.00    0.00  202.98     100
    6587    15.8      79    0.03    0.02    1.99   91.19     100
    6588    15.5      79   -0.01    0.03    3.35  157.67     100
    6589    16.1      80   -0.01    0.02    4.01  182.40     100
    6590    16.3      74    0.01   -0.03    0.00  297.93     100
    6591    16.8      76   -0.01   -0.03   37.99  320.63      13
    6592    16.7      79    0.03    0.02   31.12  218.88      13
    6593    16.3      82    0.02   -0.03    2.37   47.93       0
    6594    14.9      87   -0.02    0.01    0.00    1.79      13
    6595    14.1      85   -0.02    0.02    0.00    0.00     100
    6596    13.2      81    0.02    0.03    0.00    0.00     100
    6597    13.2      82    0.03    0.01    0.00    0.00     100
    6598    13.2      88   -0.03   -0.01    0.00    0.00     100
    6599    13.0      93    0.01   -0.02    0.00    0.00     100
    6600    12.8      93    0.02   -0.01    0.00    0.00     100
    6601    12.3      92    0.01    0.03    0.00    0.00     100
    6602    12.1      95    0.01   -0.03    0.00    0.00     100
    6603    12.6      95   -0.01    0.03    0.00    0.00     100
    6604    12.3      95    0.02    0.00    0.00    0.00     100
    6605    11.9      94   -0.01    0.01    0.00    0.04     100
    6606    12.2      93    0.02   -0.02    0.00    0.47     100
    6607    12.5      92   -0.01   -0.02    0.33    7.26     100
    6608    12.5      92    0.02    0.01    0.38   10.72     100
    6609    12.9      92    0.02   -0.02    1.90   68.78     100
    6610    13.9      88    0.03   -0.01    2.64  112.11     100
    6611    14.4      86    0.03    0.00    2.49  115.19     100
    6612    14.7      87    0.02   -0.03    2.07   98.72     100
    6613    14.9      87    0.00    0.02    1.29   59.66     100
    6614    14.4      90    0.00   -0.04    2.78  116.80     100
    6615    14.7      89    0.02   -0.02    2.07   73.60     100
    6616    14.2      89   -0.03   -0.01    0.84   23.20     100
    6617    13.9      90   -0.03    0.03    0.22    5.01     100
    6618    13.6      89    0.02   -0.02    0.00    0.01     100
    6619    13.4      85   -0.02   -0.05    0.00    0.00     100
    6620    13.1      89    0.01    0.03    0.00    0.00     100
    6621    13.0      91    0.03    0.00    0.00    0.00     100
    6622    12.9      91    0.03   -0.03    0.00    0.00     100
    6623    13.1      93    0.04   -0.02    0.00    0.00     100
    6624    13.2      94    0.00    0.05    0.00    0.00     100
    6625    13.4      94   -0.03    0.03    0.00    0.00     100
    6626    13.6      95   -0.02    0.02    0.00    0.00     100
    6627    13.7      96    0.02   -0.03    0.00    0.00     100
    6628    13.6      98    0.01    0.03    0.00    0.00     100
    6629    13.6      98    0.03   -0.03    0.00    0.00     100
    6630    13.6      98    0.04    0.03    0.00    0.23     100
    6631    13.8      98    0.01    0.05    0.14    3.47     100
    6632    14.2      95    0.01   -0.03    0.37   10.88     100
    6633    14.8      94    0.03    0.03    0.93   34.24     100
    6634    15.4      93    0.01   -0.03    0.76   32.88     100
    6635    15.7      94    0.00    0.03    0.67   31.39     100
    6636    15.8      97    0.00    0.03    0.46   21.99     100
    6637    15.4      97   -0.01    0.01    0.23   10.96     100
    6638    15.0      98   -0.03   -0.01    0.34   14.37     113
    6639    14.2      98    0.03   -0.02    0.24    8.85     100
    6640    13.0      97    0.01   -0.03    0.46   13.11     100
    6641    12.8      98    0.00    0.00    0.12    3.01     100
    6642    12.2      99    0.00    0.01    0.00    0.05     100
    6643    12.0      99    0.01    0.01    0.00    0.00     100
    6644    11.9      99    0.01    0.00    0.00    0.04     100
    6645    12.2      99   -0.02   -0.01    0.00    0.00     100
    6646    12.2      98   -0.01   -0.02    0.00    0.00     100
    6647    11.9      98    0.02   -0.01    0.00    0.00     100
    6648    11.5      99    0.01   -0.03    0.00    0.00     113
    6649    10.2      99   -0.04    0.01    0.00    0.00      75
    6650     9.6      98   -0.01    0.02    0.00    0.09     100
    6651     9.4      99   -0.02    0.02    0.00    0.00     100
    6652     8.9      99    0.03    0.00    0.00    0.04     113
    6653     8.8      99   -0.03    0.02    0.00    0.00     113
    6654     7.6      99   -0.01    0.06    0.00    1.04     113
    6655     7.5      99    0.02   -0.05    1.11   28.94     113
    6656     8.6      99    0.03    0.04   28.95  225.09     100
    6657     9.9      94    0.03   -0.04  243.32  277.36     100
    6658    12.0      93   -0.06    0.02  182.35  376.14      75
    6659    13.3      89    0.01    0.06    0.00  280.07     100
    6660    13.6      79    0.00   -0.05   84.27  473.99     100
    6661    14.5      77   -0.02    0.01   33.75  436.70      50
    6662    14.9      74    0.02    0.00  551.69  186.70       0
    6663    15.2      81    0.00    0.00  140.74  310.81       0
    6664    14.3      85    0.01   -0.01   51.72  222.35       0
    6665    13.7      91    0.01    0.01    1.63   45.39       0
    6666    11.7      93    0.01    0.01    0.00    0.00       0
    6667    11.1      95    0.01    0.01    0.00    0.00       0
    6668    10.7      96   -0.01    0.01    0.00    0.00     100
    6669    10.2      97   -0.01    0.00    0.00    0.00     100
    6670     9.5      98   -0.01   -0.01    0.00    0.00     100
    6671     9.3      98   -0.01   -0.02    0.00    0.00     100
    6672     9.9      97   -0.01    0.01    0.00    0.05     100
    6673    10.6      97   -0.02    0.00    0.00    0.00     100
    6674    10.5      97    0.01   -0.01    0.00    0.09     100
    6675    10.7      98    0.00    0.00    0.00    0.03     100
    6676    11.0      97   -0.01    0.01    0.00    0.09     100
    6677    11.2      97    0.01    0.01    0.00    0.01     100
    6678    11.2      97    0.03   -0.01    0.00    0.37     100
    6679    11.3      97    0.00   -0.02    0.52   14.83     100
    6680    11.9      94    0.03    0.01    0.57   17.81     100
    6681    11.6      94    0.00   -0.04    0.99   37.98     100
    6682    11.8      90    0.01   -0.02    1.38   60.98     100
    6683    12.1      89    0.03    0.00    2.65  127.49     100
    6684    13.1      90   -0.01   -0.02    1.89   93.28     100
    6685    12.8      87   -0.03    0.01    2.08   99.37     100
    6686    13.4      77    0.03    0.02    0.00  222.08      88
    6687    14.0      79    0.01   -0.03   72.35  324.54     100
    6688    13.8      85   -0.02   -0.02    0.00  193.20      75
    6689    12.8      90   -0.03    0.00    0.83   26.61      63
    6690    10.4      94    0.03   -0.03    0.00    0.00     100
    6691     9.6      96   -0.03   -0.05    0.00    0.22     100
    6692    10.7      98   -0.03    0.05    0.00    0.00     100
    6693    10.6      99    0.01   -0.05    0.00    0.00     100
    6694    10.8      98    0.00   -0.04    0.00    0.00     100
    6695    11.0      98    0.01    0.04    0.00    0.00     100
    6696    11.0      98   -0.02    0.02    0.00    0.00     100
    6697    11.1      97   -0.01    0.03    0.00    0.00     100
    6698    10.9      97    0.03    0.01    0.00    0.00     100
    6699    10.4      97   -0.04    0.00    0.00    0.00     100
    6700    10.3      97    0.02    0.04    0.00    0.00     100
    6701    10.1      99   -0.03   -0.02    0.00    0.00     113
    6702    10.4      99    0.00    0.06    0.00    0.44     100
    6703    10.7      98    0.01    0.06    0.20    6.51     100
    6704    11.0      96    0.00   -0.05    0.61   19.57     100
    6705    11.2      93    0.02   -0.05    1.42   55.29     100
    6706    11.7      90    0.05   -0.01    1.84   82.62     100
    6707    12.5      87   -0.01    0.04    2.33  113.19     100
    6708    13.3      86    0.04    0.01    0.00  242.82     100
    6709    14.4      92   -0.02   -0.02    2.61  126.01     100
    6710    14.0      93   -0.01   -0.01    0.00  284.53     100
    6711    14.1      90   -0.03   -0.01    3.80  144.64     100
    6712    13.2      94   -0.03    0.02    1.10   34.26     100
    6713    11.7      95    0.00    0.03    0.68   25.84     100
    6714    11.0      96   -0.02    0.01    0.00    0.08     100
    6715    10.9      96    0.01   -0.02    0.00    0.00     100
    6716    10.7      97    0.03    0.00    0.00    0.00     100
    6717    10.6      98   -0.01   -0.02    0.00    0.00     100
    6718    10.5      98    0.01   -0.03    0.00    0.00     100
    6719    10.3      99   -0.03    0.01    0.00    0.00     100
    6720    10.3      98    0.01    0.03    0.00    0.00     100
    6721    10.2      97    0.03    0.00    0.00    0.00     100
    6722    10.3      97   -0.03    0.01    0.00    0.00     100
    6723    10.2      97    0.00   -0.04    0.00    0.00     100
    6724    10.3      97   -0.02    0.00    0.00    0.00     100
    6725    10.1      97    0.01   -0.02    0.00    0.00     100
    6726    10.4      95    0.02    0.03    0.00    0.32     100
    6727    10.5      96    0.00    0.03    0.32   11.62     100
    6728    10.6      96    0.03    0.01    1.55   51.21     100
    6729    11.1      94    0.01    0.04    2.24   89.20     100
    6730    11.8      94   -0.03    0.02    1.81   82.29     100
    6731    12.2      93    0.02    0.02    0.00  243.88     100
    6732    13.2      89    0.02   -0.01    4.52  227.37     100
    6733    13.4      91    0.02   -0.03    0.00  271.29     100
    6734    13.5      94   -0.05   -0.03    1.73   77.80     100
    6735    11.9      97   -0.03    0.03    0.79   30.65     100
    6736    11.0      97    0.03   -0.02    0.53   17.24     100
    6737    10.5      97   -0.04   -0.02    0.10    4.74     100
    6738    10.1      98   -0.02   -0.02    0.00    0.00     100
    6739     9.4      97    0.00   -0.04    0.00    0.00     100
    6740     9.2      97   -0.04    0.01    0.00    0.00     100
    6741     9.0      97   -0.03    0.04    0.00    0.00     100
    6742     8.9      98    0.01   -0.02    0.00    0.00     100
    6743     8.8      99   -0.03    0.00    0.00    0.00     100
    6744     8.8      99   -0.02    0.00    0.00    0.00     100
    6745     8.9      99    0.02    0.01    0.00    0.00     100
    6746     8.9      99    0.01    0.04    0.00    0.00     100
    6747     8.9      97    0.00    0.04    0.00    0.00      88
    6748     8.3      97    0.03   -0.01    0.00    0.00      13
    6749     6.9      97    0.01    0.02    0.00    0.00       0
    6750     6.5      97   -0.03    0.00    0.00    0.28      25
    6751     6.4      93   -0.04    0.00    1.15   46.63       0
    6752     6.9      86   -0.05    0.05   63.25  232.49       0
    6753     8.5      75    0.00   -0.07  366.21  215.19       0
    6754    10.3      70   -0.01    0.07  536.27  190.11      38
    6755    11.7      72    0.03   -0.07  303.43  341.79      88
    6756    11.1      78   -0.01    0.03    0.00  406.56     100
    6757    11.0      70   -0.05    0.02   65.42  450.47     100
    6758    12.0      73    0.04    0.02  355.25  269.48      88
    6759    12.1      76   -0.03   -0.02    0.00  238.46     100
    6760    11.9      83   -0.01   -0.02    0.00  173.85      75
    6761    10.0      89    0.03    0.00    0.30   18.34      63
    6762     9.0      89    0.00   -0.03    0.00    0.00     100
    6763     8.6      90    0.01    0.04    0.00    0.00     100
    6764     8.3      93   -0.04   -0.01    0.00    0.00     100
    6765     7.8      93   -0.01    0.04    0.00    0.00     100
    6766     7.8      95    0.04    0.03    0.00    0.00     100
    6767     7.8      96    0.01    0.03    0.00    0.00     100
    6768     8.0      97   -0.01   -0.05    0.00    0.00     100
    6769     7.9      98   -0.01   -0.05    0.00    0.00     100
    6770     7.8      98    0.06   -0.03    0.00    0.00     100
    6771     7.6      98   -0.01   -0.05    0.00    0.00     100
    6772     7.7      98    0.01    0.06    0.00    0.00     100
    6773     7.7      98   -0.04   -0.03    0.00    0.00     100
    6774     7.8      98    0.00   -0.05    0.00    0.02     100
    6775     7.9      98    0.05   -0.01    0.14    6.58     100
    6776     8.1      98    0.00    0.02    0.25    8.90     100
    6777     8.0      96   -0.01   -0.01    0.57   23.57     113
    6778     7.5      96   -0.01    0.01    1.87   87.63     100
    6779     8.4      94   -0.05   -0.01    1.08   54.59     100
    6780     8.1      95   -0.02    0.01    1.31   67.67     113
    6781     8.5      91   -0.01    0.00    3.52  175.94     100
    6782     9.5      89    0.00    0.01    4.07  187.32      88
    6783     9.7      96    0.00   -0.03    1.71   68.88      38
    6784     9.4      89    0.00    0.02    0.00  162.53     100
    6785     9.0      97   -0.02   -0.02    0.11    9.54       0
    6786     6.4      99    0.03    0.02    0.00    0.00     113
    6787     5.6      99    0.00   -0.03    0.00    0.12     100
    6788     6.1      98    0.04   -0.01    0.00    0.04     100
    6789     6.0      98   -0.03   -0.03    0.00    0.00     113
    6790     6.1      99   -0.01   -0.02    0.00    0.00     100
    6791     5.9      98    0.02    0.01    0.00    0.00     100
    6792     5.7      99   -0.01    0.03    0.00    0.02      38
    6793     5.0      99    0.05    0.00    0.00    0.00     113
    6794     4.0      99   -0.02   -0.04    0.00    0.04     113
    6795     3.9      99    0.05    0.03    0.00    0.18     113
    6796     4.5      99    0.02    0.04    0.00    0.09     113
    6797     5.4      99   -0.03    0.04    0.00    0.03     113
    6798     6.0      99    0.05    0.01    0.00    0.22     113
    6799     6.2      99   -0.04    0.00    0.14    7.57     113
    6800     6.5      99    0.05    0.00    1.03   37.66     113
    6801     7.2      99    0.03    0.02    2.65  111.78     100
    6802     8.4      97   -0.03    0.00    0.00  236.44     100
    6803    10.0      96    0.02    0.00    1.97  100.58     100
    6804     9.2      93   -0.01    0.02    2.60  135.44     100
    6805     9.8      94    0.01    0.03    0.00  242.77     100
    6806    10.5      94   -0.01    0.01   28.01  375.93     100
    6807     9.6      95   -0.01   -0.01    0.00  228.52     100
    6808     9.7      97    0.01    0.02    2.28   81.66      63
    6809     8.9      97    0.01    0.00    0.05    8.97     100
    6810     8.0      98    0.01    0.01    0.00    0.00     100
    6811     7.8      99    0.00   -0.01    0.00    0.00     100
    6812     7.6      99    0.00   -0.02    0.00    0.00     113
    6813     7.2      99   -0.01    0.00    0.00    0.00     100
    6814     6.2      99    0.00    0.01    0.00    0.00     113
    6815     5.4      99    0.00    0.00    0.00    0.00      75
    6816     4.7      99    0.00    0.00    0.00    0.00     100
    6817     4.4      98   -0.02    0.00    0.00    0.00     100
    6818     4.3      98    0.01    0.00    0.00    0.00     100
    6819     4.1      97    0.00    0.00    0.00    0.00     100
    6820     3.9      96    0.00    0.00    0.00    0.00     100
    6821     4.1      96    0.01   -0.02    0.00    0.00     100
    6822     3.5      98   -0.02    0.02    0.00    0.32     100
    6823     3.4      98    0.02   -0.01    0.28   18.64     100
    6824     4.3      96    0.03    0.01    0.00  162.09      75
    6825     5.8      89    0.00   -0.03    0.62   26.90     100
    6826     6.1      89    0.01   -0.03    2.49  120.17     100
    6827     7.6      87   -0.03   -0.01   41.70  443.58      75
    6828    10.1      81    0.02    0.02  169.61  428.80     100
    6829    11.9      76   -0.03    0.01    0.00  245.93     100
    6830    12.1      83    0.05    0.01  561.60  168.58     113
    6831    13.6      94   -0.01    0.00  203.85  267.52     100
    6832    12.7      96    0.01    0.00  153.08  184.90     100
    6833    10.0      96   -0.02    0.01    0.00   10.61     100
    6834     6.6      97   -0.02    0.00    0.00    0.07      13
    6835     4.8      95   -0.03   -0.01    0.00    0.00      13
    6836     4.4      93    0.01    0.02    0.00    0.00      50
    6837     3.9      98    0.02    0.01    0.00    0.00       0
    6838     3.0      99   -0.01    0.00    0.00    0.00       0
    6839     2.2      98   -0.01    0.01    0.00    0.00      13
    6840     1.8      99    0.00   -0.02    0.00    0.00       0
    6841     1.2      99    0.01    0.00    0.00    0.00       0
    6842     0.8      99    0.02    0.00    0.00    0.00       0
    6843     0.6      98    0.00   -0.01    0.00    0.00       0
    6844     1.1      99    0.00    0.00    0.00    0.00      75
    6845     1.5      99    0.00    0.00    0.00    0.00      13
    6846     1.3      99    0.00    0.01    0.00    0.59       0
    6847     1.0      99    0.00    0.00    0.00   79.78       0
    6848     1.6      99    0.01   -0.01   82.36  225.13       0
    6849     4.0      93    0.02    0.01  369.30  205.24       0
    6850     7.8      90    0.02    0.02  505.14  196.18      13
    6851    10.3      87   -0.01   -0.01  224.92  381.07      38
    6852    10.7      77    0.00   -0.02  133.40  446.22      50
    6853    11.0      75    0.00   -0.02  489.36  226.67      63
    6854    11.4      73    0.02    0.04  556.31  168.59      38
    6855    11.2      78    0.02    0.01  389.16  185.05       0
    6856    10.4      83    0.00    0.00  153.04  181.45      50
    6857     9.0      90   -0.01   -0.01    0.00   19.14      13
    6858     6.8      87    0.00   -0.02    0.00    0.06      63
    6859     5.9      85   -0.01    0.01    0.00    0.00     100
    6860     5.1      87    0.00   -0.02    0.00    0.00     100
    6861     3.8      89    0.00   -0.02    0.00    0.00      88
    6862     3.4      90   -0.02   -0.01    0.00    0.00     100
    6863     4.0      92    0.01   -0.01    0.00    0.00     100
    6864     4.4      94   -0.02    0.00    0.00    0.00     100
    6865     4.4      97    0.01    0.00    0.00    0.00     100
    6866     4.0      99   -0.01   -0.02    0.00    0.00       0
    6867     3.4      99   -0.03    0.02    0.00    0.00      88
    6868     2.7      99   -0.03    0.02    0.00    0.00     100
    6869     2.4      98   -0.03   -0.04    0.00    0.00     100
    6870     3.0      98   -0.03    0.03    0.00    0.13     100
    6871     2.9      97    0.00    0.03    0.34   40.78     100
    6872     3.3      92   -0.04    0.03  266.26  159.43      75
    6873     4.4      80   -0.05    0.00  337.07  216.75      75
    6874     5.7      78    0.02    0.04  359.16  263.94     100
    6875     6.7      76    0.07    0.01   36.02  437.04     100
    6876     7.6      75    0.01   -0.05  124.78  448.53     100
    6877     7.9      75    0.03    0.07    3.97  208.34     100
    6878     7.5      77   -0.02   -0.06    1.80   87.87     100
    6879     7.1      79    0.06    0.03    1.17   51.14     100
    6880     6.7      79   -0.05   -0.02    0.63   25.75     100
    6881     6.5      79   -0.01   -0.05    0.00    5.50     100
    6882     6.2      77    0.05    0.04    0.00    0.02     100
    6883     6.1      76   -0.06   -0.02    0.00    0.00     100
    6884     6.0      77   -0.06    0.03    0.00    0.00     100
    6885     5.8      77    0.05   -0.03    0.00    0.00     100
    6886     5.7      79   -0.03    0.03    0.00    0.00     100
    6887     5.6      87    0.05   -0.03    0.00    0.00     100
    6888     5.3      82   -0.06    0.03    0.00    0.00     100
    6889     5.0      81    0.05    0.02    0.00    0.00     100
    6890     4.8      78    0.00   -0.06    0.00    0.00     100
    6891     4.4      76    0.05    0.04    0.00    0.00     100
    6892     4.2      77    0.02   -0.06    0.00    0.00     100
    6893     3.9      82   -0.03   -0.04    0.00    0.00     100
    6894     3.3      88    0.03    0.03    0.00    0.19     100
    6895     2.7      89    0.03   -0.02    0.12   22.49      75
    6896     2.8      86    0.03   -0.04  118.57  210.55       0
    6897     4.1      83   -0.01   -0.04  390.95  191.68      50
    6898     5.8      79   -0.04   -0.01  507.60  191.19     100
    6899     7.1      71    0.03    0.00  656.53  152.63      50
    6900     7.7      67   -0.01    0.05  538.96  209.58      38
    6901     8.5      66    0.04   -0.03  533.14  201.62       0
    6902     9.2      70   -0.01    0.04  439.50  213.64       0
    6903     9.5      72   -0.02   -0.03  321.02  206.84       0
    6904     9.0      87   -0.02   -0.03   86.04  196.79       0
    6905     7.7      94    0.00    0.03    0.00   11.08       0
    6906     5.6      97    0.01   -0.02    0.00    0.03       0
    6907     4.0      98    0.00    0.00    0.00    0.00       0
    6908     2.8      99    0.00    0.00    0.00    0.00       0
    6909     2.1      99    0.00    0.00    0.00    0.00       0
    6910     1.3      99    0.00    0.00    0.00    0.00       0
    6911     0.3      99    0.00    0.00    0.00    0.00       0
    6912    -0.4      99    0.01    0.01    0.00    0.00       0
    6913    -0.9      97   -0.01   -0.01    0.00    0.00       0
    6914    -1.4      98   -0.01   -0.01    0.00    0.00       0
    6915    -1.9      97    0.00    0.00    0.00    0.00       0
    6916    -1.8      99    0.00    0.00    0.00    0.00      38
    6917    -1.9      99    0.02    0.00    0.00    0.00     100
    6918    -1.2      99   -0.01    0.01    0.00    0.04     113
    6919     2.9      99   -0.02    0.00    0.02    7.71     100
    6920     3.6      97    0.03    0.02    1.06   46.51     100
    6921     4.4      94    0.01    0.01  123.56  310.58     100
    6922     6.5      91   -0.02   -0.01    0.00  206.30     100
    6923     7.3      85    0.00    0.02    3.85  209.30     100
    6924     8.2      82    0.03    0.03    0.00  289.30     100
    6925     8.8      77   -0.03    0.01    2.02  109.21     100
    6926     8.9      77    0.00   -0.02    2.12  106.87     100
    6927     9.0      81    0.00    0.01    1.54   70.61     100
    6928     8.6      80    0.00    0.00    0.34   15.02     100
    6929     7.9      77    0.01    0.00    0.00    2.09     100
    6930     7.2      85    0.00    0.00    0.00    0.00     100
    6931     6.4      87    0.00    0.00    0.00    0.00      88
    6932     4.4      93    0.00    0.00    0.00    0.00       0
    6933     3.2      97    0.00    0.00    0.00    0.00       0
    6934     1.6      97    0.00    0.00    0.00    0.00     100
    6935     0.4      97   -0.01    0.01    0.00    0.00     100
    6936     0.4      98    0.00    0.00    0.00    0.00      25
    6937     1.0      99    0.00    0.00    0.00    0.00       0
    6938    -0.1      99    0.00    0.00    0.00    0.00       0
    6939    -1.2      99    0.00    0.00    0.00    0.00       0
    6940    -1.9      99    0.00    0.00    0.00    0.00       0
    6941    -2.3      99    0.00    0.00    0.00    0.00       0
    6942    -2.6      99    0.00    0.00    0.00    0.13       0
    6943    -2.8      99    0.00    0.00    0.00   68.86       0
    6944    -2.1      92   -0.01    0.01  155.82  191.36       0
    6945     0.0      84   -0.01    0.03  371.29  194.97       0
    6946     3.4      70   -0.03    0.02  518.03  182.77       0
    6947     6.7      69    0.04   -0.03  559.82  189.22       0
    6948     8.3      69   -0.04    0.03  364.41  298.13      25
    6949     8.7      76   -0.02    0.03    2.64  144.32     100
    6950     8.7      76    0.01   -0.03    0.00  233.39     100
    6951     9.0      77   -0.04    0.01    1.14   53.55     100
    6952     8.3      85   -0.02    0.03    0.28   13.09     100
    6953     7.7      95   -0.01   -0.03    0.00    1.54     100
    6954     7.1      98   -0.02    0.03    0.00    0.00     100
    6955     6.8      99   -0.03    0.01    0.00    0.00     100
    6956     7.6      99    0.01   -0.02    0.00    0.00     100
    6957     8.2      99    0.02   -0.02    0.00    0.00     100
    6958     8.3      99    0.01   -0.02    0.00    0.00     100
    6959     6.9      97   -0.03   -0.02    0.00    0.00     100
    6960     6.0      98    0.02   -0.01    0.00    0.00     100
    6961     6.4      96    0.05    0.02    0.00    0.00     100
    6962     6.2      90   -0.01   -0.05    0.00    0.00     100
    6963     5.5      85   -0.04    0.01    0.00    0.00     100
    6964     4.7      86    0.04    0.01    0.00    0.00       0
    6965     3.6      86    0.03   -0.02    0.00    0.00       0
    6966     2.6      88   -0.01    0.04    0.00    0.09       0
    6967     1.9      80    0.03    0.04    0.00   70.17       0
    6968     1.9      73   -0.03    0.01  217.14  164.57       0
    6969     3.0      62    0.01   -0.06  432.81  168.19       0
    6970     4.6      55   -0.04   -0.06  578.88  156.59       0
    6971     6.2      53   -0.07    0.05  636.15  155.68       0
    6972     7.1      48    0.03   -0.07  646.80  157.07       0
    6973     7.7      48    0.07   -0.02  392.11  265.39       0
    6974     7.8      50    0.00    0.06  350.29  248.64       0
    6975     7.9      52   -0.01   -0.05  358.76  182.33       0
    6976     7.4      60   -0.03   -0.02   22.22  191.30       0
    6977     5.9      64    0.03   -0.01    0.00    5.03       0
    6978     3.5      67    0.04    0.02    0.00    0.00       0
    6979     2.2      68    0.03    0.03    0.00    0.00       0
    6980     2.2      65   -0.03    0.02    0.00    0.00       0
    6981     1.1      67   -0.01    0.03    0.00    0.00       0
    6982    -0.5      71   -0.03    0.00    0.00    0.00       0
    6983    -2.2      76    0.01   -0.02    0.00    0.00       0
    6984    -3.0      76    0.01    0.01    0.00    0.00       0
    6985    -3.5      77    0.00    0.00    0.00    0.00      25
    6986    -3.8      75    0.00    0.00    0.00    0.00       0
    6987    -3.8      77    0.00    0.00    0.00    0.00      13
    6988    -3.9      76    0.00    0.00    0.00    0.00      88
    6989    -3.7      77    0.00    0.00    0.00    0.00       0
    6990    -3.7      75    0.00    0.00    0.00    0.04       0
    6991    -3.7      65    0.00   -0.01    0.00   22.79       0
    6992    -3.3      56    0.00   -0.02    0.00  228.79       0
    6993    -1.6      48   -0.01   -0.02  125.11  304.20      13
    6994     1.4      47    0.03    0.00  230.18  323.14       0
    6995     5.6      48    0.01   -0.02  382.33  273.61       0
    6996     7.6      49   -0.01    0.05  337.96  309.00       0
    6997     8.2      48    0.02   -0.03  257.07  341.31       0
    6998     8.6      53   -0.02    0.02  202.69  325.27       0
    6999     8.6      59    0.00   -0.02   30.51  294.62       0
    7000     8.3      77    0.00    0.00    0.00  161.98       0
    7001     5.7      86    0.00    0.00    0.00    4.50       0
    7002     2.6      86    0.01   -0.01    0.00    0.00       0
    7003     1.4      85    0.01    0.00    0.00    0.00      25
    7004     0.2      88    0.00    0.00    0.00    0.00      13
    7005    -0.9      91    0.00    0.00    0.00    0.00      50
    7006    -1.5      86    0.00   -0.01    0.00    0.00     100
    7007    -0.8      87    0.02   -0.02    0.00    0.32     100
    7008     0.1      87    0.00   -0.03    0.00    0.41     100
    7009     1.0      87   -0.05    0.02    0.00    0.30     100
    7010     1.5      89    0.05    0.04    0.00    0.18     100
    7011     2.1      94    0.05    0.04    0.00    0.24     100
    7012     2.7      97   -0.05   -0.04    0.00    0.16     100
    7013     3.1      98   -0.07    0.03    0.00    0.09     100
    7014     3.4      99    0.05   -0.03    0.00    0.31     113
    7015     4.6      99    0.00    0.06    0.00    1.78     113
    7016     5.4      99   -0.01   -0.06    0.27   14.29     113
    7017     6.3      99   -0.06    0.05    0.75   38.22     100
    7018     7.0      98   -0.02    0.06    0.89   48.62     100
    7019     7.8      95    0.06   -0.01    1.40   80.83     100
    7020     8.9      91   -0.02    0.06    2.23  130.11     100
    7021     9.8      87   -0.06    0.00    1.40   79.84     100
    7022     9.6      85    0.03   -0.05    0.97   52.20     100
    7023     9.2      86   -0.03   -0.06    0.45   22.53     100
    7024     8.6      91   -0.05    0.06    0.18   10.31     100
    7025     7.9      90   -0.05    0.07    0.00    0.25     100
    7026     7.5      89   -0.02   -0.08    0.00    0.00     100
    7027     7.4      87   -0.03    0.07    0.00    0.00     100
    7028     7.5      87    0.04   -0.07    0.00    0.00     100
    7029     7.6      90   -0.03   -0.06    0.00    0.00     100
    7030     7.6      92    0.04    0.03    0.00    0.00     100
    7031     7.4      93    0.04    0.03    0.00    0.00     100
    7032     7.4      97    0.00   -0.06    0.00    0.00     100
    7033     7.5      98   -0.03    0.01    0.00    0.00     100
    7034     7.7      99    0.03   -0.01    0.00    0.00     100
    7035     8.1      99    0.03    0.03    0.00    0.00     113
    7036     8.3      99    0.02   -0.02    0.00    0.00     113
    7037     8.5      99    0.04    0.01    0.00    0.00     113
    7038     8.9      99    0.00    0.04    0.00    0.03     100
    7039     9.3      99    0.05   -0.02    0.00    1.00     100
    7040     9.8      99    0.02   -0.03    0.08    4.60     113
    7041    10.1      99    0.01    0.03    0.23   11.89     113
    7042    10.6      99    0.00   -0.03    0.35   19.51     113
    7043    11.0      99   -0.02   -0.03    0.41   23.88     100
    7044    11.2      99    0.01   -0.03    0.47   27.93     113
    7045    11.1      99    0.03   -0.01    0.52   30.36     100
    7046    11.0      98   -0.03    0.03    0.64   34.99     100
    7047    11.1      98   -0.04   -0.02    0.35   18.13     100
    7048    11.1      99    0.00   -0.06    0.08    4.92     113
    7049    10.9      99   -0.05   -0.04    0.00    0.19     113
    7050    10.7      99    0.04    0.06    0.00    0.00     113
    7051    10.7      99    0.05    0.05    0.00    0.00     100
    7052    10.7      99    0.03    0.06    0.00    0.00     100
    7053    10.8      99   -0.05    0.04    0.00    0.00     100
    7054    10.9      99    0.06   -0.03    0.00    0.00     100
    7055    10.7      99    0.05   -0.03    0.00    0.00     100
    7056    10.6      99    0.01    0.07    0.00    0.00     100
    7057    10.6      99    0.00   -0.05    0.00    0.01     100
    7058    11.2      98    0.02   -0.05    0.00    0.08     100
    7059    12.0      98    0.00   -0.04    0.00    0.00     100
    7060    12.1      98   -0.03   -0.02    0.00    0.00     100
    7061    12.1      98    0.05    0.08    0.00    0.00     100
    7062    11.8      99   -0.10   -0.01    0.00    0.00     100
    7063    11.1      99   -0.08   -0.03    0.00    1.58     100
    7064    10.7      99   -0.07   -0.03    0.16    9.15     113
    7065    10.5      97    0.06    0.02    1.00   53.29     100
    7066    11.1      98    0.00    0.05    1.01   57.10     100
    7067    11.2      99    0.01    0.05    0.62   36.67     113
    7068    11.6      97    0.05    0.02    0.91   54.46     100
    7069    12.0      97   -0.05    0.03    0.61   35.79     100
    7070    11.9      97    0.05    0.02    0.31   17.56     100
    7071    11.8      95   -0.01    0.07    0.42   22.28     100
    7072    11.7      97    0.01   -0.06    0.17   10.69     100
    7073    11.4      97    0.04   -0.05    0.00    0.43     100
    7074    10.8      95    0.05   -0.03    0.00    0.00     100
    7075    10.3      96   -0.05   -0.03    0.00    0.00     100
    7076    10.1      96    0.04    0.03    0.00    0.00     100
    7077    10.1      95    0.00   -0.06    0.00    0.01     100
    7078    10.0      95   -0.06   -0.01    0.00    0.02     100
    7079    10.0      97   -0.03    0.05    0.00    0.00     100
    7080     9.8      97   -0.04   -0.03    0.00    0.00     100
    7081     9.4      96    0.05   -0.05    0.00    0.00     100
    7082     9.1      97   -0.01   -0.06    0.00    0.00     100
    7083     9.0      97   -0.06    0.01    0.00    0.00     100
    7084     8.9      96   -0.01    0.06    0.00    0.00     100
    7085     8.8      96    0.06    0.00    0.00    0.00     100
    7086     8.3      95   -0.04    0.01    0.00    0.00     100
    7087     7.9      96    0.03   -0.02    0.00    2.75     100
    7088     7.8      95    0.04   -0.01    1.53   91.52     100
    7089     8.4      93   -0.04   -0.01    0.00  213.58     100
    7090     9.1      84   -0.01    0.05    0.00  243.27     100
    7091     9.5      82   -0.04   -0.04    0.00  392.31     100
    7092    10.0      75    0.01    0.04    0.00  266.98     100
    7093    10.2      78    0.03   -0.01  139.25  402.67       0
    7094    10.6      75    0.00    0.05  177.63  328.53      50
    7095     9.5      79    0.03   -0.02    1.91  103.56      63
    7096     9.0      87    0.01   -0.01    0.29   19.91     100
    7097     8.5      91    0.00    0.01    0.00    0.74     100
    7098     7.8      93    0.00   -0.02    0.00    0.00     100
    7099     6.7      94    0.01    0.01    0.00    0.00     100
    7100     6.1      95    0.02   -0.03    0.00    0.00     100
    7101     5.9      96   -0.04    0.01    0.00    0.04     100
    7102     6.3      98    0.00   -0.05    0.00    0.40     100
    7103     7.2      99    0.00   -0.05    0.00    0.03     100
    7104     7.5      99    0.06    0.00    0.00    0.05     113
    7105     7.8      99   -0.04    0.04    0.00    0.00     100
    7106     8.2      99    0.04   -0.03    0.00    0.04     100
    7107     8.7      98   -0.05    0.04    0.00    0.04     100
    7108     9.2      97    0.03    0.02    0.00    0.00     100
    7109     8.9      96   -0.04   -0.01    0.00    0.00     100
    7110     8.7      97   -0.01   -0.03    0.00    0.00     100
    7111     8.5      97    0.04    0.01    0.00    1.68     100
    7112     8.5      98   -0.02   -0.02    0.17   10.95     100
    7113     8.6      96   -0.01   -0.04    1.12   62.83     100
    7114     8.8      95   -0.02   -0.02    1.92  112.03     100
    7115     9.5      89   -0.04    0.02    0.00  283.88     100
    7116    10.0      90   -0.02   -0.04    0.00  314.87     100
    7117    10.5      87    0.03    0.00    0.00  396.70     100
    7118    10.8      86   -0.01    0.03    0.00  285.93     100
    7119    10.5      91    0.02    0.01    0.00  232.63      75
    7120     9.7      96    0.02    0.00    0.53   40.01      75
    7121     8.4      97   -0.02   -0.01    0.00    0.33      13
    7122     7.2      98   -0.03    0.00    0.00    0.00      63
    7123     6.6      98    0.04   -0.01    0.00    0.00     100
    7124     6.6      99    0.03   -0.03    0.00    0.08     100
    7125     6.6      99   -0.05    0.03    0.00    0.00     100
    7126     6.6      99   -0.03    0.05    0.00    0.05     100
    7127     7.2      98    0.05    0.02    0.00    0.06     100
    7128     7.8      97    0.06   -0.02    0.00    0.00     100
    7129     8.1      98   -0.06   -0.01    0.00    0.00     100
    7130     8.6      99    0.06   -0.04    0.00    0.00     100
    7131     8.9      97    0.08    0.06    0.00    0.00     100
    7132     9.3      98   -0.09    0.02    0.00    0.00     100
    7133     9.7      99   -0.08    0.02    0.00    0.00     100
    7134    10.0      99   -0.07   -0.07    0.00    0.47     113
    7135    10.5      99    0.07    0.05    0.00    5.20     100
    7136    10.9      99   -0.01    0.09    0.21   13.86     100
    7137    11.2      98   -0.01    0.09    0.25   14.29     100
    7138    11.4      97   -0.07    0.07    0.28   16.41     100
    7139    11.5      97   -0.07   -0.04    0.33   20.31     100
    7140    11.4      98   -0.07    0.00    0.27   16.97     100
    7141    11.3      97   -0.05   -0.06    0.20   12.16     100
    7142    11.2      97    0.00   -0.06    0.19   11.08     100
    7143    11.0      97    0.00   -0.06    0.06    3.68     100
    7144    10.6      97   -0.06    0.00    0.00    0.09     100
    7145    10.3      97   -0.02   -0.04    0.00    0.00     100
    7146    10.1      97   -0.01    0.05    0.00    0.00     100
    7147     9.9      98    0.04    0.02    0.00    0.00     100
    7148     9.8      98    0.03   -0.02    0.00    0.00     100
    7149     9.7      98    0.03   -0.01    0.00    0.00     100
    7150     9.7      98    0.02    0.03    0.00    0.00     100
    7151     9.7      98    0.00   -0.03    0.00    0.00     100
    7152     9.7      98    0.01   -0.04    0.00    0.00     100
    7153     9.6      98   -0.06    0.00    0.00    0.00     100
    7154     9.3      98    0.01   -0.04    0.00    0.00     100
    7155     8.9      98   -0.03   -0.01    0.00    0.00     100
    7156     8.2      98    0.04   -0.01    0.00    0.00     100
    7157     7.9      98    0.03   -0.03    0.00    0.05     100
    7158     8.2      98   -0.01    0.04    0.00    1.74     100
    7159     8.0      97   -0.04    0.02    0.00   20.40     100
    7160     8.2      98    0.04   -0.01    0.53   37.91     100
    7161     8.9      97   -0.04    0.02    0.91   53.38     100
    7162     9.5      97    0.04   -0.03    0.99   60.02     100
    7163    10.1      96    0.04    0.02    1.51   94.62     100
    7164    10.9      94   -0.05    0.01    1.33   83.93     100
    7165    11.2      93   -0.04    0.01    1.42   88.16     100
    7166    11.1      93   -0.03   -0.03    0.77   46.03     100
    7167    10.6      96    0.05   -0.03    0.20   11.62     100
    7168    10.0      97    0.00   -0.06    0.00    0.08     100
    7169     9.6      98   -0.06    0.00    0.00    0.00     100
    7170     9.5      97    0.00    0.06    0.00    0.00     100
    7171     9.1      97   -0.04    0.05    0.00    0.00     100
    7172     8.9      97   -0.05   -0.04    0.00    0.00     100
    7173     8.9      98    0.05    0.00    0.00    0.00     100
    7174     8.8      98    0.01    0.03    0.00    0.00     100
    7175     8.4      97   -0.02   -0.02    0.00    0.00     100
    7176     8.5      98    0.00   -0.03    0.00    0.00     100
    7177     8.3      98   -0.02    0.03    0.00    0.00     100
    7178     8.0      97    0.04    0.00    0.00    0.00     100
    7179     7.9      97    0.01   -0.02    0.00    0.00     100
    7180     7.8      97   -0.01   -0.04    0.00    0.00     100
    7181     7.3      97   -0.02    0.03    0.00    0.00     100
    7182     6.7      97   -0.05   -0.03    0.00    1.05     100
    7183     6.8      96   -0.01   -0.07    0.00    9.95     100
    7184     7.3      96    0.01   -0.07    0.27   20.23     100
    7185     7.7      97   -0.07   -0.01    0.41   24.87     100
    7186     7.9      95   -0.07    0.04    0.71   43.86     100
    7187     8.3      94   -0.02   -0.06    1.28   81.03     100
    7188     8.7      92    0.02    0.07    1.27   81.52     100
    7189     9.0      94    0.06   -0.04    1.04   65.81     100
    7190     8.5      95    0.06   -0.05    0.30   18.41     100
    7191     8.1      96    0.02   -0.08    0.13    8.11     100
    7192     7.8      95    0.01    0.07    0.00    0.19     100
    7193     7.6      97   -0.06   -0.01    0.00    0.00     100
    7194     7.1      95    0.01    0.05    0.00    0.00     100
    7195     7.1      98    0.00   -0.06    0.00    0.00     100
    7196     7.0      96   -0.02   -0.05    0.00    0.00     100
    7197     6.8      96    0.01    0.05    0.00    0.00     100
    7198     6.7      97   -0.02    0.06    0.00    0.00     100
    7199     6.9      98    0.05   -0.04    0.00    0.00     100
    7200     7.1      98    0.06   -0.04    0.00    0.00     100
    7201     7.3      98    0.00   -0.07    0.00    0.00     100
    7202     7.4      98    0.00    0.07    0.00    0.00     100
    7203     7.4      98    0.06   -0.02    0.00    0.00     100
    7204     7.5      97   -0.06    0.06    0.00    0.00     100
    7205     7.4      97   -0.06   -0.06    0.00    0.00     100
    7206     7.6      98   -0.09    0.02    0.00    0.44     100
    7207     7.8      98    0.05   -0.04    0.00    7.36     100
    7208     8.1      98   -0.06    0.03    0.36   29.49     100
    7209     8.5      98   -0.01    0.04    1.23   76.30     100
    7210     9.5      97    0.03   -0.05    0.00  308.71     100
    7211    10.7      93   -0.05    0.03   41.29  427.08     100
    7212    11.2      88   -0.04    0.04    0.00  251.68     100
    7213    10.9      86   -0.05   -0.03    0.00  364.64     100
    7214    10.9      89    0.03   -0.05    2.48  153.32      63
    7215     9.9      93   -0.04   -0.03    0.34   21.65     100
    7216     9.0      94   -0.04   -0.03    0.00    0.09      88
    7217     8.8      94    0.04   -0.01    0.00    0.00     100
    7218     8.8      95    0.03    0.06    0.00    0.00     100
    7219     7.6      91   -0.02    0.07    0.00    0.00     100
    7220     6.8      96   -0.01    0.05    0.00    0.00     113
    7221     6.1      97   -0.04    0.04    0.00    0.00     113
    7222     6.3      98    0.04   -0.03    0.00    0.00     100
    7223     6.5      98   -0.02   -0.05    0.00    0.00     100
    7224     6.2      98    0.01    0.06    0.00    0.00     100
    7225     5.8      98   -0.05   -0.03    0.00    0.00     100
    7226     6.0      98    0.00    0.06    0.00    0.00     100
    7227     6.4      98    0.05    0.04    0.00    0.00     100
    7228     6.6      99    0.04   -0.03    0.00    0.01     100
    7229     7.0      98   -0.03   -0.04    0.00    0.00     100
    7230     7.1      98    0.02    0.03    0.00    1.15     100
    7231     7.2      98    0.02   -0.03    0.00   14.23     100
    7232     7.5      98    0.03    0.00    0.32   27.69     100
    7233     7.9      97    0.02   -0.01    1.13   71.56     100
    7234     8.9      95   -0.01   -0.01    2.60  164.64     100
    7235    10.0      91   -0.02    0.01    0.00  259.68     100
    7236    10.3      88    0.01    0.00    0.00  319.84      88
    7237    10.4      87    0.02   -0.01    0.00  369.92     100
    7238     9.5      79    0.00   -0.02    1.48   93.28     100
    7239     8.5      89    0.02    0.02    0.79   51.36     100
    7240     7.0      96    0.01    0.01    0.00    0.00      75
    7241     4.8      98   -0.01   -0.02    0.00    0.00       0
    7242     4.3      99    0.01   -0.02    0.00    0.07      88
    7243     4.8      99   -0.01   -0.02    0.00    0.10     113
    7244     5.1      99   -0.01   -0.02    0.00    0.05     113
    7245     5.0      99    0.01    0.02    0.00    0.00     113
    7246     5.1      99    0.00    0.02    0.00    0.00      63
    7247     4.9      99   -0.01    0.02    0.00    0.00     100
    7248     4.3      99   -0.02   -0.01    0.00    0.00     113
    7249     4.4      99    0.00    0.02    0.00    0.05     113
    7250     4.6      99    0.00    0.02    0.00    0.00     113
    7251     4.4      99   -0.01   -0.01    0.00    0.00     113
    7252     4.6      99   -0.01    0.02    0.00    0.03     113
    7253     4.7      99    0.03    0.01    0.00    0.02     113
    7254     4.9      99    0.00    0.03    0.00    2.64     113
    7255     5.0      99    0.00   -0.05    0.00    9.51     113
    7256     4.6      99    0.02   -0.04    0.28   25.80     113
    7257     5.4      99    0.03   -0.04    0.62   40.49     113
    7258     6.2      99   -0.03    0.05    0.81   52.27     113
    7259     7.1      99    0.05    0.01    1.05   69.37     113
    7260     7.8      99    0.04    0.03    0.82   54.76     100
    7261     8.3      99    0.00    0.04    0.78   51.65     100
    7262     8.4      99    0.03   -0.01    0.45   29.20     100
    7263     8.1      98    0.04    0.00    0.10    6.58     100
    7264     7.5      97   -0.04    0.01    0.00    0.03     100
    7265     7.2      97    0.04    0.02    0.00    0.00     100
    7266     7.0      98   -0.06    0.02    0.00    0.00     100
    7267     6.7      97    0.05    0.05    0.00    0.00     100
    7268     6.8      98   -0.06    0.02    0.00    0.00     100
    7269     6.9      99   -0.06   -0.04    0.00    0.00     100
    7270     6.9      99    0.06   -0.03    0.00    0.00     100
    7271     7.1      99    0.01    0.07    0.00    0.00     100
    7272     7.2      99    0.09    0.02    0.00    0.00     100
    7273     7.3      99   -0.08   -0.03    0.00    0.00     100
    7274     7.5      99   -0.02    0.07    0.00    0.00     100
    7275     7.8      99   -0.06    0.01    0.00    0.00     100
    7276     8.0      99    0.01   -0.07    0.00    0.00     100
    7277     8.2      99   -0.05   -0.01    0.00    0.03     100
    7278     8.4      99   -0.04   -0.02    0.00    1.49     100
    7279     8.0      99   -0.04   -0.01    0.00   29.47     100
    7280     8.7      98   -0.04    0.00    1.00  100.63     100
    7281     9.4      96   -0.01    0.04    0.00  276.39     100
    7282     9.9      93    0.03   -0.02    0.00  250.65      75
    7283    10.2      86    0.03    0.02   68.94  425.78      63
    7284    11.1      84   -0.03    0.01   74.75  437.02      38
    7285    11.9      84    0.01    0.03   30.93  407.23      25
    7286    11.6      87    0.03    0.00    0.00  196.46      50
    7287    10.8      95   -0.02    0.03    0.31   21.59     100
    7288    10.2      98    0.02   -0.01    0.00    0.00     100
    7289    10.1      99   -0.04    0.02    0.00    0.00     100
    7290    10.1      99    0.06    0.01    0.00    0.00     100
    7291    10.2      99   -0.08   -0.03    0.00    0.00     113
    7292    10.1      99   -0.03   -0.06    0.00    0.00     113
    7293    10.0      99   -0.04   -0.07    0.00    0.00     113
    7294    10.1      99    0.03    0.08    0.00    0.00     100
    7295    10.0      99   -0.08   -0.01    0.00    0.00     100
    7296    10.0      99    0.08    0.04    0.00    0.00     100
    7297    10.2      99    0.06   -0.06    0.00    0.00     100
    7298    10.6      99    0.09    0.02    0.00    0.00     113
    7299    10.9      99    0.09   -0.01    0.00    0.00     100
    7300    10.9      97   -0.06   -0.06    0.00    0.00     100
    7301    10.8      97    0.08   -0.03    0.00    0.00     100
    7302    10.7      96   -0.07   -0.06    0.00    0.15     100
    7303    10.7      97   -0.04    0.10    0.00    4.46     100
    7304    10.7      98    0.09   -0.01    0.12   13.83     100
    7305    10.8      98    0.02   -0.08    0.38   25.98     100
    7306    10.9      98   -0.02   -0.06    0.40   26.83     100
    7307    10.7      96    0.06    0.01    1.08   73.77     100
    7308    11.0      95    0.03   -0.06    1.98  135.66     100
    7309    11.3      93   -0.01   -0.05    2.31  156.54     100
    7310    10.7      93    0.00    0.05    1.03   69.19      88
    7311    10.0      95   -0.06   -0.01    0.07    5.09     100
    7312     9.5      95   -0.04    0.04    0.00    0.00     100
    7313     9.3      96   -0.06   -0.03    0.00    0.00     100
    7314     9.1      96   -0.03   -0.07    0.00    0.00     100
    7315     9.0      94   -0.01   -0.09    0.00    0.00     100
    7316     9.1      94   -0.01   -0.08    0.00    0.00     100
    7317     9.1      96   -0.07   -0.04    0.00    0.00     100
    7318     9.1      99   -0.10    0.02    0.00    0.01     100
    7319     9.6      99   -0.06   -0.06    0.00    0.03     100
    7320    10.4      99    0.07   -0.05    0.00    0.12     100
    7321    11.4      98   -0.02    0.10    0.00    0.00     100
    7322    11.7      97    0.07    0.07    0.00    0.00     100
    7323    11.9      98    0.08   -0.06    0.00    0.00     100
    7324    12.2      98   -0.01    0.11    0.00    0.00     100
    7325    12.5      99   -0.05    0.09    0.00    0.01     100
    7326    13.7      97    0.12    0.06    0.00    0.11     100
    7327    14.2      96    0.12    0.03    0.00    2.03     100
    7328    14.5      96   -0.04    0.11    0.07    9.14     100
    7329    14.2      97   -0.04    0.10    0.32   22.57     100
    7330    14.2      96   -0.08   -0.08    0.52   35.22     100
    7331    14.2      96   -0.07   -0.07    0.70   48.60     100
    7332    14.2      97    0.10    0.02    0.56   39.20     100
    7333    14.1      97    0.02   -0.11    0.47   32.37     100
    7334    14.0      97    0.06    0.08    0.17   11.63     100
    7335    14.0      96   -0.11    0.02    0.05    3.53     100
    7336    13.7      97    0.07    0.06    0.00    0.01     100
    7337    13.5      95    0.03   -0.11    0.00    0.00     100
    7338    13.3      96    0.02    0.09    0.00    0.00     100
    7339    13.0      96   -0.01    0.09    0.00    0.00     100
    7340    12.0      97   -0.04    0.08    0.00    0.00     100
    7341    10.1      95    0.02    0.06    0.00    0.00     100
    7342     9.3      96   -0.07   -0.03    0.00    0.00     100
    7343     8.9      94   -0.06    0.05    0.00    0.00     100
    7344     8.8      94   -0.01    0.06    0.00    0.13     100
    7345     8.9      95    0.05   -0.01    0.00    0.00     100
    7346     8.9      94    0.07   -0.01    0.00    0.00     100
    7347     8.7      94    0.06   -0.01    0.00    0.00     100
    7348     8.6      95   -0.06   -0.01    0.00    0.00     100
    7349     8.6      95   -0.06   -0.04    0.00    0.00     100
    7350     8.6      96   -0.06    0.03    0.00    0.24     100
    7351     8.6      95   -0.03   -0.04    0.00   11.48     100
    7352     8.4      96   -0.04    0.03    0.23   31.27     100
    7353     8.5      96    0.05   -0.01    1.13   82.60     100
    7354     8.8      94    0.06    0.02    1.42   98.28     100
    7355     9.3      95    0.02    0.05    1.71  119.48     100
    7356     9.4      94   -0.05    0.00    2.77  194.36     100
    7357     9.9      91    0.01    0.04    2.59  180.23     100
    7358     9.7      91   -0.04    0.01    1.25   87.19     100
    7359     9.2      93    0.02    0.03    0.19   14.90     100
    7360     8.4      96    0.03    0.01    0.00    0.00     100
    7361     6.8      97   -0.01   -0.04    0.00    0.00     100
    7362     6.7      97   -0.02   -0.04    0.00    0.00     100
    7363     6.8      97   -0.03    0.03    0.00    0.00     100
    7364     5.8      97   -0.03    0.01    0.00    0.00     100
    7365     5.4      99   -0.03    0.02    0.00    0.00     100
    7366     4.7      97    0.01   -0.03    0.00    0.00      88
    7367     3.9      99    0.04    0.00    0.00    0.00     100
    7368     4.7      98   -0.03    0.03    0.00    0.00     100
    7369     5.0      97   -0.05    0.00    0.00    0.00     100
    7370     4.9      97    0.03   -0.05    0.00    0.00     100
    7371     5.0      97    0.05    0.05    0.00    0.00     100
    7372     5.0      97   -0.05    0.00    0.00    0.00     100
    7373     5.0      98    0.06   -0.02    0.00    0.00     100
    7374     5.0      98    0.01    0.01    0.00    0.23     100
    7375     4.9      97    0.01    0.01    0.00   16.35     113
    7376     4.7      99    0.00    0.02    0.43   65.66     100
    7377     5.8      98    0.01   -0.04    0.00  175.72     100
    7378     6.9      95   -0.03   -0.06  122.58  346.12     100
    7379     8.2      93    0.04    0.04    0.00  369.54     100
    7380     9.2      89   -0.04    0.07   46.84  432.00     100
    7381     9.0      85    0.05    0.04    0.00  280.30     100
    7382     8.2      86    0.03   -0.03    0.29   20.90      75
    7383     7.1      95    0.00    0.05    0.14   11.55      88
    7384     6.8      95    0.01    0.05    0.00    0.02     100
    7385     7.1      95   -0.08    0.02    0.00    0.00     100
    7386     7.0      94   -0.06    0.03    0.00    0.00     100
    7387     6.3      95    0.00   -0.03    0.00    0.00      50
    7388     5.7      96    0.04    0.00    0.00    0.00     100
    7389     5.7      97    0.04    0.02    0.00    0.00      88
    7390     5.9      96   -0.03    0.01    0.00    0.00      88
    7391     5.9      95   -0.01   -0.04    0.00    0.00     100
    7392     5.6      94   -0.01   -0.05    0.00    0.00      75
    7393     5.0      94    0.04    0.01    0.00    0.00     100
    7394     5.5      93    0.01   -0.06    0.00    0.00      25
    7395     6.0      87   -0.07    0.04    0.00    0.00     100
    7396     6.8      87   -0.08   -0.05    0.00    0.00     100
    7397     7.7      88   -0.08    0.08    0.00    0.00     100
    7398     8.3      89    0.09   -0.07    0.00    0.01     100
    7399     8.7      88   -0.12    0.00    0.00    5.42     100
    7400     8.7      93    0.10   -0.07    0.09   16.42     100
    7401     8.8      93    0.02    0.12    0.30   23.63     100
    7402     9.1      93   -0.09   -0.05    0.38   27.43     100
    7403     9.5      95    0.08    0.07    0.48   34.55     100
    7404     9.9      94    0.10    0.08    0.39   28.13     100
    7405    10.4      93   -0.10   -0.03    0.38   27.41     100
    7406    11.1      91   -0.10   -0.03    0.37   27.07     100
    7407    11.2      92    0.02    0.08    0.05    4.42     100
    7408    11.0      92    0.05   -0.07    0.00    0.05     100
    7409    11.0      93    0.06    0.02    0.00    0.00     100
    7410    11.0      93    0.03   -0.06    0.00    0.00     100
    7411    11.0      93   -0.03   -0.05    0.00    0.00     100
    7412    11.0      93    0.03   -0.05    0.00    0.00     100
    7413    11.1      93   -0.02   -0.07    0.00    0.00     100
    7414    11.1      92   -0.06    0.03    0.00    0.00     100
    7415    10.8      92    0.04    0.07    0.00    0.00     100
    7416    10.3      93   -0.02   -0.07    0.00    0.00      50
    7417     9.9      93    0.07    0.01    0.00    0.00      38
    7418     9.6      93   -0.03    0.05    0.00    0.00       0
    7419     9.4      92   -0.05    0.02    0.00    0.00       0
    7420     9.6      94   -0.01   -0.07    0.00    0.00       0
    7421     9.2      95    0.01   -0.06    0.00    0.00       0
    7422     9.0      95   -0.04    0.00    0.00    0.16       0
    7423     8.6      95    0.03    0.04    0.00   30.32       0
    7424     8.7      95   -0.04   -0.02    0.50  101.83       0
    7425    10.1      89    0.01   -0.04  325.23  153.61       0
    7426    11.8      86   -0.01   -0.03  237.05  269.68       0
    7427    13.0      85    0.01    0.05  254.69  301.97       0
    7428    14.0      84   -0.02   -0.04  176.38  366.05       0
    7429    14.6      80   -0.04    0.03  135.12  371.84       0
    7430    14.5      83   -0.01    0.04    0.00  268.24       0
    7431    12.7      85    0.04   -0.02    0.20   17.38       0
    7432    10.8      91    0.05    0.01    0.00    0.00       0
    7433     9.4      94   -0.02    0.04    0.00    0.00     113
    7434     8.5      96   -0.05    0.00    0.00    0.00     100
    7435     7.6      97    0.04    0.02    0.00    0.00     100
    7436     8.4      95   -0.03   -0.05    0.00    0.00     100
    7437     8.9      95    0.05    0.00    0.00    0.00     100
    7438     8.8      95   -0.04   -0.02    0.00    0.00     100
    7439     8.8      95    0.04   -0.04    0.00    0.00     100
    7440     8.7      94   -0.03    0.04    0.00    0.00     100
    7441     8.8      96    0.04    0.01    0.00    0.00     100
    7442     8.6      98    0.02    0.06    0.00    0.00     100
    7443     8.5      99   -0.04    0.03    0.00    0.00     113
    7444     8.5      99   -0.01   -0.05    0.00    0.00     113
    7445     8.4      99    0.03    0.04    0.00    0.00     100
    7446     8.4      99   -0.03    0.00    0.00    0.06     113
    7447     8.4      99   -0.01   -0.03    0.00    5.53     113
    7448     8.5      99    0.03    0.03    0.07   16.26     113
    7449     8.8      99   -0.03    0.03    0.35   28.53     113
    7450     9.0      99    0.00    0.05    0.48   35.61     100
    7451     9.3      99    0.04    0.00    0.59   43.59     100
    7452     9.6      98    0.02   -0.04    0.77   57.67     100
    7453    10.0      97   -0.01   -0.04    0.86   64.22     100
    7454    10.0      95    0.05    0.02    0.60   45.25     100
    7455     9.7      96    0.01   -0.04    0.03    2.58     100
    7456     9.4      96   -0.02   -0.05    0.00    0.00     100
    7457     8.9      98   -0.02    0.04    0.00    0.00     100
    7458     8.8      97   -0.05    0.02    0.00    0.00     100
    7459     8.5      97    0.04    0.02    0.00    0.00     100
    7460     8.3      96    0.05    0.00    0.00    0.00     100
    7461     8.0      94   -0.04    0.00    0.00    0.00     100
    7462     8.0      95   -0.05   -0.02    0.00    0.00     100
    7463     8.2      96   -0.04   -0.04    0.00    0.00     100
    7464     8.3      95   -0.05   -0.03    0.00    0.00     100
    7465     8.2      95   -0.05   -0.03    0.00    0.00     100
    7466     8.2      95   -0.03   -0.04    0.00    0.00     100
    7467     8.0      97   -0.02    0.04    0.00    0.00     100
    7468     7.3      98   -0.02    0.03    0.00    0.00     100
    7469     6.8      99    0.01   -0.02    0.00    0.09     100
    7470     7.0      98    0.02    0.01    0.00    0.21     100
    7471     7.0      99    0.00    0.00    0.00    7.83     113
    7472     7.1      99   -0.01   -0.01    0.09   26.72     113
    7473     7.7      99   -0.02   -0.02    0.67   57.08     113
    7474     8.3      99    0.01   -0.01    0.78   59.48     113
    7475     8.7      97    0.02   -0.01    0.73   55.07     100
    7476     9.1      94   -0.01    0.02    0.59   44.52     100
    7477     9.2      95    0.00   -0.02    1.05   79.43     100
    7478     9.5      93   -0.02   -0.01    0.62   48.04     100
    7479     8.4      93    0.00   -0.02    0.08    6.99     100
    7480     6.7      97    0.02    0.02    0.00    0.00      13
    7481     6.7      98   -0.01   -0.02    0.00    0.00     100
    7482     6.5      98   -0.01    0.02    0.00    0.00     100
    7483     6.4      93   -0.01    0.02    0.00    0.00     100
    7484     6.5      94   -0.01   -0.01    0.00    0.00     100
    7485     6.6      92   -0.01   -0.03    0.00    0.00     100
    7486     6.5      91    0.03    0.00    0.00    0.00     100
    7487     6.6      90   -0.02    0.00    0.00    0.00     100
    7488     6.5      91    0.02    0.00    0.00    0.00     100
    7489     6.3      90    0.02   -0.01    0.00    0.00     100
    7490     6.3      88    0.00   -0.01    0.00    0.00     100
    7491     6.2      90   -0.02    0.00    0.00    0.00     100
    7492     6.1      89    0.01   -0.01    0.00    0.00     100
    7493     6.1      90   -0.02    0.00    0.00    0.00     100
    7494     6.1      89    0.00    0.01    0.00    0.16     100
    7495     6.1      89    0.00    0.01    0.00    8.40     100
    7496     6.2      87    0.01   -0.01    0.08   33.50     100
    7497     7.4      83    0.00    0.00    0.67   59.19     100
    7498     8.2      82    0.00    0.00    1.14   88.45     100
    7499     8.6      83    0.00    0.02    0.97   74.51     100
    7500     8.5      83    0.00   -0.02    0.75   57.16     100
    7501     8.2      81    0.00    0.00    0.53   40.72     100
    7502     7.8      86    0.00   -0.02    0.28   21.95     100
    7503     7.2      84    0.00    0.00    0.02    2.31     100
    7504     6.6      88   -0.01   -0.01    0.00    0.00     100
    7505     6.4      88    0.02    0.01    0.00    0.00     100
    7506     5.8      88    0.02    0.01    0.00    0.00     100
    7507     5.5      90   -0.01   -0.03    0.00    0.00     100
    7508     5.3      90    0.00   -0.04    0.00    0.00     100
    7509     5.2      93    0.02   -0.03    0.00    0.00     100
    7510     5.1      93    0.02    0.00    0.00    0.00     100
    7511     4.9      97    0.00    0.00    0.00    0.00     100
    7512     5.0      97    0.00    0.00    0.00    0.06     100
    7513     5.4      97    0.00   -0.01    0.00    0.11     100
    7514     5.7      96   -0.02    0.01    0.00    0.06     100
    7515     6.0      95   -0.03    0.02    0.00    0.00     100
    7516     6.1      96    0.00    0.03    0.00    0.00     100
    7517     6.0      97    0.00   -0.03    0.00    0.00     100
    7518     5.9      98    0.03   -0.02    0.00    0.05     100
    7519     6.0      98    0.03   -0.02    0.00    3.08     100
    7520     6.1      96    0.04    0.01    0.02   14.21     100
    7521     6.4      93    0.04    0.01    0.28   26.00     100
    7522     6.9      93    0.03   -0.03    0.64   50.38     100
    7523     7.7      91    0.03    0.00    0.66   51.72     100
    7524     7.8      90   -0.03    0.02    0.22   17.34     100
    7525     7.7      91    0.01    0.03    0.18   14.30     100
    7526     7.5      89    0.00   -0.04    0.10    8.24     100
    7527     7.4      90    0.00   -0.03    0.01    1.01     100
    7528     7.3      89   -0.03    0.01    0.00    0.00     100
    7529     7.2      89   -0.02    0.05    0.00    0.00     100
    7530     6.9      89   -0.04    0.00    0.00    0.00     100
    7531     6.7      89   -0.02   -0.03    0.00    0.00     100
    7532     6.7      89   -0.01    0.02    0.00    0.00     100
    7533     6.5      87   -0.02   -0.02    0.00    0.00     100
    7534     6.5      88    0.02    0.01    0.00    0.00     100
    7535     6.5      89   -0.01    0.00    0.00    0.00     100
    7536     6.4      88    0.03    0.01    0.00    0.00     100
    7537     6.3      90   -0.02   -0.02    0.00    0.00     100
    7538     6.2      90    0.00    0.02    0.00    0.00     100
    7539     6.0      91   -0.02   -0.02    0.00    0.00     100
    7540     5.9      92   -0.01    0.03    0.00    0.00     100
    7541     5.9      92    0.00   -0.03    0.00    0.00     100
    7542     5.9      94    0.02   -0.01    0.00    0.00     100
    7543     5.8      95   -0.02   -0.01    0.00    1.73     100
    7544     5.7      95   -0.01   -0.02    0.01    8.91     100
    7545     5.9      95   -0.01    0.02    0.13   12.16     100
    7546     5.8      93   -0.01    0.04    0.19   15.09     100
    7547     5.7      94    0.02    0.02    0.27   21.45     100
    7548     6.0      93   -0.02    0.00    0.25   19.59     100
    7549     6.0      92    0.02    0.02    0.16   12.54     100
    7550     6.0      93    0.00    0.03    0.07    5.72     100
    7551     5.8      93    0.01    0.02    0.01    0.55     100
    7552     5.7      94    0.01    0.03    0.00    0.00     100
    7553     5.6      95    0.02    0.00    0.00    0.00     100
    7554     5.4      95    0.04    0.00    0.00    0.00     100
    7555     5.2      96    0.03   -0.03    0.00    0.00     100
    7556     5.0      96   -0.03   -0.01    0.00    0.00     100
    7557     5.0      95    0.01    0.03    0.00    0.00     100
    7558     4.9      93    0.00    0.04    0.00    0.00     100
    7559     5.0      93    0.03    0.02    0.00    0.00     100
    7560     4.9      91    0.04   -0.03    0.00    0.00     100
    7561     4.7      92    0.04   -0.03    0.00    0.00     100
    7562     4.5      93   -0.01    0.04    0.00    0.00     100
    7563     4.5      96    0.01   -0.04    0.00    0.00     100
    7564     4.5      94   -0.03   -0.02    0.00    0.00     100
    7565     4.6      94    0.02   -0.04    0.00    0.00     100
    7566     4.7      96   -0.03   -0.02    0.00    0.00     100
    7567     4.8      97   -0.04   -0.01    0.00    2.03     100
    7568     4.9      97    0.01    0.03    0.00   11.67     100
    7569     5.1      97    0.04    0.02    0.23   22.76     100
    7570     5.4      97   -0.04    0.02    0.35   28.79     100
    7571     5.6      96    0.05   -0.01    0.31   24.60     100
    7572     5.7      95   -0.02   -0.05    0.22   17.86     100
    7573     5.7      95   -0.03   -0.03    0.20   15.86     100
    7574     5.7      96    0.02   -0.02    0.11    9.18     100
    7575     5.5      97    0.03   -0.03    0.01    1.00     100
    7576     5.4      97    0.06    0.02    0.00    0.00     100
    7577     5.3      97    0.04    0.04    0.00    0.00     100
    7578     5.0      97    0.04    0.04    0.00    0.00     100
    7579     4.8      98    0.01    0.06    0.00    0.00     100
    7580     4.6      97    0.02   -0.05    0.00    0.00     100
    7581     4.6      98    0.01    0.05    0.00    0.00     100
    7582     4.5      98   -0.02   -0.05    0.00    0.00     100
    7583     4.4      99   -0.03   -0.06    0.00    0.00     100
    7584     4.4      99    0.03   -0.04    0.00    0.00     113
    7585     4.5      99    0.06    0.02    0.00    0.00     113
    7586     4.6      99    0.01    0.06    0.00    0.00     100
    7587     4.7      99    0.01    0.05    0.00    0.00     100
    7588     4.8      99   -0.04    0.04    0.00    0.00     100
    7589     5.0      99    0.02    0.03    0.00    0.00     113
    7590     5.0      99    0.05    0.02    0.00    0.00     113
    7591     5.1      99   -0.04   -0.02    0.00    3.07     113
    7592     5.3      99   -0.02    0.04    0.00   13.61     113
    7593     5.7      99    0.00   -0.04    0.12   11.93     113
    7594     5.9      99    0.01    0.05    0.22   18.83     113
    7595     6.0      99   -0.02   -0.05    0.45   36.67     113
    7596     6.6      99   -0.01   -0.04    0.39   31.38     113
    7597     6.8      99    0.03    0.03    0.20   16.48     113
    7598     6.8      99    0.04   -0.01    0.07    6.29     113
    7599     6.7      99   -0.04   -0.01    0.01    1.05     113
    7600     6.5      99   -0.04   -0.01    0.00    0.00     100
    7601     6.3      99   -0.01    0.05    0.00    0.00     100
    7602     6.3      99    0.04   -0.02    0.00    0.00     100
    7603     6.1      99    0.06    0.01    0.00    0.00     113
    7604     6.1      99   -0.04    0.01    0.00    0.00     113
    7605     6.3      99   -0.01    0.04    0.00    0.00     113
    7606     6.7      99    0.04   -0.04    0.00    0.00     113
    7607     6.8      99    0.05    0.02    0.00    0.00     100
    7608     6.8      98    0.01   -0.06    0.00    0.00     100
    7609     6.8      98    0.06   -0.02    0.00    0.00     100
    7610     6.8      98   -0.04   -0.06    0.00    0.00     100
    7611     6.8      98   -0.04   -0.04    0.00    0.00     100
    7612     6.9      99   -0.07    0.01    0.00    0.00     100
    7613     7.0      99   -0.04   -0.01    0.00    0.00     100
    7614     7.0      99   -0.02    0.00    0.00    0.00     100
    7615     6.5      98    0.00   -0.01    0.00   13.48     100
    7616     5.5      99   -0.01    0.01    0.00   64.75      50
    7617     6.5      99    0.00    0.02    0.42   44.18     113
    7618     6.1      99   -0.02   -0.01    0.81   69.04     100
    7619     7.3      97    0.00    0.03    1.06   87.79     100
    7620     8.1      96   -0.02   -0.01    1.34  110.14     100
    7621     8.5      96   -0.01    0.02    1.10   91.11     100
    7622     8.2      96   -0.01    0.01    0.39   34.63      63
    7623     7.2      98    0.00   -0.03    0.02    2.19     100
    7624     6.3      98   -0.02    0.02    0.00    0.00     100
    7625     5.9      99    0.01   -0.03    0.00    0.00     100
    7626     5.9      99    0.00    0.05    0.00    0.00     113
    7627     5.6      99    0.03   -0.03    0.00    0.00     113
    7628     5.7      99   -0.02   -0.03    0.00    0.00     100
    7629     5.2      99    0.04   -0.02    0.00    0.00     100
    7630     5.0      99   -0.01   -0.06    0.00    0.00     113
    7631     5.0      99   -0.06   -0.02    0.00    0.00     100
    7632     5.4      99   -0.07    0.05    0.00    0.00     100
    7633     5.7      98    0.03    0.07    0.00    0.00     100
    7634     5.7      97   -0.06   -0.05    0.00    0.00     100
    7635     5.9      97   -0.02    0.08    0.00    0.01     100
    7636     6.3      99    0.07   -0.04    0.00    0.13     113
    7637     7.1      99    0.07   -0.04    0.00    0.06     113
    7638     7.6      99   -0.02   -0.08    0.00    0.02     113
    7639     8.1      99    0.03    0.08    0.00    1.04     113
    7640     8.6      99    0.06   -0.06    0.00    7.64     113
    7641     9.3      99   -0.05    0.07    0.15   16.92     113
    7642     9.8      99   -0.06   -0.06    0.28   24.51     100
    7643    10.2      99    0.06    0.05    0.68   57.23     100
    7644    10.8      97    0.05   -0.06    0.58   48.37     100
    7645    10.9      96    0.08    0.02    0.31   25.77     100
    7646    10.8      96   -0.07   -0.03    0.13   11.77     100
    7647    10.6      96    0.01   -0.09    0.01    1.03     100
    7648    10.2      96   -0.07    0.05    0.00    0.00     100
    7649    10.2      97    0.09   -0.05    0.00    0.00     100
    7650    10.2      97   -0.03    0.08    0.00    0.00     100
    7651    10.2      98    0.08   -0.04    0.00    0.00     100
    7652    10.2      97   -0.02    0.09    0.00    0.00     100
    7653    10.1      96   -0.02    0.09    0.00    0.00     100
    7654     9.9      96   -0.02   -0.09    0.00    0.00     100
    7655     9.7      96   -0.07    0.06    0.00    0.00     100
    7656     9.7      96   -0.07   -0.05    0.00    0.00     100
    7657     9.7      95    0.10    0.01    0.00    0.00     100
    7658     9.7      95   -0.08    0.06    0.00    0.00     100
    7659     9.5      96   -0.05    0.07    0.00    0.00     100
    7660     9.1      97   -0.03    0.10    0.00    0.00     100
    7661     9.0      97    0.06    0.05    0.00    0.00     100
    7662     8.8      96   -0.04    0.06    0.00    0.00     100
    7663     8.5      95    0.07    0.00    0.00    1.73     100
    7664     8.0      95    0.07    0.02    0.00   20.50     100
    7665     8.0      95   -0.07    0.04    0.22   25.28     100
    7666     8.1      94    0.06    0.04    0.82   73.19     100
    7667     8.5      92    0.02    0.07    0.72   60.94     100
    7668     8.3      93    0.01    0.06    0.25   20.96     100
    7669     7.7      97   -0.05   -0.05    0.14   12.36     100
    7670     7.8      98    0.05   -0.04    0.07    6.08     100
    7671     8.1      98    0.00   -0.06    0.01    1.57     100
    7672     8.3      98    0.00    0.05    0.00    0.00     100
    7673     8.7      97   -0.01   -0.05    0.00    0.00     100
    7674     8.8      97   -0.04    0.05    0.00    0.00     100
    7675     8.9      97    0.06    0.01    0.00    0.00     100
    7676     8.9      98    0.06   -0.02    0.00    0.00     100
    7677     8.9      97    0.04    0.00    0.00    0.00     100
    7678     8.6      96   -0.03   -0.03    0.00    0.00     100
    7679     8.5      97    0.01    0.04    0.00    0.00     100
    7680     8.5      98    0.05    0.00    0.00    0.00     100
    7681     8.6      98   -0.01   -0.04    0.00    0.00     100
    7682     8.5      97   -0.05    0.03    0.00    0.00     100
    7683     8.2      97    0.03   -0.05    0.00    0.00     100
    7684     7.8      96   -0.05    0.02    0.00    0.00     100
    7685     7.5      97    0.02   -0.04    0.00    0.00     100
    7686     7.5      97   -0.03   -0.03    0.00    0.00     100
    7687     7.4      96   -0.02   -0.04    0.00    2.05     100
    7688     7.6      96   -0.05    0.01    0.00   15.58     100
    7689     7.9      95    0.06   -0.02    0.28   33.80     100
    7690     8.2      96    0.04   -0.04    0.45   41.37     100
    7691     8.4      96   -0.06   -0.04    0.32   27.75     100
    7692     8.5      98    0.04    0.06    0.28   23.77     100
    7693     8.4      98   -0.04    0.08    0.15   12.72     100
    7694     8.4      98   -0.05   -0.07    0.06    5.22     100
    7695     8.7      98   -0.02   -0.07    0.00    0.36     100
    7696     9.1      99    0.06    0.01    0.00    0.05     100
    7697     9.9      99    0.05    0.06    0.00    0.01     113
    7698    10.5      99    0.05    0.06    0.00    0.00     113
    7699    10.6      99    0.01   -0.08    0.00    0.00     100
    7700    10.6      98    0.07    0.04    0.00    0.00     100
    7701    10.6      99   -0.06    0.04    0.00    0.00     100
    7702    10.6      99    0.07   -0.03    0.00    0.00     100
    7703    10.6      99    0.09    0.00    0.00    0.00     100
    7704    10.6      99    0.05   -0.05    0.00    0.00     100
    7705    10.6      99   -0.06    0.04    0.00    0.00     100
    7706    10.6      99    0.00    0.06    0.00    0.00     100
    7707    10.7      99    0.02   -0.05    0.00    0.00     100
    7708    10.7      99   -0.08    0.00    0.00    0.00     100
    7709    10.6      99    0.08    0.01    0.00    0.00     100
    7710    10.7      99   -0.05    0.05    0.00    0.00     100
    7711    10.9      99    0.02   -0.06    0.00    0.58     100
    7712    11.1      99   -0.04    0.06    0.00    3.02     100
    7713    11.2      99    0.03    0.06    0.08   10.25     113
    7714    11.3      98    0.05   -0.06    0.26   23.73     100
    7715    11.4      98   -0.03    0.06    0.41   36.04     100
    7716    11.2      97    0.05   -0.06    0.31   26.93     100
    7717    10.7      97   -0.09    0.00    0.19   17.04     100
    7718    10.3      97    0.03   -0.08    0.08    7.81     100
    7719     9.8      98    0.07    0.03    0.00    0.70     100
    7720     9.5      96    0.09   -0.02    0.00    0.00     100
    7721     9.5      97    0.02   -0.08    0.00    0.00     100
    7722     9.4      96   -0.06    0.08    0.00    0.00     100
    7723     8.9      98    0.09    0.02    0.00    0.01     100
    7724     8.7      94    0.11   -0.06    0.00    0.00     100
    7725     8.5      95   -0.05   -0.09    0.00    0.00     100
    7726     8.3      98    0.10    0.02    0.00    0.00     100
    7727     8.5      97   -0.05   -0.10    0.00    0.00     100
    7728     8.8      98   -0.05   -0.09    0.00    0.00     100
    7729     9.1      99    0.02   -0.10    0.00    0.00     100
    7730     9.6      98   -0.04    0.09    0.00    0.00     100
    7731     9.2      95   -0.13    0.06    0.00    0.00     100
    7732     7.5      92    0.09   -0.02    0.00    0.01     100
    7733     6.8      92   -0.08   -0.05    0.00    0.23     100
    7734     7.3      88    0.10    0.01    0.00    0.01     100
    7735     7.4      87    0.07   -0.09    0.00    0.97     100
    7736     7.5      93    0.03   -0.08    0.00    4.29     100
    7737     7.3      94   -0.02    0.10    0.12   15.36     100
    7738     7.4      91    0.06    0.07    0.75   71.48     100
    7739     5.8      92   -0.13    0.02    1.06   93.93      88
    7740     3.3      94    0.04   -0.09    1.95  171.06     100
    7741     2.6      84    0.06   -0.03    0.00  270.44      38
    7742     2.3      85   -0.05    0.01    0.20   19.61      88
    7743     1.0      88    0.09    0.01    0.00    0.18     100
    7744    -0.3      79   -0.07   -0.03    0.00    0.00      50
    7745    -0.8      76    0.06    0.03    0.00    0.00       0
    7746    -0.9      73   -0.04    0.07    0.00    0.00       0
    7747     0.0      76    0.03    0.07    0.00    0.00      25
    7748     0.5      73    0.08   -0.03    0.00    0.00      50
    7749     1.2      63    0.00    0.07    0.00    0.00      75
    7750     1.4      69    0.00    0.06    0.00    0.00      88
    7751    -0.2      67   -0.01    0.05    0.00    0.00       0
    7752    -0.5      74   -0.03   -0.03    0.00    0.00       0
    7753    -0.5      68    0.02    0.03    0.00    0.00       0
    7754    -0.4      65    0.01    0.04    0.00    0.00      13
    7755    -0.8      66    0.02    0.01    0.00    0.00     100
    7756    -1.3      68   -0.01   -0.02    0.00    0.00     100
    7757    -2.4      72    0.04   -0.02    0.00    0.00      75
    7758    -3.2      77    0.01   -0.05    0.00    0.00       0
    7759    -2.2      77   -0.02    0.05    0.00    4.43       0
    7760    -2.0      71    0.03    0.02    0.00  167.71       0
    7761     0.6      67   -0.03   -0.03  213.13  142.51       0
    7762     2.2      64   -0.03   -0.04    0.00  225.42       0
    7763     3.1      60    0.02   -0.04  183.10  310.67       0
    7764     3.8      55    0.03    0.03   30.37  403.62       0
    7765     4.1      55   -0.04   -0.02    0.00  325.08       0
    7766     3.6      63   -0.03    0.03    0.71   70.18       0
    7767     0.9      75    0.01    0.01    0.00    0.76       0
    7768    -1.9      85    0.01    0.00    0.00    0.00       0
    7769    -2.9      83    0.02    0.00    0.00    0.00       0
    7770    -3.4      81    0.01   -0.02    0.00    0.00       0
    7771    -3.8      79    0.02   -0.01    0.00    0.00       0
    7772    -3.8      84    0.02    0.00    0.00    0.17       0
    7773    -3.1      84    0.02    0.01    0.00    0.68     100
    7774    -2.2      78   -0.02   -0.03    0.00    0.03     100
    7775    -1.8      81   -0.01   -0.05    0.00    0.10     100
    7776    -1.4      89    0.04    0.02    0.00    0.00     100
    7777    -0.8      91    0.02   -0.05    0.00    0.23     100
    7778     0.6      89    0.02    0.04    0.00    0.26     100
    7779     1.4      90    0.06    0.04    0.00    0.08     100
    7780     2.4      96    0.06   -0.04    0.00    0.06     100
    7781     3.1      98    0.06   -0.05    0.00    0.14     100
    7782     4.2      99   -0.03   -0.08    0.00    0.00     100
    7783     4.5      97    0.07    0.07    0.00    0.27     100
    7784     4.8      98    0.09    0.05    0.00    3.82     100
    7785     5.2      98   -0.08   -0.03    0.06    7.89     100
    7786     5.5      98   -0.09   -0.03    0.10    9.70     100
    7787     6.0      98    0.01   -0.10    0.19   17.87     100
    7788     6.5      98    0.04   -0.08    0.14   12.49     100
    7789     6.9      98    0.05    0.07    0.09    8.68     100
    7790     7.1      98    0.08   -0.03    0.05    5.54     100
    7791     7.4      98    0.05   -0.08    0.00    0.35     100
    7792     8.4      99    0.06    0.02    0.00    0.00     100
    7793     8.3      94    0.07   -0.05    0.00    0.00     113
    7794     7.4      95    0.06   -0.02    0.00    0.00     100
    7795     7.3      91    0.05    0.07    0.00    0.00     100
    7796     7.1      90    0.05   -0.05    0.00    0.00      88
    7797     6.9      90    0.05    0.04    0.00    0.00      88
    7798     6.3      90    0.06    0.02    0.00    0.00      88
    7799     6.1      92    0.05   -0.03    0.00    0.00     100
    7800     5.8      94    0.00   -0.05    0.00    0.00     100
    7801     5.9      93   -0.04   -0.06    0.00    0.00     100
    7802     5.4      94    0.05   -0.01    0.00    0.00      50
    7803     5.3      96    0.01    0.06    0.00    0.00     100
    7804     5.2      93    0.03   -0.04    0.00    0.00     100
    7805     5.7      94    0.07    0.03    0.00    0.00     100
    7806     5.7      92    0.04   -0.10    0.00    0.00     100
    7807     4.7      94    0.05    0.07    0.00    0.95     100
    7808     4.4      94    0.07    0.02    0.00   36.09     100
    7809     4.5      94   -0.01   -0.07    0.32   47.47     100
    7810     5.0      92    0.01   -0.07    1.66  166.99     100
    7811     6.2      90   -0.03   -0.06    0.00  248.75     100
    7812     6.7      87   -0.06   -0.02    2.16  197.74     100
    7813     6.8      89    0.07    0.02    0.44   41.26     100
    7814     6.3      92    0.06    0.08    0.12   12.26     100
    7815     6.9      86    0.10    0.04    0.00    0.69     100
    7816     7.5      85    0.02    0.13    0.00    0.00     100
    7817     7.4      83    0.11    0.05    0.00    0.00     100
    7818     7.4      84    0.00   -0.09    0.00    0.00     100
    7819     7.1      82    0.10    0.01    0.00    0.00     100
    7820     7.0      83   -0.07   -0.02    0.00    0.00     100
    7821     6.8      84   -0.05    0.08    0.00    0.00     100
    7822     6.7      84   -0.05    0.09    0.00    0.00      88
    7823     6.7      85   -0.06    0.06    0.00    0.00     100
    7824     6.3      85    0.06   -0.07    0.00    0.00     100
    7825     6.3      85   -0.08   -0.05    0.00    0.00     100
    7826     6.4      84    0.02    0.09    0.00    0.00      50
    7827     6.5      82   -0.06    0.06    0.00    0.00      88
    7828     6.2      85    0.09    0.04    0.00    0.00      88
    7829     6.0      87    0.08   -0.03    0.00    0.00     100
    7830     5.9      88   -0.06   -0.04    0.00    0.00     100
    7831     5.8      88    0.01    0.05    0.00    1.74     100
    7832     5.8      86   -0.04   -0.05    0.00   22.10     100
    7833     6.2      85   -0.08    0.00    0.33   51.95     100
    7834     6.6      85    0.03   -0.07    1.43  146.87     100
    7835     7.2      82    0.07   -0.03    1.96  184.30     100
    7836     7.5      78    0.07    0.02    0.00  349.55      88
    7837     7.3      74    0.05    0.07    1.54  146.38      25
    7838     6.6      79    0.07   -0.01    0.40   41.96       0
    7839     5.5      83    0.07    0.01    0.00    0.63       0
    7840     4.5      86   -0.02   -0.05    0.00    0.00       0
    7841     3.3      86    0.03   -0.03    0.00    0.00       0
    7842     3.5      90    0.02    0.03    0.00    0.00       0
    7843     2.8      91    0.04   -0.03    0.00    0.00      50
    7844     2.6      92    0.03   -0.03    0.00    0.04      88
    7845     2.7      92    0.01   -0.05    0.00    0.35      13
    7846     3.7      96   -0.01    0.04    0.00    0.31      63
    7847     5.1      96   -0.01   -0.04    0.00    0.06     100
    7848     5.9      96   -0.04   -0.03    0.00    0.00     100
    7849     5.9      96    0.03    0.05    0.00    0.00     100
    7850     6.2      94    0.06    0.00    0.00    0.00     100
    7851     6.4      94    0.02   -0.05    0.00    0.00     100
    7852     6.1      95   -0.06    0.00    0.00    0.00     100
    7853     5.8      97    0.01    0.06    0.00    0.00     100
    7854     6.0      98    0.05    0.04    0.00    0.00     100
    7855     6.2      98    0.07    0.00    0.00    0.29     100
    7856     6.5      98    0.02   -0.07    0.00    3.96     100
    7857     7.0      98   -0.06   -0.03    0.06   10.49     100
    7858     7.6      99   -0.05    0.05    0.19   20.25     100
    7859     8.1      99    0.04    0.05    0.23   22.53     100
    7860     8.4      99    0.06   -0.03    0.26   24.32     100
    7861     8.7      99   -0.05    0.04    0.08    7.74     100
    7862     8.9      99    0.03   -0.05    0.02    2.35     100
    7863     8.9      99    0.00   -0.07    0.00    0.11     100
    7864     9.0      99    0.01   -0.06    0.00    0.00     113
    7865     8.9      99    0.05   -0.05    0.00    0.00     113
    7866     8.9      99   -0.01   -0.05    0.00    0.00     100
    7867     8.9      99   -0.01    0.04    0.00    0.00     100
    7868     8.9      99   -0.01   -0.04    0.00    0.00     100
    7869     8.8      99   -0.04   -0.01    0.00    0.00     100
    7870     8.6      99    0.01    0.05    0.00    0.00     100
    7871     8.4      98    0.05   -0.03    0.00    0.00     100
    7872     8.3      98    0.06    0.02    0.00    0.00     100
    7873     8.1      98    0.04   -0.05    0.00    0.00     100
    7874     8.0      97   -0.03   -0.04    0.00    0.00     100
    7875     7.9      98   -0.02    0.04    0.00    0.00     100
    7876     7.9      97    0.05    0.02    0.00    0.00     100
    7877     7.8      97    0.05    0.02    0.00    0.00     100
    7878     7.6      97    0.00   -0.06    0.00    0.00     100
    7879     7.3      95    0.02   -0.07    0.00    0.63     100
    7880     7.0      95   -0.05   -0.05    0.00   12.87     100
    7881     6.8      95    0.05   -0.05    0.20   35.35     100
    7882     6.9      95    0.01    0.08    0.55   58.60     100
    7883     7.0      93    0.07    0.04    0.38   36.94     100
    7884     7.0      94   -0.02    0.08    0.00  220.88     100
    7885     7.7      92   -0.05    0.04    0.57   56.13     100
    7886     7.2      94    0.03    0.05    0.03    2.80     100
    7887     6.7      97    0.04    0.06    0.00    0.03     100
    7888     6.6      98   -0.02    0.06    0.00    0.00     100
    7889     6.5      96    0.04    0.03    0.00    0.00     100
    7890     6.4      95   -0.05    0.04    0.00    0.00     100
    7891     6.2      96   -0.04   -0.03    0.00    0.00     100
    7892     5.9      98   -0.03    0.04    0.00    0.00     100
    7893     5.7      99   -0.01   -0.05    0.00    0.00     113
    7894     5.5      99    0.03   -0.03    0.00    0.00     113
    7895     5.5      99    0.00    0.06    0.00    0.00     113
    7896     5.6      99   -0.01   -0.05    0.00    0.00     113
    7897     5.6      99   -0.02    0.06    0.00    0.00     113
    7898     5.7      99   -0.01   -0.06    0.00    0.00     113
    7899     6.0      99    0.02    0.05    0.00    0.00     113
    7900     6.0      99    0.03   -0.05    0.00    0.00     100
    7901     6.1      99    0.04    0.01    0.00    0.00     100
    7902     6.3      99   -0.03    0.02    0.00    0.02     100
    7903     6.6      99    0.00    0.01    0.00    0.71     100
    7904     6.7      99    0.03   -0.02    0.00    7.41     100
    7905     6.7      99   -0.03   -0.05    0.20   37.73     113
    7906     6.8      99    0.03   -0.01    0.84   91.59     100
    7907     7.0      99   -0.01    0.05    0.00  243.60     100
    7908     7.3      97    0.03    0.04    0.00  333.16     100
    7909     7.0      97   -0.04    0.02    1.98  195.31      38
    7910     6.0      96    0.03    0.00    0.43   48.66      75
    7911     4.4      97    0.02   -0.04    0.00    0.46      88
    7912     2.3      98    0.04    0.00    0.00    0.00     100
    7913     0.8      99   -0.02   -0.02    0.00    0.00     100
    7914    -0.2      99   -0.01   -0.02    0.00    0.00      13
    7915    -1.0      99    0.00   -0.03    0.00    0.00      13
    7916    -1.5      99    0.01    0.01    0.00    0.00     113
    7917    -1.8      99   -0.01    0.01    0.00    0.00     113
    7918    -2.3      99    0.01   -0.02    0.00    0.00      50
    7919    -2.1      99   -0.01    0.01    0.00    0.00     113
    7920    -2.1      99    0.00    0.00    0.00    0.00     113
    7921    -2.8      99    0.01    0.01    0.00    0.03     113
    7922    -2.6      99    0.02    0.00    0.00    0.00     113
    7923    -3.3      99    0.00    0.00    0.00    0.00     113
    7924    -2.9      99   -0.01   -0.01    0.00    0.01     113
    7925    -2.4      99    0.00    0.01    0.00    0.04      50
    7926    -2.2      99   -0.02    0.00    0.00    0.00       0
    7927    -2.5      99    0.00    0.00    0.00    0.94       0
    7928    -2.6      99    0.00    0.00    0.00   19.29      13
    7929    -1.9      99    0.00    0.00    0.27   53.77     113
    7930    -1.2      99    0.00    0.00    0.61   68.52     113
    7931    -0.7      99    0.00    0.00    0.62   62.01     113
    7932    -0.1      99    0.00    0.00    0.53   51.58     113
    7933    -0.1      99    0.00    0.00    0.36   35.89      75
    7934    -0.5      99    0.00    0.00    0.09   10.39       0
    7935    -0.9      99    0.00    0.00    0.00    0.37     113
    7936    -1.1      99    0.00    0.00    0.00    0.00     113
    7937    -1.4      99   -0.01   -0.01    0.00    0.00       0
    7938    -1.5      99    0.00    0.00    0.00    0.00       0
    7939    -2.5      99    0.00    0.00    0.00    0.00       0
    7940    -2.4      99   -0.01    0.00    0.00    0.00       0
    7941    -2.7      99   -0.01    0.00    0.00    0.00     113
    7942    -3.5      98    0.00    0.00    0.00    0.06     113
    7943    -3.0      98    0.00    0.00    0.00    0.05       0
    7944    -3.6      98    0.00    0.00    0.00    0.00       0
    7945    -3.7      99    0.00    0.00    0.00    0.00       0
    7946    -3.6      98    0.00   -0.03    0.00    0.05     113
    7947    -3.1      99    0.02    0.01    0.00    0.09     113
    7948    -2.6      98   -0.02    0.00    0.00    0.03     113
    7949    -2.7      98    0.02    0.00    0.00    0.00     113
    7950    -3.3      99    0.00    0.00    0.00    0.00     113
    7951    -3.2      99    0.00    0.00    0.00    0.56     113
    7952    -3.8      99    0.02    0.00    0.00   10.48     100
    7953    -2.4      99    0.02    0.02    0.23   48.09     100
    7954    -1.2      99    0.01    0.01    0.32   35.92     100
    7955    -0.8      99   -0.01    0.02    0.33   33.34     100
    7956    -1.0      99    0.02    0.00    0.40   39.64     100
    7957    -1.1      99    0.01    0.01    0.20   20.55     100
    7958    -1.3      98    0.01   -0.01    0.04    5.26     100
    7959    -1.4      98    0.00    0.00    0.00    0.30     100
    7960    -1.4      98   -0.01    0.02    0.00    0.00     100
    7961    -1.3      98    0.01    0.01    0.00    0.00     100
    7962    -1.5      98   -0.02    0.00    0.00    0.00     100
    7963    -1.4      98   -0.01   -0.01    0.00    0.00     100
    7964    -1.3      97    0.01    0.01    0.00    0.00     100
    7965    -1.1      97    0.00    0.00    0.00    0.00     100
    7966    -1.1      97    0.01    0.00    0.00    0.00     100
    7967    -1.2      96   -0.02    0.00    0.00    0.00     100
    7968    -1.2      96    0.00    0.02    0.00    0.00     100
    7969    -1.4      96    0.00    0.03    0.00    0.00     100
    7970    -1.6      97   -0.02    0.00    0.00    0.00     100
    7971    -1.7      96    0.01    0.02    0.00    0.00     100
    7972    -1.8      97   -0.02    0.02    0.00    0.00     100
    7973    -1.8      97    0.00   -0.03    0.00    0.00     100
    7974    -1.7      97    0.00   -0.03    0.00    0.00     100
    7975    -1.7      97   -0.02    0.01    0.00    0.37     100
    7976    -1.7      98    0.02    0.00    0.00    5.45     100
    7977    -1.6      98    0.01   -0.02    0.07   15.06     100
    7978    -1.2      97   -0.02    0.02    0.21   24.91     100
    7979    -0.8      97    0.00    0.00    0.28   28.34     100
    7980    -0.4      97    0.01    0.01    0.22   22.15     100
    7981    -0.2      97    0.00    0.01    0.12   12.48     100
    7982    -0.3      98   -0.01    0.01    0.02    2.96     100
    7983    -0.5      97    0.00    0.02    0.00    0.04     100
    7984    -0.7      99    0.00    0.00    0.00    0.00     100
    7985    -0.8      99    0.01    0.00    0.00    0.00     100
    7986    -0.7      99   -0.02   -0.01    0.00    0.00     100
    7987    -0.8      99   -0.02   -0.01    0.00    0.00     100
    7988    -0.8      99    0.00    0.01    0.00    0.00     100
    7989    -1.0      99    0.01   -0.02    0.00    0.00     100
    7990    -1.1      98    0.01    0.02    0.00    0.00     100
    7991    -1.1      97   -0.01    0.00    0.00    0.00     100
    7992    -1.0      98    0.00    0.01    0.00    0.00     100
    7993    -1.0      98    0.01    0.01    0.00    0.00     100
    7994    -1.0      97   -0.02    0.00    0.00    0.00     100
    7995    -0.9      97   -0.02    0.00    0.00    0.00     100
    7996    -0.8      99   -0.02    0.01    0.00    0.00     100
    7997    -0.8      99    0.02   -0.02    0.00    0.00     100
    7998    -0.6      99   -0.02   -0.04    0.00    0.00     113
    7999    -0.6      99    0.03    0.04    0.00    0.26     113
    8000    -0.4      99   -0.03    0.00    0.00    3.96     113
    8001    -0.1      99   -0.04   -0.01    0.05   12.88     100
    8002     0.1      99   -0.04    0.01    0.11   13.26     100
    8003     0.5      99    0.02   -0.04    0.13   13.50     100
    8004     0.6      99    0.02    0.05    0.11   10.89     100
    8005     0.6      99   -0.06   -0.02    0.10   10.39     100
    8006     0.8      99    0.05   -0.01    0.02    2.45     100
    8007     0.7      99   -0.03    0.05    0.00    0.08     100
    8008     0.7      99   -0.03    0.05    0.00    0.00     113
    8009     0.7      99   -0.02   -0.06    0.00    0.00     113
    8010     0.5      99    0.06    0.00    0.00    0.00     113
    8011     0.2      99   -0.05   -0.03    0.00    0.00     113
    8012     0.0      99   -0.07    0.02    0.00    0.00     100
    8013     0.0      99   -0.03   -0.06    0.00    0.00     100
    8014     0.0      99    0.06    0.01    0.00    0.00     100
    8015     0.1      99   -0.03   -0.06    0.00    0.00     100
    8016     0.1      99    0.06    0.00    0.00    0.00     100
    8017     0.1      99   -0.03   -0.05    0.00    0.00     100
    8018     0.2      99    0.03   -0.05    0.00    0.00     100
    8019     0.2      99   -0.03   -0.05    0.00    0.00     100
    8020     0.2      99    0.04   -0.02    0.00    0.00     100
    8021     0.2      99   -0.03   -0.02    0.00    0.00     100
    8022     0.0      99    0.04    0.02    0.00    0.00     100
    8023     0.0      99   -0.05    0.02    0.00    0.23     100
    8024     0.0      99   -0.04   -0.01    0.00    6.23     100
    8025     0.3      99    0.03   -0.03    0.20   52.50     100
    8026     1.2      99    0.03    0.00    0.52   62.81     100
    8027     1.6      99   -0.01    0.01    0.64   67.14     100
    8028     1.6      99    0.00    0.00    0.36   37.22     113
    8029     1.6      99    0.00    0.00    0.45   47.41     100
    8030     1.7      99   -0.01    0.00    0.11   13.49     113
    8031     1.1      99    0.03   -0.02    0.00    1.18     113
    8032     0.6      99    0.01   -0.01    0.00    0.80     100
    8033     0.6      99    0.00    0.01    0.00    0.90     100
    8034     0.8      99    0.02   -0.02    0.00    0.84     100
    8035     0.7      99    0.01    0.00    0.00    0.44     100
    8036     0.6      99    0.00    0.00    0.00    0.05     100
    8037     0.6      99    0.00    0.02    0.00    0.01     100
    8038     0.6      99    0.04   -0.01    0.00    0.00     100
    8039     0.3      99   -0.01    0.02    0.00    0.00     100
    8040    -1.0      99   -0.01    0.01    0.00    0.00     100
    8041    -1.6      99    0.00   -0.03    0.00    0.00       0
    8042    -1.7      99    0.00    0.02    0.00    0.00      63
    8043    -1.7      98    0.00   -0.04    0.00    0.00      50
    8044    -1.9      97    0.00   -0.04    0.00    0.00     100
    8045    -2.0      97    0.00   -0.03    0.00    0.35     100
    8046    -1.1      97    0.03    0.02    0.00    0.30     100
    8047    -0.6      97    0.02   -0.02    0.00    0.42     100
    8048    -0.3      97    0.02   -0.03    0.00    7.14     100
    8049    -0.1      95   -0.02   -0.01    0.09   24.68     100
    8050     0.3      96   -0.04    0.00    0.37   44.95      88
    8051     0.9      97   -0.05    0.00    0.45   48.00     100
    8052     1.2      98   -0.03    0.03    0.27   27.56     100
    8053     1.1      98   -0.02    0.03    0.17   17.98     100
    8054     1.1      98    0.03   -0.04    0.04    5.37     100
    8055     0.9      99    0.03   -0.04    0.00    0.16     100
    8056     0.7      97   -0.03    0.03    0.00    0.00     100
    8057     0.2      96   -0.04    0.05    0.00    0.00     100
    8058     0.5      98    0.00   -0.07    0.00    0.00     100
    8059     0.6      98    0.03   -0.07    0.00    0.00     100
    8060     0.7      96    0.07   -0.04    0.00    0.00     100
    8061     0.9      96    0.01   -0.09    0.00    0.00     100
    8062     0.8      97   -0.02    0.09    0.00    0.00     100
    8063     0.7      98    0.01   -0.09    0.00    0.00     100
    8064     0.9      97    0.01    0.08    0.00    0.00     100
    8065     1.0      98    0.07   -0.04    0.00    0.00     100
    8066     1.0      98    0.01   -0.10    0.00    0.00     100
    8067     0.9      98    0.01    0.11    0.00    0.00     100
    8068     0.6      97    0.08   -0.05    0.00    0.00     100
    8069     0.5      97   -0.02   -0.09    0.00    0.00     100
    8070     0.4      97   -0.02   -0.10    0.00    0.00     100
    8071     0.4      97   -0.09    0.03    0.00    0.26     100
    8072     0.5      97    0.07    0.07    0.00    2.65     100
    8073     0.6      96   -0.08    0.06    0.04   10.84     100
    8074     0.8      94   -0.10   -0.01    0.17   21.38     100
    8075     0.6      95    0.08   -0.04    0.16   17.60     100
    8076     0.7      94   -0.08   -0.06    0.17   17.92     100
    8077     0.9      88    0.07    0.01    0.05    5.33     100
    8078     0.7      84   -0.07    0.05    0.02    2.11     100
    8079     0.5      86    0.06    0.00    0.00    0.01     100
    8080     0.6      88    0.02    0.08    0.00    0.00     100
    8081     0.4      91   -0.06    0.06    0.00    0.00     100
    8082     0.2      96    0.06   -0.05    0.00    0.00     100
    8083    -0.1      97    0.07   -0.05    0.00    0.00     100
    8084    -0.1      98   -0.05    0.05    0.00    0.00     100
    8085     0.0      99   -0.02   -0.06    0.00    0.00     100
    8086    -0.1      99    0.03   -0.05    0.00    0.00     100
    8087    -0.1      99    0.04   -0.05    0.00    0.00     100
    8088    -0.1      99   -0.03    0.06    0.00    0.00     100
    8089    -0.1      99    0.06   -0.03    0.00    0.00     100
    8090    -0.1      99   -0.06    0.02    0.00    0.00     100
    8091    -0.1      99    0.07   -0.04    0.00    0.00     100
    8092    -0.1      99    0.05    0.03    0.00    0.00     100
    8093    -0.1      98   -0.05   -0.01    0.00    0.00     100
    8094    -0.2      98   -0.06   -0.01    0.00    0.00     100
    8095     0.0      97   -0.02   -0.05    0.00    0.07     100
    8096     0.3      98    0.05   -0.02    0.00    3.31     100
    8097     0.5      98   -0.05    0.01    0.03    8.71     100
    8098     0.7      97    0.04   -0.02    0.11   13.82     100
    8099     0.9      96    0.04    0.03    0.17   18.89     100
    8100     1.1      97   -0.01    0.04    0.10   10.42     100
    8101     1.1      96    0.04    0.00    0.09   10.18     100
    8102     1.3      97   -0.01    0.03    0.03    4.17     100
    8103     1.4      98    0.00   -0.02    0.00    0.78     100
    8104     1.6      98   -0.01   -0.01    0.00    0.21     100
    8105     1.7      99    0.01    0.01    0.00    0.11     100
    8106     1.8      99    0.01   -0.02    0.00    0.00     100
    8107     1.9      99    0.01    0.02    0.00    0.00     100
    8108     2.1      99   -0.03    0.02    0.00    0.00     100
    8109     2.2      99    0.00   -0.03    0.00    0.00     100
    8110     2.1      99    0.00    0.04    0.00    0.01     100
    8111     2.3      99    0.00   -0.03    0.00    0.00     100
    8112     2.3      99    0.04   -0.03    0.00    0.00     100
    8113     2.5      99   -0.06   -0.01    0.00    0.00     100
    8114     2.6      99   -0.04    0.05    0.00    0.00     113
    8115     2.6      99   -0.07   -0.01    0.00    0.00     113
    8116     2.6      99   -0.04    0.02    0.00    0.00     100
    8117     2.6      99   -0.03    0.05    0.00    0.00     100
    8118     2.2      99    0.03    0.02    0.00    0.00     100
    8119     0.4      99   -0.01   -0.02    0.00    0.01      13
    8120     0.5      99    0.02   -0.01    0.00    6.34     113
    8121     1.1      99   -0.01   -0.02    0.06   22.76     100
    8122     2.0      99    0.00   -0.01    0.32   41.86     100
    8123     2.4      98    0.01   -0.01    0.62   68.44     100
    8124     3.2      98    0.01   -0.02    0.47   50.38      88
    8125     3.3      98    0.03   -0.01    0.12   13.56     100
    8126     3.5      98   -0.03    0.02    0.04    4.85     100
    8127     3.8      97    0.00   -0.03    0.00    0.03     100
    8128     4.2      97    0.02   -0.03    0.00    0.00     100
    8129     4.4      97   -0.02   -0.03    0.00    0.00     100
    8130     4.6      97   -0.05    0.00    0.00    0.00     100
    8131     4.7      98    0.05    0.00    0.00    0.00     100
    8132     4.8      98    0.05    0.03    0.00    0.00     100
    8133     5.2      97    0.03    0.01    0.00    0.00     100
    8134     4.9      94   -0.04    0.00    0.00    0.00     100
    8135     4.5      95    0.01    0.03    0.00    0.00     100
    8136     4.0      96   -0.02   -0.01    0.00    0.00     100
    8137     3.8      96    0.01   -0.01    0.00    0.00     100
    8138     3.6      97    0.02   -0.02    0.00    0.00     100
    8139     3.7      97   -0.01    0.00    0.00    0.00     100
    8140     3.6      98   -0.01    0.02    0.00    0.00     100
    8141     3.5      98    0.00   -0.02    0.00    0.00     100
    8142     3.2      98    0.00    0.00    0.00    0.00     100
    8143     2.9      99   -0.01    0.00    0.00    0.01     100
    8144     2.9      99    0.00    0.00    0.00    4.76     100
    8145     3.1      99    0.00    0.02    0.06   24.45     100
    8146     3.6      99   -0.01   -0.02    0.15   19.83     100
    8147     3.8      99    0.00    0.02    0.22   24.61     100
    8148     4.3      99    0.02    0.02    0.18   19.03     113
    8149     4.8      99   -0.03   -0.02    0.08    9.18     113
    8150     4.9      99    0.01    0.03    0.01    1.76     113
    8151     5.2      99   -0.03    0.05    0.00    0.02     100
    8152     5.5      99    0.05    0.04    0.00    0.00     113
    8153     5.8      99   -0.07    0.04    0.00    0.00     100
    8154     6.0      99   -0.01   -0.07    0.00    0.00     100
    8155     6.3      98   -0.06    0.06    0.00    0.00     100
    8156     6.4      99    0.02    0.07    0.00    0.00     100
    8157     6.4      99   -0.04   -0.09    0.00    0.00     100
    8158     6.3      99   -0.05    0.06    0.00    0.00     100
    8159     6.3      98    0.02    0.08    0.00    0.00     100
    8160     6.3      96    0.02    0.09    0.00    0.00     100
    8161     6.3      96   -0.07   -0.03    0.00    0.00     100
    8162     6.1      98    0.03   -0.03    0.00    0.00     100
    8163     5.9      99   -0.08    0.02    0.00    0.00     100
    8164     5.7      99    0.00    0.07    0.00    0.00     100
    8165     5.6      98    0.06   -0.02    0.00    0.00     100
    8166     5.5      98   -0.07    0.02    0.00    0.00     100
    8167     5.5      98    0.08   -0.03    0.00    0.03     100
    8168     5.5      98   -0.02    0.07    0.00    1.98     100
    8169     5.3      98    0.01   -0.06    0.01    6.30     100
    8170     5.1      98    0.03    0.06    0.06    8.44     100
    8171     5.1      98    0.08   -0.03    0.11   12.69     100
    8172     5.1      97    0.07    0.05    0.12   13.41     100
    8173     5.0      97   -0.06   -0.06    0.06    7.12     100
    8174     4.8      97    0.03   -0.06    0.02    2.13     100
    8175     4.7      96    0.06    0.07    0.00    0.01     100
    8176     4.6      96    0.05   -0.07    0.00    0.00     100
    8177     4.5      97   -0.01   -0.09    0.00    0.00     100
    8178     4.3      98   -0.03   -0.07    0.00    0.00     100
    8179     4.2      98   -0.04    0.07    0.00    0.00     100
    8180     4.0      99    0.06   -0.08    0.00    0.00     100
    8181     3.9      99    0.02    0.09    0.00    0.00     100
    8182     3.9      98   -0.01   -0.07    0.00    0.00     100
    8183     3.9      98   -0.05    0.05    0.00    0.00     100
    8184     3.9      99    0.06    0.02    0.00    0.00     100
    8185     3.9      99    0.01    0.06    0.00    0.00     100
    8186     3.9      98    0.05   -0.04    0.00    0.00     100
    8187     3.9      97    0.05   -0.04    0.00    0.00     100
    8188     4.0      97   -0.07   -0.01    0.00    0.00     100
    8189     4.1      97    0.04   -0.02    0.00    0.00     100
    8190     4.0      97   -0.04   -0.02    0.00    0.00     100
    8191     3.8      97    0.04    0.03    0.00    0.00     100
    8192     3.5      98   -0.02   -0.02    0.00    1.92     100
    8193     3.3      97   -0.05    0.03    0.02    7.26     100
    8194     2.9      98   -0.03    0.03    0.09   11.65     100
    8195     2.5      99    0.01    0.00    0.12   13.35     113
    8196     2.0      99   -0.01   -0.03    0.07    7.31     100
    8197     1.1      99   -0.04   -0.02    0.06    6.96     113
    8198     0.4      99   -0.02    0.04    0.01    1.47     100
    8199     0.6      99    0.03   -0.01    0.00    0.03     100
    8200     0.9      99    0.04    0.01    0.00    0.04     100
    8201     1.0      99    0.05   -0.04    0.00    0.06     100
    8202     1.2      98    0.02    0.06    0.00    0.00     100
    8203     1.2      98    0.06    0.00    0.00    0.00     100
    8204     1.1      98   -0.03    0.05    0.00    0.00     100
    8205     1.3      99   -0.03    0.06    0.00    0.00     113
    8206     1.3      99   -0.05    0.02    0.00    0.00     113
    8207     1.5      99    0.02   -0.05    0.00    0.00     113
    8208     1.6      99   -0.03   -0.04    0.00    0.00     113
    8209     1.7      99   -0.03   -0.03    0.00    0.00     113
    8210     1.8      99   -0.01    0.04    0.00    0.00     113
    8211     1.8      99    0.02    0.03    0.00    0.00     113
    8212     1.9      99   -0.06    0.01    0.00    0.00     113
    8213     2.1      99    0.03   -0.02    0.00    0.00     113
    8214     2.2      99    0.02    0.04    0.00    0.00     113
    8215     2.4      99    0.04    0.01    0.00    0.04     100
    8216     2.5      99    0.04   -0.03    0.00    1.82     100
    8217     2.6      99    0.04   -0.03    0.03   13.52     100
    8218     2.9      98    0.03    0.00    0.06    8.95     100
    8219     2.8      97   -0.01   -0.06    0.09   10.28     100
    8220     2.9      97   -0.04    0.01    0.13   14.88     100
    8221     3.0      97    0.03    0.04    0.06    6.64     100
    8222     3.0      99   -0.03    0.04    0.01    0.92     100
    8223     2.9      99    0.05   -0.02    0.00    0.00     100
    8224     2.9      99   -0.03    0.04    0.00    0.00     100
    8225     2.9      99   -0.05   -0.04    0.00    0.00     100
    8226     2.9      99   -0.02    0.07    0.00    0.00     100
    8227     2.8      99   -0.06    0.06    0.00    0.00     100
    8228     2.7      99    0.09    0.03    0.00    0.00     100
    8229     2.6      98   -0.10   -0.02    0.00    0.00     100
    8230     2.4      98    0.07   -0.09    0.00    0.00     100
    8231     2.2      98    0.05   -0.06    0.00    0.00     100
    8232     2.2      98    0.02    0.09    0.00    0.00     100
    8233     2.2      98    0.05   -0.07    0.00    0.00     100
    8234     2.2      97    0.07    0.02    0.00    0.00     100
    8235     2.2      97    0.04    0.08    0.00    0.00     100
    8236     2.3      97   -0.03   -0.08    0.00    0.00     100
    8237     2.3      97   -0.05    0.05    0.00    0.00     100
    8238     2.3      97   -0.04   -0.04    0.00    0.00     100
    8239     2.3      96    0.02    0.06    0.00    0.02     100
    8240     2.2      95    0.04   -0.03    0.00    2.18     100
    8241     2.0      95    0.00    0.07    0.01    8.08     100
    8242     2.1      96    0.01   -0.04    0.09   12.15     100
    8243     2.2      96    0.00    0.06    0.14   15.70     100
    8244     2.4      97   -0.02    0.01    0.23   25.39     100
    8245     2.5      95    0.03    0.01    0.06    6.81     100
    8246     2.2      95    0.00    0.04    0.01    1.91     100
    8247     2.1      97    0.03   -0.01    0.00    0.04     100
    8248     2.0      96    0.03    0.01    0.00    0.00     100
    8249     2.0      95   -0.03    0.01    0.00    0.00     100
    8250     1.7      95    0.01    0.04    0.00    0.00     100
    8251     1.5      95   -0.01    0.03    0.00    0.00     100
    8252     1.2      97   -0.01   -0.02    0.00    0.00     100
    8253     1.1      97   -0.01   -0.02    0.00    0.00     100
    8254     1.1      94   -0.03    0.00    0.00    0.00     100
    8255     1.1      94   -0.02   -0.02    0.00    0.00     100
    8256     1.0      95    0.02    0.02    0.00    0.00     100
    8257     0.9      96    0.03    0.01    0.00    0.00     100
    8258     0.9      95   -0.03   -0.01    0.00    0.00     100
    8259     1.0      96   -0.01   -0.03    0.00    0.00     100
    8260     0.9      97   -0.02   -0.02    0.00    0.00     100
    8261     0.8      97   -0.03    0.01    0.00    0.00     100
    8262     0.6      97    0.00   -0.02    0.00    0.00     100
    8263     0.5      98   -0.02    0.00    0.00    0.01     100
    8264     0.7      99    0.02    0.02    0.00    2.70     100
    8265     1.0      99   -0.02   -0.01    0.02   11.26     100
    8266     1.4      99    0.03    0.00    0.14   20.24     100
    8267     1.6      98    0.00    0.03    0.13   15.24     100
    8268     1.6      98    0.02    0.01    0.21   23.15     100
    8269     1.8      98    0.00    0.02    0.26   29.87     100
    8270     1.7      97    0.00   -0.03    0.08   11.26     100
    8271     1.5      98   -0.03    0.01    0.00    0.01     100
    8272     1.3      98    0.02   -0.02    0.00    0.00     100
    8273     1.1      97   -0.02   -0.01    0.00    0.00     100
    8274     1.0      96    0.03   -0.01    0.00    0.00     100
    8275     0.9      97   -0.01   -0.02    0.00    0.00     100
    8276     0.8      98    0.02   -0.01    0.00    0.00     100
    8277     0.9      97   -0.02    0.02    0.00    0.00     100
    8278     1.0      97   -0.03    0.00    0.00    0.00     100
    8279     1.0      96    0.05   -0.04    0.00    0.00     100
    8280     1.1      96    0.00    0.05    0.00    0.00     100
    8281     1.1      97    0.01    0.02    0.00    0.00     100
    8282     1.0      98    0.00   -0.03    0.00    0.02     100
    8283     1.3      97   -0.01   -0.03    0.00    0.00     100
    8284     1.6      97    0.00   -0.02    0.00    0.00     100
    8285     1.6      98   -0.01    0.03    0.00    0.00     100
    8286     1.7      98    0.03    0.02    0.00    0.00     100
    8287     2.0      97   -0.04   -0.01    0.00    0.00     100
    8288     2.3      97    0.02    0.04    0.00    1.53     100
    8289     2.3      97    0.03    0.02    0.01    8.54     100
    8290     2.5      96    0.02    0.02    0.14   20.59     100
    8291     2.7      96    0.03    0.01    0.14   16.94     100
    8292     3.1      97   -0.02    0.02    0.12   14.06     100
    8293     3.3      97    0.00   -0.03    0.08    9.04     100
    8294     3.5      97    0.00   -0.03    0.02    2.17     100
    8295     3.5      97    0.03    0.00    0.00    0.00     100
    8296     3.6      98    0.00    0.03    0.00    0.00     100
    8297     3.7      98   -0.02    0.00    0.00    0.00     100
    8298     3.8      99    0.01   -0.02    0.00    0.00     100
    8299     3.8      99    0.01    0.00    0.00    0.00     100
    8300     3.8      99    0.01   -0.01    0.00    0.00     100
    8301     3.8      99    0.00   -0.02    0.00    0.00     100
    8302     3.8      99   -0.01   -0.02    0.00    0.00     100
    8303     3.8      98   -0.01    0.00    0.00    0.00     100
    8304     3.7      99    0.00    0.00    0.00    0.00     100
    8305     3.7      98   -0.01   -0.03    0.00    0.00     100
    8306     3.7      97   -0.04    0.02    0.00    0.00     100
    8307     3.4      98   -0.02    0.01    0.00    0.00     100
    8308     2.9      99    0.02    0.01    0.00    0.00     100
    8309     2.7      98    0.01    0.03    0.00    0.00     100
    8310     2.7      99   -0.02    0.02    0.00    0.00     100
    8311     2.8      98   -0.03    0.03    0.00    0.03     100
    8312     2.8      98    0.01    0.03    0.00    3.59     100
    8313     3.0      98    0.03   -0.02    0.02   14.30     100
    8314     3.2      98    0.02   -0.03    0.13   19.22     100
    8315     3.4      98    0.01    0.02    0.16   19.37     100
    8316     3.4      96    0.03   -0.01    0.13   14.84     100
    8317     3.4      96   -0.01    0.01    0.13   15.43     100
    8318     3.3      97    0.01    0.00    0.02    3.34     100
    8319     3.2      97   -0.01    0.01    0.00    0.02     100
    8320     3.1      97    0.03    0.01    0.00    0.00     100
    8321     3.1      98    0.02   -0.02    0.00    0.00     100
    8322     3.1      99   -0.01   -0.03    0.00    0.00     100
    8323     2.9      99   -0.04   -0.01    0.00    0.00     113
    8324     2.8      99    0.02   -0.03    0.00    0.00     100
    8325     2.8      98   -0.02   -0.04    0.00    0.00     100
    8326     2.7      98   -0.02   -0.05    0.00    0.00     100
    8327     2.7      98   -0.03    0.02    0.00    0.00     100
    8328     2.5      99    0.03   -0.03    0.00    0.00     113
    8329     2.3      99    0.03    0.03    0.00    0.00     100
    8330     2.4      99   -0.05    0.00    0.00    0.00     100
    8331     2.4      99    0.03    0.05    0.00    0.00     100
    8332     2.3      99   -0.02    0.04    0.00    0.00     113
    8333     2.3      99   -0.05   -0.01    0.00    0.00     100
    8334     2.2      99    0.03   -0.05    0.00    0.00     100
    8335     2.2      97   -0.04    0.07    0.00    0.00     100
    8336     1.7      97   -0.08    0.01    0.00    6.32     100
    8337     1.8      97   -0.05   -0.07    0.02   18.26     100
    8338     2.3      97    0.10    0.01    0.22   32.17     100
    8339     2.9      95    0.03   -0.08    0.37   44.41     100
    8340     3.3      94    0.03    0.11    0.36   40.38     100
    8341     3.4      94   -0.05    0.09    0.11   13.17     100
    8342     3.2      96    0.11    0.01    0.03    3.91     100
    8343     3.2      96   -0.11    0.01    0.00    0.04     100
    8344     3.3      97    0.09   -0.05    0.00    0.00     100
    8345     3.4      97    0.01   -0.11    0.00    0.00     100
    8346     3.3      98    0.09   -0.05    0.00    0.00     100
    8347     3.4      98   -0.07    0.09    0.00    0.00     100
    8348     3.6      99    0.09    0.02    0.00    0.00     100
    8349     3.9      99   -0.04   -0.07    0.00    0.00     100
    8350     4.2      99   -0.08    0.02    0.00    0.00     100
    8351     4.4      99   -0.04   -0.02    0.00    0.00     113
    8352     4.6      99    0.01   -0.06    0.00    0.00     113
    8353     4.9      99    0.04    0.03    0.00    0.00     113
    8354     5.0      99   -0.05    0.03    0.00    0.00     113
    8355     5.3      99    0.04   -0.03    0.00    0.03     113
    8356     5.6      99    0.00   -0.06    0.00    0.00     113
    8357     5.6      99    0.05    0.04    0.00    0.00     113
    8358     5.7      99   -0.06    0.00    0.00    0.00     113
    8359     5.8      99    0.05    0.00    0.00    0.01     113
    8360     5.8      99   -0.03    0.05    0.00    1.90     113
    8361     5.9      99    0.06    0.01    0.01    7.69     113
    8362     6.1      99    0.05   -0.05    0.08   11.48     113
    8363     6.4      99    0.02    0.06    0.06    7.38     113
    8364     6.4      99   -0.02    0.07    0.07    8.43     113
    8365     6.5      99   -0.05   -0.05    0.05    6.38     100
    8366     6.6      99   -0.05    0.03    0.02    2.53     100
    8367     6.6      99   -0.06    0.03    0.00    0.07     100
    8368     6.3      99   -0.05    0.00    0.00    0.00     100
    8369     6.1      99   -0.01   -0.05    0.00    0.00     100
    8370     5.8      99   -0.03   -0.05    0.00    0.00     100
    8371     5.7      99   -0.05   -0.02    0.00    0.00     100
    8372     5.6      99    0.00   -0.03    0.00    0.00     100
    8373     5.6      99    0.01    0.03    0.00    0.00     113
    8374     5.7      99   -0.02    0.03    0.00    0.00     113
    8375     5.8      99    0.01    0.02    0.00    0.02     113
    8376     6.0      99   -0.04    0.00    0.00    0.00     113
    8377     6.0      99   -0.01   -0.04    0.00    0.00     100
    8378     5.7      99   -0.02   -0.01    0.00    0.00     100
    8379     5.7      99   -0.02    0.01    0.00    0.00     100
    8380     5.9      99    0.01   -0.04    0.00    0.00     100
    8381     6.0      99   -0.01   -0.03    0.00    0.00     113
    8382     6.1      99    0.05    0.00    0.00    0.00     113
    8383     6.1      99    0.00    0.04    0.00    0.06     100
    8384     6.1      99   -0.02   -0.03    0.00    2.95     100
    8385     6.2      99   -0.01   -0.04    0.02   24.36     100
    8386     6.4      97    0.01    0.03    0.39   59.06     100
    8387     6.6      97    0.00    0.04    0.24   28.40     100
    8388     6.6      97   -0.04    0.05    0.21   24.14     100
    8389     6.4      97    0.04    0.00    0.06    7.30     100
    8390     6.2      97    0.04   -0.02    0.02    2.79     100
    8391     6.1      98    0.03    0.03    0.00    0.02     100
    8392     6.2      99   -0.02    0.03    0.00    0.00     100
    8393     6.2      99    0.03   -0.01    0.00    0.00     113
    8394     6.1      99   -0.03    0.02    0.00    0.00     113
    8395     5.6      97    0.03   -0.01    0.00    0.00     100
    8396     4.9      99    0.03    0.02    0.00    0.00     100
    8397     4.1      99    0.02    0.04    0.00    0.03     100
    8398     4.2      99   -0.03   -0.02    0.00    0.00     100
    8399     4.3      99    0.01    0.04    0.00    0.00     100
    8400     4.5      98    0.01    0.05    0.00    0.00     100
    8401     4.7      95   -0.04    0.04    0.00    0.00     100
    8402     4.5      94    0.07   -0.01    0.00    0.00     100
    8403     4.5      97   -0.04   -0.02    0.00    0.00     100
    8404     4.5      98   -0.06   -0.02    0.00    0.00     100
    8405     4.6      99   -0.07   -0.05    0.00    0.00     100
    8406     4.8      99    0.07    0.04    0.00    0.00     113
    8407     4.8      99   -0.03    0.07    0.00    0.00     100
    8408     4.6      99    0.01    0.09    0.00    0.87     100
    8409     4.6      99    0.06   -0.06    0.00    4.27     113
    8410     4.8      99    0.02    0.06    0.08   12.17     100
    8411     5.0      99   -0.04   -0.06    0.10   12.61     100
    8412     5.2      99   -0.02   -0.09    0.07    8.52     100
    8413     5.3      99    0.01    0.07    0.05    5.91     100
    8414     5.4      99   -0.06    0.00    0.01    1.65     100
    8415     5.5      99    0.07    0.04    0.00    0.03     100
    8416     5.6      99   -0.01   -0.07    0.00    0.00     100
    8417     5.8      99    0.06    0.00    0.00    0.00     100
    8418     5.7      98    0.05   -0.02    0.00    0.00     100
    8419     5.4      98    0.04    0.00    0.00    0.00     100
    8420     5.8      99   -0.05    0.02    0.00    0.00     100
    8421     5.9      97    0.00    0.05    0.00    0.00     100
    8422     6.0      98    0.02    0.05    0.00    0.00     100
    8423     6.0      98    0.05    0.03    0.00    0.00     100
    8424     6.1      98    0.04    0.02    0.00    0.00     100
    8425     6.0      98   -0.04   -0.02    0.00    0.00     100
    8426     6.0      97    0.05   -0.01    0.00    0.00     100
    8427     6.0      98   -0.01   -0.05    0.00    0.00     100
    8428     5.9      98    0.05    0.01    0.00    0.00     100
    8429     5.8      98    0.05    0.01    0.00    0.00     100
    8430     5.8      98   -0.02   -0.03    0.00    0.00     100
    8431     5.8      98   -0.04   -0.03    0.00    0.00     100
    8432     5.8      98   -0.04   -0.01    0.00    4.82     100
    8433     5.9      98    0.01   -0.05    0.00   11.12     100
    8434     5.8      98    0.05    0.00    0.10   15.42     100
    8435     5.9      99    0.03   -0.03    0.19   22.45     100
    8436     6.2      99    0.06   -0.02    0.18   21.06     100
    8437     6.1      99    0.06   -0.02    0.05    5.39     113
    8438     5.8      99   -0.04   -0.07    0.01    1.04     113
    8439     5.8      99    0.05   -0.03    0.00    0.01     113
    8440     5.9      99   -0.01   -0.06    0.00    0.00     113
    8441     5.9      99    0.06    0.01    0.00    0.00     100
    8442     5.9      99   -0.07   -0.01    0.00    0.00     100
    8443     5.9      99    0.04    0.06    0.00    0.00     100
    8444     5.9      99    0.06    0.04    0.00    0.00     100
    8445     5.7      99   -0.05    0.03    0.00    0.00     100
    8446     5.7      98   -0.04    0.05    0.00    0.00     100
    8447     5.6      99    0.07    0.00    0.00    0.00     100
    8448     5.7      99   -0.05    0.04    0.00    0.00     100
    8449     5.6      99    0.05   -0.05    0.00    0.00     100
    8450     5.6      99    0.02   -0.05    0.00    0.00     113
    8451     5.6      99    0.00   -0.05    0.00    0.00     100
    8452     5.6      99    0.06    0.02    0.00    0.00     113
    8453     5.5      99   -0.07    0.00    0.00    0.00     113
    8454     5.4      99    0.02   -0.06    0.00    0.00     113
    8455     5.1      99   -0.02   -0.07    0.00    0.00     113
    8456     4.4      99    0.06    0.04    0.00   10.22     100
    8457     4.1      97    0.07   -0.03    0.00  161.67     100
    8458     4.3      93    0.06    0.05    0.85  131.77       0
    8459     4.9      96    0.01   -0.06    1.49  179.32       0
    8460     5.2      97   -0.01    0.08    0.68   77.73     100
    8461     4.8      98   -0.03   -0.06    0.32   38.14     100
    8462     4.6      99   -0.05    0.06    0.06    8.01     100
    8463     4.4      99   -0.10   -0.01    0.00    0.21     100
    8464     4.2      99    0.06    0.08    0.00    0.00     100
    8465     4.2      99    0.09   -0.01    0.00    0.00     113
    8466     4.2      99   -0.06   -0.02    0.00    0.00     113
    8467     4.4      99    0.01    0.07    0.00    0.00     113
    8468     4.5      99    0.06    0.05    0.00    0.00     113
    8469     4.5      99   -0.06    0.04    0.00    0.00     113
    8470     4.5      99   -0.06    0.02    0.00    0.00     113
    8471     4.7      99    0.06   -0.02    0.00    0.00     113
    8472     4.8      99   -0.03    0.07    0.00    0.00     113
    8473     4.9      99    0.06    0.04    0.00    0.00     113
    8474     5.0      99    0.01    0.06    0.00    0.00     113
    8475     5.1      99   -0.04    0.04    0.00    0.00     100
    8476     5.3      99    0.05    0.02    0.00    0.00     100
    8477     5.5      99    0.01   -0.04    0.00    0.01     113
    8478     5.7      99    0.01   -0.06    0.00    0.00     113
    8479     6.0      99    0.04    0.05    0.00    0.04     113
    8480     6.3      99    0.00   -0.06    0.00    1.74     113
    8481     6.5      99   -0.05   -0.01    0.00   11.61     113
    8482     6.6      99   -0.05    0.03    0.12   18.48     113
    8483     6.8      99   -0.04   -0.02    0.16   19.41     113
    8484     6.8      99    0.04    0.03    0.11   12.99     113
    8485     6.8      99    0.01   -0.06    0.06    6.93     113
    8486     6.7      99    0.00   -0.06    0.01    1.32     113
    8487     6.7      99    0.00    0.06    0.00    0.01     113
    8488     6.8      99    0.01    0.05    0.00    0.00     113
    8489     6.8      99   -0.04   -0.02    0.00    0.00     113
    8490     6.6      99   -0.05    0.03    0.00    0.00     113
    8491     6.3      99   -0.06   -0.03    0.00    0.00     113
    8492     6.2      99    0.04   -0.03    0.00    0.00     113
    8493     5.8      99    0.02   -0.01    0.00    0.00     113
    8494     5.6      99    0.01   -0.06    0.00    0.00     100
    8495     5.5      99   -0.05    0.00    0.00    0.00     100
    8496     5.5      99   -0.03   -0.03    0.00    0.00     113
    8497     5.4      99    0.05    0.00    0.00    0.00     113
    8498     5.5      99    0.05    0.01    0.00    0.00     100
    8499     5.5      99    0.00    0.05    0.00    0.00     100
    8500     5.7      99   -0.02   -0.03    0.00    0.00     100
    8501     5.7      99    0.04    0.04    0.00    0.00     100
    8502     5.7      98    0.00   -0.05    0.00    0.00     100
    8503     5.7      98    0.05    0.01    0.00    0.00     100
    8504     5.6      98    0.00    0.05    0.00    1.93     100
    8505     5.5      97    0.03    0.04    0.00    7.16     100
    8506     5.5      97   -0.05   -0.02    0.08   13.23     100
    8507     5.5      97    0.01   -0.06    0.16   20.06     100
    8508     5.5      96   -0.05   -0.01    0.14   16.48     100
    8509     5.5      98   -0.03   -0.04    0.09   10.18     100
    8510     5.5      97    0.00   -0.04    0.02    2.25     100
    8511     5.4      98   -0.02    0.03    0.00    0.05     100
    8512     5.3      97   -0.04    0.01    0.00    0.00     100
    8513     5.1      97    0.03   -0.05    0.00    0.00     100
    8514     4.8      96   -0.03   -0.06    0.00    0.00     100
    8515     4.6      97   -0.01   -0.05    0.00    0.00     100
    8516     4.3      96    0.03   -0.05    0.00    0.00     100
    8517     4.0      97    0.00    0.06    0.00    0.00     100
    8518     3.9      96   -0.06    0.01    0.00    0.00     100
    8519     3.9      98    0.05    0.06    0.00    0.00     100
    8520     3.9      98    0.03    0.07    0.00    0.00     100
    8521     3.9      97    0.01    0.08    0.00    0.00     100
    8522     3.9      97   -0.07    0.05    0.00    0.00     100
    8523     3.9      95    0.10    0.01    0.00    0.00     100
    8524     3.9      94   -0.10    0.01    0.00    0.00     100
    8525     3.9      98    0.09    0.00    0.00    0.00     100
    8526     3.9      98   -0.11   -0.02    0.00    0.00     100
    8527     4.0      97    0.10   -0.02    0.00    0.00     100
    8528     4.2      96   -0.02    0.11    0.00    0.91     100
    8529     3.9      98   -0.07   -0.05    0.00    8.15     100
    8530     3.9      97    0.01    0.09    0.09   14.62     100
    8531     4.2      99    0.02    0.06    0.13   15.61     100
    8532     4.6      99    0.05   -0.02    0.15   17.65     100
    8533     4.9      99    0.04    0.03    0.12   13.77     100
    8534     5.0      99   -0.03    0.00    0.04    5.01     100
    8535     5.0      99    0.02    0.02    0.00    0.28     100
    8536     5.4      99   -0.05    0.02    0.00    0.00     100
    8537     5.4      97   -0.01   -0.07    0.00    0.00     100
    8538     5.2      97   -0.06    0.02    0.00    0.00     100
    8539     5.1      94    0.04    0.05    0.00    0.00     100
    8540     4.8      94   -0.04    0.07    0.00    0.00     100
    8541     4.6      95   -0.01    0.07    0.00    0.01     100
    8542     4.8      95   -0.07    0.03    0.00    0.04     100
    8543     5.1      94    0.07   -0.02    0.00    0.06     100
    8544     5.3      91    0.00   -0.09    0.00    0.09     100
    8545     5.5      90   -0.08    0.04    0.00    0.03     100
    8546     5.5      90   -0.09   -0.02    0.00    0.00     100
    8547     5.5      90    0.07   -0.05    0.00    0.00     100
    8548     5.5      88   -0.08    0.07    0.00    0.00     100
    8549     5.4      88   -0.10    0.00    0.00    0.00     100
    8550     5.2      87    0.02    0.09    0.00    0.00     100
    8551     4.9      88    0.02   -0.06    0.00    0.02     100
    8552     5.0      90   -0.04   -0.02    0.00    3.84     100
    8553     5.0      89   -0.05    0.02    0.00   41.84     100
    8554     5.1      88   -0.02   -0.06    0.41   65.22     100
    8555     5.5      89   -0.05    0.02    0.82   99.28     100
    8556     5.7      90   -0.03    0.03    1.31  150.11     100
    8557     5.5      90   -0.02    0.03    0.59   70.29      63
    8558     5.0      92    0.01   -0.03    0.10   14.38      75
    8559     4.5      96    0.02   -0.01    0.00    0.03      75
    8560     4.2      97    0.02    0.00    0.00    0.00      63
    8561     4.2      97    0.00    0.03    0.00    0.00     100
    8562     4.1      97    0.00    0.03    0.00    0.00     100
    8563     4.0      96    0.02    0.01    0.00    0.00     100
    8564     4.0      96   -0.01   -0.01    0.00    0.00     100
    8565     3.8      98    0.01    0.00    0.00    0.00     100
    8566     3.6      97    0.01    0.01    0.00    0.00     100
    8567     3.4      98    0.00    0.00    0.00    0.00     100
    8568     3.4      95    0.00   -0.01    0.00    0.00     100
    8569     3.1      95   -0.01    0.01    0.00    0.00     100
    8570     2.8      94    0.00    0.01    0.00    0.00     100
    8571     2.3      97   -0.03   -0.01    0.00    0.00     100
    8572     1.6      97   -0.02    0.03    0.00    0.00     100
    8573     0.4      99   -0.04    0.02    0.00    0.00     100
    8574    -0.2      99   -0.03   -0.02    0.00    0.00     113
    8575    -0.3      99    0.00   -0.03    0.00    0.00     100
    8576    -0.3      97    0.03    0.01    0.00    5.83     100
    8577    -0.4      96   -0.04   -0.05    0.00   48.16       0
    8578    -0.4      97    0.04    0.04    0.69  108.38      63
    8579    -0.3      96    0.05    0.05    0.00  257.56     100
    8580     0.1      95   -0.08    0.00    1.67  190.35     100
    8581    -0.1      97   -0.02   -0.06    0.32   37.41     100
    8582     0.0      97    0.01    0.08    0.10   14.09     100
    8583    -0.3      96    0.03    0.05    0.00    0.30     100
    8584    -0.5      96   -0.05   -0.03    0.00    0.00       0
    8585    -0.5      92    0.01    0.07    0.00    0.00       0
    8586    -0.6      92    0.07   -0.02    0.00    0.00       0
    8587    -0.9      92    0.00   -0.07    0.00    0.00       0
    8588    -1.2      91    0.07    0.03    0.00    0.00       0
    8589    -1.4      92    0.05    0.04    0.00    0.00       0
    8590    -1.6      94    0.03   -0.04    0.00    0.00      50
    8591    -1.7      90   -0.02    0.05    0.00    0.00     100
    8592    -1.8      93   -0.04   -0.02    0.00    0.00     100
    8593    -2.0      93   -0.02    0.05    0.00    0.00      75
    8594    -2.4      95    0.02    0.04    0.00    0.00       0
    8595    -2.4      94    0.02   -0.04    0.00    0.00       0
    8596    -2.6      94    0.01    0.05    0.00    0.00       0
    8597    -2.7      93   -0.05    0.00    0.00    0.00       0
    8598    -2.9      93    0.03   -0.04    0.00    0.00       0
    8599    -2.8      94    0.00    0.06    0.00    0.00      63
    8600    -2.4      94    0.02   -0.04    0.00    6.56      63
    8601    -2.1      93    0.02    0.04    0.00  137.39     100
    8602    -1.1      92    0.04    0.00    0.63   99.28      75
    8603    -0.3      89    0.02    0.05    0.00  282.89      75
    8604     0.0      88   -0.05   -0.04    0.00  234.82     100
    8605    -0.3      87    0.05   -0.02    0.43   51.29     100
    8606    -0.7      87   -0.05    0.01    0.57   80.00       0
    8607    -1.5      89   -0.03    0.03    0.00    0.43       0
    8608    -2.4      90   -0.03    0.03    0.00    0.00       0
    8609    -3.3      92    0.00   -0.03    0.00    0.00       0
    8610    -3.9      91    0.01    0.03    0.00    0.00      63
    8611    -4.3      93   -0.01    0.01    0.00    0.00       0
    8612    -4.1      93    0.00    0.02    0.00    0.00       0
    8613    -5.8      94    0.02   -0.01    0.00    0.00       0
    8614    -6.9      95    0.00    0.00    0.00    0.00       0
    8615    -7.2      95    0.00    0.00    0.00    0.00       0
    8616    -7.7      96    0.00    0.00    0.00    0.00       0
    8617    -8.1      94    0.00    0.00    0.00    0.33       0
    8618    -7.3      96   -0.01    0.02    0.00    0.17     100
    8619    -6.4      92    0.00   -0.01    0.00    0.02     100
    8620    -6.0      87   -0.01    0.02    0.00    0.00     100
    8621    -5.7      90    0.00    0.02    0.00    0.10     100
    8622    -5.1      90    0.03    0.00    0.00    0.32     100
    8623    -4.2      91   -0.01    0.04    0.00    0.48     100
    8624    -3.6      94    0.01   -0.05    0.00    2.72     100
    8625    -3.0      98    0.00    0.05    0.00   11.71     100
    8626    -2.3      98   -0.04   -0.04    0.13   19.86     100
    8627    -1.4      99   -0.04   -0.01    0.21   25.19     100
    8628    -0.8      99   -0.05    0.03    0.17   19.03     113
    8629    -0.2      99    0.03    0.05    0.10   12.11     100
    8630     0.6      99    0.05    0.03    0.02    2.89     113
    8631     1.2      99   -0.07    0.02    0.00    0.13     113
    8632     1.4      99   -0.01    0.08    0.00    0.00     113
    8633     1.4      99   -0.01    0.09    0.00    0.00     113
    8634     0.6      99   -0.01   -0.08    0.00    0.00     100
    8635     0.3      99    0.07   -0.03    0.00    0.00     100
    8636     0.7      99   -0.08    0.02    0.00    0.38     100
    8637     1.9      99    0.05    0.06    0.00    0.34     100
    8638     2.7      99    0.06    0.05    0.00    0.00     100
    8639     2.4      99    0.05   -0.04    0.00    0.00     100
    8640     1.6      99    0.08   -0.03    0.00    0.00     100
    8641     0.5      99    0.08   -0.03    0.00    0.00     100
    8642     0.2      99    0.08   -0.03    0.00    0.00     100
    8643     0.3      99    0.02   -0.09    0.00    0.00     100
    8644     1.0      99    0.09   -0.03    0.00    0.72     100
    8645     1.9      99   -0.08   -0.04    0.00    1.53     100
    8646     2.1      99   -0.11    0.03    0.00    0.00     100
    8647     2.2      99    0.08    0.06    0.00    0.00     100
    8648     2.2      99    0.02   -0.11    0.00    0.99     100
    8649     2.1      98    0.06   -0.10    0.00    6.88     100
    8650     2.0      98   -0.03   -0.11    0.08   11.89     100
    8651     1.9      98   -0.06   -0.11    0.13   15.11     100
    8652     2.1      97    0.13   -0.01    0.08    9.55     100
    8653     1.7      98   -0.11    0.02    0.06    6.77     100
    8654     1.0      98    0.06   -0.11    0.01    1.69     100
    8655     0.4      99   -0.08    0.10    0.00    0.01     100
    8656     0.3      99   -0.08    0.10    0.00    0.00     100
    8657     0.3      99    0.09   -0.09    0.00    0.00     100
    8658     0.2      99    0.10   -0.10    0.00    0.00     100
    8659     0.1      99    0.05    0.12    0.00    0.00     100
    8660     0.1      99   -0.03   -0.13    0.00    0.00     100
    8661     0.2      99   -0.03   -0.11    0.00    0.00     100
    8662     0.3      99    0.10    0.02    0.00    0.00     100
    8663     0.3      99   -0.09    0.07    0.00    0.00     100
    8664     0.4      98    0.08    0.04    0.00    0.00     100
    8665     0.3      98    0.10   -0.05    0.00    0.00     113
    8666     0.2      99   -0.09    0.03    0.00    0.00     100
    8667     0.2      99    0.11   -0.06    0.00    0.00     100
    8668     0.3      99   -0.08    0.03    0.00    0.00     100
    8669     0.4      99    0.09   -0.02    0.00    0.00     100
    8670     0.5      99    0.06    0.06    0.00    0.00     100
    8671     0.6      99    0.03   -0.08    0.00    0.23     100
    8672     0.9      99   -0.04   -0.09    0.00    1.99     100
    8673     1.3      99   -0.12   -0.02    0.00    6.57     100
    8674     1.7      98    0.03    0.11    0.07   10.50     100
    8675     1.8      97    0.02    0.10    0.11   13.61     100
    8676     1.7      99    0.09   -0.04    0.11   12.62     100
    8677     1.4      99    0.08   -0.03    0.05    5.27     100
    8678     1.1      99    0.04    0.05    0.02    2.48     100
    8679     0.9      99    0.05    0.06    0.00    0.27     100
    8680     1.4      99   -0.07    0.04    0.00    0.00     100
    8681     1.7      99    0.06   -0.02    0.00    0.00     100
    8682     1.9      99   -0.01   -0.06    0.00    0.00     100
    8683     2.1      98   -0.04    0.02    0.00    0.00     100
    8684     2.1      98    0.00   -0.04    0.00    0.00     100
    8685     2.0      98   -0.03   -0.03    0.00    0.00     100
    8686     2.0      98    0.03    0.02    0.00    0.00     100
    8687     2.0      98   -0.03   -0.01    0.00    0.00     100
    8688     1.9      98    0.01    0.01    0.00    0.00     100
    8689     2.1      98    0.02    0.00    0.00    0.00     100
    8690     2.1      99    0.02    0.01    0.00    0.00     100
    8691     2.1      99   -0.02    0.00    0.00    0.00     100
    8692     1.9      99   -0.02   -0.01    0.00    0.00     100
    8693     1.9      99    0.02    0.00    0.00    0.00     100
    8694     1.7      99    0.02    0.00    0.00    0.01     100
    8695     1.9      99   -0.03    0.00    0.00    0.00     100
    8696     2.2      99   -0.02   -0.01    0.00    1.41     100
    8697     2.6      99    0.00   -0.02    0.00   13.22     100
    8698     2.9      95    0.02   -0.03    0.12   19.11     100
    8699     3.2      96   -0.02   -0.02    0.11   13.13     100
    8700     2.8      98    0.02    0.02    0.09    9.91     100
    8701     2.7      98    0.02    0.01    0.06    6.50     100
    8702     2.7      99   -0.01    0.03    0.02    3.02     100
    8703     2.7      99   -0.02   -0.02    0.00    0.04     100
    8704     2.9      99    0.01    0.01    0.00    0.00     100
    8705     3.1      99    0.00    0.00    0.00    0.00     100
    8706     3.1      99    0.01    0.00    0.00    0.00     100
    8707     3.0      99   -0.01    0.01    0.00    0.00     100
    8708     3.1      99    0.01    0.01    0.00    0.00     100
    8709     2.9      99   -0.02   -0.01    0.00    0.00     100
    8710     2.7      98    0.00    0.03    0.00    0.00     100
    8711     2.5      99    0.01   -0.01    0.00    0.00     100
    8712     2.1      99   -0.01    0.00    0.00    0.00     113
    8713     1.7      99    0.02   -0.01    0.00    0.00     113
    8714     1.3      99    0.01   -0.02    0.00    0.00     113
    8715     0.9      99   -0.02   -0.01    0.00    0.00     100
    8716     1.0      99   -0.01   -0.02    0.00    0.03     113
    8717     1.3      99    0.00    0.03    0.00    0.00     113
    8718     1.5      99   -0.02    0.03    0.00    0.00     113
    8719     1.5      99   -0.03    0.00    0.00    0.00     113
    8720     1.6      99   -0.02    0.02    0.00    3.60     113
    8721     1.7      99    0.01    0.03    0.00   11.52     113
    8722     2.0      99   -0.01   -0.04    0.17   26.07     113
    8723     2.3      99    0.03   -0.01    0.29   34.27     113
    8724     2.7      99   -0.03    0.00    0.13   14.80     113
    8725     2.6      99    0.04    0.01    0.17   19.91     113
    8726     2.7      97   -0.01    0.04    0.08   10.50     100
    8727     2.5      99    0.04   -0.02    0.00    0.29     100
    8728     2.4      99   -0.04    0.03    0.00    0.00     100
    8729     2.4      99   -0.01    0.05    0.00    0.00     100
    8730     2.4      98    0.02    0.04    0.00    0.00     100
    8731     2.4      98   -0.02    0.04    0.00    0.00     100
    8732     2.3      97   -0.02   -0.05    0.00    0.00     100
    8733     1.9      98   -0.05   -0.01    0.00    0.00     100
    8734     1.3      99    0.01    0.05    0.00    0.00     100
    8735     1.1      99    0.02   -0.05    0.00    0.01     100
    8736     1.3      99   -0.06    0.00    0.00    0.02     113
    8737     1.6      99   -0.02   -0.05    0.00    0.00     113
    8738     1.8      99   -0.02   -0.05    0.00    0.00     100
    8739     1.9      99    0.04   -0.03    0.00    0.00     100
    8740     2.1      99    0.06   -0.01    0.00    0.00     100
    8741     2.0      98   -0.06   -0.02    0.00    0.00     100
    8742     1.9      99    0.06   -0.01    0.00    0.00     100
    8743     1.8      99    0.02    0.05    0.00    0.01     100
    8744     2.0      99   -0.02    0.04    0.00    2.19     100
    8745     2.1      99    0.06    0.03    0.00    7.43     100
    8746     2.3      99    0.03   -0.03    0.11   17.11     100
    8747     2.4      99    0.02   -0.04    0.20   23.47     100
    8748     2.3      97   -0.03   -0.03    0.22   24.01     100
    8749     2.1      99   -0.03   -0.02    0.09   10.18     113
    8750     1.9      99    0.02   -0.03    0.03    4.10     100
    8751     1.7      99   -0.05    0.01    0.00    0.16     100
    8752     1.6      99   -0.04    0.02    0.00    0.00     100
    8753     1.3      99    0.01   -0.05    0.00    0.00     113
    8754     1.5      99   -0.04   -0.04    0.00    0.03     100
    8755     1.8      98    0.05   -0.02    0.00    0.01     100
    8756     1.9      99    0.04    0.02    0.00    0.00     100
    8757     1.8      98    0.00   -0.05    0.00    0.00     100
    8758     1.6      98    0.03    0.04    0.00    0.00     100
    8759     1.6      99    0.05    0.00    0.00    0.00     100
