#      time         order        p_syst    
  0.000000000       1.0000       0.0000    
  1.000000000       1.0000       0.0000    
  2.000000000       1.0000       0.0000    
  3.000000000       1.0000       0.0000    
  4.000000000       1.0000       0.0000    
  5.000000000       1.0000       0.0000    
  6.000000000       1.0000       0.0000    
  7.000000000       1.0000       0.0000    
  8.000000000       1.0000       0.0000    
  9.000000000       1.0000      0.34262    
  10.00000000       1.0000       2.1333    
  11.00000000       1.0000       1.1730    
  12.00000000       1.0000       3.0385    
  13.00000000       1.0000       3.2825    
  14.00000000       1.0000       1.2928    
  15.00000000       1.0000      0.66933    
  16.00000000       1.0000      5.70273E-02
  17.00000000       1.0000       0.0000    
  18.00000000       1.0000       0.0000    
  19.00000000       1.0000       0.0000    
  20.00000000       1.0000       0.0000    
  21.00000000       1.0000       0.0000    
  22.00000000       1.0000       0.0000    
  23.00000000       1.0000       0.0000    
  24.00000000       1.0000       0.0000    
  25.00000000       1.0000       0.0000    
  26.00000000       1.0000       0.0000    
  27.00000000       1.0000       0.0000    
  28.00000000       1.0000       0.0000    
  29.00000000       1.0000       0.0000    
  30.00000000       1.0000       0.0000    
  31.00000000       1.0000       0.0000    
  32.00000000       1.0000       0.0000    
  33.00000000       1.0000      0.24304    
  34.00000000       1.0000       3.3560    
  35.00000000       1.0000       1.2430    
  36.00000000       1.0000       2.2091    
  37.00000000       1.0000       6.0696    
  38.00000000       1.0000       1.2078    
  39.00000000       1.0000      7.32769E-02
  40.00000000       1.0000       0.0000    
  41.00000000       1.0000       0.0000    
  42.00000000       1.0000       0.0000    
  43.00000000       1.0000       0.0000    
  44.00000000       1.0000       0.0000    
  45.00000000       1.0000       0.0000    
  46.00000000       1.0000       0.0000    
  47.00000000       1.0000       0.0000    
  48.00000000       1.0000       0.0000    
  49.00000000       1.0000       0.0000    
  50.00000000       1.0000       0.0000    
  51.00000000       1.0000       0.0000    
  52.00000000       1.0000       0.0000    
  53.00000000       1.0000       0.0000    
  54.00000000       1.0000       0.0000    
  55.00000000       1.0000       0.0000    
  56.00000000       1.0000       0.0000    
  57.00000000       1.0000      0.25775    
  58.00000000       1.0000       4.8733    
  59.00000000       1.0000       27.282    
  60.00000000       1.0000       34.663    
  61.00000000       1.0000       52.168    
  62.00000000       1.0000       47.614    
  63.00000000       1.0000       4.0468    
  64.00000000       1.0000       1.3101    
  65.00000000       1.0000      0.15477    
  66.00000000       1.0000       0.0000    
  67.00000000       1.0000       0.0000    
  68.00000000       1.0000       0.0000    
  69.00000000       1.0000       0.0000    
  70.00000000       1.0000       0.0000    
  71.00000000       1.0000       0.0000    
  72.00000000       1.0000       0.0000    
  73.00000000       1.0000       0.0000    
  74.00000000       1.0000       0.0000    
  75.00000000       1.0000       0.0000    
  76.00000000       1.0000       0.0000    
  77.00000000       1.0000       0.0000    
  78.00000000       1.0000       0.0000    
  79.00000000       1.0000       0.0000    
  80.00000000       1.0000       0.0000    
  81.00000000       1.0000      0.34570    
  82.00000000       1.0000       2.2240    
  83.00000000       1.0000       1.2888    
  84.00000000       1.0000       5.4074    
  85.00000000       1.0000       126.36    
  86.00000000       1.0000       105.44    
  87.00000000       1.0000       35.127    
  88.00000000       1.0000       4.4246    
  89.00000000       1.0000      7.92532E-02
  90.00000000       1.0000       0.0000    
  91.00000000       1.0000       0.0000    
  92.00000000       1.0000       0.0000    
  93.00000000       1.0000       0.0000    
  94.00000000       1.0000       0.0000    
  95.00000000       1.0000       0.0000    
  96.00000000       1.0000       0.0000    
  97.00000000       1.0000       0.0000    
  98.00000000       1.0000       0.0000    
  99.00000000       1.0000       0.0000    
  100.0000000       1.0000       0.0000    
  101.0000000       1.0000       0.0000    
  102.0000000       1.0000       0.0000    
  103.0000000       1.0000       0.0000    
  104.0000000       1.0000       0.0000    
  105.0000000       1.0000      0.25929    
  106.0000000       1.0000       4.2206    
  107.0000000       1.0000       21.344    
  108.0000000       1.0000       21.781    
  109.0000000       1.0000       4.4732    
  110.0000000       1.0000       7.2180    
  111.0000000       1.0000       2.9511    
  112.0000000       1.0000      0.97109    
  113.0000000       1.0000      7.52699E-02
  114.0000000       1.0000       0.0000    
  115.0000000       1.0000       0.0000    
  116.0000000       1.0000       0.0000    
  117.0000000       1.0000       0.0000    
  118.0000000       1.0000       0.0000    
  119.0000000       1.0000       0.0000    
  120.0000000       1.0000       0.0000    
  121.0000000       1.0000       0.0000    
  122.0000000       1.0000       0.0000    
  123.0000000       1.0000       0.0000    
  124.0000000       1.0000       0.0000    
  125.0000000       1.0000       0.0000    
  126.0000000       1.0000       0.0000    
  127.0000000       1.0000       0.0000    
  128.0000000       1.0000       0.0000    
  129.0000000       1.0000      0.17587    
  130.0000000       1.0000       1.2655    
  131.0000000       1.0000       2.2722    
  132.0000000       1.0000       10.172    
  133.0000000       1.0000       10.525    
  134.0000000       1.0000       1.0148    
  135.0000000       1.0000       1.3710    
  136.0000000       1.0000       1.7144    
  137.0000000       1.0000      0.21974    
  138.0000000       1.0000       0.0000    
  139.0000000       1.0000       0.0000    
  140.0000000       1.0000       0.0000    
  141.0000000       1.0000       0.0000    
  142.0000000       1.0000       0.0000    
  143.0000000       1.0000       0.0000    
  144.0000000       1.0000       0.0000    
  145.0000000       1.0000       0.0000    
  146.0000000       1.0000       0.0000    
  147.0000000       1.0000       0.0000    
  148.0000000       1.0000       0.0000    
  149.0000000       1.0000       0.0000    
  150.0000000       1.0000       0.0000    
  151.0000000       1.0000       0.0000    
  152.0000000       1.0000       0.0000    
  153.0000000       1.0000      0.56588    
  154.0000000       1.0000       4.2180    
  155.0000000       1.0000       5.5979    
  156.0000000       1.0000       5.6183    
  157.0000000       1.0000       5.6122    
  158.0000000       1.0000       5.4772    
  159.0000000       1.0000       3.5808    
  160.0000000       1.0000      0.43838    
  161.0000000       1.0000       0.0000    
  162.0000000       1.0000       0.0000    
  163.0000000       1.0000       0.0000    
  164.0000000       1.0000       0.0000    
  165.0000000       1.0000       0.0000    
  166.0000000       1.0000       0.0000    
  167.0000000       1.0000       0.0000    
  168.0000000       1.0000       0.0000    
  169.0000000       1.0000       0.0000    
  170.0000000       1.0000       0.0000    
  171.0000000       1.0000       0.0000    
  172.0000000       1.0000       0.0000    
  173.0000000       1.0000       0.0000    
  174.0000000       1.0000       0.0000    
  175.0000000       1.0000       0.0000    
  176.0000000       1.0000       0.0000    
  177.0000000       1.0000      0.28557    
  178.0000000       1.0000       2.8102    
  179.0000000       1.0000       5.4416    
  180.0000000       1.0000       5.6132    
  181.0000000       1.0000       5.6464    
  182.0000000       1.0000       5.6501    
  183.0000000       1.0000       5.1865    
  184.0000000       1.0000       2.0286    
  185.0000000       1.0000      0.19652    
  186.0000000       1.0000       0.0000    
  187.0000000       1.0000       0.0000    
  188.0000000       1.0000       0.0000    
  189.0000000       1.0000       0.0000    
  190.0000000       1.0000       0.0000    
  191.0000000       1.0000       0.0000    
  192.0000000       1.0000       0.0000    
  193.0000000       1.0000       0.0000    
  194.0000000       1.0000       0.0000    
  195.0000000       1.0000       0.0000    
  196.0000000       1.0000       0.0000    
  197.0000000       1.0000       0.0000    
  198.0000000       1.0000       0.0000    
  199.0000000       1.0000       0.0000    
  200.0000000       1.0000       0.0000    
  201.0000000       1.0000      0.51620    
  202.0000000       1.0000       4.2264    
  203.0000000       1.0000       9.0948    
  204.0000000       1.0000       77.121    
  205.0000000       1.0000       374.52    
  206.0000000       1.0000       379.81    
  207.0000000       1.0000       103.97    
  208.0000000       1.0000       9.3766    
  209.0000000       1.0000      0.10811    
  210.0000000       1.0000      1.31889E-17
  211.0000000       1.0000       0.0000    
  212.0000000       1.0000       0.0000    
  213.0000000       1.0000       0.0000    
  214.0000000       1.0000       0.0000    
  215.0000000       1.0000       0.0000    
  216.0000000       1.0000       0.0000    
  217.0000000       1.0000       0.0000    
  218.0000000       1.0000       0.0000    
  219.0000000       1.0000       0.0000    
  220.0000000       1.0000       0.0000    
  221.0000000       1.0000       0.0000    
  222.0000000       1.0000       0.0000    
  223.0000000       1.0000       0.0000    
  224.0000000       1.0000       0.0000    
  225.0000000       1.0000      7.93979E-02
  226.0000000       1.0000       2.8056    
  227.0000000       1.0000       5.3444    
  228.0000000       1.0000       5.7300    
  229.0000000       1.0000       5.3299    
  230.0000000       1.0000       3.5945    
  231.0000000       1.0000       5.4923    
  232.0000000       1.0000       1.1387    
  233.0000000       1.0000      9.40614E-02
  234.0000000       1.0000      8.37359E-20
  235.0000000       1.0000       0.0000    
  236.0000000       1.0000       0.0000    
  237.0000000       1.0000       0.0000    
  238.0000000       1.0000       0.0000    
  239.0000000       1.0000       0.0000    
  240.0000000       1.0000       0.0000    
  241.0000000       1.0000       0.0000    
  242.0000000       1.0000       0.0000    
  243.0000000       1.0000       0.0000    
  244.0000000       1.0000       0.0000    
  245.0000000       1.0000       0.0000    
  246.0000000       1.0000       0.0000    
  247.0000000       1.0000       0.0000    
  248.0000000       1.0000       0.0000    
  249.0000000       1.0000      0.10824    
  250.0000000       1.0000       1.4037    
  251.0000000       1.0000       5.0360    
  252.0000000       1.0000       5.1227    
  253.0000000       1.0000       1.6542    
  254.0000000       1.0000      0.13460    
  255.0000000       1.0000       0.0000    
  256.0000000       1.0000       0.0000    
  257.0000000       1.0000       0.0000    
  258.0000000       1.0000       0.0000    
  259.0000000       1.0000       0.0000    
  260.0000000       1.0000       0.0000    
  261.0000000       1.0000       0.0000    
  262.0000000       1.0000       0.0000    
  263.0000000       1.0000       0.0000    
  264.0000000       1.0000       0.0000    
  265.0000000       1.0000       0.0000    
  266.0000000       1.0000       0.0000    
  267.0000000       1.0000       0.0000    
  268.0000000       1.0000       0.0000    
  269.0000000       1.0000       0.0000    
  270.0000000       1.0000       0.0000    
  271.0000000       1.0000       0.0000    
  272.0000000       1.0000      6.29776E-03
  273.0000000       1.0000       1.9763    
  274.0000000       1.0000       138.05    
  275.0000000       1.0000       540.54    
  276.0000000       1.0000       973.65    
  277.0000000       1.0000       1508.9    
  278.0000000       1.0000       643.60    
  279.0000000       1.0000       392.42    
  280.0000000       1.0000       85.127    
  281.0000000       1.0000       2.1951    
  282.0000000       1.0000      3.92736E-44
  283.0000000       1.0000     -2.61200E-94
  284.0000000       1.0000       0.0000    
  285.0000000       1.0000       0.0000    
  286.0000000       1.0000       0.0000    
  287.0000000       1.0000       0.0000    
  288.0000000       1.0000       0.0000    
  289.0000000       1.0000       0.0000    
  290.0000000       1.0000       0.0000    
  291.0000000       1.0000       0.0000    
  292.0000000       1.0000       0.0000    
  293.0000000       1.0000       0.0000    
  294.0000000       1.0000       0.0000    
  295.0000000       1.0000       0.0000    
  296.0000000       1.0000       0.0000    
  297.0000000       1.0000      0.18584    
  298.0000000       1.0000       3.6696    
  299.0000000       1.0000       27.595    
  300.0000000       1.0000       265.53    
  301.0000000       1.0000       281.00    
  302.0000000       1.0000       176.71    
  303.0000000       1.0000       20.843    
  304.0000000       1.0000      0.44785    
  305.0000000       1.0000       0.0000    
  306.0000000       1.0000       0.0000    
  307.0000000       1.0000       0.0000    
  308.0000000       1.0000       0.0000    
  309.0000000       1.0000       0.0000    
  310.0000000       1.0000       0.0000    
  311.0000000       1.0000       0.0000    
  312.0000000       1.0000       0.0000    
  313.0000000       1.0000       0.0000    
  314.0000000       1.0000       0.0000    
  315.0000000       1.0000       0.0000    
  316.0000000       1.0000       0.0000    
  317.0000000       1.0000       0.0000    
  318.0000000       1.0000       0.0000    
  319.0000000       1.0000       0.0000    
  320.0000000       1.0000       0.0000    
  321.0000000       1.0000      0.26455    
  322.0000000       1.0000       2.5609    
  323.0000000       1.0000       2.8334    
  324.0000000       1.0000       15.945    
  325.0000000       1.0000       1.8647    
  326.0000000       1.0000       2.8736    
  327.0000000       1.0000       2.8450    
  328.0000000       1.0000       1.7615    
  329.0000000       1.0000      3.97302E-02
  330.0000000       1.0000     -3.04089E-32
  331.0000000       1.0000       0.0000    
  332.0000000       1.0000       0.0000    
  333.0000000       1.0000       0.0000    
  334.0000000       1.0000       0.0000    
  335.0000000       1.0000       0.0000    
  336.0000000       1.0000       0.0000    
  337.0000000       1.0000       0.0000    
  338.0000000       1.0000       0.0000    
  339.0000000       1.0000       0.0000    
  340.0000000       1.0000       0.0000    
  341.0000000       1.0000       0.0000    
  342.0000000       1.0000       0.0000    
  343.0000000       1.0000       0.0000    
  344.0000000       1.0000       0.0000    
  345.0000000       1.0000      0.10590    
  346.0000000       1.0000       2.9801    
  347.0000000       1.0000       8.2979    
  348.0000000       1.0000       31.363    
  349.0000000       1.0000       32.776    
  350.0000000       1.0000       43.283    
  351.0000000       1.0000       29.982    
  352.0000000       1.0000       3.5447    
  353.0000000       1.0000      0.17396    
  354.0000000       1.0000      8.64881E-47
  355.0000000       1.0000      6.14631E-64
  356.0000000       1.0000      1.29484E-79
  357.0000000       1.0000       0.0000    
  358.0000000       1.0000       0.0000    
  359.0000000       1.0000       0.0000    
  360.0000000       1.0000       0.0000    
  361.0000000       1.0000       0.0000    
  362.0000000       1.0000       0.0000    
  363.0000000       1.0000       0.0000    
  364.0000000       1.0000       0.0000    
  365.0000000       1.0000       0.0000    
  366.0000000       1.0000       0.0000    
  367.0000000       1.0000       0.0000    
  368.0000000       1.0000      0.12120    
  369.0000000       1.0000       4.6117    
  370.0000000       1.0000       302.16    
  371.0000000       1.0000       1458.9    
  372.0000000       1.0000       1552.5    
  373.0000000       1.0000       1892.2    
  374.0000000       1.0000       1481.5    
  375.0000000       1.0000       781.33    
  376.0000000       1.0000       197.40    
  377.0000000       1.0000       8.3329    
  378.0000000       1.0000     -1.56417E-32
  379.0000000       1.0000     -1.06535E-63
  380.0000000       1.0000      9.30112E-81
  381.0000000       1.0000       0.0000    
  382.0000000       1.0000       0.0000    
  383.0000000       1.0000       0.0000    
  384.0000000       1.0000       0.0000    
  385.0000000       1.0000       0.0000    
  386.0000000       1.0000       0.0000    
  387.0000000       1.0000       0.0000    
  388.0000000       1.0000       0.0000    
  389.0000000       1.0000       0.0000    
  390.0000000       1.0000       0.0000    
  391.0000000       1.0000       0.0000    
  392.0000000       1.0000       0.0000    
  393.0000000       1.0000      0.11936    
  394.0000000       1.0000       1.8956    
  395.0000000       1.0000       1.5360    
  396.0000000       1.0000       18.724    
  397.0000000       1.0000       23.376    
  398.0000000       1.0000       18.394    
  399.0000000       1.0000       11.373    
  400.0000000       1.0000       1.5189    
  401.0000000       1.0000      3.21765E-02
  402.0000000       1.0000      4.41040E-18
  403.0000000       1.0000       0.0000    
  404.0000000       1.0000       0.0000    
  405.0000000       1.0000       0.0000    
  406.0000000       1.0000       0.0000    
  407.0000000       1.0000       0.0000    
  408.0000000       1.0000       0.0000    
  409.0000000       1.0000       0.0000    
  410.0000000       1.0000       0.0000    
  411.0000000       1.0000       0.0000    
  412.0000000       1.0000       0.0000    
  413.0000000       1.0000       0.0000    
  414.0000000       1.0000       0.0000    
  415.0000000       1.0000       0.0000    
  416.0000000       1.0000       0.0000    
  417.0000000       1.0000      0.33516    
  418.0000000       1.0000       3.5232    
  419.0000000       1.0000       3.2003    
  420.0000000       1.0000       5.6997    
  421.0000000       1.0000       5.6533    
  422.0000000       1.0000       5.6466    
  423.0000000       1.0000       5.2829    
  424.0000000       1.0000       1.3031    
  425.0000000       1.0000      9.06680E-02
  426.0000000       1.0000     -7.45103E-18
  427.0000000       1.0000       0.0000    
  428.0000000       1.0000       0.0000    
  429.0000000       1.0000       0.0000    
  430.0000000       1.0000       0.0000    
  431.0000000       1.0000       0.0000    
  432.0000000       1.0000       0.0000    
  433.0000000       1.0000       0.0000    
  434.0000000       1.0000       0.0000    
  435.0000000       1.0000       0.0000    
  436.0000000       1.0000       0.0000    
  437.0000000       1.0000       0.0000    
  438.0000000       1.0000       0.0000    
  439.0000000       1.0000       0.0000    
  440.0000000       1.0000       0.0000    
  441.0000000       1.0000      0.32023    
  442.0000000       1.0000       5.2884    
  443.0000000       1.0000       5.7328    
  444.0000000       1.0000       5.5301    
  445.0000000       1.0000       4.3268    
  446.0000000       1.0000       5.4059    
  447.0000000       1.0000       4.5143    
  448.0000000       1.0000       1.1293    
  449.0000000       1.0000      6.08397E-02
  450.0000000       1.0000       0.0000    
  451.0000000       1.0000       0.0000    
  452.0000000       1.0000       0.0000    
  453.0000000       1.0000       0.0000    
  454.0000000       1.0000       0.0000    
  455.0000000       1.0000       0.0000    
  456.0000000       1.0000       0.0000    
  457.0000000       1.0000       0.0000    
  458.0000000       1.0000       0.0000    
  459.0000000       1.0000       0.0000    
  460.0000000       1.0000       0.0000    
  461.0000000       1.0000       0.0000    
  462.0000000       1.0000       0.0000    
  463.0000000       1.0000       0.0000    
  464.0000000       1.0000      8.99988E-02
  465.0000000       1.0000       1.3056    
  466.0000000       1.0000       5.0811    
  467.0000000       1.0000       4.2078    
  468.0000000       1.0000       1.9814    
  469.0000000       1.0000       3.2147    
  470.0000000       1.0000       3.9177    
  471.0000000       1.0000       2.6209    
  472.0000000       1.0000       1.8052    
  473.0000000       1.0000      0.22356    
  474.0000000       1.0000       0.0000    
  475.0000000       1.0000       0.0000    
  476.0000000       1.0000       0.0000    
  477.0000000       1.0000       0.0000    
  478.0000000       1.0000       0.0000    
  479.0000000       1.0000       0.0000    
  480.0000000       1.0000       0.0000    
  481.0000000       1.0000       0.0000    
  482.0000000       1.0000       0.0000    
  483.0000000       1.0000       0.0000    
  484.0000000       1.0000       0.0000    
  485.0000000       1.0000       0.0000    
  486.0000000       1.0000       0.0000    
  487.0000000       1.0000       0.0000    
  488.0000000       1.0000       0.0000    
  489.0000000       1.0000      7.05602E-02
  490.0000000       1.0000       1.0057    
  491.0000000       1.0000       2.4198    
  492.0000000       1.0000       1.4914    
  493.0000000       1.0000       3.3822    
  494.0000000       1.0000       9.0823    
  495.0000000       1.0000       17.592    
  496.0000000       1.0000       6.3307    
  497.0000000       1.0000      9.34228E-02
  498.0000000       1.0000       0.0000    
  499.0000000       1.0000       0.0000    
  500.0000000       1.0000       0.0000    
  501.0000000       1.0000       0.0000    
  502.0000000       1.0000       0.0000    
  503.0000000       1.0000       0.0000    
  504.0000000       1.0000       0.0000    
  505.0000000       1.0000       0.0000    
  506.0000000       1.0000       0.0000    
  507.0000000       1.0000       0.0000    
  508.0000000       1.0000       0.0000    
  509.0000000       1.0000       0.0000    
  510.0000000       1.0000       0.0000    
  511.0000000       1.0000       0.0000    
  512.0000000       1.0000       0.0000    
  513.0000000       1.0000       0.0000    
  514.0000000       1.0000      4.30647E-02
  515.0000000       1.0000       2.7908    
  516.0000000       1.0000       4.9160    
  517.0000000       1.0000       4.8721    
  518.0000000       1.0000       13.912    
  519.0000000       1.0000       8.3409    
  520.0000000       1.0000       2.3428    
  521.0000000       1.0000      0.21473    
  522.0000000       1.0000       0.0000    
  523.0000000       1.0000       0.0000    
  524.0000000       1.0000       0.0000    
  525.0000000       1.0000       0.0000    
  526.0000000       1.0000       0.0000    
  527.0000000       1.0000       0.0000    
  528.0000000       1.0000       0.0000    
  529.0000000       1.0000       0.0000    
  530.0000000       1.0000       0.0000    
  531.0000000       1.0000       0.0000    
  532.0000000       1.0000       0.0000    
  533.0000000       1.0000       0.0000    
  534.0000000       1.0000       0.0000    
  535.0000000       1.0000       0.0000    
  536.0000000       1.0000      0.14284    
  537.0000000       1.0000       2.0081    
  538.0000000       1.0000       10.257    
  539.0000000       1.0000       11.802    
  540.0000000       1.0000       106.33    
  541.0000000       1.0000       86.257    
  542.0000000       1.0000       62.992    
  543.0000000       1.0000       14.160    
  544.0000000       1.0000       2.4622    
  545.0000000       1.0000      0.15267    
  546.0000000       1.0000       0.0000    
  547.0000000       1.0000       0.0000    
  548.0000000       1.0000       0.0000    
  549.0000000       1.0000       0.0000    
  550.0000000       1.0000       0.0000    
  551.0000000       1.0000       0.0000    
  552.0000000       1.0000       0.0000    
  553.0000000       1.0000       0.0000    
  554.0000000       1.0000       0.0000    
  555.0000000       1.0000       0.0000    
  556.0000000       1.0000       0.0000    
  557.0000000       1.0000       0.0000    
  558.0000000       1.0000       0.0000    
  559.0000000       1.0000       0.0000    
  560.0000000       1.0000      1.41521E-03
  561.0000000       1.0000      0.89342    
  562.0000000       1.0000      0.28154    
  563.0000000       1.0000       2.2013    
  564.0000000       1.0000       15.429    
  565.0000000       1.0000       16.619    
  566.0000000       1.0000       14.941    
  567.0000000       1.0000       2.7587    
  568.0000000       1.0000      0.99700    
  569.0000000       1.0000      9.27445E-02
  570.0000000       1.0000       0.0000    
  571.0000000       1.0000       0.0000    
  572.0000000       1.0000       0.0000    
  573.0000000       1.0000       0.0000    
  574.0000000       1.0000       0.0000    
  575.0000000       1.0000       0.0000    
  576.0000000       1.0000       0.0000    
  577.0000000       1.0000       0.0000    
  578.0000000       1.0000       0.0000    
  579.0000000       1.0000       0.0000    
  580.0000000       1.0000       0.0000    
  581.0000000       1.0000       0.0000    
  582.0000000       1.0000       0.0000    
  583.0000000       1.0000       0.0000    
  584.0000000       1.0000      0.15300    
  585.0000000       1.0000       1.4430    
  586.0000000       1.0000       4.6062    
  587.0000000       1.0000       87.901    
  588.0000000       1.0000       399.36    
  589.0000000       1.0000       322.82    
  590.0000000       1.0000       156.10    
  591.0000000       1.0000       106.52    
  592.0000000       1.0000       13.656    
  593.0000000       1.0000      0.29675    
  594.0000000       1.0000      3.37757E-17
  595.0000000       1.0000       0.0000    
  596.0000000       1.0000       0.0000    
  597.0000000       1.0000       0.0000    
  598.0000000       1.0000       0.0000    
  599.0000000       1.0000       0.0000    
  600.0000000       1.0000       0.0000    
  601.0000000       1.0000       0.0000    
  602.0000000       1.0000       0.0000    
  603.0000000       1.0000       0.0000    
  604.0000000       1.0000       0.0000    
  605.0000000       1.0000       0.0000    
  606.0000000       1.0000       0.0000    
  607.0000000       1.0000       0.0000    
  608.0000000       1.0000      0.11015    
  609.0000000       1.0000      0.96841    
  610.0000000       1.0000       4.5345    
  611.0000000       1.0000       31.360    
  612.0000000       1.0000       75.929    
  613.0000000       1.0000       136.93    
  614.0000000       1.0000       117.63    
  615.0000000       1.0000       103.05    
  616.0000000       1.0000       23.847    
  617.0000000       1.0000       7.6222    
  618.0000000       1.0000      0.37878    
  619.0000000       1.0000     -1.10579E-32
  620.0000000       1.0000      7.23484E-62
  621.0000000       1.0000     -5.81715E-81
  622.0000000       1.0000       0.0000    
  623.0000000       1.0000       0.0000    
  624.0000000       1.0000       0.0000    
  625.0000000       1.0000       0.0000    
  626.0000000       1.0000       0.0000    
  627.0000000       1.0000       0.0000    
  628.0000000       1.0000       0.0000    
  629.0000000       1.0000       0.0000    
  630.0000000       1.0000       0.0000    
  631.0000000       1.0000       0.0000    
  632.0000000       1.0000      2.49830E-02
  633.0000000       1.0000       1.4226    
  634.0000000       1.0000       4.5620    
  635.0000000       1.0000       1.3411    
  636.0000000       1.0000      8.91479E-02
  637.0000000       1.0000      0.97977    
  638.0000000       1.0000      0.95939    
  639.0000000       1.0000      0.30802    
  640.0000000       1.0000       3.8944    
  641.0000000       1.0000      0.53961    
  642.0000000       1.0000       0.0000    
  643.0000000       1.0000       0.0000    
  644.0000000       1.0000       0.0000    
  645.0000000       1.0000       0.0000    
  646.0000000       1.0000       0.0000    
  647.0000000       1.0000       0.0000    
  648.0000000       1.0000       0.0000    
  649.0000000       1.0000       0.0000    
  650.0000000       1.0000       0.0000    
  651.0000000       1.0000       0.0000    
  652.0000000       1.0000       0.0000    
  653.0000000       1.0000       0.0000    
  654.0000000       1.0000       0.0000    
  655.0000000       1.0000       0.0000    
  656.0000000       1.0000      2.25380E-02
  657.0000000       1.0000      0.92622    
  658.0000000       1.0000       3.9130    
  659.0000000       1.0000       51.677    
  660.0000000       1.0000       839.23    
  661.0000000       1.0000       1898.8    
  662.0000000       1.0000       1345.6    
  663.0000000       1.0000       395.03    
  664.0000000       1.0000       300.19    
  665.0000000       1.0000      0.27739    
  666.0000000       1.0000      1.04213E-61
  667.0000000       1.0000       0.0000    
  668.0000000       1.0000       0.0000    
  669.0000000       1.0000       0.0000    
  670.0000000       1.0000       0.0000    
  671.0000000       1.0000       0.0000    
  672.0000000       1.0000       0.0000    
  673.0000000       1.0000       0.0000    
  674.0000000       1.0000       0.0000    
  675.0000000       1.0000       0.0000    
  676.0000000       1.0000       0.0000    
  677.0000000       1.0000       0.0000    
  678.0000000       1.0000       0.0000    
  679.0000000       1.0000       0.0000    
  680.0000000       1.0000      2.50408E-02
  681.0000000       1.0000       3.0257    
  682.0000000       1.0000       44.416    
  683.0000000       1.0000       24.074    
  684.0000000       1.0000       46.918    
  685.0000000       1.0000       50.986    
  686.0000000       1.0000       73.671    
  687.0000000       1.0000       44.487    
  688.0000000       1.0000       4.2176    
  689.0000000       1.0000      0.11402    
  690.0000000       1.0000       0.0000    
  691.0000000       1.0000       0.0000    
  692.0000000       1.0000       0.0000    
  693.0000000       1.0000       0.0000    
  694.0000000       1.0000       0.0000    
  695.0000000       1.0000       0.0000    
  696.0000000       1.0000       0.0000    
  697.0000000       1.0000       0.0000    
  698.0000000       1.0000       0.0000    
  699.0000000       1.0000       0.0000    
  700.0000000       1.0000       0.0000    
  701.0000000       1.0000       0.0000    
  702.0000000       1.0000       0.0000    
  703.0000000       1.0000       0.0000    
  704.0000000       1.0000      3.40017E-02
  705.0000000       1.0000       1.3030    
  706.0000000       1.0000       64.761    
  707.0000000       1.0000       542.97    
  708.0000000       1.0000       617.49    
  709.0000000       1.0000       2009.7    
  710.0000000       1.0000       1125.3    
  711.0000000       1.0000       370.68    
  712.0000000       1.0000       323.40    
  713.0000000       1.0000       46.039    
  714.0000000       1.0000       2.3169    
  715.0000000       1.0000     -2.23182E-16
  716.0000000       1.0000     -9.82277E-45
  717.0000000       1.0000       0.0000    
  718.0000000       1.0000       0.0000    
  719.0000000       1.0000       0.0000    
  720.0000000       1.0000       0.0000    
  721.0000000       1.0000       0.0000    
  722.0000000       1.0000       0.0000    
  723.0000000       1.0000       0.0000    
  724.0000000       1.0000       0.0000    
  725.0000000       1.0000       0.0000    
  726.0000000       1.0000       0.0000    
  727.0000000       1.0000       0.0000    
  728.0000000       1.0000      0.18980    
  729.0000000       1.0000       2.5389    
  730.0000000       1.0000       80.658    
  731.0000000       1.0000       257.92    
  732.0000000       1.0000       1133.7    
  733.0000000       1.0000       650.79    
  734.0000000       1.0000       2010.5    
  735.0000000       1.0000       1654.7    
  736.0000000       1.0000       960.10    
  737.0000000       1.0000       89.602    
  738.0000000       1.0000       2.2657    
  739.0000000       1.0000      1.30642E-29
  740.0000000       1.0000      1.61310E-45
  741.0000000       1.0000     -2.03007E-61
  742.0000000       1.0000       0.0000    
  743.0000000       1.0000       0.0000    
  744.0000000       1.0000       0.0000    
  745.0000000       1.0000       0.0000    
  746.0000000       1.0000       0.0000    
  747.0000000       1.0000       0.0000    
  748.0000000       1.0000       0.0000    
  749.0000000       1.0000       0.0000    
  750.0000000       1.0000       0.0000    
  751.0000000       1.0000       0.0000    
  752.0000000       1.0000      3.95667E-03
  753.0000000       1.0000       1.1147    
  754.0000000       1.0000       5.3445    
  755.0000000       1.0000       5.6887    
  756.0000000       1.0000       5.6500    
  757.0000000       1.0000       5.6040    
  758.0000000       1.0000       5.7267    
  759.0000000       1.0000       5.6600    
  760.0000000       1.0000       5.4548    
  761.0000000       1.0000       1.3999    
  762.0000000       1.0000      3.59933E-02
  763.0000000       1.0000      4.83760E-18
  764.0000000       1.0000       0.0000    
  765.0000000       1.0000       0.0000    
  766.0000000       1.0000       0.0000    
  767.0000000       1.0000       0.0000    
  768.0000000       1.0000       0.0000    
  769.0000000       1.0000       0.0000    
  770.0000000       1.0000       0.0000    
  771.0000000       1.0000       0.0000    
  772.0000000       1.0000       0.0000    
  773.0000000       1.0000       0.0000    
  774.0000000       1.0000       0.0000    
  775.0000000       1.0000       0.0000    
  776.0000000       1.0000      1.92564E-02
  777.0000000       1.0000       1.9453    
  778.0000000       1.0000       2.9422    
  779.0000000       1.0000       5.7002    
  780.0000000       1.0000       8.9566    
  781.0000000       1.0000       69.473    
  782.0000000       1.0000       591.15    
  783.0000000       1.0000       999.05    
  784.0000000       1.0000       390.10    
  785.0000000       1.0000       5.5616    
  786.0000000       1.0000      7.87984E-02
  787.0000000       1.0000      8.87511E-18
  788.0000000       1.0000       0.0000    
  789.0000000       1.0000       0.0000    
  790.0000000       1.0000       0.0000    
  791.0000000       1.0000       0.0000    
  792.0000000       1.0000       0.0000    
  793.0000000       1.0000       0.0000    
  794.0000000       1.0000       0.0000    
  795.0000000       1.0000       0.0000    
  796.0000000       1.0000       0.0000    
  797.0000000       1.0000       0.0000    
  798.0000000       1.0000       0.0000    
  799.0000000       1.0000       0.0000    
  800.0000000       1.0000      4.41567E-02
  801.0000000       1.0000       2.6950    
  802.0000000       1.0000       25.380    
  803.0000000       1.0000       446.45    
  804.0000000       1.0000       158.19    
  805.0000000       1.0000       107.54    
  806.0000000       1.0000       134.12    
  807.0000000       1.0000       98.273    
  808.0000000       1.0000       406.02    
  809.0000000       1.0000       48.392    
  810.0000000       1.0000      0.84179    
  811.0000000       1.0000      2.34035E-33
  812.0000000       1.0000       0.0000    
  813.0000000       1.0000       0.0000    
  814.0000000       1.0000       0.0000    
  815.0000000       1.0000       0.0000    
  816.0000000       1.0000       0.0000    
  817.0000000       1.0000       0.0000    
  818.0000000       1.0000       0.0000    
  819.0000000       1.0000       0.0000    
  820.0000000       1.0000       0.0000    
  821.0000000       1.0000       0.0000    
  822.0000000       1.0000       0.0000    
  823.0000000       1.0000       0.0000    
  824.0000000       1.0000       2.4968    
  825.0000000       1.0000       66.374    
  826.0000000       1.0000       583.15    
  827.0000000       1.0000       631.58    
  828.0000000       1.0000       501.21    
  829.0000000       1.0000       1222.6    
  830.0000000       1.0000       775.27    
  831.0000000       1.0000       199.61    
  832.0000000       1.0000       27.019    
  833.0000000       1.0000       2.3928    
  834.0000000       1.0000      0.11479    
  835.0000000       1.0000     -1.25704E-17
  836.0000000       1.0000       0.0000    
  837.0000000       1.0000       0.0000    
  838.0000000       1.0000       0.0000    
  839.0000000       1.0000       0.0000    
  840.0000000       1.0000       0.0000    
  841.0000000       1.0000       0.0000    
  842.0000000       1.0000       0.0000    
  843.0000000       1.0000       0.0000    
  844.0000000       1.0000       0.0000    
  845.0000000       1.0000       0.0000    
  846.0000000       1.0000       0.0000    
  847.0000000       1.0000       0.0000    
  848.0000000       1.0000      7.40623E-02
  849.0000000       1.0000       25.704    
  850.0000000       1.0000       618.28    
  851.0000000       1.0000       931.14    
  852.0000000       1.0000       1086.9    
  853.0000000       1.0000       1134.8    
  854.0000000       1.0000       1561.6    
  855.0000000       1.0000       1461.4    
  856.0000000       1.0000       886.61    
  857.0000000       1.0000       149.14    
  858.0000000       1.0000       5.5564    
  859.0000000       1.0000      1.79675E-32
  860.0000000       1.0000     -1.24683E-61
  861.0000000       1.0000      1.74911E-77
  862.0000000       1.0000       0.0000    
  863.0000000       1.0000       0.0000    
  864.0000000       1.0000       0.0000    
  865.0000000       1.0000       0.0000    
  866.0000000       1.0000       0.0000    
  867.0000000       1.0000       0.0000    
  868.0000000       1.0000       0.0000    
  869.0000000       1.0000       0.0000    
  870.0000000       1.0000       0.0000    
  871.0000000       1.0000       0.0000    
  872.0000000       1.0000       3.8043    
  873.0000000       1.0000       132.56    
  874.0000000       1.0000       1005.1    
  875.0000000       1.0000       1719.6    
  876.0000000       1.0000       2079.7    
  877.0000000       1.0000       1885.1    
  878.0000000       1.0000       1985.7    
  879.0000000       1.0000       1803.9    
  880.0000000       1.0000       1121.8    
  881.0000000       1.0000       212.11    
  882.0000000       1.0000       17.354    
  883.0000000       1.0000      2.09730E-15
  884.0000000       1.0000       0.0000    
  885.0000000       1.0000       0.0000    
  886.0000000       1.0000       0.0000    
  887.0000000       1.0000       0.0000    
  888.0000000       1.0000       0.0000    
  889.0000000       1.0000       0.0000    
  890.0000000       1.0000       0.0000    
  891.0000000       1.0000       0.0000    
  892.0000000       1.0000       0.0000    
  893.0000000       1.0000       0.0000    
  894.0000000       1.0000       0.0000    
  895.0000000       1.0000       0.0000    
  896.0000000       1.0000      0.25427    
  897.0000000       1.0000       3.3571    
  898.0000000       1.0000       24.339    
  899.0000000       1.0000       390.00    
  900.0000000       1.0000       293.41    
  901.0000000       1.0000       875.93    
  902.0000000       1.0000       1173.5    
  903.0000000       1.0000       643.42    
  904.0000000       1.0000       962.02    
  905.0000000       1.0000       119.04    
  906.0000000       1.0000       5.1522    
  907.0000000       1.0000      6.58499E-30
  908.0000000       1.0000      1.24973E-47
  909.0000000       1.0000       0.0000    
  910.0000000       1.0000       0.0000    
  911.0000000       1.0000       0.0000    
  912.0000000       1.0000       0.0000    
  913.0000000       1.0000       0.0000    
  914.0000000       1.0000       0.0000    
  915.0000000       1.0000       0.0000    
  916.0000000       1.0000       0.0000    
  917.0000000       1.0000       0.0000    
  918.0000000       1.0000       0.0000    
  919.0000000       1.0000       0.0000    
  920.0000000       1.0000      0.94329    
  921.0000000       1.0000       12.029    
  922.0000000       1.0000       170.93    
  923.0000000       1.0000       118.50    
  924.0000000       1.0000       584.63    
  925.0000000       1.0000       818.49    
  926.0000000       1.0000       301.55    
  927.0000000       1.0000       268.04    
  928.0000000       1.0000       115.51    
  929.0000000       1.0000       5.6015    
  930.0000000       1.0000      4.96353E-02
  931.0000000       1.0000     -3.23630E-34
  932.0000000       1.0000     -3.91089E-63
  933.0000000       1.0000       0.0000    
  934.0000000       1.0000       0.0000    
  935.0000000       1.0000       0.0000    
  936.0000000       1.0000       0.0000    
  937.0000000       1.0000       0.0000    
  938.0000000       1.0000       0.0000    
  939.0000000       1.0000       0.0000    
  940.0000000       1.0000       0.0000    
  941.0000000       1.0000       0.0000    
  942.0000000       1.0000       0.0000    
  943.0000000       1.0000       0.0000    
  944.0000000       1.0000      3.56947E-02
  945.0000000       1.0000       3.3773    
  946.0000000       1.0000       87.754    
  947.0000000       1.0000       97.513    
  948.0000000       1.0000       113.79    
  949.0000000       1.0000       186.43    
  950.0000000       1.0000       184.64    
  951.0000000       1.0000       157.97    
  952.0000000       1.0000       37.874    
  953.0000000       1.0000       1.0476    
  954.0000000       1.0000      4.59984E-02
  955.0000000       1.0000       0.0000    
  956.0000000       1.0000       0.0000    
  957.0000000       1.0000       0.0000    
  958.0000000       1.0000       0.0000    
  959.0000000       1.0000       0.0000    
  960.0000000       1.0000       0.0000    
  961.0000000       1.0000       0.0000    
  962.0000000       1.0000       0.0000    
  963.0000000       1.0000       0.0000    
  964.0000000       1.0000       0.0000    
  965.0000000       1.0000       0.0000    
  966.0000000       1.0000       0.0000    
  967.0000000       1.0000       0.0000    
  968.0000000       1.0000      0.30315    
  969.0000000       1.0000       6.7941    
  970.0000000       1.0000       115.32    
  971.0000000       1.0000       618.53    
  972.0000000       1.0000       1991.6    
  973.0000000       1.0000       2179.2    
  974.0000000       1.0000       2259.4    
  975.0000000       1.0000       1911.6    
  976.0000000       1.0000       1268.8    
  977.0000000       1.0000       86.939    
  978.0000000       1.0000       2.6611    
  979.0000000       1.0000     -1.39645E-29
  980.0000000       1.0000      1.42549E-45
  981.0000000       1.0000       0.0000    
  982.0000000       1.0000       0.0000    
  983.0000000       1.0000       0.0000    
  984.0000000       1.0000       0.0000    
  985.0000000       1.0000       0.0000    
  986.0000000       1.0000       0.0000    
  987.0000000       1.0000       0.0000    
  988.0000000       1.0000       0.0000    
  989.0000000       1.0000       0.0000    
  990.0000000       1.0000       0.0000    
  991.0000000       1.0000      0.11184    
  992.0000000       1.0000       1.6786    
  993.0000000       1.0000       126.63    
  994.0000000       1.0000       1110.0    
  995.0000000       1.0000       1992.4    
  996.0000000       1.0000       2351.0    
  997.0000000       1.0000       2475.6    
  998.0000000       1.0000       2317.4    
  999.0000000       1.0000       1950.9    
  1000.000000       1.0000       1257.9    
  1001.000000       1.0000       340.13    
  1002.000000       1.0000       29.810    
  1003.000000       1.0000       0.0000    
  1004.000000       1.0000       0.0000    
  1005.000000       1.0000       0.0000    
  1006.000000       1.0000       0.0000    
  1007.000000       1.0000       0.0000    
  1008.000000       1.0000       0.0000    
  1009.000000       1.0000       0.0000    
  1010.000000       1.0000       0.0000    
  1011.000000       1.0000       0.0000    
  1012.000000       1.0000       0.0000    
  1013.000000       1.0000       0.0000    
  1014.000000       1.0000       0.0000    
  1015.000000       1.0000      0.11780    
  1016.000000       1.0000       4.1221    
  1017.000000       1.0000       41.865    
  1018.000000       1.0000       434.95    
  1019.000000       1.0000       1315.3    
  1020.000000       1.0000       1289.2    
  1021.000000       1.0000       1561.5    
  1022.000000       1.0000       2286.4    
  1023.000000       1.0000       1917.5    
  1024.000000       1.0000       1256.6    
  1025.000000       1.0000       350.75    
  1026.000000       1.0000       14.018    
  1027.000000       1.0000      2.18800E-43
  1028.000000       1.0000      2.19604E-72
  1029.000000       1.0000       0.0000    
  1030.000000       1.0000       0.0000    
  1031.000000       1.0000       0.0000    
  1032.000000       1.0000       0.0000    
  1033.000000       1.0000       0.0000    
  1034.000000       1.0000       0.0000    
  1035.000000       1.0000       0.0000    
  1036.000000       1.0000       0.0000    
  1037.000000       1.0000       0.0000    
  1038.000000       1.0000       0.0000    
  1039.000000       1.0000      8.62613E-02
  1040.000000       1.0000       6.3509    
  1041.000000       1.0000       413.11    
  1042.000000       1.0000       1468.8    
  1043.000000       1.0000       2119.5    
  1044.000000       1.0000       2423.3    
  1045.000000       1.0000       2473.5    
  1046.000000       1.0000       2405.4    
  1047.000000       1.0000       2012.6    
  1048.000000       1.0000       1374.4    
  1049.000000       1.0000       414.62    
  1050.000000       1.0000       17.584    
  1051.000000       1.0000      3.75336E-32
  1052.000000       1.0000     -8.97785E-81
  1053.000000       1.0000       0.0000    
  1054.000000       1.0000       0.0000    
  1055.000000       1.0000       0.0000    
  1056.000000       1.0000       0.0000    
  1057.000000       1.0000       0.0000    
  1058.000000       1.0000       0.0000    
  1059.000000       1.0000       0.0000    
  1060.000000       1.0000       0.0000    
  1061.000000       1.0000       0.0000    
  1062.000000       1.0000       0.0000    
  1063.000000       1.0000      1.91414E-02
  1064.000000       1.0000       6.5905    
  1065.000000       1.0000       435.98    
  1066.000000       1.0000       1506.7    
  1067.000000       1.0000       2147.5    
  1068.000000       1.0000       2432.6    
  1069.000000       1.0000       2583.7    
  1070.000000       1.0000       2496.8    
  1071.000000       1.0000       2072.0    
  1072.000000       1.0000       1382.9    
  1073.000000       1.0000       321.91    
  1074.000000       1.0000       4.3297    
  1075.000000       1.0000     -2.86888E-43
  1076.000000       1.0000       0.0000    
  1077.000000       1.0000       0.0000    
  1078.000000       1.0000       0.0000    
  1079.000000       1.0000       0.0000    
  1080.000000       1.0000       0.0000    
  1081.000000       1.0000       0.0000    
  1082.000000       1.0000       0.0000    
  1083.000000       1.0000       0.0000    
  1084.000000       1.0000       0.0000    
  1085.000000       1.0000       0.0000    
  1086.000000       1.0000       0.0000    
  1087.000000       1.0000      0.24239    
  1088.000000       1.0000       4.4737    
  1089.000000       1.0000       57.438    
  1090.000000       1.0000       783.89    
  1091.000000       1.0000       306.30    
  1092.000000       1.0000       161.00    
  1093.000000       1.0000       156.94    
  1094.000000       1.0000       172.97    
  1095.000000       1.0000       74.943    
  1096.000000       1.0000       26.298    
  1097.000000       1.0000       3.3692    
  1098.000000       1.0000      8.71137E-02
  1099.000000       1.0000       0.0000    
  1100.000000       1.0000       0.0000    
  1101.000000       1.0000       0.0000    
  1102.000000       1.0000       0.0000    
  1103.000000       1.0000       0.0000    
  1104.000000       1.0000       0.0000    
  1105.000000       1.0000       0.0000    
  1106.000000       1.0000       0.0000    
  1107.000000       1.0000       0.0000    
  1108.000000       1.0000       0.0000    
  1109.000000       1.0000       0.0000    
  1110.000000       1.0000       0.0000    
  1111.000000       1.0000       0.0000    
  1112.000000       1.0000      0.11710    
  1113.000000       1.0000       1.9830    
  1114.000000       1.0000       4.3349    
  1115.000000       1.0000       20.941    
  1116.000000       1.0000       49.766    
  1117.000000       1.0000       37.851    
  1118.000000       1.0000       19.674    
  1119.000000       1.0000       15.239    
  1120.000000       1.0000       2.4787    
  1121.000000       1.0000       1.8397    
  1122.000000       1.0000      0.30517    
  1123.000000       1.0000       0.0000    
  1124.000000       1.0000       0.0000    
  1125.000000       1.0000       0.0000    
  1126.000000       1.0000       0.0000    
  1127.000000       1.0000       0.0000    
  1128.000000       1.0000       0.0000    
  1129.000000       1.0000       0.0000    
  1130.000000       1.0000       0.0000    
  1131.000000       1.0000       0.0000    
  1132.000000       1.0000       0.0000    
  1133.000000       1.0000       0.0000    
  1134.000000       1.0000       0.0000    
  1135.000000       1.0000       0.0000    
  1136.000000       1.0000      0.52770    
  1137.000000       1.0000       4.2660    
  1138.000000       1.0000       5.6158    
  1139.000000       1.0000       3.9472    
  1140.000000       1.0000       2.0515    
  1141.000000       1.0000       1.0000    
  1142.000000       1.0000      0.14535    
  1143.000000       1.0000       2.0176    
  1144.000000       1.0000       5.4917    
  1145.000000       1.0000       4.9056    
  1146.000000       1.0000      0.68221    
  1147.000000       1.0000      1.09875E-16
  1148.000000       1.0000       0.0000    
  1149.000000       1.0000       0.0000    
  1150.000000       1.0000       0.0000    
  1151.000000       1.0000       0.0000    
  1152.000000       1.0000       0.0000    
  1153.000000       1.0000       0.0000    
  1154.000000       1.0000       0.0000    
  1155.000000       1.0000       0.0000    
  1156.000000       1.0000       0.0000    
  1157.000000       1.0000       0.0000    
  1158.000000       1.0000       0.0000    
  1159.000000       1.0000      0.11249    
  1160.000000       1.0000       1.2756    
  1161.000000       1.0000       5.0958    
  1162.000000       1.0000       5.6000    
  1163.000000       1.0000       5.5896    
  1164.000000       1.0000       5.4727    
  1165.000000       1.0000       5.5152    
  1166.000000       1.0000       5.1082    
  1167.000000       1.0000       5.4361    
  1168.000000       1.0000       5.1293    
  1169.000000       1.0000       2.1606    
  1170.000000       1.0000      0.24155    
  1171.000000       1.0000       0.0000    
  1172.000000       1.0000       0.0000    
  1173.000000       1.0000       0.0000    
  1174.000000       1.0000       0.0000    
  1175.000000       1.0000       0.0000    
  1176.000000       1.0000       0.0000    
  1177.000000       1.0000       0.0000    
  1178.000000       1.0000       0.0000    
  1179.000000       1.0000       0.0000    
  1180.000000       1.0000       0.0000    
  1181.000000       1.0000       0.0000    
  1182.000000       1.0000       0.0000    
  1183.000000       1.0000       0.0000    
  1184.000000       1.0000      0.38465    
  1185.000000       1.0000       3.1713    
  1186.000000       1.0000       4.3078    
  1187.000000       1.0000       25.010    
  1188.000000       1.0000       38.792    
  1189.000000       1.0000       57.689    
  1190.000000       1.0000       63.565    
  1191.000000       1.0000       48.248    
  1192.000000       1.0000       17.037    
  1193.000000       1.0000       3.1679    
  1194.000000       1.0000      0.21111    
  1195.000000       1.0000       0.0000    
  1196.000000       1.0000       0.0000    
  1197.000000       1.0000       0.0000    
  1198.000000       1.0000       0.0000    
  1199.000000       1.0000       0.0000    
  1200.000000       1.0000       0.0000    
  1201.000000       1.0000       0.0000    
  1202.000000       1.0000       0.0000    
  1203.000000       1.0000       0.0000    
  1204.000000       1.0000       0.0000    
  1205.000000       1.0000       0.0000    
  1206.000000       1.0000       0.0000    
  1207.000000       1.0000      7.67035E-02
  1208.000000       1.0000       1.3747    
  1209.000000       1.0000       10.391    
  1210.000000       1.0000       35.743    
  1211.000000       1.0000       148.42    
  1212.000000       1.0000       360.93    
  1213.000000       1.0000       235.60    
  1214.000000       1.0000       422.60    
  1215.000000       1.0000       260.07    
  1216.000000       1.0000       72.812    
  1217.000000       1.0000       11.487    
  1218.000000       1.0000      4.23934E-02
  1219.000000       1.0000      6.62398E-33
  1220.000000       1.0000       0.0000    
  1221.000000       1.0000       0.0000    
  1222.000000       1.0000       0.0000    
  1223.000000       1.0000       0.0000    
  1224.000000       1.0000       0.0000    
  1225.000000       1.0000       0.0000    
  1226.000000       1.0000       0.0000    
  1227.000000       1.0000       0.0000    
  1228.000000       1.0000       0.0000    
  1229.000000       1.0000       0.0000    
  1230.000000       1.0000       0.0000    
  1231.000000       1.0000      7.43728E-02
  1232.000000       1.0000       1.1435    
  1233.000000       1.0000       13.997    
  1234.000000       1.0000       144.01    
  1235.000000       1.0000       1202.6    
  1236.000000       1.0000       1774.5    
  1237.000000       1.0000       1741.3    
  1238.000000       1.0000       561.55    
  1239.000000       1.0000       479.24    
  1240.000000       1.0000       192.23    
  1241.000000       1.0000       132.98    
  1242.000000       1.0000       6.3048    
  1243.000000       1.0000      3.18263E-28
  1244.000000       1.0000       0.0000    
  1245.000000       1.0000       0.0000    
  1246.000000       1.0000       0.0000    
  1247.000000       1.0000       0.0000    
  1248.000000       1.0000       0.0000    
  1249.000000       1.0000       0.0000    
  1250.000000       1.0000       0.0000    
  1251.000000       1.0000       0.0000    
  1252.000000       1.0000       0.0000    
  1253.000000       1.0000       0.0000    
  1254.000000       1.0000       0.0000    
  1255.000000       1.0000      0.31012    
  1256.000000       1.0000       11.330    
  1257.000000       1.0000       425.59    
  1258.000000       1.0000       1317.5    
  1259.000000       1.0000       1896.0    
  1260.000000       1.0000       2249.1    
  1261.000000       1.0000       2206.7    
  1262.000000       1.0000       1732.2    
  1263.000000       1.0000       1018.7    
  1264.000000       1.0000       725.49    
  1265.000000       1.0000       185.05    
  1266.000000       1.0000       13.261    
  1267.000000       1.0000      4.93595E-02
  1268.000000       1.0000     -2.02167E-30
  1269.000000       1.0000       0.0000    
  1270.000000       1.0000       0.0000    
  1271.000000       1.0000       0.0000    
  1272.000000       1.0000       0.0000    
  1273.000000       1.0000       0.0000    
  1274.000000       1.0000       0.0000    
  1275.000000       1.0000       0.0000    
  1276.000000       1.0000       0.0000    
  1277.000000       1.0000       0.0000    
  1278.000000       1.0000       0.0000    
  1279.000000       1.0000      8.32749E-02
  1280.000000       1.0000       1.9081    
  1281.000000       1.0000       12.474    
  1282.000000       1.0000       84.029    
  1283.000000       1.0000       254.81    
  1284.000000       1.0000       496.27    
  1285.000000       1.0000       881.63    
  1286.000000       1.0000       282.63    
  1287.000000       1.0000       124.35    
  1288.000000       1.0000       118.95    
  1289.000000       1.0000       8.6714    
  1290.000000       1.0000      0.52411    
  1291.000000       1.0000     -7.46073E-17
  1292.000000       1.0000       0.0000    
  1293.000000       1.0000       0.0000    
  1294.000000       1.0000       0.0000    
  1295.000000       1.0000       0.0000    
  1296.000000       1.0000       0.0000    
  1297.000000       1.0000       0.0000    
  1298.000000       1.0000       0.0000    
  1299.000000       1.0000       0.0000    
  1300.000000       1.0000       0.0000    
  1301.000000       1.0000       0.0000    
  1302.000000       1.0000       0.0000    
  1303.000000       1.0000      0.10923    
  1304.000000       1.0000       1.0132    
  1305.000000       1.0000       4.1271    
  1306.000000       1.0000       38.020    
  1307.000000       1.0000       225.24    
  1308.000000       1.0000       448.41    
  1309.000000       1.0000       322.28    
  1310.000000       1.0000       55.597    
  1311.000000       1.0000       43.078    
  1312.000000       1.0000       8.5558    
  1313.000000       1.0000       3.4429    
  1314.000000       1.0000      0.26116    
  1315.000000       1.0000       0.0000    
  1316.000000       1.0000       0.0000    
  1317.000000       1.0000       0.0000    
  1318.000000       1.0000       0.0000    
  1319.000000       1.0000       0.0000    
  1320.000000       1.0000       0.0000    
  1321.000000       1.0000       0.0000    
  1322.000000       1.0000       0.0000    
  1323.000000       1.0000       0.0000    
  1324.000000       1.0000       0.0000    
  1325.000000       1.0000       0.0000    
  1326.000000       1.0000       0.0000    
  1327.000000       1.0000      9.21475E-02
  1328.000000       1.0000       2.4545    
  1329.000000       1.0000       40.712    
  1330.000000       1.0000       224.74    
  1331.000000       1.0000       226.07    
  1332.000000       1.0000       417.73    
  1333.000000       1.0000       65.211    
  1334.000000       1.0000       17.447    
  1335.000000       1.0000       2.3961    
  1336.000000       1.0000      0.53125    
  1337.000000       1.0000       2.7070    
  1338.000000       1.0000       1.7629    
  1339.000000       1.0000      0.22238    
  1340.000000       1.0000      3.93208E-18
  1341.000000       1.0000      1.12995E-77
  1342.000000       1.0000     -3.86749E-98
  1343.000000       1.0000       0.0000    
  1344.000000       1.0000       0.0000    
  1345.000000       1.0000       0.0000    
  1346.000000       1.0000       0.0000    
  1347.000000       1.0000       0.0000    
  1348.000000       1.0000       0.0000    
  1349.000000       1.0000       0.0000    
  1350.000000       1.0000       0.0000    
  1351.000000       1.0000      0.52589    
  1352.000000       1.0000       5.0047    
  1353.000000       1.0000       568.32    
  1354.000000       1.0000       1564.1    
  1355.000000       1.0000       2219.9    
  1356.000000       1.0000       2584.1    
  1357.000000       1.0000       2666.9    
  1358.000000       1.0000       2525.1    
  1359.000000       1.0000       2102.6    
  1360.000000       1.0000       1470.1    
  1361.000000       1.0000       661.93    
  1362.000000       1.0000       51.987    
  1363.000000       1.0000       1.8690    
  1364.000000       1.0000      1.04634E-28
  1365.000000       1.0000      2.13992E-45
  1366.000000       1.0000     -9.57338E-78
  1367.000000       1.0000       0.0000    
  1368.000000       1.0000       0.0000    
  1369.000000       1.0000       0.0000    
  1370.000000       1.0000       0.0000    
  1371.000000       1.0000       0.0000    
  1372.000000       1.0000       0.0000    
  1373.000000       1.0000       0.0000    
  1374.000000       1.0000       0.0000    
  1375.000000       1.0000      0.31584    
  1376.000000       1.0000       125.71    
  1377.000000       1.0000       613.35    
  1378.000000       1.0000       1696.1    
  1379.000000       1.0000       2139.0    
  1380.000000       1.0000       2219.0    
  1381.000000       1.0000       1570.9    
  1382.000000       1.0000       528.23    
  1383.000000       1.0000       418.02    
  1384.000000       1.0000       177.38    
  1385.000000       1.0000       337.89    
  1386.000000       1.0000       26.863    
  1387.000000       1.0000       1.1028    
  1388.000000       1.0000       0.0000    
  1389.000000       1.0000       0.0000    
  1390.000000       1.0000       0.0000    
  1391.000000       1.0000       0.0000    
  1392.000000       1.0000       0.0000    
  1393.000000       1.0000       0.0000    
  1394.000000       1.0000       0.0000    
  1395.000000       1.0000       0.0000    
  1396.000000       1.0000       0.0000    
  1397.000000       1.0000       0.0000    
  1398.000000       1.0000       0.0000    
  1399.000000       1.0000      0.24202    
  1400.000000       1.0000       7.0080    
  1401.000000       1.0000       207.71    
  1402.000000       1.0000       1327.1    
  1403.000000       1.0000       1539.6    
  1404.000000       1.0000       2430.1    
  1405.000000       1.0000       2505.1    
  1406.000000       1.0000       2194.1    
  1407.000000       1.0000       1990.0    
  1408.000000       1.0000       1465.0    
  1409.000000       1.0000       667.91    
  1410.000000       1.0000       64.966    
  1411.000000       1.0000       1.0501    
  1412.000000       1.0000     -1.17731E-16
  1413.000000       1.0000       0.0000    
  1414.000000       1.0000       0.0000    
  1415.000000       1.0000       0.0000    
  1416.000000       1.0000       0.0000    
  1417.000000       1.0000       0.0000    
  1418.000000       1.0000       0.0000    
  1419.000000       1.0000       0.0000    
  1420.000000       1.0000       0.0000    
  1421.000000       1.0000       0.0000    
  1422.000000       1.0000       0.0000    
  1423.000000       1.0000      8.60441E-02
  1424.000000       1.0000       3.1081    
  1425.000000       1.0000       31.928    
  1426.000000       1.0000       345.60    
  1427.000000       1.0000       2233.5    
  1428.000000       1.0000       2527.9    
  1429.000000       1.0000       2589.9    
  1430.000000       1.0000       2466.7    
  1431.000000       1.0000       1983.3    
  1432.000000       1.0000       1509.1    
  1433.000000       1.0000       443.44    
  1434.000000       1.0000       26.423    
  1435.000000       1.0000      0.13704    
  1436.000000       1.0000       0.0000    
  1437.000000       1.0000       0.0000    
  1438.000000       1.0000       0.0000    
  1439.000000       1.0000       0.0000    
  1440.000000       1.0000       0.0000    
  1441.000000       1.0000       0.0000    
  1442.000000       1.0000       0.0000    
  1443.000000       1.0000       0.0000    
  1444.000000       1.0000       0.0000    
  1445.000000       1.0000       0.0000    
  1446.000000       1.0000       0.0000    
  1447.000000       1.0000      2.45141E-02
  1448.000000       1.0000       1.8130    
  1449.000000       1.0000       26.931    
  1450.000000       1.0000       141.61    
  1451.000000       1.0000       367.25    
  1452.000000       1.0000       1287.5    
  1453.000000       1.0000       2457.7    
  1454.000000       1.0000       2430.1    
  1455.000000       1.0000       2093.8    
  1456.000000       1.0000       1518.5    
  1457.000000       1.0000       736.16    
  1458.000000       1.0000       72.345    
  1459.000000       1.0000      0.71732    
  1460.000000       1.0000     -1.86510E-34
  1461.000000       1.0000     -3.07470E-79
  1462.000000       1.0000       0.0000    
  1463.000000       1.0000       0.0000    
  1464.000000       1.0000       0.0000    
  1465.000000       1.0000       0.0000    
  1466.000000       1.0000       0.0000    
  1467.000000       1.0000       0.0000    
  1468.000000       1.0000       0.0000    
  1469.000000       1.0000       0.0000    
  1470.000000       1.0000       0.0000    
  1471.000000       1.0000      0.18566    
  1472.000000       1.0000       1.7296    
  1473.000000       1.0000       3.1161    
  1474.000000       1.0000       58.771    
  1475.000000       1.0000       105.46    
  1476.000000       1.0000       146.92    
  1477.000000       1.0000       148.94    
  1478.000000       1.0000       167.49    
  1479.000000       1.0000       236.55    
  1480.000000       1.0000       103.42    
  1481.000000       1.0000       34.157    
  1482.000000       1.0000       1.9229    
  1483.000000       1.0000      4.63059E-02
  1484.000000       1.0000     -1.67823E-30
  1485.000000       1.0000      2.97929E-46
  1486.000000       1.0000       0.0000    
  1487.000000       1.0000       0.0000    
  1488.000000       1.0000       0.0000    
  1489.000000       1.0000       0.0000    
  1490.000000       1.0000       0.0000    
  1491.000000       1.0000       0.0000    
  1492.000000       1.0000       0.0000    
  1493.000000       1.0000       0.0000    
  1494.000000       1.0000       0.0000    
  1495.000000       1.0000       2.8158    
  1496.000000       1.0000       128.69    
  1497.000000       1.0000       1041.9    
  1498.000000       1.0000       1811.0    
  1499.000000       1.0000       2307.4    
  1500.000000       1.0000       2623.6    
  1501.000000       1.0000       2683.9    
  1502.000000       1.0000       2543.6    
  1503.000000       1.0000       2170.4    
  1504.000000       1.0000       1608.9    
  1505.000000       1.0000       792.57    
  1506.000000       1.0000       98.007    
  1507.000000       1.0000       1.0145    
  1508.000000       1.0000     -8.47048E-47
  1509.000000       1.0000      2.73156E-63
  1510.000000       1.0000     -6.10938E-92
  1511.000000       1.0000       0.0000    
  1512.000000       1.0000       0.0000    
  1513.000000       1.0000       0.0000    
  1514.000000       1.0000       0.0000    
  1515.000000       1.0000       0.0000    
  1516.000000       1.0000       0.0000    
  1517.000000       1.0000       0.0000    
  1518.000000       1.0000       0.0000    
  1519.000000       1.0000       3.0444    
  1520.000000       1.0000       172.42    
  1521.000000       1.0000       1022.3    
  1522.000000       1.0000       1797.1    
  1523.000000       1.0000       2312.9    
  1524.000000       1.0000       2546.7    
  1525.000000       1.0000       2668.1    
  1526.000000       1.0000       2283.3    
  1527.000000       1.0000       2203.1    
  1528.000000       1.0000       1513.5    
  1529.000000       1.0000       621.67    
  1530.000000       1.0000       68.394    
  1531.000000       1.0000       2.9536    
  1532.000000       1.0000       0.0000    
  1533.000000       1.0000       0.0000    
  1534.000000       1.0000       0.0000    
  1535.000000       1.0000       0.0000    
  1536.000000       1.0000       0.0000    
  1537.000000       1.0000       0.0000    
  1538.000000       1.0000       0.0000    
  1539.000000       1.0000       0.0000    
  1540.000000       1.0000       0.0000    
  1541.000000       1.0000       0.0000    
  1542.000000       1.0000       0.0000    
  1543.000000       1.0000      0.21961    
  1544.000000       1.0000       4.3142    
  1545.000000       1.0000       26.397    
  1546.000000       1.0000       109.31    
  1547.000000       1.0000       1335.6    
  1548.000000       1.0000       2550.3    
  1549.000000       1.0000       2248.9    
  1550.000000       1.0000       748.60    
  1551.000000       1.0000       406.14    
  1552.000000       1.0000       255.99    
  1553.000000       1.0000       96.952    
  1554.000000       1.0000       8.9411    
  1555.000000       1.0000      0.20916    
  1556.000000       1.0000       0.0000    
  1557.000000       1.0000       0.0000    
  1558.000000       1.0000       0.0000    
  1559.000000       1.0000       0.0000    
  1560.000000       1.0000       0.0000    
  1561.000000       1.0000       0.0000    
  1562.000000       1.0000       0.0000    
  1563.000000       1.0000       0.0000    
  1564.000000       1.0000       0.0000    
  1565.000000       1.0000       0.0000    
  1566.000000       1.0000       0.0000    
  1567.000000       1.0000      0.66094    
  1568.000000       1.0000       37.206    
  1569.000000       1.0000       960.95    
  1570.000000       1.0000       1854.3    
  1571.000000       1.0000       2421.8    
  1572.000000       1.0000       2726.8    
  1573.000000       1.0000       2675.3    
  1574.000000       1.0000       2002.1    
  1575.000000       1.0000       1302.9    
  1576.000000       1.0000       1000.8    
  1577.000000       1.0000       536.45    
  1578.000000       1.0000       20.179    
  1579.000000       1.0000       1.2184    
  1580.000000       1.0000      7.40188E-19
  1581.000000       1.0000     -5.96714E-63
  1582.000000       1.0000       0.0000    
  1583.000000       1.0000       0.0000    
  1584.000000       1.0000       0.0000    
  1585.000000       1.0000       0.0000    
  1586.000000       1.0000       0.0000    
  1587.000000       1.0000       0.0000    
  1588.000000       1.0000       0.0000    
  1589.000000       1.0000       0.0000    
  1590.000000       1.0000      6.91463E-03
  1591.000000       1.0000       6.4285    
  1592.000000       1.0000       238.45    
  1593.000000       1.0000       792.91    
  1594.000000       1.0000       1723.1    
  1595.000000       1.0000       2332.2    
  1596.000000       1.0000       2610.7    
  1597.000000       1.0000       2614.9    
  1598.000000       1.0000       2504.4    
  1599.000000       1.0000       2009.6    
  1600.000000       1.0000       1248.9    
  1601.000000       1.0000       400.49    
  1602.000000       1.0000       24.319    
  1603.000000       1.0000      0.31097    
  1604.000000       1.0000     -5.33123E-62
  1605.000000       1.0000       0.0000    
  1606.000000       1.0000       0.0000    
  1607.000000       1.0000       0.0000    
  1608.000000       1.0000       0.0000    
  1609.000000       1.0000       0.0000    
  1610.000000       1.0000       0.0000    
  1611.000000       1.0000       0.0000    
  1612.000000       1.0000       0.0000    
  1613.000000       1.0000       0.0000    
  1614.000000       1.0000      8.47175E-02
  1615.000000       1.0000      0.99684    
  1616.000000       1.0000       32.995    
  1617.000000       1.0000       480.67    
  1618.000000       1.0000       835.66    
  1619.000000       1.0000       758.73    
  1620.000000       1.0000       561.54    
  1621.000000       1.0000       247.12    
  1622.000000       1.0000       1.5938    
  1623.000000       1.0000       145.63    
  1624.000000       1.0000       390.63    
  1625.000000       1.0000       192.32    
  1626.000000       1.0000       17.056    
  1627.000000       1.0000      6.87693E-02
  1628.000000       1.0000      1.91519E-34
  1629.000000       1.0000      4.30144E-66
  1630.000000       1.0000     -4.09140E-98
  1631.000000       1.0000       0.0000    
  1632.000000       1.0000       0.0000    
  1633.000000       1.0000       0.0000    
  1634.000000       1.0000       0.0000    
  1635.000000       1.0000       0.0000    
  1636.000000       1.0000       0.0000    
  1637.000000       1.0000       0.0000    
  1638.000000       1.0000      1.33054E-03
  1639.000000       1.0000       2.3776    
  1640.000000       1.0000       61.024    
  1641.000000       1.0000       1042.2    
  1642.000000       1.0000       739.95    
  1643.000000       1.0000       427.37    
  1644.000000       1.0000       780.31    
  1645.000000       1.0000       489.47    
  1646.000000       1.0000       600.11    
  1647.000000       1.0000       240.69    
  1648.000000       1.0000       180.49    
  1649.000000       1.0000       99.508    
  1650.000000       1.0000       14.233    
  1651.000000       1.0000      0.47648    
  1652.000000       1.0000       0.0000    
  1653.000000       1.0000       0.0000    
  1654.000000       1.0000       0.0000    
  1655.000000       1.0000       0.0000    
  1656.000000       1.0000       0.0000    
  1657.000000       1.0000       0.0000    
  1658.000000       1.0000       0.0000    
  1659.000000       1.0000       0.0000    
  1660.000000       1.0000       0.0000    
  1661.000000       1.0000       0.0000    
  1662.000000       1.0000       0.0000    
  1663.000000       1.0000      0.20416    
  1664.000000       1.0000       1.6221    
  1665.000000       1.0000       2.0009    
  1666.000000       1.0000       11.470    
  1667.000000       1.0000       41.165    
  1668.000000       1.0000       10.542    
  1669.000000       1.0000       10.294    
  1670.000000       1.0000       3.4257    
  1671.000000       1.0000       5.7495    
  1672.000000       1.0000       10.222    
  1673.000000       1.0000       8.8471    
  1674.000000       1.0000      0.77821    
  1675.000000       1.0000      3.91510E-03
  1676.000000       1.0000       0.0000    
  1677.000000       1.0000       0.0000    
  1678.000000       1.0000       0.0000    
  1679.000000       1.0000       0.0000    
  1680.000000       1.0000       0.0000    
  1681.000000       1.0000       0.0000    
  1682.000000       1.0000       0.0000    
  1683.000000       1.0000       0.0000    
  1684.000000       1.0000       0.0000    
  1685.000000       1.0000       0.0000    
  1686.000000       1.0000      8.29243E-02
  1687.000000       1.0000       1.0932    
  1688.000000       1.0000       27.821    
  1689.000000       1.0000       217.30    
  1690.000000       1.0000       251.64    
  1691.000000       1.0000       333.49    
  1692.000000       1.0000       351.07    
  1693.000000       1.0000       377.68    
  1694.000000       1.0000       517.16    
  1695.000000       1.0000       457.03    
  1696.000000       1.0000       377.50    
  1697.000000       1.0000       72.048    
  1698.000000       1.0000       13.122    
  1699.000000       1.0000      0.81196    
  1700.000000       1.0000      3.20209E-30
  1701.000000       1.0000     -1.81018E-46
  1702.000000       1.0000      3.46835E-62
  1703.000000       1.0000       0.0000    
  1704.000000       1.0000       0.0000    
  1705.000000       1.0000       0.0000    
  1706.000000       1.0000       0.0000    
  1707.000000       1.0000       0.0000    
  1708.000000       1.0000       0.0000    
  1709.000000       1.0000       0.0000    
  1710.000000       1.0000       0.0000    
  1711.000000       1.0000      0.15626    
  1712.000000       1.0000       4.8934    
  1713.000000       1.0000       76.323    
  1714.000000       1.0000       256.77    
  1715.000000       1.0000       229.97    
  1716.000000       1.0000       217.66    
  1717.000000       1.0000       557.85    
  1718.000000       1.0000       275.94    
  1719.000000       1.0000       892.98    
  1720.000000       1.0000       459.03    
  1721.000000       1.0000       89.845    
  1722.000000       1.0000       7.4832    
  1723.000000       1.0000      0.30565    
  1724.000000       1.0000      9.08690E-29
  1725.000000       1.0000     -9.02617E-45
  1726.000000       1.0000     -2.02229E-60
  1727.000000       1.0000       0.0000    
  1728.000000       1.0000       0.0000    
  1729.000000       1.0000       0.0000    
  1730.000000       1.0000       0.0000    
  1731.000000       1.0000       0.0000    
  1732.000000       1.0000       0.0000    
  1733.000000       1.0000       0.0000    
  1734.000000       1.0000      0.22043    
  1735.000000       1.0000       1.7157    
  1736.000000       1.0000       7.2203    
  1737.000000       1.0000       499.31    
  1738.000000       1.0000       1644.9    
  1739.000000       1.0000       2160.3    
  1740.000000       1.0000       2103.5    
  1741.000000       1.0000       1601.2    
  1742.000000       1.0000       893.62    
  1743.000000       1.0000       1450.5    
  1744.000000       1.0000       1166.4    
  1745.000000       1.0000       103.16    
  1746.000000       1.0000       9.5256    
  1747.000000       1.0000      0.28753    
  1748.000000       1.0000       0.0000    
  1749.000000       1.0000       0.0000    
  1750.000000       1.0000       0.0000    
  1751.000000       1.0000       0.0000    
  1752.000000       1.0000       0.0000    
  1753.000000       1.0000       0.0000    
  1754.000000       1.0000       0.0000    
  1755.000000       1.0000       0.0000    
  1756.000000       1.0000       0.0000    
  1757.000000       1.0000       0.0000    
  1758.000000       1.0000      5.53071E-03
  1759.000000       1.0000       1.5829    
  1760.000000       1.0000       4.0330    
  1761.000000       1.0000       39.609    
  1762.000000       1.0000       319.90    
  1763.000000       1.0000       512.34    
  1764.000000       1.0000       572.05    
  1765.000000       1.0000       586.56    
  1766.000000       1.0000       368.13    
  1767.000000       1.0000       334.21    
  1768.000000       1.0000       564.33    
  1769.000000       1.0000       841.29    
  1770.000000       1.0000       174.91    
  1771.000000       1.0000       4.3652    
  1772.000000       1.0000       0.0000    
  1773.000000       1.0000       0.0000    
  1774.000000       1.0000       0.0000    
  1775.000000       1.0000       0.0000    
  1776.000000       1.0000       0.0000    
  1777.000000       1.0000       0.0000    
  1778.000000       1.0000       0.0000    
  1779.000000       1.0000       0.0000    
  1780.000000       1.0000       0.0000    
  1781.000000       1.0000       0.0000    
  1782.000000       1.0000      1.87277E-02
  1783.000000       1.0000       1.1618    
  1784.000000       1.0000       331.12    
  1785.000000       1.0000       1241.1    
  1786.000000       1.0000       1946.1    
  1787.000000       1.0000       2411.6    
  1788.000000       1.0000       2613.1    
  1789.000000       1.0000       2309.9    
  1790.000000       1.0000       1187.6    
  1791.000000       1.0000       509.66    
  1792.000000       1.0000       488.72    
  1793.000000       1.0000       347.05    
  1794.000000       1.0000       47.674    
  1795.000000       1.0000       1.5762    
  1796.000000       1.0000      4.02402E-02
  1797.000000       1.0000     -4.42000E-18
  1798.000000       1.0000      5.72442E-47
  1799.000000       1.0000     -6.41978E-64
  1800.000000       1.0000       0.0000    
  1801.000000       1.0000       0.0000    
  1802.000000       1.0000       0.0000    
  1803.000000       1.0000       0.0000    
  1804.000000       1.0000       0.0000    
  1805.000000       1.0000       0.0000    
  1806.000000       1.0000      2.58998E-02
  1807.000000       1.0000       5.1316    
  1808.000000       1.0000       88.382    
  1809.000000       1.0000       590.69    
  1810.000000       1.0000       1749.2    
  1811.000000       1.0000       2431.8    
  1812.000000       1.0000       2699.8    
  1813.000000       1.0000       2764.0    
  1814.000000       1.0000       2583.9    
  1815.000000       1.0000       1992.9    
  1816.000000       1.0000       1651.2    
  1817.000000       1.0000       442.84    
  1818.000000       1.0000       214.68    
  1819.000000       1.0000       13.912    
  1820.000000       1.0000       0.0000    
  1821.000000       1.0000       0.0000    
  1822.000000       1.0000       0.0000    
  1823.000000       1.0000       0.0000    
  1824.000000       1.0000       0.0000    
  1825.000000       1.0000       0.0000    
  1826.000000       1.0000       0.0000    
  1827.000000       1.0000       0.0000    
  1828.000000       1.0000       0.0000    
  1829.000000       1.0000       0.0000    
  1830.000000       1.0000      2.98459E-03
  1831.000000       1.0000       2.0989    
  1832.000000       1.0000       404.62    
  1833.000000       1.0000       1279.4    
  1834.000000       1.0000       1868.5    
  1835.000000       1.0000       2446.0    
  1836.000000       1.0000       2749.9    
  1837.000000       1.0000       2339.3    
  1838.000000       1.0000       1488.6    
  1839.000000       1.0000       1612.9    
  1840.000000       1.0000       1240.0    
  1841.000000       1.0000       629.14    
  1842.000000       1.0000       233.72    
  1843.000000       1.0000       1.9496    
  1844.000000       1.0000      2.37666E-02
  1845.000000       1.0000     -4.48942E-19
  1846.000000       1.0000     -2.76862E-49
  1847.000000       1.0000      1.84299E-67
  1848.000000       1.0000       0.0000    
  1849.000000       1.0000       0.0000    
  1850.000000       1.0000       0.0000    
  1851.000000       1.0000       0.0000    
  1852.000000       1.0000       0.0000    
  1853.000000       1.0000       0.0000    
  1854.000000       1.0000      2.68516E-02
  1855.000000       1.0000       2.0357    
  1856.000000       1.0000       324.34    
  1857.000000       1.0000       1312.8    
  1858.000000       1.0000       2049.4    
  1859.000000       1.0000       2526.6    
  1860.000000       1.0000       2567.8    
  1861.000000       1.0000       2860.4    
  1862.000000       1.0000       2654.7    
  1863.000000       1.0000       2266.0    
  1864.000000       1.0000       1755.6    
  1865.000000       1.0000       964.36    
  1866.000000       1.0000       187.15    
  1867.000000       1.0000       5.8603    
  1868.000000       1.0000      2.16959E-43
  1869.000000       1.0000      3.79903E-63
  1870.000000       1.0000     -1.63669E-94
  1871.000000       1.0000       0.0000    
  1872.000000       1.0000       0.0000    
  1873.000000       1.0000       0.0000    
  1874.000000       1.0000       0.0000    
  1875.000000       1.0000       0.0000    
  1876.000000       1.0000       0.0000    
  1877.000000       1.0000       0.0000    
  1878.000000       1.0000      0.11322    
  1879.000000       1.0000       1.7492    
  1880.000000       1.0000       5.2672    
  1881.000000       1.0000       54.219    
  1882.000000       1.0000       84.778    
  1883.000000       1.0000       117.69    
  1884.000000       1.0000       134.73    
  1885.000000       1.0000       113.40    
  1886.000000       1.0000       96.050    
  1887.000000       1.0000       82.068    
  1888.000000       1.0000       22.327    
  1889.000000       1.0000       13.041    
  1890.000000       1.0000       1.3537    
  1891.000000       1.0000      3.10500E-02
  1892.000000       1.0000      6.09015E-32
  1893.000000       1.0000      6.91692E-48
  1894.000000       1.0000      4.72206E-79
  1895.000000       1.0000       0.0000    
  1896.000000       1.0000       0.0000    
  1897.000000       1.0000       0.0000    
  1898.000000       1.0000       0.0000    
  1899.000000       1.0000       0.0000    
  1900.000000       1.0000       0.0000    
  1901.000000       1.0000       0.0000    
  1902.000000       1.0000      9.96027E-02
  1903.000000       1.0000       6.0004    
  1904.000000       1.0000       452.56    
  1905.000000       1.0000       1185.0    
  1906.000000       1.0000       2062.6    
  1907.000000       1.0000       2510.2    
  1908.000000       1.0000       2506.1    
  1909.000000       1.0000       2327.7    
  1910.000000       1.0000       2218.1    
  1911.000000       1.0000       2109.0    
  1912.000000       1.0000       1511.9    
  1913.000000       1.0000       862.10    
  1914.000000       1.0000       177.83    
  1915.000000       1.0000       1.8146    
  1916.000000       1.0000      3.33405E-30
  1917.000000       1.0000       0.0000    
  1918.000000       1.0000       0.0000    
  1919.000000       1.0000       0.0000    
  1920.000000       1.0000       0.0000    
  1921.000000       1.0000       0.0000    
  1922.000000       1.0000       0.0000    
  1923.000000       1.0000       0.0000    
  1924.000000       1.0000       0.0000    
  1925.000000       1.0000       0.0000    
  1926.000000       1.0000      6.61977E-02
  1927.000000       1.0000       9.2440    
  1928.000000       1.0000       155.20    
  1929.000000       1.0000       619.72    
  1930.000000       1.0000       1681.9    
  1931.000000       1.0000       2512.4    
  1932.000000       1.0000       2850.1    
  1933.000000       1.0000       2827.7    
  1934.000000       1.0000       2642.7    
  1935.000000       1.0000       2233.1    
  1936.000000       1.0000       1365.3    
  1937.000000       1.0000       935.46    
  1938.000000       1.0000       254.74    
  1939.000000       1.0000       18.933    
  1940.000000       1.0000      4.76753E-02
  1941.000000       1.0000       0.0000    
  1942.000000       1.0000       0.0000    
  1943.000000       1.0000       0.0000    
  1944.000000       1.0000       0.0000    
  1945.000000       1.0000       0.0000    
  1946.000000       1.0000       0.0000    
  1947.000000       1.0000       0.0000    
  1948.000000       1.0000       0.0000    
  1949.000000       1.0000       0.0000    
  1950.000000       1.0000      7.06562E-02
  1951.000000       1.0000       2.9043    
  1952.000000       1.0000       31.477    
  1953.000000       1.0000       135.20    
  1954.000000       1.0000       248.08    
  1955.000000       1.0000       433.33    
  1956.000000       1.0000       587.98    
  1957.000000       1.0000       308.74    
  1958.000000       1.0000       176.07    
  1959.000000       1.0000       123.69    
  1960.000000       1.0000       60.972    
  1961.000000       1.0000       26.065    
  1962.000000       1.0000       7.8122    
  1963.000000       1.0000       1.0524    
  1964.000000       1.0000      1.95872E-02
  1965.000000       1.0000       0.0000    
  1966.000000       1.0000       0.0000    
  1967.000000       1.0000       0.0000    
  1968.000000       1.0000       0.0000    
  1969.000000       1.0000       0.0000    
  1970.000000       1.0000       0.0000    
  1971.000000       1.0000       0.0000    
  1972.000000       1.0000       0.0000    
  1973.000000       1.0000       0.0000    
  1974.000000       1.0000      0.23034    
  1975.000000       1.0000       1.5701    
  1976.000000       1.0000       1.1726    
  1977.000000       1.0000       3.4847    
  1978.000000       1.0000       69.801    
  1979.000000       1.0000       391.74    
  1980.000000       1.0000       789.19    
  1981.000000       1.0000       474.72    
  1982.000000       1.0000       489.11    
  1983.000000       1.0000       172.09    
  1984.000000       1.0000       112.54    
  1985.000000       1.0000       38.110    
  1986.000000       1.0000       6.3385    
  1987.000000       1.0000       1.0877    
  1988.000000       1.0000      0.11689    
  1989.000000       1.0000       0.0000    
  1990.000000       1.0000       0.0000    
  1991.000000       1.0000       0.0000    
  1992.000000       1.0000       0.0000    
  1993.000000       1.0000       0.0000    
  1994.000000       1.0000       0.0000    
  1995.000000       1.0000       0.0000    
  1996.000000       1.0000       0.0000    
  1997.000000       1.0000       0.0000    
  1998.000000       1.0000      1.54918E-02
  1999.000000       1.0000       7.1131    
  2000.000000       1.0000       93.800    
  2001.000000       1.0000       429.72    
  2002.000000       1.0000       1319.2    
  2003.000000       1.0000       2312.1    
  2004.000000       1.0000       856.35    
  2005.000000       1.0000       302.21    
  2006.000000       1.0000       566.73    
  2007.000000       1.0000       245.32    
  2008.000000       1.0000       114.94    
  2009.000000       1.0000       17.267    
  2010.000000       1.0000       17.490    
  2011.000000       1.0000       1.2929    
  2012.000000       1.0000      3.31698E-02
  2013.000000       1.0000     -1.19166E-34
  2014.000000       1.0000      6.28200E-64
  2015.000000       1.0000       0.0000    
  2016.000000       1.0000       0.0000    
  2017.000000       1.0000       0.0000    
  2018.000000       1.0000       0.0000    
  2019.000000       1.0000       0.0000    
  2020.000000       1.0000       0.0000    
  2021.000000       1.0000       0.0000    
  2022.000000       1.0000      0.14190    
  2023.000000       1.0000       4.4988    
  2024.000000       1.0000       35.524    
  2025.000000       1.0000       105.76    
  2026.000000       1.0000       119.41    
  2027.000000       1.0000       370.98    
  2028.000000       1.0000       1260.0    
  2029.000000       1.0000       730.21    
  2030.000000       1.0000       94.237    
  2031.000000       1.0000       230.12    
  2032.000000       1.0000       135.81    
  2033.000000       1.0000       30.209    
  2034.000000       1.0000       5.1302    
  2035.000000       1.0000      0.24488    
  2036.000000       1.0000       0.0000    
  2037.000000       1.0000       0.0000    
  2038.000000       1.0000       0.0000    
  2039.000000       1.0000       0.0000    
  2040.000000       1.0000       0.0000    
  2041.000000       1.0000       0.0000    
  2042.000000       1.0000       0.0000    
  2043.000000       1.0000       0.0000    
  2044.000000       1.0000       0.0000    
  2045.000000       1.0000       0.0000    
  2046.000000       1.0000      0.21430    
  2047.000000       1.0000       2.3273    
  2048.000000       1.0000       4.1220    
  2049.000000       1.0000       17.164    
  2050.000000       1.0000       26.448    
  2051.000000       1.0000       94.842    
  2052.000000       1.0000       113.00    
  2053.000000       1.0000       141.54    
  2054.000000       1.0000       34.972    
  2055.000000       1.0000       22.271    
  2056.000000       1.0000       2.8495    
  2057.000000       1.0000       4.9584    
  2058.000000       1.0000       1.0171    
  2059.000000       1.0000       1.5524    
  2060.000000       1.0000      8.72917E-02
  2061.000000       1.0000       0.0000    
  2062.000000       1.0000       0.0000    
  2063.000000       1.0000       0.0000    
  2064.000000       1.0000       0.0000    
  2065.000000       1.0000       0.0000    
  2066.000000       1.0000       0.0000    
  2067.000000       1.0000       0.0000    
  2068.000000       1.0000       0.0000    
  2069.000000       1.0000       0.0000    
  2070.000000       1.0000      0.40441    
  2071.000000       1.0000       8.1331    
  2072.000000       1.0000       60.459    
  2073.000000       1.0000       103.79    
  2074.000000       1.0000       765.08    
  2075.000000       1.0000       976.14    
  2076.000000       1.0000       2210.0    
  2077.000000       1.0000       1043.1    
  2078.000000       1.0000       127.89    
  2079.000000       1.0000       43.262    
  2080.000000       1.0000       54.868    
  2081.000000       1.0000       16.589    
  2082.000000       1.0000       2.9939    
  2083.000000       1.0000      0.22087    
  2084.000000       1.0000       0.0000    
  2085.000000       1.0000       0.0000    
  2086.000000       1.0000       0.0000    
  2087.000000       1.0000       0.0000    
  2088.000000       1.0000       0.0000    
  2089.000000       1.0000       0.0000    
  2090.000000       1.0000       0.0000    
  2091.000000       1.0000       0.0000    
  2092.000000       1.0000       0.0000    
  2093.000000       1.0000       0.0000    
  2094.000000       1.0000      0.12222    
  2095.000000       1.0000       3.7556    
  2096.000000       1.0000       8.1971    
  2097.000000       1.0000       22.236    
  2098.000000       1.0000       41.921    
  2099.000000       1.0000       101.44    
  2100.000000       1.0000       128.84    
  2101.000000       1.0000       160.05    
  2102.000000       1.0000       178.02    
  2103.000000       1.0000       233.61    
  2104.000000       1.0000       121.64    
  2105.000000       1.0000       18.910    
  2106.000000       1.0000       3.0414    
  2107.000000       1.0000      0.17922    
  2108.000000       1.0000     -2.01463E-17
  2109.000000       1.0000       0.0000    
  2110.000000       1.0000       0.0000    
  2111.000000       1.0000       0.0000    
  2112.000000       1.0000       0.0000    
  2113.000000       1.0000       0.0000    
  2114.000000       1.0000       0.0000    
  2115.000000       1.0000       0.0000    
  2116.000000       1.0000       0.0000    
  2117.000000       1.0000       0.0000    
  2118.000000       1.0000      0.33893    
  2119.000000       1.0000       2.9348    
  2120.000000       1.0000       7.4938    
  2121.000000       1.0000       66.950    
  2122.000000       1.0000       186.80    
  2123.000000       1.0000       228.60    
  2124.000000       1.0000       207.88    
  2125.000000       1.0000       125.89    
  2126.000000       1.0000       166.13    
  2127.000000       1.0000       179.51    
  2128.000000       1.0000       260.38    
  2129.000000       1.0000       398.67    
  2130.000000       1.0000       129.83    
  2131.000000       1.0000       6.6948    
  2132.000000       1.0000      2.46776E-04
  2133.000000       1.0000      2.69267E-50
  2134.000000       1.0000     -3.29796E-80
  2135.000000       1.0000     -5.02284E-98
  2136.000000       1.0000       0.0000    
  2137.000000       1.0000       0.0000    
  2138.000000       1.0000       0.0000    
  2139.000000       1.0000       0.0000    
  2140.000000       1.0000       0.0000    
  2141.000000       1.0000       0.0000    
  2142.000000       1.0000      0.31340    
  2143.000000       1.0000       2.7987    
  2144.000000       1.0000       6.7229    
  2145.000000       1.0000       57.956    
  2146.000000       1.0000       108.30    
  2147.000000       1.0000       133.49    
  2148.000000       1.0000       153.26    
  2149.000000       1.0000       396.63    
  2150.000000       1.0000       1271.9    
  2151.000000       1.0000       779.76    
  2152.000000       1.0000       609.39    
  2153.000000       1.0000       278.12    
  2154.000000       1.0000       54.526    
  2155.000000       1.0000       5.5911    
  2156.000000       1.0000      5.80913E-02
  2157.000000       1.0000       0.0000    
  2158.000000       1.0000       0.0000    
  2159.000000       1.0000       0.0000    
  2160.000000       1.0000       0.0000    
  2161.000000       1.0000       0.0000    
  2162.000000       1.0000       0.0000    
  2163.000000       1.0000       0.0000    
  2164.000000       1.0000       0.0000    
  2165.000000       1.0000      9.88578E-02
  2166.000000       1.0000       1.7403    
  2167.000000       1.0000       11.933    
  2168.000000       1.0000       333.46    
  2169.000000       1.0000       1449.3    
  2170.000000       1.0000       2130.5    
  2171.000000       1.0000       2214.6    
  2172.000000       1.0000       1818.5    
  2173.000000       1.0000       1455.1    
  2174.000000       1.0000       2596.1    
  2175.000000       1.0000       2281.8    
  2176.000000       1.0000       1748.4    
  2177.000000       1.0000       979.33    
  2178.000000       1.0000       254.99    
  2179.000000       1.0000       19.392    
  2180.000000       1.0000      0.18048    
  2181.000000       1.0000      6.36459E-30
  2182.000000       1.0000      4.11361E-50
  2183.000000       1.0000       0.0000    
  2184.000000       1.0000       0.0000    
  2185.000000       1.0000       0.0000    
  2186.000000       1.0000       0.0000    
  2187.000000       1.0000       0.0000    
  2188.000000       1.0000       0.0000    
  2189.000000       1.0000      0.11703    
  2190.000000       1.0000       1.1656    
  2191.000000       1.0000       6.2475    
  2192.000000       1.0000       194.54    
  2193.000000       1.0000       1380.0    
  2194.000000       1.0000       2101.0    
  2195.000000       1.0000       2467.2    
  2196.000000       1.0000       2545.0    
  2197.000000       1.0000       2597.2    
  2198.000000       1.0000       1014.4    
  2199.000000       1.0000       1225.0    
  2200.000000       1.0000       1199.5    
  2201.000000       1.0000       865.83    
  2202.000000       1.0000       186.40    
  2203.000000       1.0000       17.141    
  2204.000000       1.0000      0.10342    
  2205.000000       1.0000     -9.67166E-37
  2206.000000       1.0000      2.60357E-68
  2207.000000       1.0000      1.47189E-84
  2208.000000       1.0000       0.0000    
  2209.000000       1.0000       0.0000    
  2210.000000       1.0000       0.0000    
  2211.000000       1.0000       0.0000    
  2212.000000       1.0000       0.0000    
  2213.000000       1.0000      3.93736E-02
  2214.000000       1.0000       1.7660    
  2215.000000       1.0000       26.578    
  2216.000000       1.0000       607.28    
  2217.000000       1.0000       1478.4    
  2218.000000       1.0000       1845.7    
  2219.000000       1.0000       2386.1    
  2220.000000       1.0000       2204.6    
  2221.000000       1.0000       2495.9    
  2222.000000       1.0000       2524.5    
  2223.000000       1.0000       2090.4    
  2224.000000       1.0000       1696.1    
  2225.000000       1.0000       886.20    
  2226.000000       1.0000       252.80    
  2227.000000       1.0000       14.111    
  2228.000000       1.0000      9.30198E-02
  2229.000000       1.0000     -1.87749E-31
  2230.000000       1.0000       0.0000    
  2231.000000       1.0000       0.0000    
  2232.000000       1.0000       0.0000    
  2233.000000       1.0000       0.0000    
  2234.000000       1.0000       0.0000    
  2235.000000       1.0000       0.0000    
  2236.000000       1.0000       0.0000    
  2237.000000       1.0000      5.42162E-03
  2238.000000       1.0000       2.1832    
  2239.000000       1.0000       7.5801    
  2240.000000       1.0000       37.902    
  2241.000000       1.0000       74.033    
  2242.000000       1.0000       324.74    
  2243.000000       1.0000       1126.2    
  2244.000000       1.0000       1978.3    
  2245.000000       1.0000       2694.4    
  2246.000000       1.0000       2577.1    
  2247.000000       1.0000       835.30    
  2248.000000       1.0000       120.74    
  2249.000000       1.0000       6.1400    
  2250.000000       1.0000       3.3908    
  2251.000000       1.0000       1.1876    
  2252.000000       1.0000      0.11577    
  2253.000000       1.0000       0.0000    
  2254.000000       1.0000       0.0000    
  2255.000000       1.0000       0.0000    
  2256.000000       1.0000       0.0000    
  2257.000000       1.0000       0.0000    
  2258.000000       1.0000       0.0000    
  2259.000000       1.0000       0.0000    
  2260.000000       1.0000       0.0000    
  2261.000000       1.0000      5.67877E-02
  2262.000000       1.0000       2.8425    
  2263.000000       1.0000       35.876    
  2264.000000       1.0000       394.49    
  2265.000000       1.0000       859.35    
  2266.000000       1.0000       2354.3    
  2267.000000       1.0000       1826.1    
  2268.000000       1.0000       2003.2    
  2269.000000       1.0000       2052.2    
  2270.000000       1.0000       2089.9    
  2271.000000       1.0000       1590.7    
  2272.000000       1.0000       882.64    
  2273.000000       1.0000       399.49    
  2274.000000       1.0000       288.80    
  2275.000000       1.0000       7.8422    
  2276.000000       1.0000      0.11700    
  2277.000000       1.0000       0.0000    
  2278.000000       1.0000       0.0000    
  2279.000000       1.0000       0.0000    
  2280.000000       1.0000       0.0000    
  2281.000000       1.0000       0.0000    
  2282.000000       1.0000       0.0000    
  2283.000000       1.0000       0.0000    
  2284.000000       1.0000       0.0000    
  2285.000000       1.0000      0.17955    
  2286.000000       1.0000       1.9482    
  2287.000000       1.0000       60.887    
  2288.000000       1.0000       679.18    
  2289.000000       1.0000       1612.6    
  2290.000000       1.0000       2336.4    
  2291.000000       1.0000       2703.6    
  2292.000000       1.0000       2955.9    
  2293.000000       1.0000       3029.8    
  2294.000000       1.0000       2987.4    
  2295.000000       1.0000       2611.4    
  2296.000000       1.0000       1927.1    
  2297.000000       1.0000       1112.9    
  2298.000000       1.0000       273.93    
  2299.000000       1.0000       18.228    
  2300.000000       1.0000      0.47077    
  2301.000000       1.0000       0.0000    
  2302.000000       1.0000       0.0000    
  2303.000000       1.0000       0.0000    
  2304.000000       1.0000       0.0000    
  2305.000000       1.0000       0.0000    
  2306.000000       1.0000       0.0000    
  2307.000000       1.0000       0.0000    
  2308.000000       1.0000       0.0000    
  2309.000000       1.0000      0.11083    
  2310.000000       1.0000       3.1258    
  2311.000000       1.0000       58.153    
  2312.000000       1.0000       676.44    
  2313.000000       1.0000       1526.0    
  2314.000000       1.0000       1560.8    
  2315.000000       1.0000       1137.6    
  2316.000000       1.0000       1417.6    
  2317.000000       1.0000       2016.9    
  2318.000000       1.0000       2035.2    
  2319.000000       1.0000       1947.8    
  2320.000000       1.0000       1281.1    
  2321.000000       1.0000       722.33    
  2322.000000       1.0000       145.76    
  2323.000000       1.0000       17.438    
  2324.000000       1.0000      1.43662E-02
  2325.000000       1.0000       0.0000    
  2326.000000       1.0000       0.0000    
  2327.000000       1.0000       0.0000    
  2328.000000       1.0000       0.0000    
  2329.000000       1.0000       0.0000    
  2330.000000       1.0000       0.0000    
  2331.000000       1.0000       0.0000    
  2332.000000       1.0000       0.0000    
  2333.000000       1.0000      1.05409E-02
  2334.000000       1.0000       1.0925    
  2335.000000       1.0000       53.283    
  2336.000000       1.0000       675.52    
  2337.000000       1.0000       1472.1    
  2338.000000       1.0000       1711.2    
  2339.000000       1.0000       2417.1    
  2340.000000       1.0000       2752.9    
  2341.000000       1.0000       2536.1    
  2342.000000       1.0000       2051.2    
  2343.000000       1.0000       635.38    
  2344.000000       1.0000       280.67    
  2345.000000       1.0000       66.884    
  2346.000000       1.0000       87.094    
  2347.000000       1.0000       15.605    
  2348.000000       1.0000       1.6305    
  2349.000000       1.0000      2.07416E-16
  2350.000000       1.0000       0.0000    
  2351.000000       1.0000       0.0000    
  2352.000000       1.0000       0.0000    
  2353.000000       1.0000       0.0000    
  2354.000000       1.0000       0.0000    
  2355.000000       1.0000       0.0000    
  2356.000000       1.0000       0.0000    
  2357.000000       1.0000       0.0000    
  2358.000000       1.0000      0.27869    
  2359.000000       1.0000       2.3096    
  2360.000000       1.0000       19.274    
  2361.000000       1.0000       336.63    
  2362.000000       1.0000       575.17    
  2363.000000       1.0000       1464.7    
  2364.000000       1.0000       1209.7    
  2365.000000       1.0000       1377.1    
  2366.000000       1.0000       1414.8    
  2367.000000       1.0000       971.19    
  2368.000000       1.0000       390.16    
  2369.000000       1.0000       281.57    
  2370.000000       1.0000       50.384    
  2371.000000       1.0000       13.624    
  2372.000000       1.0000       1.2926    
  2373.000000       1.0000       0.0000    
  2374.000000       1.0000       0.0000    
  2375.000000       1.0000       0.0000    
  2376.000000       1.0000       0.0000    
  2377.000000       1.0000       0.0000    
  2378.000000       1.0000       0.0000    
  2379.000000       1.0000       0.0000    
  2380.000000       1.0000       0.0000    
  2381.000000       1.0000      0.28744    
  2382.000000       1.0000       3.3752    
  2383.000000       1.0000       67.304    
  2384.000000       1.0000       560.45    
  2385.000000       1.0000       1472.1    
  2386.000000       1.0000       1747.7    
  2387.000000       1.0000       1522.9    
  2388.000000       1.0000       2513.7    
  2389.000000       1.0000       2588.0    
  2390.000000       1.0000       2645.3    
  2391.000000       1.0000       1968.4    
  2392.000000       1.0000       1600.8    
  2393.000000       1.0000       985.31    
  2394.000000       1.0000       221.96    
  2395.000000       1.0000       24.158    
  2396.000000       1.0000      0.94653    
  2397.000000       1.0000     -3.55197E-17
  2398.000000       1.0000       0.0000    
  2399.000000       1.0000       0.0000    
  2400.000000       1.0000       0.0000    
  2401.000000       1.0000       0.0000    
  2402.000000       1.0000       0.0000    
  2403.000000       1.0000       0.0000    
  2404.000000       1.0000       0.0000    
  2405.000000       1.0000      0.12006    
  2406.000000       1.0000       2.9479    
  2407.000000       1.0000       29.710    
  2408.000000       1.0000       112.81    
  2409.000000       1.0000       258.30    
  2410.000000       1.0000       290.75    
  2411.000000       1.0000       297.74    
  2412.000000       1.0000       228.48    
  2413.000000       1.0000       113.04    
  2414.000000       1.0000       51.839    
  2415.000000       1.0000       48.090    
  2416.000000       1.0000       35.602    
  2417.000000       1.0000       5.7984    
  2418.000000       1.0000       2.7840    
  2419.000000       1.0000       1.0624    
  2420.000000       1.0000      7.62659E-02
  2421.000000       1.0000     -1.14062E-17
  2422.000000       1.0000       0.0000    
  2423.000000       1.0000       0.0000    
  2424.000000       1.0000       0.0000    
  2425.000000       1.0000       0.0000    
  2426.000000       1.0000       0.0000    
  2427.000000       1.0000       0.0000    
  2428.000000       1.0000       0.0000    
  2429.000000       1.0000      5.07171E-02
  2430.000000       1.0000       3.1953    
  2431.000000       1.0000       23.798    
  2432.000000       1.0000       205.76    
  2433.000000       1.0000       511.19    
  2434.000000       1.0000       775.28    
  2435.000000       1.0000       595.00    
  2436.000000       1.0000       1231.8    
  2437.000000       1.0000       555.36    
  2438.000000       1.0000       330.94    
  2439.000000       1.0000       1307.3    
  2440.000000       1.0000       995.56    
  2441.000000       1.0000       816.82    
  2442.000000       1.0000       201.13    
  2443.000000       1.0000       20.231    
  2444.000000       1.0000      0.89914    
  2445.000000       1.0000      1.57180E-29
  2446.000000       1.0000      2.18845E-50
  2447.000000       1.0000       0.0000    
  2448.000000       1.0000       0.0000    
  2449.000000       1.0000       0.0000    
  2450.000000       1.0000       0.0000    
  2451.000000       1.0000       0.0000    
  2452.000000       1.0000       0.0000    
  2453.000000       1.0000      0.23991    
  2454.000000       1.0000       3.9879    
  2455.000000       1.0000       23.536    
  2456.000000       1.0000       148.81    
  2457.000000       1.0000       966.00    
  2458.000000       1.0000       1482.5    
  2459.000000       1.0000       1373.8    
  2460.000000       1.0000       1367.4    
  2461.000000       1.0000       1470.6    
  2462.000000       1.0000       951.38    
  2463.000000       1.0000       387.61    
  2464.000000       1.0000       501.76    
  2465.000000       1.0000       670.18    
  2466.000000       1.0000       254.56    
  2467.000000       1.0000       17.052    
  2468.000000       1.0000      0.43428    
  2469.000000       1.0000      1.76374E-02
  2470.000000       1.0000     -7.93727E-31
  2471.000000       1.0000       0.0000    
  2472.000000       1.0000       0.0000    
  2473.000000       1.0000       0.0000    
  2474.000000       1.0000       0.0000    
  2475.000000       1.0000       0.0000    
  2476.000000       1.0000       0.0000    
  2477.000000       1.0000      3.92378E-03
  2478.000000       1.0000       2.2341    
  2479.000000       1.0000       101.69    
  2480.000000       1.0000       801.97    
  2481.000000       1.0000       1597.4    
  2482.000000       1.0000       2235.4    
  2483.000000       1.0000       2544.0    
  2484.000000       1.0000       2493.9    
  2485.000000       1.0000       1168.0    
  2486.000000       1.0000       983.52    
  2487.000000       1.0000       1139.2    
  2488.000000       1.0000       1284.6    
  2489.000000       1.0000       597.41    
  2490.000000       1.0000       158.42    
  2491.000000       1.0000       8.2736    
  2492.000000       1.0000      0.11772    
  2493.000000       1.0000       0.0000    
  2494.000000       1.0000       0.0000    
  2495.000000       1.0000       0.0000    
  2496.000000       1.0000       0.0000    
  2497.000000       1.0000       0.0000    
  2498.000000       1.0000       0.0000    
  2499.000000       1.0000       0.0000    
  2500.000000       1.0000       0.0000    
  2501.000000       1.0000      2.89573E-02
  2502.000000       1.0000       1.9997    
  2503.000000       1.0000       146.66    
  2504.000000       1.0000       767.48    
  2505.000000       1.0000       1580.6    
  2506.000000       1.0000       2183.4    
  2507.000000       1.0000       2253.9    
  2508.000000       1.0000       2615.7    
  2509.000000       1.0000       2150.7    
  2510.000000       1.0000       2199.7    
  2511.000000       1.0000       1982.1    
  2512.000000       1.0000       1252.9    
  2513.000000       1.0000       577.29    
  2514.000000       1.0000       170.75    
  2515.000000       1.0000       31.043    
  2516.000000       1.0000       1.5882    
  2517.000000       1.0000      1.90086E-02
  2518.000000       1.0000       0.0000    
  2519.000000       1.0000       0.0000    
  2520.000000       1.0000       0.0000    
  2521.000000       1.0000       0.0000    
  2522.000000       1.0000       0.0000    
  2523.000000       1.0000       0.0000    
  2524.000000       1.0000       0.0000    
  2525.000000       1.0000      0.12927    
  2526.000000       1.0000       2.1076    
  2527.000000       1.0000       141.20    
  2528.000000       1.0000       789.62    
  2529.000000       1.0000       1590.9    
  2530.000000       1.0000       2202.7    
  2531.000000       1.0000       2587.1    
  2532.000000       1.0000       2763.4    
  2533.000000       1.0000       2781.1    
  2534.000000       1.0000       2601.4    
  2535.000000       1.0000       2316.7    
  2536.000000       1.0000       1521.1    
  2537.000000       1.0000       853.70    
  2538.000000       1.0000       106.64    
  2539.000000       1.0000       12.808    
  2540.000000       1.0000      0.24101    
  2541.000000       1.0000      8.50850E-18
  2542.000000       1.0000       0.0000    
  2543.000000       1.0000       0.0000    
  2544.000000       1.0000       0.0000    
  2545.000000       1.0000       0.0000    
  2546.000000       1.0000       0.0000    
  2547.000000       1.0000       0.0000    
  2548.000000       1.0000       0.0000    
  2549.000000       1.0000      5.58840E-02
  2550.000000       1.0000       5.7086    
  2551.000000       1.0000       75.854    
  2552.000000       1.0000       319.89    
  2553.000000       1.0000       720.58    
  2554.000000       1.0000       788.84    
  2555.000000       1.0000       811.67    
  2556.000000       1.0000       2248.8    
  2557.000000       1.0000       2088.0    
  2558.000000       1.0000       1664.8    
  2559.000000       1.0000       1886.7    
  2560.000000       1.0000       1340.1    
  2561.000000       1.0000       535.57    
  2562.000000       1.0000       141.92    
  2563.000000       1.0000       25.296    
  2564.000000       1.0000       2.2855    
  2565.000000       1.0000      1.17578E-02
  2566.000000       1.0000       0.0000    
  2567.000000       1.0000       0.0000    
  2568.000000       1.0000       0.0000    
  2569.000000       1.0000       0.0000    
  2570.000000       1.0000       0.0000    
  2571.000000       1.0000       0.0000    
  2572.000000       1.0000       0.0000    
  2573.000000       1.0000      0.25215    
  2574.000000       1.0000       6.3569    
  2575.000000       1.0000       133.76    
  2576.000000       1.0000       662.99    
  2577.000000       1.0000       1433.0    
  2578.000000       1.0000       2012.4    
  2579.000000       1.0000       2370.4    
  2580.000000       1.0000       2528.1    
  2581.000000       1.0000       2495.8    
  2582.000000       1.0000       2408.6    
  2583.000000       1.0000       2060.3    
  2584.000000       1.0000       1570.5    
  2585.000000       1.0000       907.48    
  2586.000000       1.0000       275.76    
  2587.000000       1.0000       36.236    
  2588.000000       1.0000       2.1892    
  2589.000000       1.0000     -2.35435E-28
  2590.000000       1.0000     -1.82237E-45
  2591.000000       1.0000      1.04222E-65
  2592.000000       1.0000     -2.82640E-93
  2593.000000       1.0000       0.0000    
  2594.000000       1.0000       0.0000    
  2595.000000       1.0000       0.0000    
  2596.000000       1.0000       0.0000    
  2597.000000       1.0000      0.52006    
  2598.000000       1.0000       6.1668    
  2599.000000       1.0000       136.04    
  2600.000000       1.0000       738.78    
  2601.000000       1.0000       1477.8    
  2602.000000       1.0000       2060.7    
  2603.000000       1.0000       2475.8    
  2604.000000       1.0000       2668.7    
  2605.000000       1.0000       2689.0    
  2606.000000       1.0000       2530.0    
  2607.000000       1.0000       2207.7    
  2608.000000       1.0000       1713.4    
  2609.000000       1.0000       1010.8    
  2610.000000       1.0000       298.87    
  2611.000000       1.0000       29.005    
  2612.000000       1.0000       1.4779    
  2613.000000       1.0000      1.89244E-02
  2614.000000       1.0000      3.17102E-31
  2615.000000       1.0000       0.0000    
  2616.000000       1.0000       0.0000    
  2617.000000       1.0000       0.0000    
  2618.000000       1.0000       0.0000    
  2619.000000       1.0000       0.0000    
  2620.000000       1.0000      1.21133E-02
  2621.000000       1.0000       1.0477    
  2622.000000       1.0000       5.9268    
  2623.000000       1.0000       165.49    
  2624.000000       1.0000       807.57    
  2625.000000       1.0000       1576.5    
  2626.000000       1.0000       2127.2    
  2627.000000       1.0000       2509.0    
  2628.000000       1.0000       2658.2    
  2629.000000       1.0000       2663.5    
  2630.000000       1.0000       2503.1    
  2631.000000       1.0000       2167.6    
  2632.000000       1.0000       1703.6    
  2633.000000       1.0000       1011.1    
  2634.000000       1.0000       301.93    
  2635.000000       1.0000       30.016    
  2636.000000       1.0000       1.9098    
  2637.000000       1.0000     -1.25298E-16
  2638.000000       1.0000       0.0000    
  2639.000000       1.0000       0.0000    
  2640.000000       1.0000       0.0000    
  2641.000000       1.0000       0.0000    
  2642.000000       1.0000       0.0000    
  2643.000000       1.0000       0.0000    
  2644.000000       1.0000       0.0000    
  2645.000000       1.0000      0.17857    
  2646.000000       1.0000       4.1083    
  2647.000000       1.0000       48.584    
  2648.000000       1.0000       267.52    
  2649.000000       1.0000       1104.2    
  2650.000000       1.0000       1679.6    
  2651.000000       1.0000       2400.5    
  2652.000000       1.0000       1844.9    
  2653.000000       1.0000       1994.0    
  2654.000000       1.0000       1949.3    
  2655.000000       1.0000       1187.2    
  2656.000000       1.0000       245.89    
  2657.000000       1.0000       154.01    
  2658.000000       1.0000       119.44    
  2659.000000       1.0000       21.410    
  2660.000000       1.0000      0.73017    
  2661.000000       1.0000     -5.34922E-17
  2662.000000       1.0000       0.0000    
  2663.000000       1.0000       0.0000    
  2664.000000       1.0000       0.0000    
  2665.000000       1.0000       0.0000    
  2666.000000       1.0000       0.0000    
  2667.000000       1.0000       0.0000    
  2668.000000       1.0000       0.0000    
  2669.000000       1.0000      0.12446    
  2670.000000       1.0000       6.6781    
  2671.000000       1.0000       71.043    
  2672.000000       1.0000       265.73    
  2673.000000       1.0000       861.96    
  2674.000000       1.0000       1485.7    
  2675.000000       1.0000       2700.7    
  2676.000000       1.0000       1924.5    
  2677.000000       1.0000       2605.5    
  2678.000000       1.0000       2545.2    
  2679.000000       1.0000       1954.8    
  2680.000000       1.0000       1090.1    
  2681.000000       1.0000       635.29    
  2682.000000       1.0000       215.41    
  2683.000000       1.0000       27.755    
  2684.000000       1.0000       1.2079    
  2685.000000       1.0000     -2.02416E-32
  2686.000000       1.0000     -6.36846E-61
  2687.000000       1.0000      6.10505E-97
  2688.000000       1.0000       0.0000    
  2689.000000       1.0000       0.0000    
  2690.000000       1.0000       0.0000    
  2691.000000       1.0000       0.0000    
  2692.000000       1.0000      0.11707    
  2693.000000       1.0000      0.79561    
  2694.000000       1.0000       2.9630    
  2695.000000       1.0000       169.53    
  2696.000000       1.0000       904.46    
  2697.000000       1.0000       1735.4    
  2698.000000       1.0000       2351.1    
  2699.000000       1.0000       2463.9    
  2700.000000       1.0000       2879.1    
  2701.000000       1.0000       2774.1    
  2702.000000       1.0000       2605.7    
  2703.000000       1.0000       1944.5    
  2704.000000       1.0000       1524.2    
  2705.000000       1.0000       415.05    
  2706.000000       1.0000       147.24    
  2707.000000       1.0000       65.051    
  2708.000000       1.0000       8.1838    
  2709.000000       1.0000      6.95097E-02
  2710.000000       1.0000     -1.46858E-31
  2711.000000       1.0000      1.76959E-62
  2712.000000       1.0000       0.0000    
  2713.000000       1.0000       0.0000    
  2714.000000       1.0000       0.0000    
  2715.000000       1.0000       0.0000    
  2716.000000       1.0000      8.00400E-02
  2717.000000       1.0000      0.88998    
  2718.000000       1.0000       2.9644    
  2719.000000       1.0000       175.59    
  2720.000000       1.0000       901.51    
  2721.000000       1.0000       1744.7    
  2722.000000       1.0000       2326.0    
  2723.000000       1.0000       2302.4    
  2724.000000       1.0000       2490.5    
  2725.000000       1.0000       2560.1    
  2726.000000       1.0000       2465.5    
  2727.000000       1.0000       1324.5    
  2728.000000       1.0000       926.18    
  2729.000000       1.0000       694.82    
  2730.000000       1.0000       267.90    
  2731.000000       1.0000       31.364    
  2732.000000       1.0000       3.0659    
  2733.000000       1.0000      3.73560E-02
  2734.000000       1.0000     -5.40669E-34
  2735.000000       1.0000      4.57151E-51
  2736.000000       1.0000     -4.04921E-78
  2737.000000       1.0000       0.0000    
  2738.000000       1.0000       0.0000    
  2739.000000       1.0000       0.0000    
  2740.000000       1.0000      0.11868    
  2741.000000       1.0000      0.93858    
  2742.000000       1.0000       3.6791    
  2743.000000       1.0000       169.69    
  2744.000000       1.0000       861.62    
  2745.000000       1.0000       1094.5    
  2746.000000       1.0000       1367.4    
  2747.000000       1.0000       1827.9    
  2748.000000       1.0000       2427.3    
  2749.000000       1.0000       2824.4    
  2750.000000       1.0000       2487.2    
  2751.000000       1.0000       1147.7    
  2752.000000       1.0000       1168.7    
  2753.000000       1.0000       729.59    
  2754.000000       1.0000       219.67    
  2755.000000       1.0000       47.549    
  2756.000000       1.0000       4.9681    
  2757.000000       1.0000      1.23624E-02
  2758.000000       1.0000       0.0000    
  2759.000000       1.0000       0.0000    
  2760.000000       1.0000       0.0000    
  2761.000000       1.0000       0.0000    
  2762.000000       1.0000       0.0000    
  2763.000000       1.0000       0.0000    
  2764.000000       1.0000      0.11801    
  2765.000000       1.0000       1.5794    
  2766.000000       1.0000       6.7417    
  2767.000000       1.0000       203.24    
  2768.000000       1.0000       898.53    
  2769.000000       1.0000       1697.3    
  2770.000000       1.0000       2330.2    
  2771.000000       1.0000       2404.8    
  2772.000000       1.0000       2004.6    
  2773.000000       1.0000       2401.5    
  2774.000000       1.0000       2418.1    
  2775.000000       1.0000       2308.9    
  2776.000000       1.0000       1792.9    
  2777.000000       1.0000       1059.0    
  2778.000000       1.0000       325.52    
  2779.000000       1.0000       26.828    
  2780.000000       1.0000      0.37551    
  2781.000000       1.0000     -2.07267E-31
  2782.000000       1.0000       0.0000    
  2783.000000       1.0000       0.0000    
  2784.000000       1.0000       0.0000    
  2785.000000       1.0000       0.0000    
  2786.000000       1.0000       0.0000    
  2787.000000       1.0000       0.0000    
  2788.000000       1.0000      5.74347E-02
  2789.000000       1.0000       1.6013    
  2790.000000       1.0000       6.3867    
  2791.000000       1.0000       211.68    
  2792.000000       1.0000       876.04    
  2793.000000       1.0000       1600.4    
  2794.000000       1.0000       1858.6    
  2795.000000       1.0000       1751.8    
  2796.000000       1.0000       1656.9    
  2797.000000       1.0000       1119.2    
  2798.000000       1.0000       1265.6    
  2799.000000       1.0000       978.27    
  2800.000000       1.0000       690.48    
  2801.000000       1.0000       427.41    
  2802.000000       1.0000       205.48    
  2803.000000       1.0000       51.954    
  2804.000000       1.0000       3.3687    
  2805.000000       1.0000      2.21361E-02
  2806.000000       1.0000      5.39452E-46
  2807.000000       1.0000       0.0000    
  2808.000000       1.0000       0.0000    
  2809.000000       1.0000       0.0000    
  2810.000000       1.0000       0.0000    
  2811.000000       1.0000       0.0000    
  2812.000000       1.0000      6.88388E-02
  2813.000000       1.0000       1.4006    
  2814.000000       1.0000       15.137    
  2815.000000       1.0000       98.741    
  2816.000000       1.0000       327.12    
  2817.000000       1.0000       563.44    
  2818.000000       1.0000       795.16    
  2819.000000       1.0000       1226.1    
  2820.000000       1.0000       889.04    
  2821.000000       1.0000       495.97    
  2822.000000       1.0000       205.21    
  2823.000000       1.0000       236.02    
  2824.000000       1.0000       291.60    
  2825.000000       1.0000       169.53    
  2826.000000       1.0000       109.25    
  2827.000000       1.0000       37.684    
  2828.000000       1.0000       4.4427    
  2829.000000       1.0000      8.37382E-02
  2830.000000       1.0000      2.40520E-30
  2831.000000       1.0000     -1.05524E-47
  2832.000000       1.0000       0.0000    
  2833.000000       1.0000       0.0000    
  2834.000000       1.0000       0.0000    
  2835.000000       1.0000       0.0000    
  2836.000000       1.0000      1.41239E-02
  2837.000000       1.0000       1.4211    
  2838.000000       1.0000       11.212    
  2839.000000       1.0000       221.39    
  2840.000000       1.0000       879.47    
  2841.000000       1.0000       1585.7    
  2842.000000       1.0000       1960.2    
  2843.000000       1.0000       2630.2    
  2844.000000       1.0000       2045.3    
  2845.000000       1.0000       1019.4    
  2846.000000       1.0000       581.81    
  2847.000000       1.0000       235.98    
  2848.000000       1.0000       212.11    
  2849.000000       1.0000       70.073    
  2850.000000       1.0000       64.741    
  2851.000000       1.0000       7.4769    
  2852.000000       1.0000      0.34123    
  2853.000000       1.0000     -8.42381E-29
  2854.000000       1.0000     -1.08142E-44
  2855.000000       1.0000       0.0000    
  2856.000000       1.0000       0.0000    
  2857.000000       1.0000       0.0000    
  2858.000000       1.0000       0.0000    
  2859.000000       1.0000       0.0000    
  2860.000000       1.0000       0.0000    
  2861.000000       1.0000       0.0000    
  2862.000000       1.0000       0.0000    
  2863.000000       1.0000       0.0000    
  2864.000000       1.0000       0.0000    
  2865.000000       1.0000       0.0000    
  2866.000000       1.0000       0.0000    
  2867.000000       1.0000       0.0000    
  2868.000000       1.0000       0.0000    
  2869.000000       1.0000       0.0000    
  2870.000000       1.0000       22.097    
  2871.000000       1.0000       1082.1    
  2872.000000       1.0000       925.89    
  2873.000000       1.0000       673.34    
  2874.000000       1.0000       277.06    
  2875.000000       1.0000       60.625    
  2876.000000       1.0000       1.6484    
  2877.000000       1.0000      6.30206E-03
  2878.000000       1.0000      6.13825E-37
  2879.000000       1.0000       0.0000    
  2880.000000       1.0000       0.0000    
  2881.000000       1.0000       0.0000    
  2882.000000       1.0000       0.0000    
  2883.000000       1.0000       0.0000    
  2884.000000       1.0000      6.51370E-02
  2885.000000       1.0000       2.0879    
  2886.000000       1.0000       18.140    
  2887.000000       1.0000       226.44    
  2888.000000       1.0000       830.81    
  2889.000000       1.0000       1651.3    
  2890.000000       1.0000       2231.5    
  2891.000000       1.0000       2241.7    
  2892.000000       1.0000       1567.0    
  2893.000000       1.0000       1783.4    
  2894.000000       1.0000       1520.7    
  2895.000000       1.0000       640.49    
  2896.000000       1.0000       360.36    
  2897.000000       1.0000       445.15    
  2898.000000       1.0000       213.16    
  2899.000000       1.0000       74.201    
  2900.000000       1.0000       2.3155    
  2901.000000       1.0000      1.21394E-02
  2902.000000       1.0000       0.0000    
  2903.000000       1.0000       0.0000    
  2904.000000       1.0000       0.0000    
  2905.000000       1.0000       0.0000    
  2906.000000       1.0000       0.0000    
  2907.000000       1.0000       0.0000    
  2908.000000       1.0000      5.52197E-02
  2909.000000       1.0000       1.0854    
  2910.000000       1.0000       28.807    
  2911.000000       1.0000       259.90    
  2912.000000       1.0000       860.40    
  2913.000000       1.0000       1452.1    
  2914.000000       1.0000       1475.8    
  2915.000000       1.0000       1118.8    
  2916.000000       1.0000       405.52    
  2917.000000       1.0000       404.30    
  2918.000000       1.0000       933.19    
  2919.000000       1.0000       712.74    
  2920.000000       1.0000       740.68    
  2921.000000       1.0000       176.04    
  2922.000000       1.0000       84.805    
  2923.000000       1.0000       33.366    
  2924.000000       1.0000       1.4338    
  2925.000000       1.0000      1.65438E-02
  2926.000000       1.0000       0.0000    
  2927.000000       1.0000       0.0000    
  2928.000000       1.0000       0.0000    
  2929.000000       1.0000       0.0000    
  2930.000000       1.0000       0.0000    
  2931.000000       1.0000       0.0000    
  2932.000000       1.0000      0.25734    
  2933.000000       1.0000       2.4599    
  2934.000000       1.0000       2.7106    
  2935.000000       1.0000       92.253    
  2936.000000       1.0000       159.71    
  2937.000000       1.0000       975.14    
  2938.000000       1.0000       1633.3    
  2939.000000       1.0000       1351.2    
  2940.000000       1.0000       1471.8    
  2941.000000       1.0000       2130.1    
  2942.000000       1.0000       363.84    
  2943.000000       1.0000       1053.5    
  2944.000000       1.0000       490.78    
  2945.000000       1.0000       370.49    
  2946.000000       1.0000       246.26    
  2947.000000       1.0000       99.203    
  2948.000000       1.0000       11.937    
  2949.000000       1.0000      5.39483E-02
  2950.000000       1.0000      2.04076E-29
  2951.000000       1.0000      4.57387E-46
  2952.000000       1.0000      2.89447E-74
  2953.000000       1.0000       0.0000    
  2954.000000       1.0000       0.0000    
  2955.000000       1.0000       0.0000    
  2956.000000       1.0000      5.06179E-02
  2957.000000       1.0000       2.0682    
  2958.000000       1.0000       8.8908    
  2959.000000       1.0000       27.018    
  2960.000000       1.0000       39.274    
  2961.000000       1.0000       46.473    
  2962.000000       1.0000       78.486    
  2963.000000       1.0000       249.82    
  2964.000000       1.0000       234.33    
  2965.000000       1.0000       214.12    
  2966.000000       1.0000       159.75    
  2967.000000       1.0000       186.56    
  2968.000000       1.0000       145.69    
  2969.000000       1.0000       42.242    
  2970.000000       1.0000       4.5862    
  2971.000000       1.0000       2.2291    
  2972.000000       1.0000      0.29330    
  2973.000000       1.0000       0.0000    
  2974.000000       1.0000       0.0000    
  2975.000000       1.0000       0.0000    
  2976.000000       1.0000       0.0000    
  2977.000000       1.0000       0.0000    
  2978.000000       1.0000       0.0000    
  2979.000000       1.0000       0.0000    
  2980.000000       1.0000      2.37198E-02
  2981.000000       1.0000       1.6953    
  2982.000000       1.0000       13.702    
  2983.000000       1.0000       56.289    
  2984.000000       1.0000       15.376    
  2985.000000       1.0000      1.48424E-02
  2986.000000       1.0000       6.3970    
  2987.000000       1.0000       559.33    
  2988.000000       1.0000       1337.6    
  2989.000000       1.0000       391.70    
  2990.000000       1.0000       267.31    
  2991.000000       1.0000       325.56    
  2992.000000       1.0000       1064.1    
  2993.000000       1.0000       399.12    
  2994.000000       1.0000       118.03    
  2995.000000       1.0000       8.1247    
  2996.000000       1.0000      8.84914E-02
  2997.000000       1.0000       0.0000    
  2998.000000       1.0000       0.0000    
  2999.000000       1.0000       0.0000    
  3000.000000       1.0000       0.0000    
  3001.000000       1.0000       0.0000    
  3002.000000       1.0000       0.0000    
  3003.000000       1.0000       0.0000    
  3004.000000       1.0000      0.21099    
  3005.000000       1.0000       2.2624    
  3006.000000       1.0000       3.3947    
  3007.000000       1.0000       128.44    
  3008.000000       1.0000       413.11    
  3009.000000       1.0000       645.95    
  3010.000000       1.0000       498.64    
  3011.000000       1.0000       513.97    
  3012.000000       1.0000       614.13    
  3013.000000       1.0000       454.74    
  3014.000000       1.0000       581.20    
  3015.000000       1.0000       801.91    
  3016.000000       1.0000       754.21    
  3017.000000       1.0000       383.34    
  3018.000000       1.0000       203.38    
  3019.000000       1.0000       55.906    
  3020.000000       1.0000       2.1988    
  3021.000000       1.0000      0.13107    
  3022.000000       1.0000       0.0000    
  3023.000000       1.0000       0.0000    
  3024.000000       1.0000       0.0000    
  3025.000000       1.0000       0.0000    
  3026.000000       1.0000       0.0000    
  3027.000000       1.0000       0.0000    
  3028.000000       1.0000      9.88475E-02
  3029.000000       1.0000       4.2843    
  3030.000000       1.0000       58.152    
  3031.000000       1.0000       289.41    
  3032.000000       1.0000       892.50    
  3033.000000       1.0000       1605.3    
  3034.000000       1.0000       923.53    
  3035.000000       1.0000       812.61    
  3036.000000       1.0000       940.91    
  3037.000000       1.0000       1431.5    
  3038.000000       1.0000       486.77    
  3039.000000       1.0000       472.74    
  3040.000000       1.0000       964.58    
  3041.000000       1.0000       674.61    
  3042.000000       1.0000       393.72    
  3043.000000       1.0000       49.758    
  3044.000000       1.0000       5.5399    
  3045.000000       1.0000      0.11097    
  3046.000000       1.0000     -3.92409E-29
  3047.000000       1.0000     -3.50372E-46
  3048.000000       1.0000       0.0000    
  3049.000000       1.0000       0.0000    
  3050.000000       1.0000       0.0000    
  3051.000000       1.0000       0.0000    
  3052.000000       1.0000      0.13040    
  3053.000000       1.0000       4.5532    
  3054.000000       1.0000       58.213    
  3055.000000       1.0000       296.90    
  3056.000000       1.0000       895.62    
  3057.000000       1.0000       780.72    
  3058.000000       1.0000       1048.5    
  3059.000000       1.0000       1042.8    
  3060.000000       1.0000       371.64    
  3061.000000       1.0000       1229.1    
  3062.000000       1.0000       1980.8    
  3063.000000       1.0000       1926.2    
  3064.000000       1.0000       1215.4    
  3065.000000       1.0000       1080.9    
  3066.000000       1.0000       420.51    
  3067.000000       1.0000       65.802    
  3068.000000       1.0000       6.1907    
  3069.000000       1.0000      0.12196    
  3070.000000       1.0000       0.0000    
  3071.000000       1.0000       0.0000    
  3072.000000       1.0000       0.0000    
  3073.000000       1.0000       0.0000    
  3074.000000       1.0000       0.0000    
  3075.000000       1.0000       0.0000    
  3076.000000       1.0000       0.0000    
  3077.000000       1.0000      0.19466    
  3078.000000       1.0000       2.1417    
  3079.000000       1.0000      0.19664    
  3080.000000       1.0000       12.736    
  3081.000000       1.0000       52.746    
  3082.000000       1.0000       143.84    
  3083.000000       1.0000       123.53    
  3084.000000       1.0000       134.39    
  3085.000000       1.0000       84.015    
  3086.000000       1.0000       117.80    
  3087.000000       1.0000       308.83    
  3088.000000       1.0000       538.71    
  3089.000000       1.0000       759.17    
  3090.000000       1.0000       335.59    
  3091.000000       1.0000       111.20    
  3092.000000       1.0000       1.6111    
  3093.000000       1.0000      3.62490E-02
  3094.000000       1.0000      2.46583E-18
  3095.000000       1.0000       0.0000    
  3096.000000       1.0000       0.0000    
  3097.000000       1.0000       0.0000    
  3098.000000       1.0000       0.0000    
  3099.000000       1.0000       0.0000    
  3100.000000       1.0000      3.03154E-02
  3101.000000       1.0000       3.8590    
  3102.000000       1.0000       36.887    
  3103.000000       1.0000       136.49    
  3104.000000       1.0000       379.55    
  3105.000000       1.0000       480.05    
  3106.000000       1.0000       1684.2    
  3107.000000       1.0000       2084.5    
  3108.000000       1.0000       870.33    
  3109.000000       1.0000       1035.4    
  3110.000000       1.0000       1046.1    
  3111.000000       1.0000       1282.2    
  3112.000000       1.0000       433.87    
  3113.000000       1.0000       200.40    
  3114.000000       1.0000       217.17    
  3115.000000       1.0000       48.982    
  3116.000000       1.0000       3.2700    
  3117.000000       1.0000      0.20421    
  3118.000000       1.0000       0.0000    
  3119.000000       1.0000       0.0000    
  3120.000000       1.0000       0.0000    
  3121.000000       1.0000       0.0000    
  3122.000000       1.0000       0.0000    
  3123.000000       1.0000       0.0000    
  3124.000000       1.0000      0.44462    
  3125.000000       1.0000       3.6399    
  3126.000000       1.0000       6.0348    
  3127.000000       1.0000       4.5103    
  3128.000000       1.0000       14.691    
  3129.000000       1.0000       40.375    
  3130.000000       1.0000       34.293    
  3131.000000       1.0000       18.246    
  3132.000000       1.0000       29.294    
  3133.000000       1.0000       271.88    
  3134.000000       1.0000       685.15    
  3135.000000       1.0000       573.40    
  3136.000000       1.0000       276.56    
  3137.000000       1.0000       104.40    
  3138.000000       1.0000       135.72    
  3139.000000       1.0000       25.577    
  3140.000000       1.0000       2.4972    
  3141.000000       1.0000      0.15307    
  3142.000000       1.0000       0.0000    
  3143.000000       1.0000       0.0000    
  3144.000000       1.0000       0.0000    
  3145.000000       1.0000       0.0000    
  3146.000000       1.0000       0.0000    
  3147.000000       1.0000       0.0000    
  3148.000000       1.0000      0.52158    
  3149.000000       1.0000       4.5946    
  3150.000000       1.0000       85.058    
  3151.000000       1.0000       280.03    
  3152.000000       1.0000       285.46    
  3153.000000       1.0000       325.67    
  3154.000000       1.0000       703.77    
  3155.000000       1.0000       2157.6    
  3156.000000       1.0000       2453.2    
  3157.000000       1.0000       2469.7    
  3158.000000       1.0000       2145.4    
  3159.000000       1.0000       2023.6    
  3160.000000       1.0000       1506.5    
  3161.000000       1.0000       869.76    
  3162.000000       1.0000       306.61    
  3163.000000       1.0000       74.183    
  3164.000000       1.0000       14.742    
  3165.000000       1.0000      0.96770    
  3166.000000       1.0000       0.0000    
  3167.000000       1.0000       0.0000    
  3168.000000       1.0000       0.0000    
  3169.000000       1.0000       0.0000    
  3170.000000       1.0000       0.0000    
  3171.000000       1.0000       0.0000    
  3172.000000       1.0000      0.14474    
  3173.000000       1.0000       2.6873    
  3174.000000       1.0000       6.3126    
  3175.000000       1.0000       114.14    
  3176.000000       1.0000       335.85    
  3177.000000       1.0000       751.99    
  3178.000000       1.0000       1541.6    
  3179.000000       1.0000       2321.9    
  3180.000000       1.0000       1936.5    
  3181.000000       1.0000       2362.9    
  3182.000000       1.0000       1879.3    
  3183.000000       1.0000       651.28    
  3184.000000       1.0000       11.207    
  3185.000000       1.0000       4.4800    
  3186.000000       1.0000       1.2806    
  3187.000000       1.0000       1.9659    
  3188.000000       1.0000       2.0918    
  3189.000000       1.0000      0.28744    
  3190.000000       1.0000       0.0000    
  3191.000000       1.0000       0.0000    
  3192.000000       1.0000       0.0000    
  3193.000000       1.0000       0.0000    
  3194.000000       1.0000       0.0000    
  3195.000000       1.0000       0.0000    
  3196.000000       1.0000      7.46514E-02
  3197.000000       1.0000       4.6568    
  3198.000000       1.0000       37.870    
  3199.000000       1.0000       129.77    
  3200.000000       1.0000       231.32    
  3201.000000       1.0000       1516.5    
  3202.000000       1.0000       1929.0    
  3203.000000       1.0000       2443.7    
  3204.000000       1.0000       2128.2    
  3205.000000       1.0000       2132.3    
  3206.000000       1.0000       1861.4    
  3207.000000       1.0000       971.19    
  3208.000000       1.0000       444.06    
  3209.000000       1.0000       53.892    
  3210.000000       1.0000       61.521    
  3211.000000       1.0000       12.152    
  3212.000000       1.0000       3.6756    
  3213.000000       1.0000      0.30517    
  3214.000000       1.0000       0.0000    
  3215.000000       1.0000       0.0000    
  3216.000000       1.0000       0.0000    
  3217.000000       1.0000       0.0000    
  3218.000000       1.0000       0.0000    
  3219.000000       1.0000       0.0000    
  3220.000000       1.0000      0.20346    
  3221.000000       1.0000       2.7784    
  3222.000000       1.0000       3.8794    
  3223.000000       1.0000       37.373    
  3224.000000       1.0000       21.795    
  3225.000000       1.0000       58.150    
  3226.000000       1.0000       138.37    
  3227.000000       1.0000       138.17    
  3228.000000       1.0000       150.94    
  3229.000000       1.0000       185.47    
  3230.000000       1.0000       158.66    
  3231.000000       1.0000       205.68    
  3232.000000       1.0000       86.416    
  3233.000000       1.0000       134.47    
  3234.000000       1.0000       87.139    
  3235.000000       1.0000       35.623    
  3236.000000       1.0000       4.7120    
  3237.000000       1.0000      0.14712    
  3238.000000       1.0000       0.0000    
  3239.000000       1.0000       0.0000    
  3240.000000       1.0000       0.0000    
  3241.000000       1.0000       0.0000    
  3242.000000       1.0000       0.0000    
  3243.000000       1.0000       0.0000    
  3244.000000       1.0000      0.50605    
  3245.000000       1.0000       4.8794    
  3246.000000       1.0000       41.555    
  3247.000000       1.0000       271.83    
  3248.000000       1.0000       521.36    
  3249.000000       1.0000       1099.1    
  3250.000000       1.0000       577.38    
  3251.000000       1.0000       709.08    
  3252.000000       1.0000       745.12    
  3253.000000       1.0000       764.36    
  3254.000000       1.0000       617.57    
  3255.000000       1.0000       246.67    
  3256.000000       1.0000       408.67    
  3257.000000       1.0000       440.62    
  3258.000000       1.0000       344.32    
  3259.000000       1.0000       20.279    
  3260.000000       1.0000       2.5246    
  3261.000000       1.0000      0.15934    
  3262.000000       1.0000      4.28393E-34
  3263.000000       1.0000      1.25169E-66
  3264.000000       1.0000      3.01296E-83
  3265.000000       1.0000       0.0000    
  3266.000000       1.0000       0.0000    
  3267.000000       1.0000       0.0000    
  3268.000000       1.0000      0.73303    
  3269.000000       1.0000       14.494    
  3270.000000       1.0000       75.601    
  3271.000000       1.0000       127.38    
  3272.000000       1.0000       248.77    
  3273.000000       1.0000       182.63    
  3274.000000       1.0000       383.57    
  3275.000000       1.0000       681.40    
  3276.000000       1.0000       1432.1    
  3277.000000       1.0000       2290.6    
  3278.000000       1.0000       2027.3    
  3279.000000       1.0000       1594.4    
  3280.000000       1.0000       649.56    
  3281.000000       1.0000       620.38    
  3282.000000       1.0000       394.85    
  3283.000000       1.0000       42.733    
  3284.000000       1.0000       5.7222    
  3285.000000       1.0000      0.47973    
  3286.000000       1.0000      1.34357E-02
  3287.000000       1.0000     -5.57226E-35
  3288.000000       1.0000     -1.57858E-63
  3289.000000       1.0000       0.0000    
  3290.000000       1.0000       0.0000    
  3291.000000       1.0000       0.0000    
  3292.000000       1.0000      0.33890    
  3293.000000       1.0000       5.2224    
  3294.000000       1.0000       54.661    
  3295.000000       1.0000       223.48    
  3296.000000       1.0000       749.42    
  3297.000000       1.0000       1434.9    
  3298.000000       1.0000       790.13    
  3299.000000       1.0000       1351.7    
  3300.000000       1.0000       2372.4    
  3301.000000       1.0000       2296.8    
  3302.000000       1.0000       2059.0    
  3303.000000       1.0000       1924.9    
  3304.000000       1.0000       1818.0    
  3305.000000       1.0000       1174.8    
  3306.000000       1.0000       291.95    
  3307.000000       1.0000       60.569    
  3308.000000       1.0000       18.474    
  3309.000000       1.0000       1.6694    
  3310.000000       1.0000      5.48080E-32
  3311.000000       1.0000      1.81385E-48
  3312.000000       1.0000     -1.00120E-64
  3313.000000       1.0000       0.0000    
  3314.000000       1.0000       0.0000    
  3315.000000       1.0000      7.85392E-02
  3316.000000       1.0000       1.0506    
  3317.000000       1.0000       3.3700    
  3318.000000       1.0000       86.984    
  3319.000000       1.0000       326.21    
  3320.000000       1.0000       945.59    
  3321.000000       1.0000       1676.8    
  3322.000000       1.0000       2122.6    
  3323.000000       1.0000       2458.0    
  3324.000000       1.0000       1982.7    
  3325.000000       1.0000       966.13    
  3326.000000       1.0000       1149.6    
  3327.000000       1.0000       777.95    
  3328.000000       1.0000       605.13    
  3329.000000       1.0000       142.41    
  3330.000000       1.0000       181.84    
  3331.000000       1.0000       79.799    
  3332.000000       1.0000       18.846    
  3333.000000       1.0000       2.2736    
  3334.000000       1.0000      5.54934E-03
  3335.000000       1.0000      2.58727E-31
  3336.000000       1.0000      1.40255E-47
  3337.000000       1.0000       0.0000    
  3338.000000       1.0000       0.0000    
  3339.000000       1.0000       0.0000    
  3340.000000       1.0000      0.20323    
  3341.000000       1.0000       3.7872    
  3342.000000       1.0000       66.844    
  3343.000000       1.0000       272.41    
  3344.000000       1.0000       442.47    
  3345.000000       1.0000       1318.9    
  3346.000000       1.0000       701.14    
  3347.000000       1.0000       801.47    
  3348.000000       1.0000       665.87    
  3349.000000       1.0000       691.75    
  3350.000000       1.0000       654.87    
  3351.000000       1.0000       523.12    
  3352.000000       1.0000       509.14    
  3353.000000       1.0000       186.84    
  3354.000000       1.0000       75.578    
  3355.000000       1.0000       73.619    
  3356.000000       1.0000       10.736    
  3357.000000       1.0000       1.1038    
  3358.000000       1.0000      9.01718E-02
  3359.000000       1.0000       0.0000    
  3360.000000       1.0000       0.0000    
  3361.000000       1.0000       0.0000    
  3362.000000       1.0000       0.0000    
  3363.000000       1.0000      0.10292    
  3364.000000       1.0000       1.4429    
  3365.000000       1.0000       9.2305    
  3366.000000       1.0000       110.04    
  3367.000000       1.0000       360.84    
  3368.000000       1.0000       848.51    
  3369.000000       1.0000       551.03    
  3370.000000       1.0000       453.87    
  3371.000000       1.0000       459.52    
  3372.000000       1.0000       255.36    
  3373.000000       1.0000       212.13    
  3374.000000       1.0000       640.38    
  3375.000000       1.0000       1796.4    
  3376.000000       1.0000       1056.3    
  3377.000000       1.0000       228.60    
  3378.000000       1.0000       56.621    
  3379.000000       1.0000       45.395    
  3380.000000       1.0000       6.5860    
  3381.000000       1.0000       1.8878    
  3382.000000       1.0000      7.91254E-02
  3383.000000       1.0000      2.22245E-33
  3384.000000       1.0000     -2.00868E-61
  3385.000000       1.0000       0.0000    
  3386.000000       1.0000       0.0000    
  3387.000000       1.0000      8.19141E-02
  3388.000000       1.0000      0.96725    
  3389.000000       1.0000       3.4925    
  3390.000000       1.0000       19.708    
  3391.000000       1.0000       99.943    
  3392.000000       1.0000       439.51    
  3393.000000       1.0000       561.21    
  3394.000000       1.0000       1438.0    
  3395.000000       1.0000       778.57    
  3396.000000       1.0000       585.81    
  3397.000000       1.0000       959.02    
  3398.000000       1.0000       1323.0    
  3399.000000       1.0000       1806.9    
  3400.000000       1.0000       1249.5    
  3401.000000       1.0000       857.26    
  3402.000000       1.0000       294.03    
  3403.000000       1.0000       135.50    
  3404.000000       1.0000       14.614    
  3405.000000       1.0000       1.9374    
  3406.000000       1.0000      0.10896    
  3407.000000       1.0000       0.0000    
  3408.000000       1.0000       0.0000    
  3409.000000       1.0000       0.0000    
  3410.000000       1.0000       0.0000    
  3411.000000       1.0000       0.0000    
  3412.000000       1.0000      0.21330    
  3413.000000       1.0000       2.9871    
  3414.000000       1.0000       1.9236    
  3415.000000       1.0000       20.375    
  3416.000000       1.0000       178.61    
  3417.000000       1.0000       321.87    
  3418.000000       1.0000       409.06    
  3419.000000       1.0000       668.11    
  3420.000000       1.0000       428.50    
  3421.000000       1.0000       579.11    
  3422.000000       1.0000       592.83    
  3423.000000       1.0000       391.91    
  3424.000000       1.0000       182.10    
  3425.000000       1.0000       86.331    
  3426.000000       1.0000       179.54    
  3427.000000       1.0000       24.090    
  3428.000000       1.0000       3.2824    
  3429.000000       1.0000      9.25301E-02
  3430.000000       1.0000       0.0000    
  3431.000000       1.0000       0.0000    
  3432.000000       1.0000       0.0000    
  3433.000000       1.0000       0.0000    
  3434.000000       1.0000       0.0000    
  3435.000000       1.0000      8.11292E-02
  3436.000000       1.0000       2.8530    
  3437.000000       1.0000       20.659    
  3438.000000       1.0000       144.90    
  3439.000000       1.0000       424.29    
  3440.000000       1.0000       899.52    
  3441.000000       1.0000       1652.7    
  3442.000000       1.0000       2216.9    
  3443.000000       1.0000       2467.4    
  3444.000000       1.0000       1651.7    
  3445.000000       1.0000       1287.3    
  3446.000000       1.0000       1121.3    
  3447.000000       1.0000       1072.1    
  3448.000000       1.0000       804.91    
  3449.000000       1.0000       338.46    
  3450.000000       1.0000       248.92    
  3451.000000       1.0000       38.131    
  3452.000000       1.0000       6.0907    
  3453.000000       1.0000      0.25101    
  3454.000000       1.0000       0.0000    
  3455.000000       1.0000       0.0000    
  3456.000000       1.0000       0.0000    
  3457.000000       1.0000       0.0000    
  3458.000000       1.0000       0.0000    
  3459.000000       1.0000      8.00392E-02
  3460.000000       1.0000      0.89235    
  3461.000000       1.0000       4.8889    
  3462.000000       1.0000       62.965    
  3463.000000       1.0000       246.45    
  3464.000000       1.0000       239.33    
  3465.000000       1.0000       1377.1    
  3466.000000       1.0000       632.07    
  3467.000000       1.0000       924.64    
  3468.000000       1.0000       1294.4    
  3469.000000       1.0000       400.10    
  3470.000000       1.0000       327.94    
  3471.000000       1.0000       380.50    
  3472.000000       1.0000       363.78    
  3473.000000       1.0000       190.71    
  3474.000000       1.0000       58.818    
  3475.000000       1.0000       20.035    
  3476.000000       1.0000       2.7173    
  3477.000000       1.0000      6.73397E-02
  3478.000000       1.0000       0.0000    
  3479.000000       1.0000       0.0000    
  3480.000000       1.0000       0.0000    
  3481.000000       1.0000       0.0000    
  3482.000000       1.0000       0.0000    
  3483.000000       1.0000      8.82760E-02
  3484.000000       1.0000      0.95000    
  3485.000000       1.0000       2.2405    
  3486.000000       1.0000       60.821    
  3487.000000       1.0000       232.08    
  3488.000000       1.0000       860.17    
  3489.000000       1.0000       761.06    
  3490.000000       1.0000       358.56    
  3491.000000       1.0000       290.56    
  3492.000000       1.0000       362.40    
  3493.000000       1.0000       925.16    
  3494.000000       1.0000       965.12    
  3495.000000       1.0000       322.23    
  3496.000000       1.0000       263.87    
  3497.000000       1.0000       379.50    
  3498.000000       1.0000       67.695    
  3499.000000       1.0000       6.6293    
  3500.000000       1.0000      0.76229    
  3501.000000       1.0000      0.11251    
  3502.000000       1.0000       0.0000    
  3503.000000       1.0000       0.0000    
  3504.000000       1.0000       0.0000    
  3505.000000       1.0000       0.0000    
  3506.000000       1.0000       0.0000    
  3507.000000       1.0000       0.0000    
  3508.000000       1.0000      0.53985    
  3509.000000       1.0000       7.6020    
  3510.000000       1.0000       83.473    
  3511.000000       1.0000       223.02    
  3512.000000       1.0000       397.16    
  3513.000000       1.0000       742.30    
  3514.000000       1.0000       814.87    
  3515.000000       1.0000       854.35    
  3516.000000       1.0000       839.79    
  3517.000000       1.0000       721.14    
  3518.000000       1.0000       1241.7    
  3519.000000       1.0000       1845.5    
  3520.000000       1.0000       1332.7    
  3521.000000       1.0000       798.59    
  3522.000000       1.0000       377.68    
  3523.000000       1.0000       98.941    
  3524.000000       1.0000       21.702    
  3525.000000       1.0000      0.62041    
  3526.000000       1.0000      2.63738E-02
  3527.000000       1.0000     -2.81013E-34
  3528.000000       1.0000     -6.08603E-62
  3529.000000       1.0000       0.0000    
  3530.000000       1.0000       0.0000    
  3531.000000       1.0000      7.13800E-02
  3532.000000       1.0000       2.2340    
  3533.000000       1.0000       16.160    
  3534.000000       1.0000       120.20    
  3535.000000       1.0000       364.69    
  3536.000000       1.0000       1057.7    
  3537.000000       1.0000       1679.2    
  3538.000000       1.0000       2115.6    
  3539.000000       1.0000       1729.7    
  3540.000000       1.0000       1080.4    
  3541.000000       1.0000       1271.7    
  3542.000000       1.0000       1473.5    
  3543.000000       1.0000       2051.5    
  3544.000000       1.0000       1450.6    
  3545.000000       1.0000       1091.7    
  3546.000000       1.0000       339.41    
  3547.000000       1.0000       53.887    
  3548.000000       1.0000       6.4883    
  3549.000000       1.0000      0.41949    
  3550.000000       1.0000      7.05317E-33
  3551.000000       1.0000       0.0000    
  3552.000000       1.0000       0.0000    
  3553.000000       1.0000       0.0000    
  3554.000000       1.0000       0.0000    
  3555.000000       1.0000      0.14219    
  3556.000000       1.0000       1.8750    
  3557.000000       1.0000       5.8299    
  3558.000000       1.0000       76.290    
  3559.000000       1.0000       209.61    
  3560.000000       1.0000       569.20    
  3561.000000       1.0000       1634.2    
  3562.000000       1.0000       2168.6    
  3563.000000       1.0000       2448.0    
  3564.000000       1.0000       2561.5    
  3565.000000       1.0000       2477.2    
  3566.000000       1.0000       2439.7    
  3567.000000       1.0000       1969.6    
  3568.000000       1.0000       1717.1    
  3569.000000       1.0000       1064.3    
  3570.000000       1.0000       366.14    
  3571.000000       1.0000       52.090    
  3572.000000       1.0000       7.0080    
  3573.000000       1.0000      6.61453E-02
  3574.000000       1.0000     -6.84859E-45
  3575.000000       1.0000     -7.72699E-67
  3576.000000       1.0000     -9.14469E-98
  3577.000000       1.0000       0.0000    
  3578.000000       1.0000       0.0000    
  3579.000000       1.0000      0.12557    
  3580.000000       1.0000       1.3776    
  3581.000000       1.0000       1.6440    
  3582.000000       1.0000       30.228    
  3583.000000       1.0000       242.73    
  3584.000000       1.0000       911.90    
  3585.000000       1.0000       1597.7    
  3586.000000       1.0000       2066.2    
  3587.000000       1.0000       2370.3    
  3588.000000       1.0000       2504.2    
  3589.000000       1.0000       2521.5    
  3590.000000       1.0000       2401.6    
  3591.000000       1.0000       2076.5    
  3592.000000       1.0000       1651.0    
  3593.000000       1.0000       1096.8    
  3594.000000       1.0000       391.10    
  3595.000000       1.0000       57.270    
  3596.000000       1.0000       9.2451    
  3597.000000       1.0000      0.73002    
  3598.000000       1.0000      1.53533E-02
  3599.000000       1.0000      3.33341E-30
  3600.000000       1.0000      2.82721E-46
  3601.000000       1.0000       0.0000    
  3602.000000       1.0000       0.0000    
  3603.000000       1.0000      0.19818    
  3604.000000       1.0000       1.5292    
  3605.000000       1.0000      0.42869    
  3606.000000       1.0000       26.998    
  3607.000000       1.0000       232.15    
  3608.000000       1.0000       911.97    
  3609.000000       1.0000       1622.0    
  3610.000000       1.0000       2134.4    
  3611.000000       1.0000       2395.0    
  3612.000000       1.0000       2507.9    
  3613.000000       1.0000       2613.5    
  3614.000000       1.0000       2523.1    
  3615.000000       1.0000       1722.8    
  3616.000000       1.0000       1316.9    
  3617.000000       1.0000       832.55    
  3618.000000       1.0000       446.77    
  3619.000000       1.0000       151.18    
  3620.000000       1.0000       30.279    
  3621.000000       1.0000       2.6442    
  3622.000000       1.0000      0.19374    
  3623.000000       1.0000       0.0000    
  3624.000000       1.0000       0.0000    
  3625.000000       1.0000       0.0000    
  3626.000000       1.0000       0.0000    
  3627.000000       1.0000      0.20157    
  3628.000000       1.0000       1.6349    
  3629.000000       1.0000       1.3066    
  3630.000000       1.0000       36.592    
  3631.000000       1.0000       247.24    
  3632.000000       1.0000       908.85    
  3633.000000       1.0000       1598.9    
  3634.000000       1.0000       2116.1    
  3635.000000       1.0000       2428.3    
  3636.000000       1.0000       2559.4    
  3637.000000       1.0000       2566.0    
  3638.000000       1.0000       2408.6    
  3639.000000       1.0000       2109.8    
  3640.000000       1.0000       1657.0    
  3641.000000       1.0000       1051.2    
  3642.000000       1.0000       395.44    
  3643.000000       1.0000       68.100    
  3644.000000       1.0000       14.339    
  3645.000000       1.0000      0.45556    
  3646.000000       1.0000       0.0000    
  3647.000000       1.0000       0.0000    
  3648.000000       1.0000       0.0000    
  3649.000000       1.0000       0.0000    
  3650.000000       1.0000       0.0000    
  3651.000000       1.0000      9.65866E-02
  3652.000000       1.0000       1.6135    
  3653.000000       1.0000       1.5092    
  3654.000000       1.0000       32.916    
  3655.000000       1.0000       234.83    
  3656.000000       1.0000       882.31    
  3657.000000       1.0000       1544.6    
  3658.000000       1.0000       2035.3    
  3659.000000       1.0000       2342.9    
  3660.000000       1.0000       2550.2    
  3661.000000       1.0000       2588.4    
  3662.000000       1.0000       2470.1    
  3663.000000       1.0000       2213.3    
  3664.000000       1.0000       1746.1    
  3665.000000       1.0000       1112.5    
  3666.000000       1.0000       434.01    
  3667.000000       1.0000       94.729    
  3668.000000       1.0000       25.330    
  3669.000000       1.0000      0.87739    
  3670.000000       1.0000      7.60586E-04
  3671.000000       1.0000       0.0000    
  3672.000000       1.0000       0.0000    
  3673.000000       1.0000       0.0000    
  3674.000000       1.0000       0.0000    
  3675.000000       1.0000      0.16046    
  3676.000000       1.0000       2.3509    
  3677.000000       1.0000       5.6334    
  3678.000000       1.0000       59.023    
  3679.000000       1.0000       373.92    
  3680.000000       1.0000       731.84    
  3681.000000       1.0000       1438.8    
  3682.000000       1.0000       1917.4    
  3683.000000       1.0000       2064.3    
  3684.000000       1.0000       2179.2    
  3685.000000       1.0000       2302.2    
  3686.000000       1.0000       864.42    
  3687.000000       1.0000       1271.3    
  3688.000000       1.0000       1354.0    
  3689.000000       1.0000       434.38    
  3690.000000       1.0000       128.61    
  3691.000000       1.0000       78.944    
  3692.000000       1.0000       37.038    
  3693.000000       1.0000      0.83671    
  3694.000000       1.0000      3.85735E-02
  3695.000000       1.0000      1.21626E-34
  3696.000000       1.0000       0.0000    
  3697.000000       1.0000       0.0000    
  3698.000000       1.0000       0.0000    
  3699.000000       1.0000      0.18024    
  3700.000000       1.0000       5.9692    
  3701.000000       1.0000       65.024    
  3702.000000       1.0000       162.68    
  3703.000000       1.0000       295.48    
  3704.000000       1.0000       900.26    
  3705.000000       1.0000       1708.3    
  3706.000000       1.0000       2299.5    
  3707.000000       1.0000       2588.8    
  3708.000000       1.0000       2197.1    
  3709.000000       1.0000       2194.7    
  3710.000000       1.0000       1789.9    
  3711.000000       1.0000       1495.9    
  3712.000000       1.0000       1281.4    
  3713.000000       1.0000       531.40    
  3714.000000       1.0000       449.87    
  3715.000000       1.0000       134.06    
  3716.000000       1.0000       59.827    
  3717.000000       1.0000       3.3458    
  3718.000000       1.0000      4.29802E-02
  3719.000000       1.0000      1.92308E-30
  3720.000000       1.0000     -8.97240E-51
  3721.000000       1.0000       0.0000    
  3722.000000       1.0000       0.0000    
  3723.000000       1.0000       0.0000    
  3724.000000       1.0000      0.37130    
  3725.000000       1.0000       2.4574    
  3726.000000       1.0000       3.0342    
  3727.000000       1.0000       23.112    
  3728.000000       1.0000       86.243    
  3729.000000       1.0000       66.736    
  3730.000000       1.0000       58.723    
  3731.000000       1.0000       35.178    
  3732.000000       1.0000       108.48    
  3733.000000       1.0000       182.02    
  3734.000000       1.0000       211.11    
  3735.000000       1.0000       196.81    
  3736.000000       1.0000       267.66    
  3737.000000       1.0000       465.54    
  3738.000000       1.0000       355.54    
  3739.000000       1.0000       185.28    
  3740.000000       1.0000       108.16    
  3741.000000       1.0000       8.8133    
  3742.000000       1.0000      2.54960E-02
  3743.000000       1.0000      3.23580E-30
  3744.000000       1.0000      3.19636E-50
  3745.000000       1.0000       0.0000    
  3746.000000       1.0000       0.0000    
  3747.000000       1.0000      0.16404    
  3748.000000       1.0000       2.0631    
  3749.000000       1.0000       8.7290    
  3750.000000       1.0000       40.389    
  3751.000000       1.0000       343.71    
  3752.000000       1.0000       968.26    
  3753.000000       1.0000       1634.9    
  3754.000000       1.0000       1848.0    
  3755.000000       1.0000       1541.0    
  3756.000000       1.0000       1299.7    
  3757.000000       1.0000       1792.4    
  3758.000000       1.0000       823.47    
  3759.000000       1.0000       535.27    
  3760.000000       1.0000       167.67    
  3761.000000       1.0000       90.835    
  3762.000000       1.0000       19.460    
  3763.000000       1.0000       58.186    
  3764.000000       1.0000       69.340    
  3765.000000       1.0000       9.1013    
  3766.000000       1.0000      0.59839    
  3767.000000       1.0000     -1.87257E-18
  3768.000000       1.0000       0.0000    
  3769.000000       1.0000       0.0000    
  3770.000000       1.0000       0.0000    
  3771.000000       1.0000      0.13793    
  3772.000000       1.0000       1.6782    
  3773.000000       1.0000       15.167    
  3774.000000       1.0000       112.16    
  3775.000000       1.0000       249.12    
  3776.000000       1.0000       503.39    
  3777.000000       1.0000       626.08    
  3778.000000       1.0000       1903.0    
  3779.000000       1.0000       1934.3    
  3780.000000       1.0000       1316.1    
  3781.000000       1.0000       1748.7    
  3782.000000       1.0000       957.75    
  3783.000000       1.0000       1433.6    
  3784.000000       1.0000       1351.9    
  3785.000000       1.0000       1166.0    
  3786.000000       1.0000       434.02    
  3787.000000       1.0000       147.54    
  3788.000000       1.0000       64.578    
  3789.000000       1.0000       5.6589    
  3790.000000       1.0000      8.29747E-03
  3791.000000       1.0000      6.20350E-20
  3792.000000       1.0000       0.0000    
  3793.000000       1.0000       0.0000    
  3794.000000       1.0000       0.0000    
  3795.000000       1.0000      0.14352    
  3796.000000       1.0000       1.5937    
  3797.000000       1.0000       7.7626    
  3798.000000       1.0000       45.752    
  3799.000000       1.0000       337.21    
  3800.000000       1.0000       986.64    
  3801.000000       1.0000       1685.7    
  3802.000000       1.0000       2090.3    
  3803.000000       1.0000       1272.1    
  3804.000000       1.0000       1606.0    
  3805.000000       1.0000       1044.4    
  3806.000000       1.0000       1002.1    
  3807.000000       1.0000       643.77    
  3808.000000       1.0000       768.23    
  3809.000000       1.0000       577.14    
  3810.000000       1.0000       288.43    
  3811.000000       1.0000       115.16    
  3812.000000       1.0000       55.764    
  3813.000000       1.0000       4.5748    
  3814.000000       1.0000      1.74803E-02
  3815.000000       1.0000     -8.21534E-32
  3816.000000       1.0000     -6.29856E-48
  3817.000000       1.0000       0.0000    
  3818.000000       1.0000       0.0000    
  3819.000000       1.0000      7.61642E-02
  3820.000000       1.0000       1.1904    
  3821.000000       1.0000       6.5471    
  3822.000000       1.0000       44.054    
  3823.000000       1.0000       317.29    
  3824.000000       1.0000       828.11    
  3825.000000       1.0000       261.22    
  3826.000000       1.0000       491.86    
  3827.000000       1.0000       1496.7    
  3828.000000       1.0000       963.90    
  3829.000000       1.0000       904.80    
  3830.000000       1.0000       439.18    
  3831.000000       1.0000       659.22    
  3832.000000       1.0000       828.18    
  3833.000000       1.0000       296.53    
  3834.000000       1.0000       367.81    
  3835.000000       1.0000       43.882    
  3836.000000       1.0000       14.136    
  3837.000000       1.0000       1.0698    
  3838.000000       1.0000     -3.16229E-17
  3839.000000       1.0000     -5.08260E-49
  3840.000000       1.0000     -1.82017E-77
  3841.000000       1.0000       0.0000    
  3842.000000       1.0000       0.0000    
  3843.000000       1.0000      9.18751E-02
  3844.000000       1.0000       1.2240    
  3845.000000       1.0000       8.1143    
  3846.000000       1.0000       51.560    
  3847.000000       1.0000       325.67    
  3848.000000       1.0000       917.31    
  3849.000000       1.0000       1494.4    
  3850.000000       1.0000       2011.7    
  3851.000000       1.0000       1746.6    
  3852.000000       1.0000       1376.8    
  3853.000000       1.0000       1799.7    
  3854.000000       1.0000       1702.8    
  3855.000000       1.0000       1599.9    
  3856.000000       1.0000       1227.4    
  3857.000000       1.0000       1028.7    
  3858.000000       1.0000       351.52    
  3859.000000       1.0000       176.48    
  3860.000000       1.0000       75.473    
  3861.000000       1.0000       1.6226    
  3862.000000       1.0000      7.37806E-02
  3863.000000       1.0000       0.0000    
  3864.000000       1.0000       0.0000    
  3865.000000       1.0000       0.0000    
  3866.000000       1.0000       0.0000    
  3867.000000       1.0000      7.11638E-02
  3868.000000       1.0000       1.2335    
  3869.000000       1.0000       3.0860    
  3870.000000       1.0000       54.031    
  3871.000000       1.0000       261.43    
  3872.000000       1.0000       968.77    
  3873.000000       1.0000       1587.9    
  3874.000000       1.0000       2097.8    
  3875.000000       1.0000       2409.8    
  3876.000000       1.0000       1993.5    
  3877.000000       1.0000       2252.7    
  3878.000000       1.0000       2034.8    
  3879.000000       1.0000       2048.9    
  3880.000000       1.0000       1645.0    
  3881.000000       1.0000       830.48    
  3882.000000       1.0000       614.68    
  3883.000000       1.0000       184.39    
  3884.000000       1.0000       49.559    
  3885.000000       1.0000       6.1129    
  3886.000000       1.0000      0.18431    
  3887.000000       1.0000       0.0000    
  3888.000000       1.0000       0.0000    
  3889.000000       1.0000       0.0000    
  3890.000000       1.0000       0.0000    
  3891.000000       1.0000      3.17434E-02
  3892.000000       1.0000       1.9870    
  3893.000000       1.0000       24.438    
  3894.000000       1.0000       80.624    
  3895.000000       1.0000       458.91    
  3896.000000       1.0000       943.99    
  3897.000000       1.0000       1242.9    
  3898.000000       1.0000       868.38    
  3899.000000       1.0000       817.38    
  3900.000000       1.0000       581.04    
  3901.000000       1.0000       1031.1    
  3902.000000       1.0000       1128.9    
  3903.000000       1.0000       2178.3    
  3904.000000       1.0000       1470.0    
  3905.000000       1.0000       913.85    
  3906.000000       1.0000       453.45    
  3907.000000       1.0000       127.56    
  3908.000000       1.0000       78.426    
  3909.000000       1.0000       9.6781    
  3910.000000       1.0000      0.42381    
  3911.000000       1.0000       0.0000    
  3912.000000       1.0000       0.0000    
  3913.000000       1.0000       0.0000    
  3914.000000       1.0000       0.0000    
  3915.000000       1.0000      1.38019E-02
  3916.000000       1.0000       2.7525    
  3917.000000       1.0000       21.327    
  3918.000000       1.0000       93.800    
  3919.000000       1.0000       201.69    
  3920.000000       1.0000       946.04    
  3921.000000       1.0000       1061.9    
  3922.000000       1.0000       1175.8    
  3923.000000       1.0000       996.51    
  3924.000000       1.0000       979.63    
  3925.000000       1.0000       1447.5    
  3926.000000       1.0000       1349.0    
  3927.000000       1.0000       2160.7    
  3928.000000       1.0000       1662.7    
  3929.000000       1.0000       1095.1    
  3930.000000       1.0000       455.80    
  3931.000000       1.0000       92.874    
  3932.000000       1.0000       28.712    
  3933.000000       1.0000       2.8809    
  3934.000000       1.0000      4.31649E-02
  3935.000000       1.0000       0.0000    
  3936.000000       1.0000       0.0000    
  3937.000000       1.0000       0.0000    
  3938.000000       1.0000       0.0000    
  3939.000000       1.0000      0.19970    
  3940.000000       1.0000       1.6133    
  3941.000000       1.0000       1.3308    
  3942.000000       1.0000       31.133    
  3943.000000       1.0000       240.98    
  3944.000000       1.0000       926.37    
  3945.000000       1.0000       1645.2    
  3946.000000       1.0000       2157.0    
  3947.000000       1.0000       2477.6    
  3948.000000       1.0000       2620.5    
  3949.000000       1.0000       2638.8    
  3950.000000       1.0000       2501.8    
  3951.000000       1.0000       2195.5    
  3952.000000       1.0000       1770.4    
  3953.000000       1.0000       1147.7    
  3954.000000       1.0000       449.73    
  3955.000000       1.0000       76.303    
  3956.000000       1.0000       24.924    
  3957.000000       1.0000       2.4637    
  3958.000000       1.0000       0.0000    
  3959.000000       1.0000       0.0000    
  3960.000000       1.0000       0.0000    
  3961.000000       1.0000       0.0000    
  3962.000000       1.0000       0.0000    
  3963.000000       1.0000      0.11662    
  3964.000000       1.0000      0.85751    
  3965.000000       1.0000       1.4261    
  3966.000000       1.0000       25.476    
  3967.000000       1.0000       236.50    
  3968.000000       1.0000       921.76    
  3969.000000       1.0000       1632.7    
  3970.000000       1.0000       2146.4    
  3971.000000       1.0000       2475.9    
  3972.000000       1.0000       2625.0    
  3973.000000       1.0000       2646.1    
  3974.000000       1.0000       2497.9    
  3975.000000       1.0000       2211.1    
  3976.000000       1.0000       1783.7    
  3977.000000       1.0000       1161.1    
  3978.000000       1.0000       455.21    
  3979.000000       1.0000       74.241    
  3980.000000       1.0000       16.501    
  3981.000000       1.0000       5.5454    
  3982.000000       1.0000      0.56375    
  3983.000000       1.0000       0.0000    
  3984.000000       1.0000       0.0000    
  3985.000000       1.0000       0.0000    
  3986.000000       1.0000       0.0000    
  3987.000000       1.0000      7.55674E-02
  3988.000000       1.0000       2.0301    
  3989.000000       1.0000       8.5051    
  3990.000000       1.0000       61.992    
  3991.000000       1.0000       312.07    
  3992.000000       1.0000       679.75    
  3993.000000       1.0000       1373.7    
  3994.000000       1.0000       1299.8    
  3995.000000       1.0000       1056.6    
  3996.000000       1.0000       1798.2    
  3997.000000       1.0000       1783.0    
  3998.000000       1.0000       1415.6    
  3999.000000       1.0000       1958.9    
  4000.000000       1.0000       1791.7    
  4001.000000       1.0000       1134.8    
  4002.000000       1.0000       506.39    
  4003.000000       1.0000       110.73    
  4004.000000       1.0000       33.612    
  4005.000000       1.0000       4.1654    
  4006.000000       1.0000      0.10081    
  4007.000000       1.0000       0.0000    
  4008.000000       1.0000       0.0000    
  4009.000000       1.0000       0.0000    
  4010.000000       1.0000       0.0000    
  4011.000000       1.0000       0.0000    
  4012.000000       1.0000      0.30624    
  4013.000000       1.0000       6.9930    
  4014.000000       1.0000       41.548    
  4015.000000       1.0000       49.152    
  4016.000000       1.0000       271.20    
  4017.000000       1.0000       515.81    
  4018.000000       1.0000       477.27    
  4019.000000       1.0000       305.52    
  4020.000000       1.0000       266.37    
  4021.000000       1.0000       479.68    
  4022.000000       1.0000       569.08    
  4023.000000       1.0000       492.67    
  4024.000000       1.0000       888.26    
  4025.000000       1.0000       793.04    
  4026.000000       1.0000       412.94    
  4027.000000       1.0000       91.460    
  4028.000000       1.0000       25.520    
  4029.000000       1.0000       1.0390    
  4030.000000       1.0000      7.96877E-02
  4031.000000       1.0000       0.0000    
  4032.000000       1.0000       0.0000    
  4033.000000       1.0000       0.0000    
  4034.000000       1.0000       0.0000    
  4035.000000       1.0000      6.22971E-02
  4036.000000       1.0000       1.9155    
  4037.000000       1.0000       5.3740    
  4038.000000       1.0000       40.952    
  4039.000000       1.0000       278.09    
  4040.000000       1.0000       896.79    
  4041.000000       1.0000       1404.6    
  4042.000000       1.0000       981.06    
  4043.000000       1.0000       638.41    
  4044.000000       1.0000       2428.1    
  4045.000000       1.0000       1393.7    
  4046.000000       1.0000       871.62    
  4047.000000       1.0000       862.59    
  4048.000000       1.0000       1418.1    
  4049.000000       1.0000       623.74    
  4050.000000       1.0000       454.08    
  4051.000000       1.0000       158.35    
  4052.000000       1.0000       58.160    
  4053.000000       1.0000       5.8700    
  4054.000000       1.0000      0.29401    
  4055.000000       1.0000     -6.61371E-29
  4056.000000       1.0000      5.41960E-45
  4057.000000       1.0000       0.0000    
  4058.000000       1.0000       0.0000    
  4059.000000       1.0000      9.45069E-02
  4060.000000       1.0000       2.3211    
  4061.000000       1.0000       7.9278    
  4062.000000       1.0000       56.539    
  4063.000000       1.0000       248.34    
  4064.000000       1.0000       862.93    
  4065.000000       1.0000       1541.5    
  4066.000000       1.0000       2040.3    
  4067.000000       1.0000       1612.5    
  4068.000000       1.0000       1041.7    
  4069.000000       1.0000       1065.0    
  4070.000000       1.0000       1135.3    
  4071.000000       1.0000       478.23    
  4072.000000       1.0000       523.90    
  4073.000000       1.0000       643.81    
  4074.000000       1.0000       428.43    
  4075.000000       1.0000       154.50    
  4076.000000       1.0000       76.580    
  4077.000000       1.0000       7.3447    
  4078.000000       1.0000      0.29836    
  4079.000000       1.0000       0.0000    
  4080.000000       1.0000       0.0000    
  4081.000000       1.0000       0.0000    
  4082.000000       1.0000       0.0000    
  4083.000000       1.0000      9.32367E-02
  4084.000000       1.0000       1.3575    
  4085.000000       1.0000       6.3024    
  4086.000000       1.0000       87.477    
  4087.000000       1.0000       183.52    
  4088.000000       1.0000       390.84    
  4089.000000       1.0000       864.93    
  4090.000000       1.0000       796.04    
  4091.000000       1.0000       110.33    
  4092.000000       1.0000       1090.2    
  4093.000000       1.0000       1062.6    
  4094.000000       1.0000       1273.7    
  4095.000000       1.0000       1337.5    
  4096.000000       1.0000       1017.4    
  4097.000000       1.0000       38.145    
  4098.000000       1.0000       4.6845    
  4099.000000       1.0000       18.192    
  4100.000000       1.0000       22.936    
  4101.000000       1.0000       2.3910    
  4102.000000       1.0000      8.98649E-02
  4103.000000       1.0000      8.94475E-30
  4104.000000       1.0000       0.0000    
  4105.000000       1.0000       0.0000    
  4106.000000       1.0000       0.0000    
  4107.000000       1.0000      0.24301    
  4108.000000       1.0000       1.7195    
  4109.000000       1.0000       1.9067    
  4110.000000       1.0000       3.6607    
  4111.000000       1.0000       26.151    
  4112.000000       1.0000       171.21    
  4113.000000       1.0000       432.56    
  4114.000000       1.0000       383.24    
  4115.000000       1.0000       240.12    
  4116.000000       1.0000       96.856    
  4117.000000       1.0000       48.069    
  4118.000000       1.0000       184.56    
  4119.000000       1.0000       562.89    
  4120.000000       1.0000       795.97    
  4121.000000       1.0000       284.57    
  4122.000000       1.0000       100.02    
  4123.000000       1.0000       16.135    
  4124.000000       1.0000       137.83    
  4125.000000       1.0000       20.205    
  4126.000000       1.0000      9.53589E-03
  4127.000000       1.0000       0.0000    
  4128.000000       1.0000       0.0000    
  4129.000000       1.0000       0.0000    
  4130.000000       1.0000       0.0000    
  4131.000000       1.0000       0.0000    
  4132.000000       1.0000      0.14003    
  4133.000000       1.0000       2.0135    
  4134.000000       1.0000       19.255    
  4135.000000       1.0000       227.58    
  4136.000000       1.0000       315.74    
  4137.000000       1.0000       640.90    
  4138.000000       1.0000       928.51    
  4139.000000       1.0000       1039.2    
  4140.000000       1.0000       480.64    
  4141.000000       1.0000       515.37    
  4142.000000       1.0000       729.15    
  4143.000000       1.0000       818.90    
  4144.000000       1.0000       217.76    
  4145.000000       1.0000       192.13    
  4146.000000       1.0000       85.154    
  4147.000000       1.0000       57.679    
  4148.000000       1.0000       5.9496    
  4149.000000       1.0000       1.7474    
  4150.000000       1.0000      0.10530    
  4151.000000       1.0000       0.0000    
  4152.000000       1.0000       0.0000    
  4153.000000       1.0000       0.0000    
  4154.000000       1.0000       0.0000    
  4155.000000       1.0000      0.10509    
  4156.000000       1.0000      0.95800    
  4157.000000       1.0000       7.1382    
  4158.000000       1.0000       51.966    
  4159.000000       1.0000       249.51    
  4160.000000       1.0000       782.50    
  4161.000000       1.0000       1225.9    
  4162.000000       1.0000       729.52    
  4163.000000       1.0000       1750.3    
  4164.000000       1.0000       2104.1    
  4165.000000       1.0000       1556.2    
  4166.000000       1.0000       1013.4    
  4167.000000       1.0000       1039.3    
  4168.000000       1.0000       863.33    
  4169.000000       1.0000       633.21    
  4170.000000       1.0000       530.23    
  4171.000000       1.0000       120.94    
  4172.000000       1.0000       34.741    
  4173.000000       1.0000       1.2927    
  4174.000000       1.0000      4.51138E-02
  4175.000000       1.0000       0.0000    
  4176.000000       1.0000       0.0000    
  4177.000000       1.0000       0.0000    
  4178.000000       1.0000       0.0000    
  4179.000000       1.0000      0.12339    
  4180.000000       1.0000       1.7018    
  4181.000000       1.0000       10.196    
  4182.000000       1.0000       63.844    
  4183.000000       1.0000       299.03    
  4184.000000       1.0000       868.87    
  4185.000000       1.0000       1539.1    
  4186.000000       1.0000       1980.2    
  4187.000000       1.0000       1844.7    
  4188.000000       1.0000       2500.4    
  4189.000000       1.0000       2527.9    
  4190.000000       1.0000       2412.7    
  4191.000000       1.0000       2128.2    
  4192.000000       1.0000       1725.0    
  4193.000000       1.0000       1156.8    
  4194.000000       1.0000       471.90    
  4195.000000       1.0000       87.939    
  4196.000000       1.0000       26.685    
  4197.000000       1.0000       2.8614    
  4198.000000       1.0000      6.09529E-02
  4199.000000       1.0000     -5.14494E-19
  4200.000000       1.0000       0.0000    
  4201.000000       1.0000       0.0000    
  4202.000000       1.0000       0.0000    
  4203.000000       1.0000      9.15868E-02
  4204.000000       1.0000       1.2617    
  4205.000000       1.0000       6.4593    
  4206.000000       1.0000       35.758    
  4207.000000       1.0000       225.33    
  4208.000000       1.0000       940.19    
  4209.000000       1.0000       1480.4    
  4210.000000       1.0000       1833.0    
  4211.000000       1.0000       1886.6    
  4212.000000       1.0000       1763.2    
  4213.000000       1.0000       2240.1    
  4214.000000       1.0000       1996.7    
  4215.000000       1.0000       1704.1    
  4216.000000       1.0000       1147.8    
  4217.000000       1.0000       1183.4    
  4218.000000       1.0000       505.72    
  4219.000000       1.0000       117.32    
  4220.000000       1.0000       47.988    
  4221.000000       1.0000      0.60063    
  4222.000000       1.0000      1.52426E-02
  4223.000000       1.0000     -2.11088E-19
  4224.000000       1.0000       0.0000    
  4225.000000       1.0000       0.0000    
  4226.000000       1.0000       0.0000    
  4227.000000       1.0000      0.17414    
  4228.000000       1.0000       1.4719    
  4229.000000       1.0000       3.1805    
  4230.000000       1.0000       35.848    
  4231.000000       1.0000       207.55    
  4232.000000       1.0000       865.37    
  4233.000000       1.0000       1527.8    
  4234.000000       1.0000       2023.2    
  4235.000000       1.0000       2183.9    
  4236.000000       1.0000       2332.7    
  4237.000000       1.0000       2323.2    
  4238.000000       1.0000       2176.8    
  4239.000000       1.0000       2111.8    
  4240.000000       1.0000       1479.0    
  4241.000000       1.0000       772.25    
  4242.000000       1.0000       228.05    
  4243.000000       1.0000       85.445    
  4244.000000       1.0000       37.171    
  4245.000000       1.0000       1.0557    
  4246.000000       1.0000      3.22072E-02
  4247.000000       1.0000       0.0000    
  4248.000000       1.0000       0.0000    
  4249.000000       1.0000       0.0000    
  4250.000000       1.0000       0.0000    
  4251.000000       1.0000      6.30957E-02
  4252.000000       1.0000       2.0829    
  4253.000000       1.0000       6.7674    
  4254.000000       1.0000       49.825    
  4255.000000       1.0000       232.70    
  4256.000000       1.0000       832.46    
  4257.000000       1.0000       1482.4    
  4258.000000       1.0000       1974.8    
  4259.000000       1.0000       2218.2    
  4260.000000       1.0000       2121.5    
  4261.000000       1.0000       1753.1    
  4262.000000       1.0000       1729.4    
  4263.000000       1.0000       662.93    
  4264.000000       1.0000       304.41    
  4265.000000       1.0000       193.41    
  4266.000000       1.0000       103.32    
  4267.000000       1.0000       13.175    
  4268.000000       1.0000      0.18899    
  4269.000000       1.0000      0.73578    
  4270.000000       1.0000      2.83885E-02
  4271.000000       1.0000     -5.40536E-30
  4272.000000       1.0000       0.0000    
  4273.000000       1.0000       0.0000    
  4274.000000       1.0000       0.0000    
  4275.000000       1.0000      4.08888E-02
  4276.000000       1.0000       2.5203    
  4277.000000       1.0000       31.309    
  4278.000000       1.0000       119.53    
  4279.000000       1.0000       325.84    
  4280.000000       1.0000       772.04    
  4281.000000       1.0000       888.94    
  4282.000000       1.0000       1582.2    
  4283.000000       1.0000       965.93    
  4284.000000       1.0000       1343.9    
  4285.000000       1.0000       1465.7    
  4286.000000       1.0000       1397.9    
  4287.000000       1.0000       1149.3    
  4288.000000       1.0000       631.07    
  4289.000000       1.0000       242.73    
  4290.000000       1.0000       183.93    
  4291.000000       1.0000       74.117    
  4292.000000       1.0000       4.8982    
  4293.000000       1.0000       2.2771    
  4294.000000       1.0000      0.93406    
  4295.000000       1.0000      4.71593E-02
  4296.000000       1.0000       0.0000    
  4297.000000       1.0000       0.0000    
  4298.000000       1.0000       0.0000    
  4299.000000       1.0000      0.12902    
  4300.000000       1.0000       2.7002    
  4301.000000       1.0000       21.709    
  4302.000000       1.0000       127.57    
  4303.000000       1.0000       314.22    
  4304.000000       1.0000       838.20    
  4305.000000       1.0000       1632.1    
  4306.000000       1.0000       1337.7    
  4307.000000       1.0000       1380.4    
  4308.000000       1.0000       2211.7    
  4309.000000       1.0000       1130.3    
  4310.000000       1.0000       2445.0    
  4311.000000       1.0000       1878.3    
  4312.000000       1.0000       1090.1    
  4313.000000       1.0000       576.80    
  4314.000000       1.0000       328.41    
  4315.000000       1.0000       188.94    
  4316.000000       1.0000       29.134    
  4317.000000       1.0000       3.4464    
  4318.000000       1.0000      0.12064    
  4319.000000       1.0000     -8.97276E-31
  4320.000000       1.0000      1.18804E-46
  4321.000000       1.0000       0.0000    
  4322.000000       1.0000       0.0000    
  4323.000000       1.0000      1.40016E-02
  4324.000000       1.0000      0.93267    
  4325.000000       1.0000       3.9412    
  4326.000000       1.0000       10.163    
  4327.000000       1.0000       69.755    
  4328.000000       1.0000       628.69    
  4329.000000       1.0000       962.43    
  4330.000000       1.0000       1372.8    
  4331.000000       1.0000       1073.7    
  4332.000000       1.0000       1140.7    
  4333.000000       1.0000       1318.7    
  4334.000000       1.0000       1643.1    
  4335.000000       1.0000       841.95    
  4336.000000       1.0000       492.94    
  4337.000000       1.0000       605.85    
  4338.000000       1.0000       107.76    
  4339.000000       1.0000       47.564    
  4340.000000       1.0000       67.015    
  4341.000000       1.0000       12.956    
  4342.000000       1.0000      0.65549    
  4343.000000       1.0000       0.0000    
  4344.000000       1.0000       0.0000    
  4345.000000       1.0000       0.0000    
  4346.000000       1.0000       0.0000    
  4347.000000       1.0000       0.0000    
  4348.000000       1.0000      7.01239E-02
  4349.000000       1.0000       6.2053    
  4350.000000       1.0000       135.79    
  4351.000000       1.0000       300.00    
  4352.000000       1.0000       742.48    
  4353.000000       1.0000       1154.1    
  4354.000000       1.0000       1187.7    
  4355.000000       1.0000       1993.7    
  4356.000000       1.0000       2379.7    
  4357.000000       1.0000       1687.1    
  4358.000000       1.0000       1427.7    
  4359.000000       1.0000       954.01    
  4360.000000       1.0000       944.25    
  4361.000000       1.0000       540.60    
  4362.000000       1.0000       239.70    
  4363.000000       1.0000       64.499    
  4364.000000       1.0000       6.9512    
  4365.000000       1.0000      0.70068    
  4366.000000       1.0000     -1.50800E-32
  4367.000000       1.0000     -8.60771E-49
  4368.000000       1.0000       0.0000    
  4369.000000       1.0000       0.0000    
  4370.000000       1.0000       0.0000    
  4371.000000       1.0000       0.0000    
  4372.000000       1.0000       0.0000    
  4373.000000       1.0000       0.0000    
  4374.000000       1.0000       0.0000    
  4375.000000       1.0000       0.0000    
  4376.000000       1.0000       0.0000    
  4377.000000       1.0000       0.0000    
  4378.000000       1.0000       0.0000    
  4379.000000       1.0000       0.0000    
  4380.000000       1.0000       0.0000    
  4381.000000       1.0000       0.0000    
  4382.000000       1.0000       0.0000    
  4383.000000       1.0000       0.0000    
  4384.000000       1.0000       0.0000    
  4385.000000       1.0000       0.0000    
  4386.000000       1.0000       0.0000    
  4387.000000       1.0000       0.0000    
  4388.000000       1.0000       0.0000    
  4389.000000       1.0000       0.0000    
  4390.000000       1.0000       0.0000    
  4391.000000       1.0000       0.0000    
  4392.000000       1.0000       0.0000    
  4393.000000       1.0000       0.0000    
  4394.000000       1.0000       0.0000    
  4395.000000       1.0000       0.0000    
  4396.000000       1.0000       0.0000    
  4397.000000       1.0000       0.0000    
  4398.000000       1.0000       2.4606    
  4399.000000       1.0000       139.25    
  4400.000000       1.0000       582.34    
  4401.000000       1.0000       863.62    
  4402.000000       1.0000       800.67    
  4403.000000       1.0000       1329.7    
  4404.000000       1.0000       1397.8    
  4405.000000       1.0000       1415.1    
  4406.000000       1.0000       794.71    
  4407.000000       1.0000       696.34    
  4408.000000       1.0000       460.77    
  4409.000000       1.0000       465.53    
  4410.000000       1.0000       274.15    
  4411.000000       1.0000       140.69    
  4412.000000       1.0000       45.937    
  4413.000000       1.0000       5.1029    
  4414.000000       1.0000      0.10332    
  4415.000000       1.0000       0.0000    
  4416.000000       1.0000       0.0000    
  4417.000000       1.0000       0.0000    
  4418.000000       1.0000       0.0000    
  4419.000000       1.0000       0.0000    
  4420.000000       1.0000      0.13649    
  4421.000000       1.0000       1.2006    
  4422.000000       1.0000       4.4341    
  4423.000000       1.0000       42.867    
  4424.000000       1.0000       69.249    
  4425.000000       1.0000       245.14    
  4426.000000       1.0000       553.90    
  4427.000000       1.0000       370.71    
  4428.000000       1.0000       325.60    
  4429.000000       1.0000       813.39    
  4430.000000       1.0000       386.13    
  4431.000000       1.0000       280.74    
  4432.000000       1.0000       236.73    
  4433.000000       1.0000       202.06    
  4434.000000       1.0000       126.06    
  4435.000000       1.0000       67.531    
  4436.000000       1.0000       8.5573    
  4437.000000       1.0000       1.4814    
  4438.000000       1.0000      0.23733    
  4439.000000       1.0000       0.0000    
  4440.000000       1.0000       0.0000    
  4441.000000       1.0000       0.0000    
  4442.000000       1.0000       0.0000    
  4443.000000       1.0000       0.0000    
  4444.000000       1.0000      0.29521    
  4445.000000       1.0000       3.9860    
  4446.000000       1.0000       16.412    
  4447.000000       1.0000       19.276    
  4448.000000       1.0000       70.248    
  4449.000000       1.0000       79.331    
  4450.000000       1.0000       99.471    
  4451.000000       1.0000       161.42    
  4452.000000       1.0000       362.89    
  4453.000000       1.0000       737.98    
  4454.000000       1.0000       822.74    
  4455.000000       1.0000       1011.8    
  4456.000000       1.0000       835.40    
  4457.000000       1.0000       866.61    
  4458.000000       1.0000       304.63    
  4459.000000       1.0000       130.04    
  4460.000000       1.0000       66.774    
  4461.000000       1.0000       5.9456    
  4462.000000       1.0000      1.94715E-02
  4463.000000       1.0000      1.66060E-45
  4464.000000       1.0000      3.77652E-77
  4465.000000       1.0000       0.0000    
  4466.000000       1.0000       0.0000    
  4467.000000       1.0000      9.37599E-02
  4468.000000       1.0000       3.1850    
  4469.000000       1.0000       23.312    
  4470.000000       1.0000       103.10    
  4471.000000       1.0000       255.02    
  4472.000000       1.0000       577.98    
  4473.000000       1.0000       872.45    
  4474.000000       1.0000       1004.3    
  4475.000000       1.0000       1033.5    
  4476.000000       1.0000       1411.0    
  4477.000000       1.0000       720.27    
  4478.000000       1.0000       365.76    
  4479.000000       1.0000       199.90    
  4480.000000       1.0000       82.746    
  4481.000000       1.0000       218.54    
  4482.000000       1.0000       202.21    
  4483.000000       1.0000       101.52    
  4484.000000       1.0000       34.138    
  4485.000000       1.0000       5.0846    
  4486.000000       1.0000      0.15487    
  4487.000000       1.0000       0.0000    
  4488.000000       1.0000       0.0000    
  4489.000000       1.0000       0.0000    
  4490.000000       1.0000       0.0000    
  4491.000000       1.0000      3.96163E-02
  4492.000000       1.0000       1.4381    
  4493.000000       1.0000      0.50996    
  4494.000000       1.0000       32.959    
  4495.000000       1.0000       268.26    
  4496.000000       1.0000       791.28    
  4497.000000       1.0000       1404.5    
  4498.000000       1.0000       1145.2    
  4499.000000       1.0000       709.19    
  4500.000000       1.0000       938.95    
  4501.000000       1.0000       1107.3    
  4502.000000       1.0000       1661.4    
  4503.000000       1.0000       1466.8    
  4504.000000       1.0000       604.72    
  4505.000000       1.0000       495.11    
  4506.000000       1.0000       365.57    
  4507.000000       1.0000       151.35    
  4508.000000       1.0000       38.799    
  4509.000000       1.0000       4.2395    
  4510.000000       1.0000      7.75269E-02
  4511.000000       1.0000      7.17777E-30
  4512.000000       1.0000      1.69662E-49
  4513.000000       1.0000       0.0000    
  4514.000000       1.0000       0.0000    
  4515.000000       1.0000       0.0000    
  4516.000000       1.0000      0.46995    
  4517.000000       1.0000       6.9884    
  4518.000000       1.0000       45.030    
  4519.000000       1.0000       176.97    
  4520.000000       1.0000       566.97    
  4521.000000       1.0000       1278.0    
  4522.000000       1.0000       1159.9    
  4523.000000       1.0000       1929.2    
  4524.000000       1.0000       1895.4    
  4525.000000       1.0000       1271.2    
  4526.000000       1.0000       532.96    
  4527.000000       1.0000       1564.3    
  4528.000000       1.0000       1699.4    
  4529.000000       1.0000       1201.4    
  4530.000000       1.0000       521.77    
  4531.000000       1.0000       87.291    
  4532.000000       1.0000       52.007    
  4533.000000       1.0000       5.9258    
  4534.000000       1.0000      7.68043E-02
  4535.000000       1.0000      5.91624E-30
  4536.000000       1.0000       0.0000    
  4537.000000       1.0000       0.0000    
  4538.000000       1.0000       0.0000    
  4539.000000       1.0000      0.23721    
  4540.000000       1.0000       2.0935    
  4541.000000       1.0000       6.8083    
  4542.000000       1.0000       85.998    
  4543.000000       1.0000       211.58    
  4544.000000       1.0000       535.11    
  4545.000000       1.0000       1566.5    
  4546.000000       1.0000       1199.9    
  4547.000000       1.0000       1999.3    
  4548.000000       1.0000       2179.5    
  4549.000000       1.0000       2073.7    
  4550.000000       1.0000       2038.7    
  4551.000000       1.0000       1633.8    
  4552.000000       1.0000       1378.2    
  4553.000000       1.0000       1002.4    
  4554.000000       1.0000       515.50    
  4555.000000       1.0000       105.06    
  4556.000000       1.0000       21.592    
  4557.000000       1.0000      0.85395    
  4558.000000       1.0000     -1.13327E-28
  4559.000000       1.0000     -1.17752E-48
  4560.000000       1.0000       0.0000    
  4561.000000       1.0000       0.0000    
  4562.000000       1.0000       0.0000    
  4563.000000       1.0000      0.19295    
  4564.000000       1.0000       1.2263    
  4565.000000       1.0000       1.3104    
  4566.000000       1.0000       27.505    
  4567.000000       1.0000       249.39    
  4568.000000       1.0000       876.35    
  4569.000000       1.0000       1339.6    
  4570.000000       1.0000       1455.1    
  4571.000000       1.0000       1439.6    
  4572.000000       1.0000       1106.5    
  4573.000000       1.0000       1000.5    
  4574.000000       1.0000       1245.3    
  4575.000000       1.0000       619.88    
  4576.000000       1.0000       558.44    
  4577.000000       1.0000       393.19    
  4578.000000       1.0000       238.07    
  4579.000000       1.0000       34.690    
  4580.000000       1.0000       13.461    
  4581.000000       1.0000      0.93852    
  4582.000000       1.0000     -9.19238E-17
  4583.000000       1.0000       0.0000    
  4584.000000       1.0000       0.0000    
  4585.000000       1.0000       0.0000    
  4586.000000       1.0000       0.0000    
  4587.000000       1.0000      1.95834E-02
  4588.000000       1.0000      0.97658    
  4589.000000       1.0000       3.4358    
  4590.000000       1.0000       68.564    
  4591.000000       1.0000       227.98    
  4592.000000       1.0000       649.43    
  4593.000000       1.0000       725.91    
  4594.000000       1.0000       941.83    
  4595.000000       1.0000       1816.4    
  4596.000000       1.0000       1981.7    
  4597.000000       1.0000       2135.9    
  4598.000000       1.0000       1378.9    
  4599.000000       1.0000       2001.5    
  4600.000000       1.0000       974.39    
  4601.000000       1.0000       1010.7    
  4602.000000       1.0000       340.57    
  4603.000000       1.0000       106.58    
  4604.000000       1.0000       31.065    
  4605.000000       1.0000       3.7187    
  4606.000000       1.0000      6.18457E-02
  4607.000000       1.0000     -6.91095E-18
  4608.000000       1.0000       0.0000    
  4609.000000       1.0000       0.0000    
  4610.000000       1.0000       0.0000    
  4611.000000       1.0000      0.19881    
  4612.000000       1.0000       1.5279    
  4613.000000       1.0000       4.8139    
  4614.000000       1.0000       77.719    
  4615.000000       1.0000       266.11    
  4616.000000       1.0000       667.38    
  4617.000000       1.0000       1110.4    
  4618.000000       1.0000       1463.5    
  4619.000000       1.0000       2144.3    
  4620.000000       1.0000       1317.6    
  4621.000000       1.0000       1647.4    
  4622.000000       1.0000       2059.9    
  4623.000000       1.0000       1990.0    
  4624.000000       1.0000       1500.6    
  4625.000000       1.0000       1158.2    
  4626.000000       1.0000       508.52    
  4627.000000       1.0000       130.71    
  4628.000000       1.0000       22.131    
  4629.000000       1.0000       2.0679    
  4630.000000       1.0000      0.11671    
  4631.000000       1.0000       0.0000    
  4632.000000       1.0000       0.0000    
  4633.000000       1.0000       0.0000    
  4634.000000       1.0000       0.0000    
  4635.000000       1.0000       0.0000    
  4636.000000       1.0000      8.73297E-02
  4637.000000       1.0000       6.0422    
  4638.000000       1.0000       75.316    
  4639.000000       1.0000       197.92    
  4640.000000       1.0000       695.30    
  4641.000000       1.0000       1315.5    
  4642.000000       1.0000       1490.0    
  4643.000000       1.0000       1949.9    
  4644.000000       1.0000       1816.6    
  4645.000000       1.0000       1820.7    
  4646.000000       1.0000       1474.3    
  4647.000000       1.0000       1295.8    
  4648.000000       1.0000       311.54    
  4649.000000       1.0000       143.93    
  4650.000000       1.0000       363.48    
  4651.000000       1.0000       170.67    
  4652.000000       1.0000       86.940    
  4653.000000       1.0000       5.0852    
  4654.000000       1.0000      0.11182    
  4655.000000       1.0000     -3.27619E-29
  4656.000000       1.0000      5.60519E-45
  4657.000000       1.0000       0.0000    
  4658.000000       1.0000       0.0000    
  4659.000000       1.0000      0.10524    
  4660.000000       1.0000       1.6428    
  4661.000000       1.0000       10.262    
  4662.000000       1.0000       57.138    
  4663.000000       1.0000       102.50    
  4664.000000       1.0000       83.783    
  4665.000000       1.0000       83.798    
  4666.000000       1.0000       231.31    
  4667.000000       1.0000       217.49    
  4668.000000       1.0000       168.48    
  4669.000000       1.0000       142.30    
  4670.000000       1.0000       126.28    
  4671.000000       1.0000       191.49    
  4672.000000       1.0000       312.30    
  4673.000000       1.0000       299.15    
  4674.000000       1.0000       175.26    
  4675.000000       1.0000       158.67    
  4676.000000       1.0000       39.171    
  4677.000000       1.0000       2.4327    
  4678.000000       1.0000      4.48268E-02
  4679.000000       1.0000     -4.95589E-19
  4680.000000       1.0000       0.0000    
  4681.000000       1.0000       0.0000    
  4682.000000       1.0000       0.0000    
  4683.000000       1.0000       0.0000    
  4684.000000       1.0000      0.22533    
  4685.000000       1.0000       1.6569    
  4686.000000       1.0000       1.5958    
  4687.000000       1.0000       2.8621    
  4688.000000       1.0000       149.78    
  4689.000000       1.0000       393.67    
  4690.000000       1.0000       702.96    
  4691.000000       1.0000       1344.3    
  4692.000000       1.0000       1748.3    
  4693.000000       1.0000       1718.0    
  4694.000000       1.0000       1981.8    
  4695.000000       1.0000       891.79    
  4696.000000       1.0000       424.19    
  4697.000000       1.0000       425.18    
  4698.000000       1.0000       265.26    
  4699.000000       1.0000       146.59    
  4700.000000       1.0000       47.187    
  4701.000000       1.0000       4.6230    
  4702.000000       1.0000      4.06821E-02
  4703.000000       1.0000       0.0000    
  4704.000000       1.0000       0.0000    
  4705.000000       1.0000       0.0000    
  4706.000000       1.0000       0.0000    
  4707.000000       1.0000      9.50632E-02
  4708.000000       1.0000       1.1944    
  4709.000000       1.0000       3.4815    
  4710.000000       1.0000       5.2179    
  4711.000000       1.0000       55.215    
  4712.000000       1.0000       77.908    
  4713.000000       1.0000       122.55    
  4714.000000       1.0000       307.78    
  4715.000000       1.0000       801.61    
  4716.000000       1.0000       643.68    
  4717.000000       1.0000       1455.9    
  4718.000000       1.0000       1200.8    
  4719.000000       1.0000       1723.7    
  4720.000000       1.0000       1169.2    
  4721.000000       1.0000       1039.3    
  4722.000000       1.0000       581.10    
  4723.000000       1.0000       186.86    
  4724.000000       1.0000       65.826    
  4725.000000       1.0000       6.5055    
  4726.000000       1.0000       0.0000    
  4727.000000       1.0000       0.0000    
  4728.000000       1.0000       0.0000    
  4729.000000       1.0000       0.0000    
  4730.000000       1.0000       0.0000    
  4731.000000       1.0000      2.24082E-02
  4732.000000       1.0000      0.90831    
  4733.000000       1.0000       1.9765    
  4734.000000       1.0000       33.661    
  4735.000000       1.0000       246.16    
  4736.000000       1.0000       775.10    
  4737.000000       1.0000       1283.7    
  4738.000000       1.0000       2108.1    
  4739.000000       1.0000       2481.4    
  4740.000000       1.0000       2581.9    
  4741.000000       1.0000       2594.7    
  4742.000000       1.0000       2486.4    
  4743.000000       1.0000       2275.5    
  4744.000000       1.0000       1845.8    
  4745.000000       1.0000       1189.9    
  4746.000000       1.0000       484.72    
  4747.000000       1.0000       68.573    
  4748.000000       1.0000       11.240    
  4749.000000       1.0000       1.6614    
  4750.000000       1.0000      8.81405E-04
  4751.000000       1.0000      5.88723E-21
  4752.000000       1.0000       0.0000    
  4753.000000       1.0000       0.0000    
  4754.000000       1.0000       0.0000    
  4755.000000       1.0000      6.99115E-02
  4756.000000       1.0000       1.0787    
  4757.000000       1.0000       11.170    
  4758.000000       1.0000       105.65    
  4759.000000       1.0000       259.62    
  4760.000000       1.0000       867.23    
  4761.000000       1.0000       1475.6    
  4762.000000       1.0000       1319.1    
  4763.000000       1.0000       937.03    
  4764.000000       1.0000       1043.7    
  4765.000000       1.0000       1054.3    
  4766.000000       1.0000       914.26    
  4767.000000       1.0000       1760.0    
  4768.000000       1.0000       1462.8    
  4769.000000       1.0000       965.41    
  4770.000000       1.0000       493.24    
  4771.000000       1.0000       321.63    
  4772.000000       1.0000       96.441    
  4773.000000       1.0000       2.3803    
  4774.000000       1.0000      0.17561    
  4775.000000       1.0000       0.0000    
  4776.000000       1.0000       0.0000    
  4777.000000       1.0000       0.0000    
  4778.000000       1.0000       0.0000    
  4779.000000       1.0000      7.85863E-02
  4780.000000       1.0000       1.0963    
  4781.000000       1.0000       5.8392    
  4782.000000       1.0000       34.987    
  4783.000000       1.0000       179.07    
  4784.000000       1.0000       433.45    
  4785.000000       1.0000       679.74    
  4786.000000       1.0000       901.19    
  4787.000000       1.0000       1113.2    
  4788.000000       1.0000       1386.8    
  4789.000000       1.0000       1574.4    
  4790.000000       1.0000       605.80    
  4791.000000       1.0000       875.28    
  4792.000000       1.0000       943.07    
  4793.000000       1.0000       395.13    
  4794.000000       1.0000       210.45    
  4795.000000       1.0000       159.80    
  4796.000000       1.0000       24.224    
  4797.000000       1.0000       1.8206    
  4798.000000       1.0000      0.17804    
  4799.000000       1.0000       0.0000    
  4800.000000       1.0000       0.0000    
  4801.000000       1.0000       0.0000    
  4802.000000       1.0000       0.0000    
  4803.000000       1.0000      2.83674E-02
  4804.000000       1.0000       1.0067    
  4805.000000       1.0000       3.7328    
  4806.000000       1.0000       4.7300    
  4807.000000       1.0000       18.800    
  4808.000000       1.0000       173.69    
  4809.000000       1.0000       371.10    
  4810.000000       1.0000       526.01    
  4811.000000       1.0000       974.78    
  4812.000000       1.0000       1638.5    
  4813.000000       1.0000       1263.5    
  4814.000000       1.0000       2055.4    
  4815.000000       1.0000       2172.5    
  4816.000000       1.0000       1646.3    
  4817.000000       1.0000       1094.0    
  4818.000000       1.0000       539.00    
  4819.000000       1.0000       110.49    
  4820.000000       1.0000       23.259    
  4821.000000       1.0000       2.3335    
  4822.000000       1.0000      8.22645E-02
  4823.000000       1.0000      3.36535E-30
  4824.000000       1.0000      2.99488E-66
  4825.000000       1.0000       0.0000    
  4826.000000       1.0000       0.0000    
  4827.000000       1.0000       0.0000    
  4828.000000       1.0000      0.16617    
  4829.000000       1.0000       16.234    
  4830.000000       1.0000       116.97    
  4831.000000       1.0000       319.80    
  4832.000000       1.0000       655.78    
  4833.000000       1.0000       1335.1    
  4834.000000       1.0000       1754.9    
  4835.000000       1.0000       1768.7    
  4836.000000       1.0000       2476.1    
  4837.000000       1.0000       2250.8    
  4838.000000       1.0000       1855.6    
  4839.000000       1.0000       160.14    
  4840.000000       1.0000       268.71    
  4841.000000       1.0000       645.91    
  4842.000000       1.0000       403.69    
  4843.000000       1.0000       182.23    
  4844.000000       1.0000       22.839    
  4845.000000       1.0000       1.2921    
  4846.000000       1.0000     -9.22189E-29
  4847.000000       1.0000      1.92622E-48
  4848.000000       1.0000       0.0000    
  4849.000000       1.0000       0.0000    
  4850.000000       1.0000       0.0000    
  4851.000000       1.0000       0.0000    
  4852.000000       1.0000      0.15908    
  4853.000000       1.0000       4.3629    
  4854.000000       1.0000       34.426    
  4855.000000       1.0000       234.54    
  4856.000000       1.0000       862.91    
  4857.000000       1.0000       1577.5    
  4858.000000       1.0000       1755.7    
  4859.000000       1.0000       885.61    
  4860.000000       1.0000       417.54    
  4861.000000       1.0000       2262.9    
  4862.000000       1.0000       566.09    
  4863.000000       1.0000       1933.9    
  4864.000000       1.0000       1983.3    
  4865.000000       1.0000       1258.0    
  4866.000000       1.0000       524.21    
  4867.000000       1.0000       68.797    
  4868.000000       1.0000       11.470    
  4869.000000       1.0000      0.50547    
  4870.000000       1.0000     -5.72187E-34
  4871.000000       1.0000      2.74958E-65
  4872.000000       1.0000      4.95954E-93
  4873.000000       1.0000       0.0000    
  4874.000000       1.0000       0.0000    
  4875.000000       1.0000       0.0000    
  4876.000000       1.0000      0.25582    
  4877.000000       1.0000       5.6284    
  4878.000000       1.0000       40.670    
  4879.000000       1.0000       200.29    
  4880.000000       1.0000       394.06    
  4881.000000       1.0000       1411.6    
  4882.000000       1.0000       1144.9    
  4883.000000       1.0000       586.26    
  4884.000000       1.0000       948.90    
  4885.000000       1.0000       1794.1    
  4886.000000       1.0000       2795.6    
  4887.000000       1.0000       2503.3    
  4888.000000       1.0000       2006.0    
  4889.000000       1.0000       1275.8    
  4890.000000       1.0000       511.06    
  4891.000000       1.0000       158.61    
  4892.000000       1.0000       41.960    
  4893.000000       1.0000       5.3180    
  4894.000000       1.0000      0.18851    
  4895.000000       1.0000       0.0000    
  4896.000000       1.0000       0.0000    
  4897.000000       1.0000       0.0000    
  4898.000000       1.0000       0.0000    
  4899.000000       1.0000       0.0000    
  4900.000000       1.0000      3.62956E-02
  4901.000000       1.0000       2.6428    
  4902.000000       1.0000       3.4054    
  4903.000000       1.0000       3.8007    
  4904.000000       1.0000       111.20    
  4905.000000       1.0000       83.987    
  4906.000000       1.0000       153.38    
  4907.000000       1.0000       140.36    
  4908.000000       1.0000       171.48    
  4909.000000       1.0000       156.02    
  4910.000000       1.0000       269.61    
  4911.000000       1.0000       877.39    
  4912.000000       1.0000       395.63    
  4913.000000       1.0000       316.66    
  4914.000000       1.0000       381.51    
  4915.000000       1.0000       143.96    
  4916.000000       1.0000       18.206    
  4917.000000       1.0000      0.66450    
  4918.000000       1.0000      2.33005E-03
  4919.000000       1.0000      4.23912E-35
  4920.000000       1.0000       0.0000    
  4921.000000       1.0000       0.0000    
  4922.000000       1.0000       0.0000    
  4923.000000       1.0000       0.0000    
  4924.000000       1.0000      0.11602    
  4925.000000       1.0000       2.6438    
  4926.000000       1.0000       32.692    
  4927.000000       1.0000       168.21    
  4928.000000       1.0000       520.63    
  4929.000000       1.0000       1167.8    
  4930.000000       1.0000       1962.8    
  4931.000000       1.0000       2514.6    
  4932.000000       1.0000       2409.5    
  4933.000000       1.0000       2405.1    
  4934.000000       1.0000       2201.3    
  4935.000000       1.0000       1742.5    
  4936.000000       1.0000       1036.8    
  4937.000000       1.0000       836.01    
  4938.000000       1.0000       358.63    
  4939.000000       1.0000       102.42    
  4940.000000       1.0000       13.451    
  4941.000000       1.0000      0.78174    
  4942.000000       1.0000      9.81544E-03
  4943.000000       1.0000      2.67375E-30
  4944.000000       1.0000       0.0000    
  4945.000000       1.0000       0.0000    
  4946.000000       1.0000       0.0000    
  4947.000000       1.0000       0.0000    
  4948.000000       1.0000      6.02309E-02
  4949.000000       1.0000       5.2275    
  4950.000000       1.0000       56.197    
  4951.000000       1.0000       151.29    
  4952.000000       1.0000       412.12    
  4953.000000       1.0000       319.41    
  4954.000000       1.0000       318.75    
  4955.000000       1.0000       200.21    
  4956.000000       1.0000       153.34    
  4957.000000       1.0000       343.31    
  4958.000000       1.0000       916.35    
  4959.000000       1.0000       528.26    
  4960.000000       1.0000       54.625    
  4961.000000       1.0000       19.567    
  4962.000000       1.0000       45.379    
  4963.000000       1.0000       13.559    
  4964.000000       1.0000       2.0290    
  4965.000000       1.0000      0.69245    
  4966.000000       1.0000      5.28784E-02
  4967.000000       1.0000       0.0000    
  4968.000000       1.0000       0.0000    
  4969.000000       1.0000       0.0000    
  4970.000000       1.0000       0.0000    
  4971.000000       1.0000       0.0000    
  4972.000000       1.0000      0.16207    
  4973.000000       1.0000       2.2136    
  4974.000000       1.0000       26.331    
  4975.000000       1.0000       138.20    
  4976.000000       1.0000       381.54    
  4977.000000       1.0000       799.49    
  4978.000000       1.0000       1404.6    
  4979.000000       1.0000       2527.2    
  4980.000000       1.0000       2007.9    
  4981.000000       1.0000       1775.3    
  4982.000000       1.0000       1125.9    
  4983.000000       1.0000       1673.9    
  4984.000000       1.0000       1515.0    
  4985.000000       1.0000       1231.7    
  4986.000000       1.0000       632.80    
  4987.000000       1.0000       137.61    
  4988.000000       1.0000       35.561    
  4989.000000       1.0000      0.92191    
  4990.000000       1.0000      2.65804E-32
  4991.000000       1.0000     -7.55173E-60
  4992.000000       1.0000      2.56218E-82
  4993.000000       1.0000       0.0000    
  4994.000000       1.0000       0.0000    
  4995.000000       1.0000       0.0000    
  4996.000000       1.0000      1.80481E-02
  4997.000000       1.0000       6.0057    
  4998.000000       1.0000       24.497    
  4999.000000       1.0000       13.120    
  5000.000000       1.0000       60.743    
  5001.000000       1.0000       43.286    
  5002.000000       1.0000       133.03    
  5003.000000       1.0000       209.69    
  5004.000000       1.0000       127.26    
  5005.000000       1.0000       293.92    
  5006.000000       1.0000       218.33    
  5007.000000       1.0000       748.94    
  5008.000000       1.0000       655.37    
  5009.000000       1.0000       737.03    
  5010.000000       1.0000       458.11    
  5011.000000       1.0000       96.775    
  5012.000000       1.0000       7.2418    
  5013.000000       1.0000       1.1978    
  5014.000000       1.0000      8.63502E-02
  5015.000000       1.0000     -8.04463E-22
  5016.000000       1.0000      9.32175E-38
  5017.000000       1.0000       0.0000    
  5018.000000       1.0000       0.0000    
  5019.000000       1.0000       0.0000    
  5020.000000       1.0000      0.51335    
  5021.000000       1.0000       9.1532    
  5022.000000       1.0000       41.023    
  5023.000000       1.0000       164.18    
  5024.000000       1.0000       168.18    
  5025.000000       1.0000       449.46    
  5026.000000       1.0000       747.08    
  5027.000000       1.0000       612.51    
  5028.000000       1.0000       282.44    
  5029.000000       1.0000       186.99    
  5030.000000       1.0000       181.60    
  5031.000000       1.0000       354.71    
  5032.000000       1.0000       414.98    
  5033.000000       1.0000       217.25    
  5034.000000       1.0000       76.739    
  5035.000000       1.0000       8.0803    
  5036.000000       1.0000       2.2518    
  5037.000000       1.0000      0.15913    
  5038.000000       1.0000       0.0000    
  5039.000000       1.0000       0.0000    
  5040.000000       1.0000       0.0000    
  5041.000000       1.0000       0.0000    
  5042.000000       1.0000       0.0000    
  5043.000000       1.0000       0.0000    
  5044.000000       1.0000      0.17516    
  5045.000000       1.0000       1.7854    
  5046.000000       1.0000       7.1624    
  5047.000000       1.0000       50.191    
  5048.000000       1.0000       188.78    
  5049.000000       1.0000       406.41    
  5050.000000       1.0000       439.81    
  5051.000000       1.0000       498.95    
  5052.000000       1.0000       659.44    
  5053.000000       1.0000       761.51    
  5054.000000       1.0000       1457.0    
  5055.000000       1.0000       1260.9    
  5056.000000       1.0000       483.38    
  5057.000000       1.0000       253.67    
  5058.000000       1.0000       86.225    
  5059.000000       1.0000       14.039    
  5060.000000       1.0000       1.7972    
  5061.000000       1.0000      0.11150    
  5062.000000       1.0000       0.0000    
  5063.000000       1.0000       0.0000    
  5064.000000       1.0000       0.0000    
  5065.000000       1.0000       0.0000    
  5066.000000       1.0000       0.0000    
  5067.000000       1.0000       0.0000    
  5068.000000       1.0000      9.53628E-02
  5069.000000       1.0000       1.6456    
  5070.000000       1.0000       14.107    
  5071.000000       1.0000       164.06    
  5072.000000       1.0000       388.32    
  5073.000000       1.0000       1009.4    
  5074.000000       1.0000       1854.1    
  5075.000000       1.0000       2232.9    
  5076.000000       1.0000       2441.8    
  5077.000000       1.0000       2270.5    
  5078.000000       1.0000       1968.8    
  5079.000000       1.0000       1607.8    
  5080.000000       1.0000       1560.7    
  5081.000000       1.0000       846.99    
  5082.000000       1.0000       312.60    
  5083.000000       1.0000       53.357    
  5084.000000       1.0000       5.6270    
  5085.000000       1.0000      0.10720    
  5086.000000       1.0000     -1.12089E-44
  5087.000000       1.0000     -2.33618E-60
  5088.000000       1.0000      1.25392E-77
  5089.000000       1.0000       0.0000    
  5090.000000       1.0000       0.0000    
  5091.000000       1.0000       0.0000    
  5092.000000       1.0000      0.10243    
  5093.000000       1.0000      0.91617    
  5094.000000       1.0000       5.6069    
  5095.000000       1.0000       185.71    
  5096.000000       1.0000       775.91    
  5097.000000       1.0000       1490.2    
  5098.000000       1.0000       2024.0    
  5099.000000       1.0000       2359.3    
  5100.000000       1.0000       2328.0    
  5101.000000       1.0000       1542.1    
  5102.000000       1.0000       1477.8    
  5103.000000       1.0000       2021.8    
  5104.000000       1.0000       953.75    
  5105.000000       1.0000       705.46    
  5106.000000       1.0000       203.90    
  5107.000000       1.0000       64.482    
  5108.000000       1.0000       11.530    
  5109.000000       1.0000      0.16166    
  5110.000000       1.0000       0.0000    
  5111.000000       1.0000       0.0000    
  5112.000000       1.0000       0.0000    
  5113.000000       1.0000       0.0000    
  5114.000000       1.0000       0.0000    
  5115.000000       1.0000       0.0000    
  5116.000000       1.0000      0.23834    
  5117.000000       1.0000       3.6228    
  5118.000000       1.0000       34.230    
  5119.000000       1.0000       223.73    
  5120.000000       1.0000       163.26    
  5121.000000       1.0000       100.20    
  5122.000000       1.0000       91.197    
  5123.000000       1.0000       188.26    
  5124.000000       1.0000       361.98    
  5125.000000       1.0000       302.19    
  5126.000000       1.0000       299.48    
  5127.000000       1.0000       264.60    
  5128.000000       1.0000       197.97    
  5129.000000       1.0000       264.57    
  5130.000000       1.0000       196.10    
  5131.000000       1.0000       100.36    
  5132.000000       1.0000       11.433    
  5133.000000       1.0000      0.86828    
  5134.000000       1.0000      1.22930E-17
  5135.000000       1.0000      7.08162E-45
  5136.000000       1.0000       0.0000    
  5137.000000       1.0000       0.0000    
  5138.000000       1.0000       0.0000    
  5139.000000       1.0000       0.0000    
  5140.000000       1.0000      0.18620    
  5141.000000       1.0000       5.4539    
  5142.000000       1.0000       36.846    
  5143.000000       1.0000       181.24    
  5144.000000       1.0000       365.90    
  5145.000000       1.0000       840.35    
  5146.000000       1.0000       959.61    
  5147.000000       1.0000       1526.7    
  5148.000000       1.0000       1374.4    
  5149.000000       1.0000       1154.7    
  5150.000000       1.0000       962.79    
  5151.000000       1.0000       1472.1    
  5152.000000       1.0000       1471.9    
  5153.000000       1.0000       891.22    
  5154.000000       1.0000       421.96    
  5155.000000       1.0000       97.882    
  5156.000000       1.0000       10.713    
  5157.000000       1.0000      0.39478    
  5158.000000       1.0000       0.0000    
  5159.000000       1.0000       0.0000    
  5160.000000       1.0000       0.0000    
  5161.000000       1.0000       0.0000    
  5162.000000       1.0000       0.0000    
  5163.000000       1.0000       0.0000    
  5164.000000       1.0000      0.34399    
  5165.000000       1.0000       4.5886    
  5166.000000       1.0000       36.724    
  5167.000000       1.0000       237.16    
  5168.000000       1.0000       729.00    
  5169.000000       1.0000       1372.1    
  5170.000000       1.0000       1226.6    
  5171.000000       1.0000       2338.7    
  5172.000000       1.0000       2035.4    
  5173.000000       1.0000       2367.4    
  5174.000000       1.0000       2397.8    
  5175.000000       1.0000       1493.0    
  5176.000000       1.0000       1340.7    
  5177.000000       1.0000       1058.5    
  5178.000000       1.0000       390.87    
  5179.000000       1.0000       92.060    
  5180.000000       1.0000       17.138    
  5181.000000       1.0000       1.0322    
  5182.000000       1.0000      5.75525E-18
  5183.000000       1.0000      1.32454E-45
  5184.000000       1.0000      9.48565E-65
  5185.000000       1.0000       0.0000    
  5186.000000       1.0000       0.0000    
  5187.000000       1.0000       0.0000    
  5188.000000       1.0000      4.61369E-03
  5189.000000       1.0000       2.4700    
  5190.000000       1.0000       1.6269    
  5191.000000       1.0000       15.934    
  5192.000000       1.0000       214.43    
  5193.000000       1.0000       122.06    
  5194.000000       1.0000       260.90    
  5195.000000       1.0000       396.42    
  5196.000000       1.0000       229.81    
  5197.000000       1.0000       228.91    
  5198.000000       1.0000       444.78    
  5199.000000       1.0000       421.55    
  5200.000000       1.0000       117.74    
  5201.000000       1.0000       42.739    
  5202.000000       1.0000       14.813    
  5203.000000       1.0000       3.1159    
  5204.000000       1.0000      0.72757    
  5205.000000       1.0000      3.03420E-03
  5206.000000       1.0000      3.71995E-35
  5207.000000       1.0000      1.86640E-51
  5208.000000       1.0000     -5.61398E-67
  5209.000000       1.0000       0.0000    
  5210.000000       1.0000       0.0000    
  5211.000000       1.0000       0.0000    
  5212.000000       1.0000      0.10600    
  5213.000000       1.0000       1.8873    
  5214.000000       1.0000       11.950    
  5215.000000       1.0000       117.79    
  5216.000000       1.0000       736.49    
  5217.000000       1.0000       1446.6    
  5218.000000       1.0000       1710.9    
  5219.000000       1.0000       2347.2    
  5220.000000       1.0000       2541.1    
  5221.000000       1.0000       2526.5    
  5222.000000       1.0000       2021.6    
  5223.000000       1.0000       1331.0    
  5224.000000       1.0000       451.81    
  5225.000000       1.0000       807.52    
  5226.000000       1.0000       410.73    
  5227.000000       1.0000       147.05    
  5228.000000       1.0000       1.8797    
  5229.000000       1.0000      4.75577E-02
  5230.000000       1.0000      9.56316E-30
  5231.000000       1.0000       0.0000    
  5232.000000       1.0000       0.0000    
  5233.000000       1.0000       0.0000    
  5234.000000       1.0000       0.0000    
  5235.000000       1.0000       0.0000    
  5236.000000       1.0000      0.17437    
  5237.000000       1.0000       2.2238    
  5238.000000       1.0000       13.061    
  5239.000000       1.0000       162.20    
  5240.000000       1.0000       656.85    
  5241.000000       1.0000       1289.4    
  5242.000000       1.0000       1950.1    
  5243.000000       1.0000       2284.5    
  5244.000000       1.0000       2463.5    
  5245.000000       1.0000       2419.9    
  5246.000000       1.0000       2332.0    
  5247.000000       1.0000       2068.2    
  5248.000000       1.0000       1645.1    
  5249.000000       1.0000       973.13    
  5250.000000       1.0000       383.18    
  5251.000000       1.0000       70.445    
  5252.000000       1.0000      0.98831    
  5253.000000       1.0000      3.00064E-03
  5254.000000       1.0000       0.0000    
  5255.000000       1.0000       0.0000    
  5256.000000       1.0000       0.0000    
  5257.000000       1.0000       0.0000    
  5258.000000       1.0000       0.0000    
  5259.000000       1.0000       0.0000    
  5260.000000       1.0000      8.49269E-02
  5261.000000       1.0000       1.5042    
  5262.000000       1.0000       6.5390    
  5263.000000       1.0000       172.20    
  5264.000000       1.0000       703.21    
  5265.000000       1.0000       1494.9    
  5266.000000       1.0000       2031.4    
  5267.000000       1.0000       2353.2    
  5268.000000       1.0000       2488.1    
  5269.000000       1.0000       2488.5    
  5270.000000       1.0000       1902.1    
  5271.000000       1.0000       2006.0    
  5272.000000       1.0000       1277.1    
  5273.000000       1.0000       1132.1    
  5274.000000       1.0000       430.51    
  5275.000000       1.0000       70.236    
  5276.000000       1.0000       5.7710    
  5277.000000       1.0000      3.88699E-02
  5278.000000       1.0000       0.0000    
  5279.000000       1.0000       0.0000    
  5280.000000       1.0000       0.0000    
  5281.000000       1.0000       0.0000    
  5282.000000       1.0000       0.0000    
  5283.000000       1.0000       0.0000    
  5284.000000       1.0000      0.17450    
  5285.000000       1.0000       2.1255    
  5286.000000       1.0000       12.286    
  5287.000000       1.0000       145.15    
  5288.000000       1.0000       688.94    
  5289.000000       1.0000       1356.3    
  5290.000000       1.0000       1872.7    
  5291.000000       1.0000       2219.3    
  5292.000000       1.0000       2345.2    
  5293.000000       1.0000       2099.1    
  5294.000000       1.0000       2049.8    
  5295.000000       1.0000       1936.0    
  5296.000000       1.0000       1548.4    
  5297.000000       1.0000       785.48    
  5298.000000       1.0000       424.78    
  5299.000000       1.0000       76.416    
  5300.000000       1.0000       5.3142    
  5301.000000       1.0000      0.12162    
  5302.000000       1.0000       0.0000    
  5303.000000       1.0000       0.0000    
  5304.000000       1.0000       0.0000    
  5305.000000       1.0000       0.0000    
  5306.000000       1.0000       0.0000    
  5307.000000       1.0000       0.0000    
  5308.000000       1.0000      7.23418E-02
  5309.000000       1.0000       3.5883    
  5310.000000       1.0000       33.887    
  5311.000000       1.0000       162.05    
  5312.000000       1.0000       447.86    
  5313.000000       1.0000       1019.2    
  5314.000000       1.0000       1750.5    
  5315.000000       1.0000       1497.4    
  5316.000000       1.0000       1951.0    
  5317.000000       1.0000       1664.8    
  5318.000000       1.0000       1524.2    
  5319.000000       1.0000       1091.6    
  5320.000000       1.0000       651.03    
  5321.000000       1.0000       175.29    
  5322.000000       1.0000       97.786    
  5323.000000       1.0000       104.34    
  5324.000000       1.0000       20.308    
  5325.000000       1.0000       1.1392    
  5326.000000       1.0000       0.0000    
  5327.000000       1.0000       0.0000    
  5328.000000       1.0000       0.0000    
  5329.000000       1.0000       0.0000    
  5330.000000       1.0000       0.0000    
  5331.000000       1.0000       0.0000    
  5332.000000       1.0000      6.62498E-02
  5333.000000       1.0000       1.7533    
  5334.000000       1.0000       10.942    
  5335.000000       1.0000       92.002    
  5336.000000       1.0000       453.60    
  5337.000000       1.0000       805.40    
  5338.000000       1.0000       1384.5    
  5339.000000       1.0000       1835.6    
  5340.000000       1.0000       1454.0    
  5341.000000       1.0000       1632.2    
  5342.000000       1.0000       2081.9    
  5343.000000       1.0000       1408.8    
  5344.000000       1.0000       1491.2    
  5345.000000       1.0000       835.75    
  5346.000000       1.0000       235.54    
  5347.000000       1.0000       92.829    
  5348.000000       1.0000       9.1351    
  5349.000000       1.0000      0.18424    
  5350.000000       1.0000      1.85347E-29
  5351.000000       1.0000       0.0000    
  5352.000000       1.0000       0.0000    
  5353.000000       1.0000       0.0000    
  5354.000000       1.0000       0.0000    
  5355.000000       1.0000       0.0000    
  5356.000000       1.0000      9.19021E-03
  5357.000000       1.0000       2.6588    
  5358.000000       1.0000       20.253    
  5359.000000       1.0000       152.78    
  5360.000000       1.0000       270.74    
  5361.000000       1.0000       639.30    
  5362.000000       1.0000       1846.5    
  5363.000000       1.0000       1842.8    
  5364.000000       1.0000       2132.9    
  5365.000000       1.0000       2077.0    
  5366.000000       1.0000       1844.0    
  5367.000000       1.0000       849.96    
  5368.000000       1.0000       839.87    
  5369.000000       1.0000       1071.4    
  5370.000000       1.0000       375.44    
  5371.000000       1.0000       53.130    
  5372.000000       1.0000       2.3072    
  5373.000000       1.0000      6.12917E-02
  5374.000000       1.0000       0.0000    
  5375.000000       1.0000       0.0000    
  5376.000000       1.0000       0.0000    
  5377.000000       1.0000       0.0000    
  5378.000000       1.0000       0.0000    
  5379.000000       1.0000       0.0000    
  5380.000000       1.0000      1.30821E-02
  5381.000000       1.0000       2.4825    
  5382.000000       1.0000       16.781    
  5383.000000       1.0000       229.77    
  5384.000000       1.0000       782.99    
  5385.000000       1.0000       1408.8    
  5386.000000       1.0000       1882.6    
  5387.000000       1.0000       2328.5    
  5388.000000       1.0000       2511.4    
  5389.000000       1.0000       2483.7    
  5390.000000       1.0000       1867.5    
  5391.000000       1.0000       2105.5    
  5392.000000       1.0000       1622.7    
  5393.000000       1.0000       1100.1    
  5394.000000       1.0000       373.54    
  5395.000000       1.0000       77.391    
  5396.000000       1.0000       4.9317    
  5397.000000       1.0000      5.98720E-02
  5398.000000       1.0000      1.57154E-18
  5399.000000       1.0000       0.0000    
  5400.000000       1.0000       0.0000    
  5401.000000       1.0000       0.0000    
  5402.000000       1.0000       0.0000    
  5403.000000       1.0000       0.0000    
  5404.000000       1.0000      7.10528E-02
  5405.000000       1.0000       1.5801    
  5406.000000       1.0000       11.443    
  5407.000000       1.0000       164.38    
  5408.000000       1.0000       710.67    
  5409.000000       1.0000       1460.8    
  5410.000000       1.0000       1999.3    
  5411.000000       1.0000       2369.6    
  5412.000000       1.0000       2531.9    
  5413.000000       1.0000       2548.2    
  5414.000000       1.0000       2410.9    
  5415.000000       1.0000       2139.4    
  5416.000000       1.0000       1673.9    
  5417.000000       1.0000       1051.4    
  5418.000000       1.0000       361.97    
  5419.000000       1.0000       33.606    
  5420.000000       1.0000       1.4306    
  5421.000000       1.0000      4.32801E-03
  5422.000000       1.0000       0.0000    
  5423.000000       1.0000       0.0000    
  5424.000000       1.0000       0.0000    
  5425.000000       1.0000       0.0000    
  5426.000000       1.0000       0.0000    
  5427.000000       1.0000       0.0000    
  5428.000000       1.0000      6.07703E-02
  5429.000000       1.0000       1.8533    
  5430.000000       1.0000       6.3070    
  5431.000000       1.0000       158.02    
  5432.000000       1.0000       719.96    
  5433.000000       1.0000       1407.5    
  5434.000000       1.0000       1944.9    
  5435.000000       1.0000       2295.3    
  5436.000000       1.0000       2464.5    
  5437.000000       1.0000       2491.3    
  5438.000000       1.0000       2384.0    
  5439.000000       1.0000       2100.0    
  5440.000000       1.0000       1652.4    
  5441.000000       1.0000       1026.8    
  5442.000000       1.0000       358.62    
  5443.000000       1.0000       44.203    
  5444.000000       1.0000      0.68855    
  5445.000000       1.0000       0.0000    
  5446.000000       1.0000       0.0000    
  5447.000000       1.0000       0.0000    
  5448.000000       1.0000       0.0000    
  5449.000000       1.0000       0.0000    
  5450.000000       1.0000       0.0000    
  5451.000000       1.0000       0.0000    
  5452.000000       1.0000      5.38145E-02
  5453.000000       1.0000      0.58649    
  5454.000000       1.0000       2.0059    
  5455.000000       1.0000       158.81    
  5456.000000       1.0000       746.77    
  5457.000000       1.0000       1441.3    
  5458.000000       1.0000       1988.2    
  5459.000000       1.0000       2308.2    
  5460.000000       1.0000       2477.4    
  5461.000000       1.0000       2495.0    
  5462.000000       1.0000       2369.1    
  5463.000000       1.0000       2087.0    
  5464.000000       1.0000       1673.0    
  5465.000000       1.0000       1012.7    
  5466.000000       1.0000       362.77    
  5467.000000       1.0000       35.702    
  5468.000000       1.0000      0.28387    
  5469.000000       1.0000       0.0000    
  5470.000000       1.0000       0.0000    
  5471.000000       1.0000       0.0000    
  5472.000000       1.0000       0.0000    
  5473.000000       1.0000       0.0000    
  5474.000000       1.0000       0.0000    
  5475.000000       1.0000       0.0000    
  5476.000000       1.0000      8.24608E-02
  5477.000000       1.0000       1.1821    
  5478.000000       1.0000       6.0201    
  5479.000000       1.0000       153.76    
  5480.000000       1.0000       613.70    
  5481.000000       1.0000       1203.5    
  5482.000000       1.0000       1626.0    
  5483.000000       1.0000       1732.4    
  5484.000000       1.0000       1882.9    
  5485.000000       1.0000       2308.4    
  5486.000000       1.0000       2049.0    
  5487.000000       1.0000       1926.8    
  5488.000000       1.0000       947.99    
  5489.000000       1.0000       376.44    
  5490.000000       1.0000       212.02    
  5491.000000       1.0000       71.242    
  5492.000000       1.0000       6.4784    
  5493.000000       1.0000      0.12988    
  5494.000000       1.0000     -7.54952E-33
  5495.000000       1.0000       0.0000    
  5496.000000       1.0000       0.0000    
  5497.000000       1.0000       0.0000    
  5498.000000       1.0000       0.0000    
  5499.000000       1.0000       0.0000    
  5500.000000       1.0000       0.0000    
  5501.000000       1.0000      3.90480E-02
  5502.000000       1.0000       5.5614    
  5503.000000       1.0000       34.276    
  5504.000000       1.0000       99.527    
  5505.000000       1.0000       380.31    
  5506.000000       1.0000       428.62    
  5507.000000       1.0000       1535.2    
  5508.000000       1.0000       2414.6    
  5509.000000       1.0000       1964.0    
  5510.000000       1.0000       1826.6    
  5511.000000       1.0000       1505.4    
  5512.000000       1.0000       787.25    
  5513.000000       1.0000       484.30    
  5514.000000       1.0000       187.27    
  5515.000000       1.0000       34.975    
  5516.000000       1.0000       3.5051    
  5517.000000       1.0000      3.61674E-02
  5518.000000       1.0000       0.0000    
  5519.000000       1.0000       0.0000    
  5520.000000       1.0000       0.0000    
  5521.000000       1.0000       0.0000    
  5522.000000       1.0000       0.0000    
  5523.000000       1.0000       0.0000    
  5524.000000       1.0000      8.32969E-02
  5525.000000       1.0000       2.6280    
  5526.000000       1.0000       30.818    
  5527.000000       1.0000       104.13    
  5528.000000       1.0000       236.93    
  5529.000000       1.0000       514.78    
  5530.000000       1.0000       669.38    
  5531.000000       1.0000       797.60    
  5532.000000       1.0000       1672.9    
  5533.000000       1.0000       279.94    
  5534.000000       1.0000       931.67    
  5535.000000       1.0000       1130.3    
  5536.000000       1.0000       423.10    
  5537.000000       1.0000       186.39    
  5538.000000       1.0000       167.52    
  5539.000000       1.0000       121.53    
  5540.000000       1.0000       17.595    
  5541.000000       1.0000      3.42832E-02
  5542.000000       1.0000       0.0000    
  5543.000000       1.0000       0.0000    
  5544.000000       1.0000       0.0000    
  5545.000000       1.0000       0.0000    
  5546.000000       1.0000       0.0000    
  5547.000000       1.0000       0.0000    
  5548.000000       1.0000       0.0000    
  5549.000000       1.0000      0.18629    
  5550.000000       1.0000       7.7889    
  5551.000000       1.0000       201.12    
  5552.000000       1.0000       712.09    
  5553.000000       1.0000       1483.1    
  5554.000000       1.0000       1436.0    
  5555.000000       1.0000       1068.4    
  5556.000000       1.0000       888.94    
  5557.000000       1.0000       1098.7    
  5558.000000       1.0000       1787.2    
  5559.000000       1.0000       847.30    
  5560.000000       1.0000       437.08    
  5561.000000       1.0000       137.09    
  5562.000000       1.0000       19.172    
  5563.000000       1.0000       3.2529    
  5564.000000       1.0000       1.7359    
  5565.000000       1.0000      0.11225    
  5566.000000       1.0000       0.0000    
  5567.000000       1.0000       0.0000    
  5568.000000       1.0000       0.0000    
  5569.000000       1.0000       0.0000    
  5570.000000       1.0000       0.0000    
  5571.000000       1.0000       0.0000    
  5572.000000       1.0000       0.0000    
  5573.000000       1.0000      0.22262    
  5574.000000       1.0000       4.3334    
  5575.000000       1.0000       23.334    
  5576.000000       1.0000       196.04    
  5577.000000       1.0000       505.25    
  5578.000000       1.0000       701.25    
  5579.000000       1.0000       422.62    
  5580.000000       1.0000       155.53    
  5581.000000       1.0000       95.517    
  5582.000000       1.0000       169.29    
  5583.000000       1.0000       31.591    
  5584.000000       1.0000       391.28    
  5585.000000       1.0000       707.37    
  5586.000000       1.0000       268.08    
  5587.000000       1.0000       25.961    
  5588.000000       1.0000       1.7637    
  5589.000000       1.0000       0.0000    
  5590.000000       1.0000       0.0000    
  5591.000000       1.0000       0.0000    
  5592.000000       1.0000       0.0000    
  5593.000000       1.0000       0.0000    
  5594.000000       1.0000       0.0000    
  5595.000000       1.0000       0.0000    
  5596.000000       1.0000       0.0000    
  5597.000000       1.0000      8.02815E-02
  5598.000000       1.0000       6.3774    
  5599.000000       1.0000       159.77    
  5600.000000       1.0000       399.95    
  5601.000000       1.0000       769.10    
  5602.000000       1.0000       913.32    
  5603.000000       1.0000       1081.6    
  5604.000000       1.0000       1297.0    
  5605.000000       1.0000       1560.5    
  5606.000000       1.0000       933.30    
  5607.000000       1.0000       911.09    
  5608.000000       1.0000       580.31    
  5609.000000       1.0000       728.15    
  5610.000000       1.0000       117.28    
  5611.000000       1.0000       174.12    
  5612.000000       1.0000       17.930    
  5613.000000       1.0000      4.98833E-02
  5614.000000       1.0000       0.0000    
  5615.000000       1.0000       0.0000    
  5616.000000       1.0000       0.0000    
  5617.000000       1.0000       0.0000    
  5618.000000       1.0000       0.0000    
  5619.000000       1.0000       0.0000    
  5620.000000       1.0000      7.11106E-02
  5621.000000       1.0000       1.0831    
  5622.000000       1.0000       6.1240    
  5623.000000       1.0000       151.69    
  5624.000000       1.0000       638.16    
  5625.000000       1.0000       731.02    
  5626.000000       1.0000       739.42    
  5627.000000       1.0000       355.42    
  5628.000000       1.0000       648.14    
  5629.000000       1.0000       1475.0    
  5630.000000       1.0000       975.29    
  5631.000000       1.0000       1106.3    
  5632.000000       1.0000       1202.4    
  5633.000000       1.0000       647.86    
  5634.000000       1.0000       231.69    
  5635.000000       1.0000       51.851    
  5636.000000       1.0000       2.5251    
  5637.000000       1.0000      2.32362E-02
  5638.000000       1.0000     -1.37260E-18
  5639.000000       1.0000     -2.00886E-46
  5640.000000       1.0000     -6.31836E-64
  5641.000000       1.0000       0.0000    
  5642.000000       1.0000       0.0000    
  5643.000000       1.0000       0.0000    
  5644.000000       1.0000       0.0000    
  5645.000000       1.0000      0.12672    
  5646.000000       1.0000       2.9095    
  5647.000000       1.0000       70.926    
  5648.000000       1.0000       687.87    
  5649.000000       1.0000       1014.9    
  5650.000000       1.0000       1319.3    
  5651.000000       1.0000       726.16    
  5652.000000       1.0000       1315.5    
  5653.000000       1.0000       2013.6    
  5654.000000       1.0000       2084.2    
  5655.000000       1.0000       2122.8    
  5656.000000       1.0000       1668.8    
  5657.000000       1.0000       1014.2    
  5658.000000       1.0000       371.48    
  5659.000000       1.0000       20.890    
  5660.000000       1.0000       1.8083    
  5661.000000       1.0000      1.21884E-02
  5662.000000       1.0000     -7.31997E-31
  5663.000000       1.0000       0.0000    
  5664.000000       1.0000       0.0000    
  5665.000000       1.0000       0.0000    
  5666.000000       1.0000       0.0000    
  5667.000000       1.0000       0.0000    
  5668.000000       1.0000       0.0000    
  5669.000000       1.0000      0.58652    
  5670.000000       1.0000       9.8819    
  5671.000000       1.0000       134.75    
  5672.000000       1.0000       759.58    
  5673.000000       1.0000       1351.8    
  5674.000000       1.0000       2030.3    
  5675.000000       1.0000       1858.8    
  5676.000000       1.0000       2155.4    
  5677.000000       1.0000       2249.6    
  5678.000000       1.0000       1447.0    
  5679.000000       1.0000       2243.3    
  5680.000000       1.0000       1707.6    
  5681.000000       1.0000       693.58    
  5682.000000       1.0000       281.65    
  5683.000000       1.0000       43.068    
  5684.000000       1.0000       2.5858    
  5685.000000       1.0000      1.33247E-27
  5686.000000       1.0000      1.46174E-43
  5687.000000       1.0000       0.0000    
  5688.000000       1.0000       0.0000    
  5689.000000       1.0000       0.0000    
  5690.000000       1.0000       0.0000    
  5691.000000       1.0000       0.0000    
  5692.000000       1.0000       0.0000    
  5693.000000       1.0000      0.28124    
  5694.000000       1.0000       2.4188    
  5695.000000       1.0000       4.6114    
  5696.000000       1.0000       20.360    
  5697.000000       1.0000       22.637    
  5698.000000       1.0000       137.53    
  5699.000000       1.0000       70.609    
  5700.000000       1.0000       154.56    
  5701.000000       1.0000       395.38    
  5702.000000       1.0000       234.67    
  5703.000000       1.0000       147.99    
  5704.000000       1.0000       71.399    
  5705.000000       1.0000       71.162    
  5706.000000       1.0000       33.957    
  5707.000000       1.0000       3.2294    
  5708.000000       1.0000       0.0000    
  5709.000000       1.0000       0.0000    
  5710.000000       1.0000       0.0000    
  5711.000000       1.0000       0.0000    
  5712.000000       1.0000       0.0000    
  5713.000000       1.0000       0.0000    
  5714.000000       1.0000       0.0000    
  5715.000000       1.0000       0.0000    
  5716.000000       1.0000       0.0000    
  5717.000000       1.0000      7.68802E-02
  5718.000000       1.0000       3.1474    
  5719.000000       1.0000       92.601    
  5720.000000       1.0000       516.43    
  5721.000000       1.0000       1256.2    
  5722.000000       1.0000       1124.6    
  5723.000000       1.0000       2053.7    
  5724.000000       1.0000       2011.9    
  5725.000000       1.0000       2237.7    
  5726.000000       1.0000       1652.0    
  5727.000000       1.0000       601.50    
  5728.000000       1.0000       429.87    
  5729.000000       1.0000       425.93    
  5730.000000       1.0000       328.42    
  5731.000000       1.0000       15.031    
  5732.000000       1.0000      0.77773    
  5733.000000       1.0000      2.96093E-02
  5734.000000       1.0000      8.71726E-19
  5735.000000       1.0000       0.0000    
  5736.000000       1.0000       0.0000    
  5737.000000       1.0000       0.0000    
  5738.000000       1.0000       0.0000    
  5739.000000       1.0000       0.0000    
  5740.000000       1.0000       0.0000    
  5741.000000       1.0000      0.30304    
  5742.000000       1.0000       3.9979    
  5743.000000       1.0000       111.82    
  5744.000000       1.0000       785.24    
  5745.000000       1.0000       1479.7    
  5746.000000       1.0000       682.72    
  5747.000000       1.0000       371.64    
  5748.000000       1.0000       538.35    
  5749.000000       1.0000       1286.8    
  5750.000000       1.0000       534.26    
  5751.000000       1.0000       366.32    
  5752.000000       1.0000       289.05    
  5753.000000       1.0000       125.99    
  5754.000000       1.0000       67.641    
  5755.000000       1.0000       5.7775    
  5756.000000       1.0000      6.97059E-02
  5757.000000       1.0000       0.0000    
  5758.000000       1.0000       0.0000    
  5759.000000       1.0000       0.0000    
  5760.000000       1.0000       0.0000    
  5761.000000       1.0000       0.0000    
  5762.000000       1.0000       0.0000    
  5763.000000       1.0000       0.0000    
  5764.000000       1.0000       0.0000    
  5765.000000       1.0000      0.15303    
  5766.000000       1.0000       1.8500    
  5767.000000       1.0000       3.8850    
  5768.000000       1.0000       46.702    
  5769.000000       1.0000       120.98    
  5770.000000       1.0000       445.26    
  5771.000000       1.0000       576.34    
  5772.000000       1.0000       159.43    
  5773.000000       1.0000       55.072    
  5774.000000       1.0000       133.32    
  5775.000000       1.0000       134.76    
  5776.000000       1.0000       190.18    
  5777.000000       1.0000       190.83    
  5778.000000       1.0000       39.387    
  5779.000000       1.0000       8.0142    
  5780.000000       1.0000      0.57209    
  5781.000000       1.0000      1.14201E-16
  5782.000000       1.0000       0.0000    
  5783.000000       1.0000       0.0000    
  5784.000000       1.0000       0.0000    
  5785.000000       1.0000       0.0000    
  5786.000000       1.0000       0.0000    
  5787.000000       1.0000       0.0000    
  5788.000000       1.0000       0.0000    
  5789.000000       1.0000      0.18322    
  5790.000000       1.0000       3.1722    
  5791.000000       1.0000       64.376    
  5792.000000       1.0000       613.09    
  5793.000000       1.0000       759.77    
  5794.000000       1.0000       2038.1    
  5795.000000       1.0000       1313.9    
  5796.000000       1.0000       1766.1    
  5797.000000       1.0000       1337.7    
  5798.000000       1.0000       2061.2    
  5799.000000       1.0000       2144.8    
  5800.000000       1.0000       1052.4    
  5801.000000       1.0000       773.41    
  5802.000000       1.0000       195.30    
  5803.000000       1.0000       41.015    
  5804.000000       1.0000      0.18334    
  5805.000000       1.0000      3.30549E-29
  5806.000000       1.0000      3.18221E-45
  5807.000000       1.0000       0.0000    
  5808.000000       1.0000       0.0000    
  5809.000000       1.0000       0.0000    
  5810.000000       1.0000       0.0000    
  5811.000000       1.0000       0.0000    
  5812.000000       1.0000       0.0000    
  5813.000000       1.0000      0.12388    
  5814.000000       1.0000       4.5575    
  5815.000000       1.0000       63.006    
  5816.000000       1.0000       771.64    
  5817.000000       1.0000       1478.0    
  5818.000000       1.0000       1860.8    
  5819.000000       1.0000       2392.4    
  5820.000000       1.0000       2758.2    
  5821.000000       1.0000       2734.9    
  5822.000000       1.0000       2582.9    
  5823.000000       1.0000       2314.7    
  5824.000000       1.0000       1796.2    
  5825.000000       1.0000       976.25    
  5826.000000       1.0000       226.24    
  5827.000000       1.0000       16.519    
  5828.000000       1.0000      7.91273E-02
  5829.000000       1.0000     -1.17734E-29
  5830.000000       1.0000      1.30440E-45
  5831.000000       1.0000       0.0000    
  5832.000000       1.0000       0.0000    
  5833.000000       1.0000       0.0000    
  5834.000000       1.0000       0.0000    
  5835.000000       1.0000       0.0000    
  5836.000000       1.0000       0.0000    
  5837.000000       1.0000      4.04451E-02
  5838.000000       1.0000       1.8698    
  5839.000000       1.0000       58.837    
  5840.000000       1.0000       756.62    
  5841.000000       1.0000       1500.7    
  5842.000000       1.0000       2081.2    
  5843.000000       1.0000       2381.0    
  5844.000000       1.0000       2153.9    
  5845.000000       1.0000       2114.5    
  5846.000000       1.0000       1943.6    
  5847.000000       1.0000       1570.8    
  5848.000000       1.0000       1272.6    
  5849.000000       1.0000       671.87    
  5850.000000       1.0000       260.65    
  5851.000000       1.0000       10.599    
  5852.000000       1.0000      0.25484    
  5853.000000       1.0000     -1.36447E-30
  5854.000000       1.0000     -1.36975E-48
  5855.000000       1.0000       0.0000    
  5856.000000       1.0000       0.0000    
  5857.000000       1.0000       0.0000    
  5858.000000       1.0000       0.0000    
  5859.000000       1.0000       0.0000    
  5860.000000       1.0000       0.0000    
  5861.000000       1.0000      0.59965    
  5862.000000       1.0000       10.498    
  5863.000000       1.0000       68.780    
  5864.000000       1.0000       523.46    
  5865.000000       1.0000       1420.4    
  5866.000000       1.0000       1459.2    
  5867.000000       1.0000       1660.2    
  5868.000000       1.0000       2522.7    
  5869.000000       1.0000       1663.2    
  5870.000000       1.0000       1233.1    
  5871.000000       1.0000       764.48    
  5872.000000       1.0000       590.90    
  5873.000000       1.0000       204.40    
  5874.000000       1.0000       80.321    
  5875.000000       1.0000       10.070    
  5876.000000       1.0000      0.52944    
  5877.000000       1.0000     -1.12658E-17
  5878.000000       1.0000     -4.08415E-34
  5879.000000       1.0000       0.0000    
  5880.000000       1.0000       0.0000    
  5881.000000       1.0000       0.0000    
  5882.000000       1.0000       0.0000    
  5883.000000       1.0000       0.0000    
  5884.000000       1.0000       0.0000    
  5885.000000       1.0000      6.87773E-02
  5886.000000       1.0000       3.3146    
  5887.000000       1.0000       48.827    
  5888.000000       1.0000       715.34    
  5889.000000       1.0000       1458.4    
  5890.000000       1.0000       2012.4    
  5891.000000       1.0000       1975.6    
  5892.000000       1.0000       2603.3    
  5893.000000       1.0000       1227.4    
  5894.000000       1.0000       495.39    
  5895.000000       1.0000       1052.1    
  5896.000000       1.0000       343.96    
  5897.000000       1.0000       323.19    
  5898.000000       1.0000       151.26    
  5899.000000       1.0000       24.709    
  5900.000000       1.0000       1.8425    
  5901.000000       1.0000       0.0000    
  5902.000000       1.0000       0.0000    
  5903.000000       1.0000       0.0000    
  5904.000000       1.0000       0.0000    
  5905.000000       1.0000       0.0000    
  5906.000000       1.0000       0.0000    
  5907.000000       1.0000       0.0000    
  5908.000000       1.0000       0.0000    
  5909.000000       1.0000      0.12434    
  5910.000000       1.0000       7.8071    
  5911.000000       1.0000       68.270    
  5912.000000       1.0000       82.196    
  5913.000000       1.0000       421.80    
  5914.000000       1.0000       1209.4    
  5915.000000       1.0000       1427.8    
  5916.000000       1.0000       549.98    
  5917.000000       1.0000       1166.0    
  5918.000000       1.0000       1061.7    
  5919.000000       1.0000       1131.4    
  5920.000000       1.0000       759.92    
  5921.000000       1.0000       519.95    
  5922.000000       1.0000       135.91    
  5923.000000       1.0000       9.8700    
  5924.000000       1.0000      0.40651    
  5925.000000       1.0000       0.0000    
  5926.000000       1.0000       0.0000    
  5927.000000       1.0000       0.0000    
  5928.000000       1.0000       0.0000    
  5929.000000       1.0000       0.0000    
  5930.000000       1.0000       0.0000    
  5931.000000       1.0000       0.0000    
  5932.000000       1.0000       0.0000    
  5933.000000       1.0000      6.41054E-02
  5934.000000       1.0000       5.0302    
  5935.000000       1.0000       70.183    
  5936.000000       1.0000       109.30    
  5937.000000       1.0000       275.78    
  5938.000000       1.0000       1170.3    
  5939.000000       1.0000       1494.5    
  5940.000000       1.0000       1338.7    
  5941.000000       1.0000       1024.8    
  5942.000000       1.0000       799.93    
  5943.000000       1.0000       1432.1    
  5944.000000       1.0000       1279.7    
  5945.000000       1.0000       718.28    
  5946.000000       1.0000       195.08    
  5947.000000       1.0000       17.215    
  5948.000000       1.0000      0.52197    
  5949.000000       1.0000       0.0000    
  5950.000000       1.0000       0.0000    
  5951.000000       1.0000       0.0000    
  5952.000000       1.0000       0.0000    
  5953.000000       1.0000       0.0000    
  5954.000000       1.0000       0.0000    
  5955.000000       1.0000       0.0000    
  5956.000000       1.0000       0.0000    
  5957.000000       1.0000      0.15934    
  5958.000000       1.0000       2.8399    
  5959.000000       1.0000       84.542    
  5960.000000       1.0000       407.87    
  5961.000000       1.0000       1109.8    
  5962.000000       1.0000       819.49    
  5963.000000       1.0000       2148.4    
  5964.000000       1.0000       1373.4    
  5965.000000       1.0000       1894.2    
  5966.000000       1.0000       976.91    
  5967.000000       1.0000       2129.4    
  5968.000000       1.0000       513.75    
  5969.000000       1.0000       507.69    
  5970.000000       1.0000       175.59    
  5971.000000       1.0000       17.651    
  5972.000000       1.0000      0.20592    
  5973.000000       1.0000       0.0000    
  5974.000000       1.0000       0.0000    
  5975.000000       1.0000       0.0000    
  5976.000000       1.0000       0.0000    
  5977.000000       1.0000       0.0000    
  5978.000000       1.0000       0.0000    
  5979.000000       1.0000       0.0000    
  5980.000000       1.0000       0.0000    
  5981.000000       1.0000      0.22877    
  5982.000000       1.0000       3.3113    
  5983.000000       1.0000       65.603    
  5984.000000       1.0000       529.36    
  5985.000000       1.0000       1516.2    
  5986.000000       1.0000       2134.4    
  5987.000000       1.0000       2460.1    
  5988.000000       1.0000       2704.7    
  5989.000000       1.0000       2649.6    
  5990.000000       1.0000       2495.8    
  5991.000000       1.0000       1383.1    
  5992.000000       1.0000       1463.3    
  5993.000000       1.0000       377.42    
  5994.000000       1.0000       40.984    
  5995.000000       1.0000       4.6214    
  5996.000000       1.0000      3.72471E-02
  5997.000000       1.0000       0.0000    
  5998.000000       1.0000       0.0000    
  5999.000000       1.0000       0.0000    
  6000.000000       1.0000       0.0000    
  6001.000000       1.0000       0.0000    
  6002.000000       1.0000       0.0000    
  6003.000000       1.0000       0.0000    
  6004.000000       1.0000       0.0000    
  6005.000000       1.0000       0.0000    
  6006.000000       1.0000      9.94378E-03
  6007.000000       1.0000       2.4379    
  6008.000000       1.0000       11.565    
  6009.000000       1.0000       168.79    
  6010.000000       1.0000       661.52    
  6011.000000       1.0000       1244.0    
  6012.000000       1.0000       1740.2    
  6013.000000       1.0000       1807.4    
  6014.000000       1.0000       1359.8    
  6015.000000       1.0000       1336.9    
  6016.000000       1.0000       883.23    
  6017.000000       1.0000       507.89    
  6018.000000       1.0000       65.430    
  6019.000000       1.0000       6.0807    
  6020.000000       1.0000      0.28376    
  6021.000000       1.0000       0.0000    
  6022.000000       1.0000       0.0000    
  6023.000000       1.0000       0.0000    
  6024.000000       1.0000       0.0000    
  6025.000000       1.0000       0.0000    
  6026.000000       1.0000       0.0000    
  6027.000000       1.0000       0.0000    
  6028.000000       1.0000       0.0000    
  6029.000000       1.0000      0.17364    
  6030.000000       1.0000       1.3845    
  6031.000000       1.0000       3.7712    
  6032.000000       1.0000       13.834    
  6033.000000       1.0000       8.9460    
  6034.000000       1.0000       65.979    
  6035.000000       1.0000       41.003    
  6036.000000       1.0000       55.798    
  6037.000000       1.0000       1023.5    
  6038.000000       1.0000       2089.2    
  6039.000000       1.0000       1626.9    
  6040.000000       1.0000       820.68    
  6041.000000       1.0000       395.20    
  6042.000000       1.0000       108.50    
  6043.000000       1.0000       9.7842    
  6044.000000       1.0000      0.43025    
  6045.000000       1.0000       0.0000    
  6046.000000       1.0000       0.0000    
  6047.000000       1.0000       0.0000    
  6048.000000       1.0000       0.0000    
  6049.000000       1.0000       0.0000    
  6050.000000       1.0000       0.0000    
  6051.000000       1.0000       0.0000    
  6052.000000       1.0000       0.0000    
  6053.000000       1.0000      2.09067E-02
  6054.000000       1.0000       1.1662    
  6055.000000       1.0000       30.142    
  6056.000000       1.0000       667.72    
  6057.000000       1.0000       1504.4    
  6058.000000       1.0000       2141.4    
  6059.000000       1.0000       2486.7    
  6060.000000       1.0000       2385.3    
  6061.000000       1.0000       1430.7    
  6062.000000       1.0000       2056.2    
  6063.000000       1.0000       1982.9    
  6064.000000       1.0000       1295.8    
  6065.000000       1.0000       607.66    
  6066.000000       1.0000       179.88    
  6067.000000       1.0000       16.157    
  6068.000000       1.0000      0.11800    
  6069.000000       1.0000      2.84232E-29
  6070.000000       1.0000       0.0000    
  6071.000000       1.0000       0.0000    
  6072.000000       1.0000       0.0000    
  6073.000000       1.0000       0.0000    
  6074.000000       1.0000       0.0000    
  6075.000000       1.0000       0.0000    
  6076.000000       1.0000       0.0000    
  6077.000000       1.0000      2.37130E-02
  6078.000000       1.0000       1.9584    
  6079.000000       1.0000       21.633    
  6080.000000       1.0000       280.02    
  6081.000000       1.0000       969.01    
  6082.000000       1.0000       882.49    
  6083.000000       1.0000       618.07    
  6084.000000       1.0000       1370.9    
  6085.000000       1.0000       619.05    
  6086.000000       1.0000       484.69    
  6087.000000       1.0000       455.01    
  6088.000000       1.0000       140.06    
  6089.000000       1.0000       67.331    
  6090.000000       1.0000       5.3989    
  6091.000000       1.0000      0.14795    
  6092.000000       1.0000       0.0000    
  6093.000000       1.0000       0.0000    
  6094.000000       1.0000       0.0000    
  6095.000000       1.0000       0.0000    
  6096.000000       1.0000       0.0000    
  6097.000000       1.0000       0.0000    
  6098.000000       1.0000       0.0000    
  6099.000000       1.0000       0.0000    
  6100.000000       1.0000       0.0000    
  6101.000000       1.0000       0.0000    
  6102.000000       1.0000      0.20640    
  6103.000000       1.0000       2.3460    
  6104.000000       1.0000       4.5959    
  6105.000000       1.0000       34.018    
  6106.000000       1.0000       58.371    
  6107.000000       1.0000       98.176    
  6108.000000       1.0000       103.14    
  6109.000000       1.0000       210.05    
  6110.000000       1.0000       140.87    
  6111.000000       1.0000       247.29    
  6112.000000       1.0000       240.08    
  6113.000000       1.0000       624.62    
  6114.000000       1.0000       85.780    
  6115.000000       1.0000       4.7235    
  6116.000000       1.0000      1.57549E-43
  6117.000000       1.0000       0.0000    
  6118.000000       1.0000       0.0000    
  6119.000000       1.0000       0.0000    
  6120.000000       1.0000       0.0000    
  6121.000000       1.0000       0.0000    
  6122.000000       1.0000       0.0000    
  6123.000000       1.0000       0.0000    
  6124.000000       1.0000       0.0000    
  6125.000000       1.0000      0.11129    
  6126.000000       1.0000       2.3531    
  6127.000000       1.0000       15.692    
  6128.000000       1.0000       138.08    
  6129.000000       1.0000       112.88    
  6130.000000       1.0000       196.48    
  6131.000000       1.0000       198.85    
  6132.000000       1.0000       291.33    
  6133.000000       1.0000       153.58    
  6134.000000       1.0000       108.49    
  6135.000000       1.0000       66.264    
  6136.000000       1.0000       24.840    
  6137.000000       1.0000       15.122    
  6138.000000       1.0000       3.4066    
  6139.000000       1.0000      0.23658    
  6140.000000       1.0000       0.0000    
  6141.000000       1.0000       0.0000    
  6142.000000       1.0000       0.0000    
  6143.000000       1.0000       0.0000    
  6144.000000       1.0000       0.0000    
  6145.000000       1.0000       0.0000    
  6146.000000       1.0000       0.0000    
  6147.000000       1.0000       0.0000    
  6148.000000       1.0000       0.0000    
  6149.000000       1.0000       0.0000    
  6150.000000       1.0000      0.33509    
  6151.000000       1.0000       2.2495    
  6152.000000       1.0000       2.1908    
  6153.000000       1.0000       10.601    
  6154.000000       1.0000       49.277    
  6155.000000       1.0000       65.821    
  6156.000000       1.0000       104.41    
  6157.000000       1.0000       177.86    
  6158.000000       1.0000       220.57    
  6159.000000       1.0000       173.18    
  6160.000000       1.0000       195.88    
  6161.000000       1.0000       102.15    
  6162.000000       1.0000       24.836    
  6163.000000       1.0000      0.60164    
  6164.000000       1.0000      1.90930E-02
  6165.000000       1.0000       0.0000    
  6166.000000       1.0000       0.0000    
  6167.000000       1.0000       0.0000    
  6168.000000       1.0000       0.0000    
  6169.000000       1.0000       0.0000    
  6170.000000       1.0000       0.0000    
  6171.000000       1.0000       0.0000    
  6172.000000       1.0000       0.0000    
  6173.000000       1.0000       0.0000    
  6174.000000       1.0000      0.44487    
  6175.000000       1.0000       5.5365    
  6176.000000       1.0000       61.338    
  6177.000000       1.0000       187.12    
  6178.000000       1.0000       293.60    
  6179.000000       1.0000       384.50    
  6180.000000       1.0000       327.03    
  6181.000000       1.0000       1567.6    
  6182.000000       1.0000       1946.7    
  6183.000000       1.0000       1633.6    
  6184.000000       1.0000       1288.0    
  6185.000000       1.0000       610.37    
  6186.000000       1.0000       118.77    
  6187.000000       1.0000      0.57433    
  6188.000000       1.0000     -2.15008E-33
  6189.000000       1.0000       0.0000    
  6190.000000       1.0000       0.0000    
  6191.000000       1.0000       0.0000    
  6192.000000       1.0000       0.0000    
  6193.000000       1.0000       0.0000    
  6194.000000       1.0000       0.0000    
  6195.000000       1.0000       0.0000    
  6196.000000       1.0000       0.0000    
  6197.000000       1.0000       0.0000    
  6198.000000       1.0000      0.14876    
  6199.000000       1.0000       5.6905    
  6200.000000       1.0000       28.791    
  6201.000000       1.0000       113.59    
  6202.000000       1.0000       270.20    
  6203.000000       1.0000       218.72    
  6204.000000       1.0000       273.63    
  6205.000000       1.0000       598.55    
  6206.000000       1.0000       746.93    
  6207.000000       1.0000       1150.0    
  6208.000000       1.0000       1305.6    
  6209.000000       1.0000       693.56    
  6210.000000       1.0000       151.14    
  6211.000000       1.0000       6.9058    
  6212.000000       1.0000      1.75104E-16
  6213.000000       1.0000     -7.24585E-44
  6214.000000       1.0000       0.0000    
  6215.000000       1.0000       0.0000    
  6216.000000       1.0000       0.0000    
  6217.000000       1.0000       0.0000    
  6218.000000       1.0000       0.0000    
  6219.000000       1.0000       0.0000    
  6220.000000       1.0000       0.0000    
  6221.000000       1.0000      9.23463E-02
  6222.000000       1.0000       1.0346    
  6223.000000       1.0000       29.307    
  6224.000000       1.0000       533.13    
  6225.000000       1.0000       1207.5    
  6226.000000       1.0000       1949.3    
  6227.000000       1.0000       2419.6    
  6228.000000       1.0000       2651.0    
  6229.000000       1.0000       2489.0    
  6230.000000       1.0000       1925.2    
  6231.000000       1.0000       1668.4    
  6232.000000       1.0000       993.45    
  6233.000000       1.0000       798.62    
  6234.000000       1.0000       176.22    
  6235.000000       1.0000       10.512    
  6236.000000       1.0000      6.23848E-03
  6237.000000       1.0000     -2.99848E-19
  6238.000000       1.0000       0.0000    
  6239.000000       1.0000       0.0000    
  6240.000000       1.0000       0.0000    
  6241.000000       1.0000       0.0000    
  6242.000000       1.0000       0.0000    
  6243.000000       1.0000       0.0000    
  6244.000000       1.0000       0.0000    
  6245.000000       1.0000       0.0000    
  6246.000000       1.0000      0.65922    
  6247.000000       1.0000       5.8054    
  6248.000000       1.0000       105.09    
  6249.000000       1.0000       471.50    
  6250.000000       1.0000       1408.7    
  6251.000000       1.0000       1958.3    
  6252.000000       1.0000       2418.2    
  6253.000000       1.0000       2583.1    
  6254.000000       1.0000       2404.0    
  6255.000000       1.0000       1981.3    
  6256.000000       1.0000       1345.6    
  6257.000000       1.0000       614.17    
  6258.000000       1.0000       83.683    
  6259.000000       1.0000       6.0325    
  6260.000000       1.0000      7.12549E-02
  6261.000000       1.0000       0.0000    
  6262.000000       1.0000       0.0000    
  6263.000000       1.0000       0.0000    
  6264.000000       1.0000       0.0000    
  6265.000000       1.0000       0.0000    
  6266.000000       1.0000       0.0000    
  6267.000000       1.0000       0.0000    
  6268.000000       1.0000       0.0000    
  6269.000000       1.0000       0.0000    
  6270.000000       1.0000      0.24363    
  6271.000000       1.0000       5.0196    
  6272.000000       1.0000       33.683    
  6273.000000       1.0000       138.29    
  6274.000000       1.0000       208.29    
  6275.000000       1.0000       199.33    
  6276.000000       1.0000       492.48    
  6277.000000       1.0000       940.90    
  6278.000000       1.0000       1045.0    
  6279.000000       1.0000       1286.8    
  6280.000000       1.0000       876.34    
  6281.000000       1.0000       380.48    
  6282.000000       1.0000       55.948    
  6283.000000       1.0000       4.0400    
  6284.000000       1.0000      2.20536E-28
  6285.000000       1.0000     -7.37719E-45
  6286.000000       1.0000     -1.86960E-65
  6287.000000       1.0000     -1.40556E-97
  6288.000000       1.0000       0.0000    
  6289.000000       1.0000       0.0000    
  6290.000000       1.0000       0.0000    
  6291.000000       1.0000       0.0000    
  6292.000000       1.0000       0.0000    
  6293.000000       1.0000       0.0000    
  6294.000000       1.0000      0.27320    
  6295.000000       1.0000       3.3354    
  6296.000000       1.0000       13.586    
  6297.000000       1.0000       74.798    
  6298.000000       1.0000       161.68    
  6299.000000       1.0000       219.61    
  6300.000000       1.0000       174.45    
  6301.000000       1.0000       99.960    
  6302.000000       1.0000       146.10    
  6303.000000       1.0000       84.423    
  6304.000000       1.0000       115.67    
  6305.000000       1.0000       25.729    
  6306.000000       1.0000       3.3516    
  6307.000000       1.0000      0.13965    
  6308.000000       1.0000       0.0000    
  6309.000000       1.0000       0.0000    
  6310.000000       1.0000       0.0000    
  6311.000000       1.0000       0.0000    
  6312.000000       1.0000       0.0000    
  6313.000000       1.0000       0.0000    
  6314.000000       1.0000       0.0000    
  6315.000000       1.0000       0.0000    
  6316.000000       1.0000       0.0000    
  6317.000000       1.0000       0.0000    
  6318.000000       1.0000      0.26246    
  6319.000000       1.0000       1.9462    
  6320.000000       1.0000       1.7139    
  6321.000000       1.0000       63.771    
  6322.000000       1.0000       176.61    
  6323.000000       1.0000       266.68    
  6324.000000       1.0000       312.97    
  6325.000000       1.0000       515.23    
  6326.000000       1.0000       485.19    
  6327.000000       1.0000       325.58    
  6328.000000       1.0000       76.849    
  6329.000000       1.0000       12.799    
  6330.000000       1.0000       3.3436    
  6331.000000       1.0000      0.41070    
  6332.000000       1.0000       0.0000    
  6333.000000       1.0000       0.0000    
  6334.000000       1.0000       0.0000    
  6335.000000       1.0000       0.0000    
  6336.000000       1.0000       0.0000    
  6337.000000       1.0000       0.0000    
  6338.000000       1.0000       0.0000    
  6339.000000       1.0000       0.0000    
  6340.000000       1.0000       0.0000    
  6341.000000       1.0000       0.0000    
  6342.000000       1.0000      0.71021    
  6343.000000       1.0000       7.0789    
  6344.000000       1.0000       78.844    
  6345.000000       1.0000       266.81    
  6346.000000       1.0000       1693.9    
  6347.000000       1.0000       2439.9    
  6348.000000       1.0000       2637.1    
  6349.000000       1.0000       2578.8    
  6350.000000       1.0000       2415.4    
  6351.000000       1.0000       1988.7    
  6352.000000       1.0000       1372.8    
  6353.000000       1.0000       622.02    
  6354.000000       1.0000       96.291    
  6355.000000       1.0000       7.7823    
  6356.000000       1.0000       0.0000    
  6357.000000       1.0000       0.0000    
  6358.000000       1.0000       0.0000    
  6359.000000       1.0000       0.0000    
  6360.000000       1.0000       0.0000    
  6361.000000       1.0000       0.0000    
  6362.000000       1.0000       0.0000    
  6363.000000       1.0000       0.0000    
  6364.000000       1.0000       0.0000    
  6365.000000       1.0000       0.0000    
  6366.000000       1.0000       1.4273    
  6367.000000       1.0000       16.991    
  6368.000000       1.0000       378.02    
  6369.000000       1.0000       1085.1    
  6370.000000       1.0000       1642.7    
  6371.000000       1.0000       2067.7    
  6372.000000       1.0000       2338.7    
  6373.000000       1.0000       2443.0    
  6374.000000       1.0000       2282.0    
  6375.000000       1.0000       1931.6    
  6376.000000       1.0000       1255.6    
  6377.000000       1.0000       464.63    
  6378.000000       1.0000       54.289    
  6379.000000       1.0000       3.4978    
  6380.000000       1.0000       0.0000    
  6381.000000       1.0000       0.0000    
  6382.000000       1.0000       0.0000    
  6383.000000       1.0000       0.0000    
  6384.000000       1.0000       0.0000    
  6385.000000       1.0000       0.0000    
  6386.000000       1.0000       0.0000    
  6387.000000       1.0000       0.0000    
  6388.000000       1.0000       0.0000    
  6389.000000       1.0000       0.0000    
  6390.000000       1.0000      0.66544    
  6391.000000       1.0000       13.831    
  6392.000000       1.0000       148.36    
  6393.000000       1.0000       161.12    
  6394.000000       1.0000       260.20    
  6395.000000       1.0000       78.566    
  6396.000000       1.0000       290.10    
  6397.000000       1.0000       869.53    
  6398.000000       1.0000       2419.8    
  6399.000000       1.0000       1468.4    
  6400.000000       1.0000       1020.2    
  6401.000000       1.0000       255.85    
  6402.000000       1.0000       59.654    
  6403.000000       1.0000       5.5091    
  6404.000000       1.0000      5.96942E-16
  6405.000000       1.0000       0.0000    
  6406.000000       1.0000       0.0000    
  6407.000000       1.0000       0.0000    
  6408.000000       1.0000       0.0000    
  6409.000000       1.0000       0.0000    
  6410.000000       1.0000       0.0000    
  6411.000000       1.0000       0.0000    
  6412.000000       1.0000       0.0000    
  6413.000000       1.0000       0.0000    
  6414.000000       1.0000      0.24568    
  6415.000000       1.0000       7.7606    
  6416.000000       1.0000       62.271    
  6417.000000       1.0000       185.86    
  6418.000000       1.0000       188.06    
  6419.000000       1.0000       192.09    
  6420.000000       1.0000       321.98    
  6421.000000       1.0000       287.49    
  6422.000000       1.0000       162.30    
  6423.000000       1.0000       76.477    
  6424.000000       1.0000       20.433    
  6425.000000       1.0000       3.5285    
  6426.000000       1.0000      0.37815    
  6427.000000       1.0000       0.0000    
  6428.000000       1.0000       0.0000    
  6429.000000       1.0000       0.0000    
  6430.000000       1.0000       0.0000    
  6431.000000       1.0000       0.0000    
  6432.000000       1.0000       0.0000    
  6433.000000       1.0000       0.0000    
  6434.000000       1.0000       0.0000    
  6435.000000       1.0000       0.0000    
  6436.000000       1.0000       0.0000    
  6437.000000       1.0000       0.0000    
  6438.000000       1.0000      8.18148E-05
  6439.000000       1.0000       1.8244    
  6440.000000       1.0000      3.04671E-02
  6441.000000       1.0000       9.5979    
  6442.000000       1.0000       152.56    
  6443.000000       1.0000       138.52    
  6444.000000       1.0000       210.87    
  6445.000000       1.0000       306.72    
  6446.000000       1.0000       588.60    
  6447.000000       1.0000       1076.4    
  6448.000000       1.0000       500.94    
  6449.000000       1.0000       56.933    
  6450.000000       1.0000       6.2044    
  6451.000000       1.0000      0.26375    
  6452.000000       1.0000       0.0000    
  6453.000000       1.0000       0.0000    
  6454.000000       1.0000       0.0000    
  6455.000000       1.0000       0.0000    
  6456.000000       1.0000       0.0000    
  6457.000000       1.0000       0.0000    
  6458.000000       1.0000       0.0000    
  6459.000000       1.0000       0.0000    
  6460.000000       1.0000       0.0000    
  6461.000000       1.0000       0.0000    
  6462.000000       1.0000      0.34904    
  6463.000000       1.0000       2.5010    
  6464.000000       1.0000       4.7605    
  6465.000000       1.0000       19.849    
  6466.000000       1.0000       68.903    
  6467.000000       1.0000       265.77    
  6468.000000       1.0000       381.99    
  6469.000000       1.0000       996.82    
  6470.000000       1.0000       1919.6    
  6471.000000       1.0000       1394.5    
  6472.000000       1.0000       588.71    
  6473.000000       1.0000       175.75    
  6474.000000       1.0000       15.046    
  6475.000000       1.0000      2.82778E-02
  6476.000000       1.0000       0.0000    
  6477.000000       1.0000       0.0000    
  6478.000000       1.0000       0.0000    
  6479.000000       1.0000       0.0000    
  6480.000000       1.0000       0.0000    
  6481.000000       1.0000       0.0000    
  6482.000000       1.0000       0.0000    
  6483.000000       1.0000       0.0000    
  6484.000000       1.0000       0.0000    
  6485.000000       1.0000       0.0000    
  6486.000000       1.0000      0.15820    
  6487.000000       1.0000       2.1434    
  6488.000000       1.0000       10.015    
  6489.000000       1.0000       120.88    
  6490.000000       1.0000       427.37    
  6491.000000       1.0000       1508.2    
  6492.000000       1.0000       1928.1    
  6493.000000       1.0000       2085.5    
  6494.000000       1.0000       603.20    
  6495.000000       1.0000       127.59    
  6496.000000       1.0000       33.730    
  6497.000000       1.0000       13.373    
  6498.000000       1.0000       1.4361    
  6499.000000       1.0000      2.13724E-16
  6500.000000       1.0000     -4.09039E-33
  6501.000000       1.0000      3.67241E-49
  6502.000000       1.0000       0.0000    
  6503.000000       1.0000       0.0000    
  6504.000000       1.0000       0.0000    
  6505.000000       1.0000       0.0000    
  6506.000000       1.0000       0.0000    
  6507.000000       1.0000       0.0000    
  6508.000000       1.0000       0.0000    
  6509.000000       1.0000       0.0000    
  6510.000000       1.0000      0.24908    
  6511.000000       1.0000       9.1405    
  6512.000000       1.0000       438.87    
  6513.000000       1.0000       1329.9    
  6514.000000       1.0000       1928.4    
  6515.000000       1.0000       2230.9    
  6516.000000       1.0000       994.74    
  6517.000000       1.0000       913.82    
  6518.000000       1.0000       954.68    
  6519.000000       1.0000       755.05    
  6520.000000       1.0000       332.56    
  6521.000000       1.0000       69.667    
  6522.000000       1.0000       1.8501    
  6523.000000       1.0000      4.29619E-32
  6524.000000       1.0000      6.44316E-64
  6525.000000       1.0000       0.0000    
  6526.000000       1.0000       0.0000    
  6527.000000       1.0000       0.0000    
  6528.000000       1.0000       0.0000    
  6529.000000       1.0000       0.0000    
  6530.000000       1.0000       0.0000    
  6531.000000       1.0000       0.0000    
  6532.000000       1.0000       0.0000    
  6533.000000       1.0000       0.0000    
  6534.000000       1.0000      0.38927    
  6535.000000       1.0000       10.910    
  6536.000000       1.0000       79.993    
  6537.000000       1.0000       150.06    
  6538.000000       1.0000       165.95    
  6539.000000       1.0000       205.83    
  6540.000000       1.0000       191.68    
  6541.000000       1.0000       651.52    
  6542.000000       1.0000       695.67    
  6543.000000       1.0000       737.00    
  6544.000000       1.0000       433.44    
  6545.000000       1.0000       383.74    
  6546.000000       1.0000       29.078    
  6547.000000       1.0000       1.7291    
  6548.000000       1.0000      2.81107E-28
  6549.000000       1.0000       0.0000    
  6550.000000       1.0000       0.0000    
  6551.000000       1.0000       0.0000    
  6552.000000       1.0000       0.0000    
  6553.000000       1.0000       0.0000    
  6554.000000       1.0000       0.0000    
  6555.000000       1.0000       0.0000    
  6556.000000       1.0000       0.0000    
  6557.000000       1.0000       0.0000    
  6558.000000       1.0000      0.19862    
  6559.000000       1.0000       3.2862    
  6560.000000       1.0000       56.563    
  6561.000000       1.0000       749.80    
  6562.000000       1.0000       547.67    
  6563.000000       1.0000       353.53    
  6564.000000       1.0000       322.26    
  6565.000000       1.0000       114.99    
  6566.000000       1.0000       65.032    
  6567.000000       1.0000       73.012    
  6568.000000       1.0000       139.53    
  6569.000000       1.0000       27.645    
  6570.000000       1.0000       4.0734    
  6571.000000       1.0000      0.11609    
  6572.000000       1.0000      1.79131E-17
  6573.000000       1.0000       0.0000    
  6574.000000       1.0000       0.0000    
  6575.000000       1.0000       0.0000    
  6576.000000       1.0000       0.0000    
  6577.000000       1.0000       0.0000    
  6578.000000       1.0000       0.0000    
  6579.000000       1.0000       0.0000    
  6580.000000       1.0000       0.0000    
  6581.000000       1.0000       0.0000    
  6582.000000       1.0000      8.34190E-02
  6583.000000       1.0000       8.7963    
  6584.000000       1.0000       297.25    
  6585.000000       1.0000       1010.1    
  6586.000000       1.0000       856.09    
  6587.000000       1.0000       298.86    
  6588.000000       1.0000       182.65    
  6589.000000       1.0000       423.03    
  6590.000000       1.0000       361.01    
  6591.000000       1.0000       911.79    
  6592.000000       1.0000       761.52    
  6593.000000       1.0000       281.76    
  6594.000000       1.0000       28.796    
  6595.000000       1.0000      0.60315    
  6596.000000       1.0000      8.37244E-33
  6597.000000       1.0000     -5.67783E-49
  6598.000000       1.0000       0.0000    
  6599.000000       1.0000       0.0000    
  6600.000000       1.0000       0.0000    
  6601.000000       1.0000       0.0000    
  6602.000000       1.0000       0.0000    
  6603.000000       1.0000       0.0000    
  6604.000000       1.0000       0.0000    
  6605.000000       1.0000       0.0000    
  6606.000000       1.0000       0.0000    
  6607.000000       1.0000      0.45000    
  6608.000000       1.0000       4.0642    
  6609.000000       1.0000       16.852    
  6610.000000       1.0000       131.29    
  6611.000000       1.0000       222.93    
  6612.000000       1.0000       156.12    
  6613.000000       1.0000       161.11    
  6614.000000       1.0000       129.57    
  6615.000000       1.0000       141.16    
  6616.000000       1.0000       45.835    
  6617.000000       1.0000       7.1031    
  6618.000000       1.0000      0.31347    
  6619.000000       1.0000       0.0000    
  6620.000000       1.0000       0.0000    
  6621.000000       1.0000       0.0000    
  6622.000000       1.0000       0.0000    
  6623.000000       1.0000       0.0000    
  6624.000000       1.0000       0.0000    
  6625.000000       1.0000       0.0000    
  6626.000000       1.0000       0.0000    
  6627.000000       1.0000       0.0000    
  6628.000000       1.0000       0.0000    
  6629.000000       1.0000       0.0000    
  6630.000000       1.0000       0.0000    
  6631.000000       1.0000      0.24903    
  6632.000000       1.0000       3.2177    
  6633.000000       1.0000       8.9440    
  6634.000000       1.0000       8.5517    
  6635.000000       1.0000       12.662    
  6636.000000       1.0000       2.5340    
  6637.000000       1.0000       1.1272    
  6638.000000       1.0000       2.0999    
  6639.000000       1.0000       2.8516    
  6640.000000       1.0000       2.2262    
  6641.000000       1.0000       1.1490    
  6642.000000       1.0000      2.33748E-02
  6643.000000       1.0000       0.0000    
  6644.000000       1.0000       0.0000    
  6645.000000       1.0000       0.0000    
  6646.000000       1.0000       0.0000    
  6647.000000       1.0000       0.0000    
  6648.000000       1.0000       0.0000    
  6649.000000       1.0000       0.0000    
  6650.000000       1.0000       0.0000    
  6651.000000       1.0000       0.0000    
  6652.000000       1.0000       0.0000    
  6653.000000       1.0000       0.0000    
  6654.000000       1.0000      0.13128    
  6655.000000       1.0000       3.5520    
  6656.000000       1.0000       123.95    
  6657.000000       1.0000       1023.6    
  6658.000000       1.0000       1708.0    
  6659.000000       1.0000       980.73    
  6660.000000       1.0000       763.94    
  6661.000000       1.0000       1429.6    
  6662.000000       1.0000       1892.6    
  6663.000000       1.0000       1839.5    
  6664.000000       1.0000       863.61    
  6665.000000       1.0000       382.82    
  6666.000000       1.0000       23.556    
  6667.000000       1.0000      0.20910    
  6668.000000       1.0000     -1.50117E-33
  6669.000000       1.0000     -9.67087E-67
  6670.000000       1.0000       0.0000    
  6671.000000       1.0000       0.0000    
  6672.000000       1.0000       0.0000    
  6673.000000       1.0000       0.0000    
  6674.000000       1.0000       0.0000    
  6675.000000       1.0000       0.0000    
  6676.000000       1.0000       0.0000    
  6677.000000       1.0000       0.0000    
  6678.000000       1.0000      1.05811E-02
  6679.000000       1.0000       1.0765    
  6680.000000       1.0000       2.3379    
  6681.000000       1.0000       3.5177    
  6682.000000       1.0000       29.140    
  6683.000000       1.0000       162.57    
  6684.000000       1.0000       271.10    
  6685.000000       1.0000       65.936    
  6686.000000       1.0000       227.25    
  6687.000000       1.0000       810.04    
  6688.000000       1.0000       841.02    
  6689.000000       1.0000       295.25    
  6690.000000       1.0000       18.604    
  6691.000000       1.0000      5.77846E-02
  6692.000000       1.0000     -7.21356E-30
  6693.000000       1.0000      1.18319E-46
  6694.000000       1.0000       0.0000    
  6695.000000       1.0000       0.0000    
  6696.000000       1.0000       0.0000    
  6697.000000       1.0000       0.0000    
  6698.000000       1.0000       0.0000    
  6699.000000       1.0000       0.0000    
  6700.000000       1.0000       0.0000    
  6701.000000       1.0000       0.0000    
  6702.000000       1.0000      9.94922E-02
  6703.000000       1.0000       1.3015    
  6704.000000       1.0000       6.7883    
  6705.000000       1.0000       22.652    
  6706.000000       1.0000       83.950    
  6707.000000       1.0000       139.50    
  6708.000000       1.0000       445.30    
  6709.000000       1.0000       396.21    
  6710.000000       1.0000       436.52    
  6711.000000       1.0000       617.27    
  6712.000000       1.0000       73.005    
  6713.000000       1.0000       37.488    
  6714.000000       1.0000       4.3797    
  6715.000000       1.0000      5.40411E-02
  6716.000000       1.0000       0.0000    
  6717.000000       1.0000       0.0000    
  6718.000000       1.0000       0.0000    
  6719.000000       1.0000       0.0000    
  6720.000000       1.0000       0.0000    
  6721.000000       1.0000       0.0000    
  6722.000000       1.0000       0.0000    
  6723.000000       1.0000       0.0000    
  6724.000000       1.0000       0.0000    
  6725.000000       1.0000       0.0000    
  6726.000000       1.0000      9.08519E-02
  6727.000000       1.0000      0.98580    
  6728.000000       1.0000       3.4965    
  6729.000000       1.0000       99.395    
  6730.000000       1.0000       144.62    
  6731.000000       1.0000       180.04    
  6732.000000       1.0000       601.52    
  6733.000000       1.0000       534.69    
  6734.000000       1.0000       509.21    
  6735.000000       1.0000       57.672    
  6736.000000       1.0000       8.7162    
  6737.000000       1.0000       3.6201    
  6738.000000       1.0000      0.29522    
  6739.000000       1.0000       0.0000    
  6740.000000       1.0000       0.0000    
  6741.000000       1.0000       0.0000    
  6742.000000       1.0000       0.0000    
  6743.000000       1.0000       0.0000    
  6744.000000       1.0000       0.0000    
  6745.000000       1.0000       0.0000    
  6746.000000       1.0000       0.0000    
  6747.000000       1.0000       0.0000    
  6748.000000       1.0000       0.0000    
  6749.000000       1.0000       0.0000    
  6750.000000       1.0000      1.58515E-02
  6751.000000       1.0000       3.9839    
  6752.000000       1.0000       333.58    
  6753.000000       1.0000       1194.9    
  6754.000000       1.0000       1885.1    
  6755.000000       1.0000       2387.4    
  6756.000000       1.0000       1102.1    
  6757.000000       1.0000       1370.0    
  6758.000000       1.0000       1857.2    
  6759.000000       1.0000       1271.5    
  6760.000000       1.0000       707.63    
  6761.000000       1.0000       64.755    
  6762.000000       1.0000       2.9920    
  6763.000000       1.0000      5.04541E-03
  6764.000000       1.0000       0.0000    
  6765.000000       1.0000       0.0000    
  6766.000000       1.0000       0.0000    
  6767.000000       1.0000       0.0000    
  6768.000000       1.0000       0.0000    
  6769.000000       1.0000       0.0000    
  6770.000000       1.0000       0.0000    
  6771.000000       1.0000       0.0000    
  6772.000000       1.0000       0.0000    
  6773.000000       1.0000       0.0000    
  6774.000000       1.0000       0.0000    
  6775.000000       1.0000      0.30172    
  6776.000000       1.0000       2.4014    
  6777.000000       1.0000       3.5803    
  6778.000000       1.0000       31.497    
  6779.000000       1.0000       144.59    
  6780.000000       1.0000       81.880    
  6781.000000       1.0000       182.93    
  6782.000000       1.0000       483.70    
  6783.000000       1.0000       207.14    
  6784.000000       1.0000       258.52    
  6785.000000       1.0000       186.70    
  6786.000000       1.0000       7.2846    
  6787.000000       1.0000     -3.35753E-43
  6788.000000       1.0000      7.11819E-65
  6789.000000       1.0000       0.0000    
  6790.000000       1.0000       0.0000    
  6791.000000       1.0000       0.0000    
  6792.000000       1.0000       0.0000    
  6793.000000       1.0000       0.0000    
  6794.000000       1.0000       0.0000    
  6795.000000       1.0000       0.0000    
  6796.000000       1.0000       0.0000    
  6797.000000       1.0000       0.0000    
  6798.000000       1.0000       0.0000    
  6799.000000       1.0000      0.13669    
  6800.000000       1.0000       3.1652    
  6801.000000       1.0000       40.007    
  6802.000000       1.0000       270.41    
  6803.000000       1.0000       616.74    
  6804.000000       1.0000       139.76    
  6805.000000       1.0000       281.22    
  6806.000000       1.0000       1341.9    
  6807.000000       1.0000       360.19    
  6808.000000       1.0000       393.11    
  6809.000000       1.0000       42.424    
  6810.000000       1.0000      0.30615    
  6811.000000       1.0000      1.92901E-18
  6812.000000       1.0000      1.46878E-34
  6813.000000       1.0000     -1.70830E-62
  6814.000000       1.0000      1.21830E-78
  6815.000000       1.0000       0.0000    
  6816.000000       1.0000       0.0000    
  6817.000000       1.0000       0.0000    
  6818.000000       1.0000       0.0000    
  6819.000000       1.0000       0.0000    
  6820.000000       1.0000       0.0000    
  6821.000000       1.0000       0.0000    
  6822.000000       1.0000      3.18753E-02
  6823.000000       1.0000       2.0613    
  6824.000000       1.0000       48.461    
  6825.000000       1.0000       265.95    
  6826.000000       1.0000       25.923    
  6827.000000       1.0000       682.72    
  6828.000000       1.0000       1884.3    
  6829.000000       1.0000       1156.4    
  6830.000000       1.0000       1363.3    
  6831.000000       1.0000       1647.4    
  6832.000000       1.0000       1022.0    
  6833.000000       1.0000       342.55    
  6834.000000       1.0000       25.383    
  6835.000000       1.0000      5.73629E-02
  6836.000000       1.0000      5.58201E-30
  6837.000000       1.0000      4.81807E-50
  6838.000000       1.0000     -6.23666E-66
  6839.000000       1.0000       0.0000    
  6840.000000       1.0000       0.0000    
  6841.000000       1.0000       0.0000    
  6842.000000       1.0000       0.0000    
  6843.000000       1.0000       0.0000    
  6844.000000       1.0000       0.0000    
  6845.000000       1.0000       0.0000    
  6846.000000       1.0000      0.10336    
  6847.000000       1.0000       5.8945    
  6848.000000       1.0000       293.08    
  6849.000000       1.0000       1065.4    
  6850.000000       1.0000       1836.6    
  6851.000000       1.0000       2221.7    
  6852.000000       1.0000       1844.5    
  6853.000000       1.0000       1594.4    
  6854.000000       1.0000       2158.9    
  6855.000000       1.0000       1776.0    
  6856.000000       1.0000       1105.2    
  6857.000000       1.0000       297.18    
  6858.000000       1.0000       11.731    
  6859.000000       1.0000      4.90470E-02
  6860.000000       1.0000     -6.83506E-30
  6861.000000       1.0000       0.0000    
  6862.000000       1.0000       0.0000    
  6863.000000       1.0000       0.0000    
  6864.000000       1.0000       0.0000    
  6865.000000       1.0000       0.0000    
  6866.000000       1.0000       0.0000    
  6867.000000       1.0000       0.0000    
  6868.000000       1.0000       0.0000    
  6869.000000       1.0000       0.0000    
  6870.000000       1.0000      8.91428E-02
  6871.000000       1.0000       5.2633    
  6872.000000       1.0000       335.32    
  6873.000000       1.0000       1206.8    
  6874.000000       1.0000       1771.9    
  6875.000000       1.0000       1715.6    
  6876.000000       1.0000       1709.1    
  6877.000000       1.0000       1135.3    
  6878.000000       1.0000       235.88    
  6879.000000       1.0000       96.100    
  6880.000000       1.0000       19.992    
  6881.000000       1.0000       2.9214    
  6882.000000       1.0000      0.12317    
  6883.000000       1.0000       0.0000    
  6884.000000       1.0000       0.0000    
  6885.000000       1.0000       0.0000    
  6886.000000       1.0000       0.0000    
  6887.000000       1.0000       0.0000    
  6888.000000       1.0000       0.0000    
  6889.000000       1.0000       0.0000    
  6890.000000       1.0000       0.0000    
  6891.000000       1.0000       0.0000    
  6892.000000       1.0000       0.0000    
  6893.000000       1.0000       0.0000    
  6894.000000       1.0000      0.19820    
  6895.000000       1.0000       3.5164    
  6896.000000       1.0000       223.47    
  6897.000000       1.0000       1132.0    
  6898.000000       1.0000       1851.1    
  6899.000000       1.0000       2297.4    
  6900.000000       1.0000       2466.8    
  6901.000000       1.0000       2337.3    
  6902.000000       1.0000       2100.6    
  6903.000000       1.0000       1662.6    
  6904.000000       1.0000       1040.9    
  6905.000000       1.0000       233.70    
  6906.000000       1.0000       19.282    
  6907.000000       1.0000     -2.43805E-16
  6908.000000       1.0000       0.0000    
  6909.000000       1.0000       0.0000    
  6910.000000       1.0000       0.0000    
  6911.000000       1.0000       0.0000    
  6912.000000       1.0000       0.0000    
  6913.000000       1.0000       0.0000    
  6914.000000       1.0000       0.0000    
  6915.000000       1.0000       0.0000    
  6916.000000       1.0000       0.0000    
  6917.000000       1.0000       0.0000    
  6918.000000       1.0000       0.0000    
  6919.000000       1.0000      0.65029    
  6920.000000       1.0000       22.812    
  6921.000000       1.0000       327.13    
  6922.000000       1.0000       1229.7    
  6923.000000       1.0000       393.55    
  6924.000000       1.0000       530.50    
  6925.000000       1.0000       567.83    
  6926.000000       1.0000       184.32    
  6927.000000       1.0000       167.47    
  6928.000000       1.0000       27.444    
  6929.000000       1.0000       5.2534    
  6930.000000       1.0000      0.41856    
  6931.000000       1.0000       0.0000    
  6932.000000       1.0000       0.0000    
  6933.000000       1.0000       0.0000    
  6934.000000       1.0000       0.0000    
  6935.000000       1.0000       0.0000    
  6936.000000       1.0000       0.0000    
  6937.000000       1.0000       0.0000    
  6938.000000       1.0000       0.0000    
  6939.000000       1.0000       0.0000    
  6940.000000       1.0000       0.0000    
  6941.000000       1.0000       0.0000    
  6942.000000       1.0000      0.10258    
  6943.000000       1.0000       1.9085    
  6944.000000       1.0000       320.70    
  6945.000000       1.0000       1214.6    
  6946.000000       1.0000       1832.8    
  6947.000000       1.0000       2232.8    
  6948.000000       1.0000       2360.1    
  6949.000000       1.0000       1327.4    
  6950.000000       1.0000       398.43    
  6951.000000       1.0000       336.26    
  6952.000000       1.0000       46.310    
  6953.000000       1.0000       4.5715    
  6954.000000       1.0000      7.55279E-02
  6955.000000       1.0000     -3.64002E-19
  6956.000000       1.0000       0.0000    
  6957.000000       1.0000       0.0000    
  6958.000000       1.0000       0.0000    
  6959.000000       1.0000       0.0000    
  6960.000000       1.0000       0.0000    
  6961.000000       1.0000       0.0000    
  6962.000000       1.0000       0.0000    
  6963.000000       1.0000       0.0000    
  6964.000000       1.0000       0.0000    
  6965.000000       1.0000       0.0000    
  6966.000000       1.0000      9.10480E-02
  6967.000000       1.0000       1.9600    
  6968.000000       1.0000       348.02    
  6969.000000       1.0000       1250.0    
  6970.000000       1.0000       1961.3    
  6971.000000       1.0000       2416.9    
  6972.000000       1.0000       2629.0    
  6973.000000       1.0000       2602.9    
  6974.000000       1.0000       1833.5    
  6975.000000       1.0000       1836.9    
  6976.000000       1.0000       1014.6    
  6977.000000       1.0000       166.43    
  6978.000000       1.0000       13.887    
  6979.000000       1.0000      3.22607E-17
  6980.000000       1.0000      7.26035E-45
  6981.000000       1.0000       0.0000    
  6982.000000       1.0000       0.0000    
  6983.000000       1.0000       0.0000    
  6984.000000       1.0000       0.0000    
  6985.000000       1.0000       0.0000    
  6986.000000       1.0000       0.0000    
  6987.000000       1.0000       0.0000    
  6988.000000       1.0000       0.0000    
  6989.000000       1.0000       0.0000    
  6990.000000       1.0000      1.86529E-02
  6991.000000       1.0000       2.2421    
  6992.000000       1.0000       211.37    
  6993.000000       1.0000       825.22    
  6994.000000       1.0000       1483.8    
  6995.000000       1.0000       1893.1    
  6996.000000       1.0000       2158.4    
  6997.000000       1.0000       2100.8    
  6998.000000       1.0000       1850.2    
  6999.000000       1.0000       1168.5    
  7000.000000       1.0000       720.16    
  7001.000000       1.0000       36.429    
  7002.000000       1.0000       1.6466    
  7003.000000       1.0000      2.83621E-29
  7004.000000       1.0000      1.75057E-49
  7005.000000       1.0000       0.0000    
  7006.000000       1.0000       0.0000    
  7007.000000       1.0000       0.0000    
  7008.000000       1.0000       0.0000    
  7009.000000       1.0000       0.0000    
  7010.000000       1.0000       0.0000    
  7011.000000       1.0000       0.0000    
  7012.000000       1.0000       0.0000    
  7013.000000       1.0000       0.0000    
  7014.000000       1.0000       0.0000    
  7015.000000       1.0000      0.28740    
  7016.000000       1.0000       2.5776    
  7017.000000       1.0000       7.4646    
  7018.000000       1.0000       35.931    
  7019.000000       1.0000       66.136    
  7020.000000       1.0000       161.74    
  7021.000000       1.0000       206.50    
  7022.000000       1.0000       105.47    
  7023.000000       1.0000       21.158    
  7024.000000       1.0000       3.6158    
  7025.000000       1.0000       1.2680    
  7026.000000       1.0000      0.15807    
  7027.000000       1.0000       0.0000    
  7028.000000       1.0000       0.0000    
  7029.000000       1.0000       0.0000    
  7030.000000       1.0000       0.0000    
  7031.000000       1.0000       0.0000    
  7032.000000       1.0000       0.0000    
  7033.000000       1.0000       0.0000    
  7034.000000       1.0000       0.0000    
  7035.000000       1.0000       0.0000    
  7036.000000       1.0000       0.0000    
  7037.000000       1.0000       0.0000    
  7038.000000       1.0000       0.0000    
  7039.000000       1.0000       0.0000    
  7040.000000       1.0000      0.27587    
  7041.000000       1.0000       2.7303    
  7042.000000       1.0000       1.9312    
  7043.000000       1.0000      2.22688E-02
  7044.000000       1.0000       2.4479    
  7045.000000       1.0000       7.7073    
  7046.000000       1.0000       10.406    
  7047.000000       1.0000       6.8000    
  7048.000000       1.0000       2.6091    
  7049.000000       1.0000      0.25089    
  7050.000000       1.0000       0.0000    
  7051.000000       1.0000       0.0000    
  7052.000000       1.0000       0.0000    
  7053.000000       1.0000       0.0000    
  7054.000000       1.0000       0.0000    
  7055.000000       1.0000       0.0000    
  7056.000000       1.0000       0.0000    
  7057.000000       1.0000       0.0000    
  7058.000000       1.0000       0.0000    
  7059.000000       1.0000       0.0000    
  7060.000000       1.0000       0.0000    
  7061.000000       1.0000       0.0000    
  7062.000000       1.0000       0.0000    
  7063.000000       1.0000      4.00279E-02
  7064.000000       1.0000       1.9815    
  7065.000000       1.0000       12.456    
  7066.000000       1.0000       65.675    
  7067.000000       1.0000       26.772    
  7068.000000       1.0000       53.307    
  7069.000000       1.0000       40.629    
  7070.000000       1.0000       11.357    
  7071.000000       1.0000       1.9868    
  7072.000000       1.0000       3.5046    
  7073.000000       1.0000       1.0353    
  7074.000000       1.0000      6.84729E-02
  7075.000000       1.0000       0.0000    
  7076.000000       1.0000       0.0000    
  7077.000000       1.0000       0.0000    
  7078.000000       1.0000       0.0000    
  7079.000000       1.0000       0.0000    
  7080.000000       1.0000       0.0000    
  7081.000000       1.0000       0.0000    
  7082.000000       1.0000       0.0000    
  7083.000000       1.0000       0.0000    
  7084.000000       1.0000       0.0000    
  7085.000000       1.0000       0.0000    
  7086.000000       1.0000       0.0000    
  7087.000000       1.0000      0.10659    
  7088.000000       1.0000       10.894    
  7089.000000       1.0000       394.43    
  7090.000000       1.0000       577.82    
  7091.000000       1.0000       474.25    
  7092.000000       1.0000       993.51    
  7093.000000       1.0000       911.41    
  7094.000000       1.0000       1907.4    
  7095.000000       1.0000       973.81    
  7096.000000       1.0000       57.465    
  7097.000000       1.0000       4.5983    
  7098.000000       1.0000      6.66874E-02
  7099.000000       1.0000       0.0000    
  7100.000000       1.0000       0.0000    
  7101.000000       1.0000       0.0000    
  7102.000000       1.0000       0.0000    
  7103.000000       1.0000       0.0000    
  7104.000000       1.0000       0.0000    
  7105.000000       1.0000       0.0000    
  7106.000000       1.0000       0.0000    
  7107.000000       1.0000       0.0000    
  7108.000000       1.0000       0.0000    
  7109.000000       1.0000       0.0000    
  7110.000000       1.0000       0.0000    
  7111.000000       1.0000      0.17307    
  7112.000000       1.0000       3.3956    
  7113.000000       1.0000       20.907    
  7114.000000       1.0000       92.069    
  7115.000000       1.0000       338.40    
  7116.000000       1.0000       828.63    
  7117.000000       1.0000       836.24    
  7118.000000       1.0000       997.02    
  7119.000000       1.0000       598.65    
  7120.000000       1.0000       278.06    
  7121.000000       1.0000       9.8576    
  7122.000000       1.0000      0.27164    
  7123.000000       1.0000      2.66501E-17
  7124.000000       1.0000       0.0000    
  7125.000000       1.0000       0.0000    
  7126.000000       1.0000       0.0000    
  7127.000000       1.0000       0.0000    
  7128.000000       1.0000       0.0000    
  7129.000000       1.0000       0.0000    
  7130.000000       1.0000       0.0000    
  7131.000000       1.0000       0.0000    
  7132.000000       1.0000       0.0000    
  7133.000000       1.0000       0.0000    
  7134.000000       1.0000       0.0000    
  7135.000000       1.0000      0.48077    
  7136.000000       1.0000       2.9885    
  7137.000000       1.0000      0.60248    
  7138.000000       1.0000       1.0974    
  7139.000000       1.0000       2.2645    
  7140.000000       1.0000      0.61382    
  7141.000000       1.0000       1.1461    
  7142.000000       1.0000       2.6288    
  7143.000000       1.0000       1.8405    
  7144.000000       1.0000      0.23734    
  7145.000000       1.0000       0.0000    
  7146.000000       1.0000       0.0000    
  7147.000000       1.0000       0.0000    
  7148.000000       1.0000       0.0000    
  7149.000000       1.0000       0.0000    
  7150.000000       1.0000       0.0000    
  7151.000000       1.0000       0.0000    
  7152.000000       1.0000       0.0000    
  7153.000000       1.0000       0.0000    
  7154.000000       1.0000       0.0000    
  7155.000000       1.0000       0.0000    
  7156.000000       1.0000       0.0000    
  7157.000000       1.0000       0.0000    
  7158.000000       1.0000      0.17475    
  7159.000000       1.0000       2.8500    
  7160.000000       1.0000       4.7184    
  7161.000000       1.0000       38.786    
  7162.000000       1.0000       47.025    
  7163.000000       1.0000       100.58    
  7164.000000       1.0000       144.30    
  7165.000000       1.0000       133.53    
  7166.000000       1.0000       92.853    
  7167.000000       1.0000       15.938    
  7168.000000       1.0000       1.8229    
  7169.000000       1.0000       0.0000    
  7170.000000       1.0000       0.0000    
  7171.000000       1.0000       0.0000    
  7172.000000       1.0000       0.0000    
  7173.000000       1.0000       0.0000    
  7174.000000       1.0000       0.0000    
  7175.000000       1.0000       0.0000    
  7176.000000       1.0000       0.0000    
  7177.000000       1.0000       0.0000    
  7178.000000       1.0000       0.0000    
  7179.000000       1.0000       0.0000    
  7180.000000       1.0000       0.0000    
  7181.000000       1.0000       0.0000    
  7182.000000       1.0000      0.11177    
  7183.000000       1.0000       1.0400    
  7184.000000       1.0000       2.7468    
  7185.000000       1.0000       3.0398    
  7186.000000       1.0000       16.666    
  7187.000000       1.0000       54.596    
  7188.000000       1.0000       92.736    
  7189.000000       1.0000       191.28    
  7190.000000       1.0000       35.553    
  7191.000000       1.0000       6.0020    
  7192.000000       1.0000      0.39862    
  7193.000000       1.0000       0.0000    
  7194.000000       1.0000       0.0000    
  7195.000000       1.0000       0.0000    
  7196.000000       1.0000       0.0000    
  7197.000000       1.0000       0.0000    
  7198.000000       1.0000       0.0000    
  7199.000000       1.0000       0.0000    
  7200.000000       1.0000       0.0000    
  7201.000000       1.0000       0.0000    
  7202.000000       1.0000       0.0000    
  7203.000000       1.0000       0.0000    
  7204.000000       1.0000       0.0000    
  7205.000000       1.0000       0.0000    
  7206.000000       1.0000       0.0000    
  7207.000000       1.0000      0.69138    
  7208.000000       1.0000       6.4766    
  7209.000000       1.0000       17.949    
  7210.000000       1.0000       273.06    
  7211.000000       1.0000       1106.3    
  7212.000000       1.0000       1231.4    
  7213.000000       1.0000       474.39    
  7214.000000       1.0000       780.30    
  7215.000000       1.0000       119.20    
  7216.000000       1.0000       4.0950    
  7217.000000       1.0000      0.12736    
  7218.000000       1.0000     -1.24669E-17
  7219.000000       1.0000       0.0000    
  7220.000000       1.0000       0.0000    
  7221.000000       1.0000       0.0000    
  7222.000000       1.0000       0.0000    
  7223.000000       1.0000       0.0000    
  7224.000000       1.0000       0.0000    
  7225.000000       1.0000       0.0000    
  7226.000000       1.0000       0.0000    
  7227.000000       1.0000       0.0000    
  7228.000000       1.0000       0.0000    
  7229.000000       1.0000       0.0000    
  7230.000000       1.0000      0.10576    
  7231.000000       1.0000      0.78848    
  7232.000000       1.0000       3.7332    
  7233.000000       1.0000       37.205    
  7234.000000       1.0000       195.87    
  7235.000000       1.0000       318.64    
  7236.000000       1.0000       599.38    
  7237.000000       1.0000       1054.1    
  7238.000000       1.0000       670.82    
  7239.000000       1.0000       253.17    
  7240.000000       1.0000       15.106    
  7241.000000       1.0000      0.22291    
  7242.000000       1.0000      4.55043E-33
  7243.000000       1.0000      6.77776E-61
  7244.000000       1.0000     -6.14464E-78
  7245.000000       1.0000       0.0000    
  7246.000000       1.0000       0.0000    
  7247.000000       1.0000       0.0000    
  7248.000000       1.0000       0.0000    
  7249.000000       1.0000       0.0000    
  7250.000000       1.0000       0.0000    
  7251.000000       1.0000       0.0000    
  7252.000000       1.0000       0.0000    
  7253.000000       1.0000       0.0000    
  7254.000000       1.0000      0.53133    
  7255.000000       1.0000       3.8691    
  7256.000000       1.0000       3.6101    
  7257.000000       1.0000       13.649    
  7258.000000       1.0000       31.530    
  7259.000000       1.0000       55.925    
  7260.000000       1.0000       77.088    
  7261.000000       1.0000       40.433    
  7262.000000       1.0000       46.288    
  7263.000000       1.0000       3.5011    
  7264.000000       1.0000      4.71552E-02
  7265.000000       1.0000       0.0000    
  7266.000000       1.0000       0.0000    
  7267.000000       1.0000       0.0000    
  7268.000000       1.0000       0.0000    
  7269.000000       1.0000       0.0000    
  7270.000000       1.0000       0.0000    
  7271.000000       1.0000       0.0000    
  7272.000000       1.0000       0.0000    
  7273.000000       1.0000       0.0000    
  7274.000000       1.0000       0.0000    
  7275.000000       1.0000       0.0000    
  7276.000000       1.0000       0.0000    
  7277.000000       1.0000       0.0000    
  7278.000000       1.0000       0.0000    
  7279.000000       1.0000      5.65242E-02
  7280.000000       1.0000       3.1020    
  7281.000000       1.0000       76.167    
  7282.000000       1.0000       362.22    
  7283.000000       1.0000       593.07    
  7284.000000       1.0000       1016.0    
  7285.000000       1.0000       1552.2    
  7286.000000       1.0000       1388.5    
  7287.000000       1.0000       941.26    
  7288.000000       1.0000       151.80    
  7289.000000       1.0000       3.5271    
  7290.000000       1.0000      1.28892E-02
  7291.000000       1.0000       0.0000    
  7292.000000       1.0000       0.0000    
  7293.000000       1.0000       0.0000    
  7294.000000       1.0000       0.0000    
  7295.000000       1.0000       0.0000    
  7296.000000       1.0000       0.0000    
  7297.000000       1.0000       0.0000    
  7298.000000       1.0000       0.0000    
  7299.000000       1.0000       0.0000    
  7300.000000       1.0000       0.0000    
  7301.000000       1.0000       0.0000    
  7302.000000       1.0000       0.0000    
  7303.000000       1.0000       0.0000    
  7304.000000       1.0000      0.37742    
  7305.000000       1.0000       3.3767    
  7306.000000       1.0000       2.5927    
  7307.000000       1.0000       8.5284    
  7308.000000       1.0000       34.210    
  7309.000000       1.0000       156.29    
  7310.000000       1.0000       229.28    
  7311.000000       1.0000       315.71    
  7312.000000       1.0000       98.155    
  7313.000000       1.0000       8.4846    
  7314.000000       1.0000       0.0000    
  7315.000000       1.0000       0.0000    
  7316.000000       1.0000       0.0000    
  7317.000000       1.0000       0.0000    
  7318.000000       1.0000       0.0000    
  7319.000000       1.0000       0.0000    
  7320.000000       1.0000       0.0000    
  7321.000000       1.0000       0.0000    
  7322.000000       1.0000       0.0000    
  7323.000000       1.0000       0.0000    
  7324.000000       1.0000       0.0000    
  7325.000000       1.0000       0.0000    
  7326.000000       1.0000       0.0000    
  7327.000000       1.0000       0.0000    
  7328.000000       1.0000      0.20929    
  7329.000000       1.0000       1.7029    
  7330.000000       1.0000       3.1976    
  7331.000000       1.0000       10.435    
  7332.000000       1.0000       26.453    
  7333.000000       1.0000       31.846    
  7334.000000       1.0000       22.798    
  7335.000000       1.0000       4.1444    
  7336.000000       1.0000       3.0428    
  7337.000000       1.0000      0.32007    
  7338.000000       1.0000       0.0000    
  7339.000000       1.0000       0.0000    
  7340.000000       1.0000       0.0000    
  7341.000000       1.0000       0.0000    
  7342.000000       1.0000       0.0000    
  7343.000000       1.0000       0.0000    
  7344.000000       1.0000       0.0000    
  7345.000000       1.0000       0.0000    
  7346.000000       1.0000       0.0000    
  7347.000000       1.0000       0.0000    
  7348.000000       1.0000       0.0000    
  7349.000000       1.0000       0.0000    
  7350.000000       1.0000       0.0000    
  7351.000000       1.0000      6.23136E-02
  7352.000000       1.0000      0.61668    
  7353.000000       1.0000       4.5735    
  7354.000000       1.0000       32.915    
  7355.000000       1.0000       131.48    
  7356.000000       1.0000       314.56    
  7357.000000       1.0000       225.24    
  7358.000000       1.0000       529.30    
  7359.000000       1.0000       217.58    
  7360.000000       1.0000       110.01    
  7361.000000       1.0000       13.545    
  7362.000000       1.0000      6.31372E-03
  7363.000000       1.0000       0.0000    
  7364.000000       1.0000       0.0000    
  7365.000000       1.0000       0.0000    
  7366.000000       1.0000       0.0000    
  7367.000000       1.0000       0.0000    
  7368.000000       1.0000       0.0000    
  7369.000000       1.0000       0.0000    
  7370.000000       1.0000       0.0000    
  7371.000000       1.0000       0.0000    
  7372.000000       1.0000       0.0000    
  7373.000000       1.0000       0.0000    
  7374.000000       1.0000       0.0000    
  7375.000000       1.0000      2.87340E-02
  7376.000000       1.0000       3.2273    
  7377.000000       1.0000       121.41    
  7378.000000       1.0000       54.774    
  7379.000000       1.0000       1179.6    
  7380.000000       1.0000       1442.8    
  7381.000000       1.0000       1114.9    
  7382.000000       1.0000       1107.1    
  7383.000000       1.0000       310.49    
  7384.000000       1.0000       32.415    
  7385.000000       1.0000      0.47297    
  7386.000000       1.0000      7.20879E-03
  7387.000000       1.0000      5.64025E-32
  7388.000000       1.0000      2.24314E-69
  7389.000000       1.0000       0.0000    
  7390.000000       1.0000       0.0000    
  7391.000000       1.0000       0.0000    
  7392.000000       1.0000       0.0000    
  7393.000000       1.0000       0.0000    
  7394.000000       1.0000       0.0000    
  7395.000000       1.0000       0.0000    
  7396.000000       1.0000       0.0000    
  7397.000000       1.0000       0.0000    
  7398.000000       1.0000       0.0000    
  7399.000000       1.0000       0.0000    
  7400.000000       1.0000      0.30423    
  7401.000000       1.0000       2.8481    
  7402.000000       1.0000      0.33160    
  7403.000000       1.0000       1.0169    
  7404.000000       1.0000       5.0972    
  7405.000000       1.0000       11.110    
  7406.000000       1.0000      0.66752    
  7407.000000       1.0000       1.4256    
  7408.000000       1.0000       1.7703    
  7409.000000       1.0000      0.26127    
  7410.000000       1.0000       0.0000    
  7411.000000       1.0000       0.0000    
  7412.000000       1.0000       0.0000    
  7413.000000       1.0000       0.0000    
  7414.000000       1.0000       0.0000    
  7415.000000       1.0000       0.0000    
  7416.000000       1.0000       0.0000    
  7417.000000       1.0000       0.0000    
  7418.000000       1.0000       0.0000    
  7419.000000       1.0000       0.0000    
  7420.000000       1.0000       0.0000    
  7421.000000       1.0000       0.0000    
  7422.000000       1.0000       0.0000    
  7423.000000       1.0000      9.61395E-02
  7424.000000       1.0000       1.9206    
  7425.000000       1.0000       61.054    
  7426.000000       1.0000       751.11    
  7427.000000       1.0000       1817.9    
  7428.000000       1.0000       2081.2    
  7429.000000       1.0000       1871.1    
  7430.000000       1.0000       1781.2    
  7431.000000       1.0000       1457.3    
  7432.000000       1.0000       528.92    
  7433.000000       1.0000       21.898    
  7434.000000       1.0000      4.76277E-02
  7435.000000       1.0000       0.0000    
  7436.000000       1.0000       0.0000    
  7437.000000       1.0000       0.0000    
  7438.000000       1.0000       0.0000    
  7439.000000       1.0000       0.0000    
  7440.000000       1.0000       0.0000    
  7441.000000       1.0000       0.0000    
  7442.000000       1.0000       0.0000    
  7443.000000       1.0000       0.0000    
  7444.000000       1.0000       0.0000    
  7445.000000       1.0000       0.0000    
  7446.000000       1.0000       0.0000    
  7447.000000       1.0000       0.0000    
  7448.000000       1.0000      4.54035E-02
  7449.000000       1.0000       2.2153    
  7450.000000       1.0000       1.4969    
  7451.000000       1.0000       8.6794    
  7452.000000       1.0000       30.593    
  7453.000000       1.0000       26.394    
  7454.000000       1.0000       81.499    
  7455.000000       1.0000       92.755    
  7456.000000       1.0000       14.431    
  7457.000000       1.0000      0.43095    
  7458.000000       1.0000       0.0000    
  7459.000000       1.0000       0.0000    
  7460.000000       1.0000       0.0000    
  7461.000000       1.0000       0.0000    
  7462.000000       1.0000       0.0000    
  7463.000000       1.0000       0.0000    
  7464.000000       1.0000       0.0000    
  7465.000000       1.0000       0.0000    
  7466.000000       1.0000       0.0000    
  7467.000000       1.0000       0.0000    
  7468.000000       1.0000       0.0000    
  7469.000000       1.0000       0.0000    
  7470.000000       1.0000       0.0000    
  7471.000000       1.0000       0.0000    
  7472.000000       1.0000      0.22422    
  7473.000000       1.0000       2.4648    
  7474.000000       1.0000       21.929    
  7475.000000       1.0000       58.500    
  7476.000000       1.0000       60.064    
  7477.000000       1.0000       36.949    
  7478.000000       1.0000       62.003    
  7479.000000       1.0000       91.431    
  7480.000000       1.0000       41.948    
  7481.000000       1.0000       2.2266    
  7482.000000       1.0000      7.26521E-33
  7483.000000       1.0000      9.79866E-49
  7484.000000       1.0000       0.0000    
  7485.000000       1.0000       0.0000    
  7486.000000       1.0000       0.0000    
  7487.000000       1.0000       0.0000    
  7488.000000       1.0000       0.0000    
  7489.000000       1.0000       0.0000    
  7490.000000       1.0000       0.0000    
  7491.000000       1.0000       0.0000    
  7492.000000       1.0000       0.0000    
  7493.000000       1.0000       0.0000    
  7494.000000       1.0000       0.0000    
  7495.000000       1.0000      8.13274E-02
  7496.000000       1.0000      0.95154    
  7497.000000       1.0000       3.2418    
  7498.000000       1.0000       33.736    
  7499.000000       1.0000       76.830    
  7500.000000       1.0000       129.66    
  7501.000000       1.0000       77.852    
  7502.000000       1.0000       39.648    
  7503.000000       1.0000       10.892    
  7504.000000       1.0000       1.7372    
  7505.000000       1.0000      0.12495    
  7506.000000       1.0000       0.0000    
  7507.000000       1.0000       0.0000    
  7508.000000       1.0000       0.0000    
  7509.000000       1.0000       0.0000    
  7510.000000       1.0000       0.0000    
  7511.000000       1.0000       0.0000    
  7512.000000       1.0000       0.0000    
  7513.000000       1.0000       0.0000    
  7514.000000       1.0000       0.0000    
  7515.000000       1.0000       0.0000    
  7516.000000       1.0000       0.0000    
  7517.000000       1.0000       0.0000    
  7518.000000       1.0000       0.0000    
  7519.000000       1.0000       0.0000    
  7520.000000       1.0000      6.87869E-02
  7521.000000       1.0000       2.9214    
  7522.000000       1.0000      0.89487    
  7523.000000       1.0000       19.990    
  7524.000000       1.0000       74.482    
  7525.000000       1.0000       13.963    
  7526.000000       1.0000      0.85107    
  7527.000000       1.0000       3.2089    
  7528.000000       1.0000       1.7532    
  7529.000000       1.0000      0.11156    
  7530.000000       1.0000       0.0000    
  7531.000000       1.0000       0.0000    
  7532.000000       1.0000       0.0000    
  7533.000000       1.0000       0.0000    
  7534.000000       1.0000       0.0000    
  7535.000000       1.0000       0.0000    
  7536.000000       1.0000       0.0000    
  7537.000000       1.0000       0.0000    
  7538.000000       1.0000       0.0000    
  7539.000000       1.0000       0.0000    
  7540.000000       1.0000       0.0000    
  7541.000000       1.0000       0.0000    
  7542.000000       1.0000       0.0000    
  7543.000000       1.0000       0.0000    
  7544.000000       1.0000      0.21511    
  7545.000000       1.0000       2.5364    
  7546.000000       1.0000       3.5631    
  7547.000000       1.0000       1.1542    
  7548.000000       1.0000      8.11742E-02
  7549.000000       1.0000      4.87045E-02
  7550.000000       1.0000      0.86382    
  7551.000000       1.0000       3.7763    
  7552.000000       1.0000      0.36123    
  7553.000000       1.0000       0.0000    
  7554.000000       1.0000       0.0000    
  7555.000000       1.0000       0.0000    
  7556.000000       1.0000       0.0000    
  7557.000000       1.0000       0.0000    
  7558.000000       1.0000       0.0000    
  7559.000000       1.0000       0.0000    
  7560.000000       1.0000       0.0000    
  7561.000000       1.0000       0.0000    
  7562.000000       1.0000       0.0000    
  7563.000000       1.0000       0.0000    
  7564.000000       1.0000       0.0000    
  7565.000000       1.0000       0.0000    
  7566.000000       1.0000       0.0000    
  7567.000000       1.0000       0.0000    
  7568.000000       1.0000      0.42286    
  7569.000000       1.0000       2.7954    
  7570.000000       1.0000      0.80810    
  7571.000000       1.0000      0.92365    
  7572.000000       1.0000      0.88254    
  7573.000000       1.0000      0.11746    
  7574.000000       1.0000      0.41112    
  7575.000000       1.0000       2.8598    
  7576.000000       1.0000       1.5970    
  7577.000000       1.0000      0.18207    
  7578.000000       1.0000       0.0000    
  7579.000000       1.0000       0.0000    
  7580.000000       1.0000       0.0000    
  7581.000000       1.0000       0.0000    
  7582.000000       1.0000       0.0000    
  7583.000000       1.0000       0.0000    
  7584.000000       1.0000       0.0000    
  7585.000000       1.0000       0.0000    
  7586.000000       1.0000       0.0000    
  7587.000000       1.0000       0.0000    
  7588.000000       1.0000       0.0000    
  7589.000000       1.0000       0.0000    
  7590.000000       1.0000       0.0000    
  7591.000000       1.0000       0.0000    
  7592.000000       1.0000      0.17072    
  7593.000000       1.0000       1.6060    
  7594.000000       1.0000       2.6438    
  7595.000000       1.0000       2.7472    
  7596.000000       1.0000       13.709    
  7597.000000       1.0000       10.166    
  7598.000000       1.0000       2.0457    
  7599.000000       1.0000       2.4936    
  7600.000000       1.0000       1.7790    
  7601.000000       1.0000      0.19369    
  7602.000000       1.0000       0.0000    
  7603.000000       1.0000       0.0000    
  7604.000000       1.0000       0.0000    
  7605.000000       1.0000       0.0000    
  7606.000000       1.0000       0.0000    
  7607.000000       1.0000       0.0000    
  7608.000000       1.0000       0.0000    
  7609.000000       1.0000       0.0000    
  7610.000000       1.0000       0.0000    
  7611.000000       1.0000       0.0000    
  7612.000000       1.0000       0.0000    
  7613.000000       1.0000       0.0000    
  7614.000000       1.0000       0.0000    
  7615.000000       1.0000       0.0000    
  7616.000000       1.0000       1.3062    
  7617.000000       1.0000       25.406    
  7618.000000       1.0000       61.755    
  7619.000000       1.0000       40.419    
  7620.000000       1.0000       106.63    
  7621.000000       1.0000       156.80    
  7622.000000       1.0000       212.69    
  7623.000000       1.0000       93.647    
  7624.000000       1.0000       9.1977    
  7625.000000       1.0000      0.15820    
  7626.000000       1.0000     -7.52017E-18
  7627.000000       1.0000      3.04921E-45
  7628.000000       1.0000       0.0000    
  7629.000000       1.0000       0.0000    
  7630.000000       1.0000       0.0000    
  7631.000000       1.0000       0.0000    
  7632.000000       1.0000       0.0000    
  7633.000000       1.0000       0.0000    
  7634.000000       1.0000       0.0000    
  7635.000000       1.0000       0.0000    
  7636.000000       1.0000       0.0000    
  7637.000000       1.0000       0.0000    
  7638.000000       1.0000       0.0000    
  7639.000000       1.0000       0.0000    
  7640.000000       1.0000      0.22709    
  7641.000000       1.0000       2.0374    
  7642.000000       1.0000       4.5344    
  7643.000000       1.0000       4.1473    
  7644.000000       1.0000       19.369    
  7645.000000       1.0000       66.238    
  7646.000000       1.0000       16.471    
  7647.000000       1.0000       7.6696    
  7648.000000       1.0000       1.1782    
  7649.000000       1.0000      2.38577E-02
  7650.000000       1.0000       0.0000    
  7651.000000       1.0000       0.0000    
  7652.000000       1.0000       0.0000    
  7653.000000       1.0000       0.0000    
  7654.000000       1.0000       0.0000    
  7655.000000       1.0000       0.0000    
  7656.000000       1.0000       0.0000    
  7657.000000       1.0000       0.0000    
  7658.000000       1.0000       0.0000    
  7659.000000       1.0000       0.0000    
  7660.000000       1.0000       0.0000    
  7661.000000       1.0000       0.0000    
  7662.000000       1.0000       0.0000    
  7663.000000       1.0000       0.0000    
  7664.000000       1.0000      0.18033    
  7665.000000       1.0000       1.4955    
  7666.000000       1.0000       2.0069    
  7667.000000       1.0000       26.309    
  7668.000000       1.0000       107.31    
  7669.000000       1.0000       32.817    
  7670.000000       1.0000       2.9114    
  7671.000000       1.0000       3.6085    
  7672.000000       1.0000       1.0677    
  7673.000000       1.0000      5.45296E-02
  7674.000000       1.0000       0.0000    
  7675.000000       1.0000       0.0000    
  7676.000000       1.0000       0.0000    
  7677.000000       1.0000       0.0000    
  7678.000000       1.0000       0.0000    
  7679.000000       1.0000       0.0000    
  7680.000000       1.0000       0.0000    
  7681.000000       1.0000       0.0000    
  7682.000000       1.0000       0.0000    
  7683.000000       1.0000       0.0000    
  7684.000000       1.0000       0.0000    
  7685.000000       1.0000       0.0000    
  7686.000000       1.0000       0.0000    
  7687.000000       1.0000       0.0000    
  7688.000000       1.0000      0.24181    
  7689.000000       1.0000       1.9923    
  7690.000000       1.0000       2.8845    
  7691.000000       1.0000       26.328    
  7692.000000       1.0000       13.190    
  7693.000000       1.0000       2.4534    
  7694.000000       1.0000      0.56130    
  7695.000000       1.0000       2.4481    
  7696.000000       1.0000      0.40093    
  7697.000000       1.0000      7.76005E-17
  7698.000000       1.0000      7.85681E-33
  7699.000000       1.0000     -8.20091E-61
  7700.000000       1.0000       0.0000    
  7701.000000       1.0000       0.0000    
  7702.000000       1.0000       0.0000    
  7703.000000       1.0000       0.0000    
  7704.000000       1.0000       0.0000    
  7705.000000       1.0000       0.0000    
  7706.000000       1.0000       0.0000    
  7707.000000       1.0000       0.0000    
  7708.000000       1.0000       0.0000    
  7709.000000       1.0000       0.0000    
  7710.000000       1.0000       0.0000    
  7711.000000       1.0000       0.0000    
  7712.000000       1.0000       0.0000    
  7713.000000       1.0000      0.31987    
  7714.000000       1.0000       2.5844    
  7715.000000       1.0000       2.7063    
  7716.000000       1.0000       10.382    
  7717.000000       1.0000       10.423    
  7718.000000       1.0000       5.0509    
  7719.000000       1.0000       3.1437    
  7720.000000       1.0000      0.87022    
  7721.000000       1.0000      1.18558E-02
  7722.000000       1.0000       0.0000    
  7723.000000       1.0000       0.0000    
  7724.000000       1.0000       0.0000    
  7725.000000       1.0000       0.0000    
  7726.000000       1.0000       0.0000    
  7727.000000       1.0000       0.0000    
  7728.000000       1.0000       0.0000    
  7729.000000       1.0000       0.0000    
  7730.000000       1.0000       0.0000    
  7731.000000       1.0000       0.0000    
  7732.000000       1.0000       0.0000    
  7733.000000       1.0000       0.0000    
  7734.000000       1.0000       0.0000    
  7735.000000       1.0000       0.0000    
  7736.000000       1.0000      4.52864E-02
  7737.000000       1.0000      0.99290    
  7738.000000       1.0000       4.2381    
  7739.000000       1.0000       48.431    
  7740.000000       1.0000       311.14    
  7741.000000       1.0000       74.275    
  7742.000000       1.0000       1185.6    
  7743.000000       1.0000       495.37    
  7744.000000       1.0000       22.299    
  7745.000000       1.0000      6.03323E-02
  7746.000000       1.0000     -3.75426E-18
  7747.000000       1.0000     -8.90439E-51
  7748.000000       1.0000       0.0000    
  7749.000000       1.0000       0.0000    
  7750.000000       1.0000       0.0000    
  7751.000000       1.0000       0.0000    
  7752.000000       1.0000       0.0000    
  7753.000000       1.0000       0.0000    
  7754.000000       1.0000       0.0000    
  7755.000000       1.0000       0.0000    
  7756.000000       1.0000       0.0000    
  7757.000000       1.0000       0.0000    
  7758.000000       1.0000       0.0000    
  7759.000000       1.0000       0.0000    
  7760.000000       1.0000      0.64230    
  7761.000000       1.0000       114.90    
  7762.000000       1.0000       1105.2    
  7763.000000       1.0000       1714.2    
  7764.000000       1.0000       1984.2    
  7765.000000       1.0000       2028.4    
  7766.000000       1.0000       1414.8    
  7767.000000       1.0000       963.01    
  7768.000000       1.0000       119.05    
  7769.000000       1.0000       4.5513    
  7770.000000       1.0000      2.19781E-29
  7771.000000       1.0000       0.0000    
  7772.000000       1.0000       0.0000    
  7773.000000       1.0000       0.0000    
  7774.000000       1.0000       0.0000    
  7775.000000       1.0000       0.0000    
  7776.000000       1.0000       0.0000    
  7777.000000       1.0000       0.0000    
  7778.000000       1.0000       0.0000    
  7779.000000       1.0000       0.0000    
  7780.000000       1.0000       0.0000    
  7781.000000       1.0000       0.0000    
  7782.000000       1.0000       0.0000    
  7783.000000       1.0000       0.0000    
  7784.000000       1.0000       0.0000    
  7785.000000       1.0000      0.41557    
  7786.000000       1.0000       3.5147    
  7787.000000       1.0000       5.0873    
  7788.000000       1.0000       2.2201    
  7789.000000       1.0000       1.3380    
  7790.000000       1.0000       3.6765    
  7791.000000       1.0000       4.7689    
  7792.000000       1.0000      0.61787    
  7793.000000       1.0000      8.40450E-17
  7794.000000       1.0000     -3.12875E-45
  7795.000000       1.0000     -2.81535E-66
  7796.000000       1.0000       0.0000    
  7797.000000       1.0000       0.0000    
  7798.000000       1.0000       0.0000    
  7799.000000       1.0000       0.0000    
  7800.000000       1.0000       0.0000    
  7801.000000       1.0000       0.0000    
  7802.000000       1.0000       0.0000    
  7803.000000       1.0000       0.0000    
  7804.000000       1.0000       0.0000    
  7805.000000       1.0000       0.0000    
  7806.000000       1.0000       0.0000    
  7807.000000       1.0000       0.0000    
  7808.000000       1.0000      0.21086    
  7809.000000       1.0000       1.8920    
  7810.000000       1.0000       68.313    
  7811.000000       1.0000       79.279    
  7812.000000       1.0000       940.89    
  7813.000000       1.0000       549.80    
  7814.000000       1.0000       420.81    
  7815.000000       1.0000       40.060    
  7816.000000       1.0000       1.6183    
  7817.000000       1.0000      0.10913    
  7818.000000       1.0000       0.0000    
  7819.000000       1.0000       0.0000    
  7820.000000       1.0000       0.0000    
  7821.000000       1.0000       0.0000    
  7822.000000       1.0000       0.0000    
  7823.000000       1.0000       0.0000    
  7824.000000       1.0000       0.0000    
  7825.000000       1.0000       0.0000    
  7826.000000       1.0000       0.0000    
  7827.000000       1.0000       0.0000    
  7828.000000       1.0000       0.0000    
  7829.000000       1.0000       0.0000    
  7830.000000       1.0000       0.0000    
  7831.000000       1.0000       0.0000    
  7832.000000       1.0000      0.26949    
  7833.000000       1.0000       2.4577    
  7834.000000       1.0000       19.633    
  7835.000000       1.0000       96.351    
  7836.000000       1.0000       559.44    
  7837.000000       1.0000       885.59    
  7838.000000       1.0000       976.22    
  7839.000000       1.0000       374.52    
  7840.000000       1.0000       33.081    
  7841.000000       1.0000      0.11242    
  7842.000000       1.0000      2.61836E-29
  7843.000000       1.0000      8.05381E-50
  7844.000000       1.0000     -3.31991E-84
  7845.000000       1.0000       0.0000    
  7846.000000       1.0000       0.0000    
  7847.000000       1.0000       0.0000    
  7848.000000       1.0000       0.0000    
  7849.000000       1.0000       0.0000    
  7850.000000       1.0000       0.0000    
  7851.000000       1.0000       0.0000    
  7852.000000       1.0000       0.0000    
  7853.000000       1.0000       0.0000    
  7854.000000       1.0000       0.0000    
  7855.000000       1.0000       0.0000    
  7856.000000       1.0000       0.0000    
  7857.000000       1.0000      0.24482    
  7858.000000       1.0000       3.4424    
  7859.000000       1.0000       2.0307    
  7860.000000       1.0000      0.13207    
  7861.000000       1.0000      1.20436E-02
  7862.000000       1.0000      0.45135    
  7863.000000       1.0000      0.91094    
  7864.000000       1.0000      0.10936    
  7865.000000       1.0000       0.0000    
  7866.000000       1.0000       0.0000    
  7867.000000       1.0000       0.0000    
  7868.000000       1.0000       0.0000    
  7869.000000       1.0000       0.0000    
  7870.000000       1.0000       0.0000    
  7871.000000       1.0000       0.0000    
  7872.000000       1.0000       0.0000    
  7873.000000       1.0000       0.0000    
  7874.000000       1.0000       0.0000    
  7875.000000       1.0000       0.0000    
  7876.000000       1.0000       0.0000    
  7877.000000       1.0000       0.0000    
  7878.000000       1.0000       0.0000    
  7879.000000       1.0000       0.0000    
  7880.000000       1.0000      0.12484    
  7881.000000       1.0000       1.0314    
  7882.000000       1.0000       2.9781    
  7883.000000       1.0000       31.729    
  7884.000000       1.0000       51.175    
  7885.000000       1.0000       332.33    
  7886.000000       1.0000       433.84    
  7887.000000       1.0000       31.097    
  7888.000000       1.0000      0.20410    
  7889.000000       1.0000       0.0000    
  7890.000000       1.0000       0.0000    
  7891.000000       1.0000       0.0000    
  7892.000000       1.0000       0.0000    
  7893.000000       1.0000       0.0000    
  7894.000000       1.0000       0.0000    
  7895.000000       1.0000       0.0000    
  7896.000000       1.0000       0.0000    
  7897.000000       1.0000       0.0000    
  7898.000000       1.0000       0.0000    
  7899.000000       1.0000       0.0000    
  7900.000000       1.0000       0.0000    
  7901.000000       1.0000       0.0000    
  7902.000000       1.0000       0.0000    
  7903.000000       1.0000       0.0000    
  7904.000000       1.0000      0.11137    
  7905.000000       1.0000      0.97456    
  7906.000000       1.0000       5.0300    
  7907.000000       1.0000       60.967    
  7908.000000       1.0000       233.73    
  7909.000000       1.0000       907.65    
  7910.000000       1.0000       882.55    
  7911.000000       1.0000       512.81    
  7912.000000       1.0000       64.613    
  7913.000000       1.0000      0.27962    
  7914.000000       1.0000       0.0000    
  7915.000000       1.0000       0.0000    
  7916.000000       1.0000       0.0000    
  7917.000000       1.0000       0.0000    
  7918.000000       1.0000       0.0000    
  7919.000000       1.0000       0.0000    
  7920.000000       1.0000       0.0000    
  7921.000000       1.0000       0.0000    
  7922.000000       1.0000       0.0000    
  7923.000000       1.0000       0.0000    
  7924.000000       1.0000       0.0000    
  7925.000000       1.0000       0.0000    
  7926.000000       1.0000       0.0000    
  7927.000000       1.0000       0.0000    
  7928.000000       1.0000      1.14793E-02
  7929.000000       1.0000       2.1106    
  7930.000000       1.0000       43.499    
  7931.000000       1.0000       135.09    
  7932.000000       1.0000       156.09    
  7933.000000       1.0000       115.66    
  7934.000000       1.0000       67.107    
  7935.000000       1.0000       20.099    
  7936.000000       1.0000      0.51824    
  7937.000000       1.0000      1.35440E-02
  7938.000000       1.0000     -2.60535E-34
  7939.000000       1.0000      7.55607E-62
  7940.000000       1.0000      4.26451E-93
  7941.000000       1.0000       0.0000    
  7942.000000       1.0000       0.0000    
  7943.000000       1.0000       0.0000    
  7944.000000       1.0000       0.0000    
  7945.000000       1.0000       0.0000    
  7946.000000       1.0000       0.0000    
  7947.000000       1.0000       0.0000    
  7948.000000       1.0000       0.0000    
  7949.000000       1.0000       0.0000    
  7950.000000       1.0000       0.0000    
  7951.000000       1.0000       0.0000    
  7952.000000       1.0000      5.73212E-02
  7953.000000       1.0000       3.1085    
  7954.000000       1.0000       41.267    
  7955.000000       1.0000       68.771    
  7956.000000       1.0000       33.766    
  7957.000000       1.0000       45.181    
  7958.000000       1.0000       30.846    
  7959.000000       1.0000       4.8745    
  7960.000000       1.0000      0.13635    
  7961.000000       1.0000       0.0000    
  7962.000000       1.0000       0.0000    
  7963.000000       1.0000       0.0000    
  7964.000000       1.0000       0.0000    
  7965.000000       1.0000       0.0000    
  7966.000000       1.0000       0.0000    
  7967.000000       1.0000       0.0000    
  7968.000000       1.0000       0.0000    
  7969.000000       1.0000       0.0000    
  7970.000000       1.0000       0.0000    
  7971.000000       1.0000       0.0000    
  7972.000000       1.0000       0.0000    
  7973.000000       1.0000       0.0000    
  7974.000000       1.0000       0.0000    
  7975.000000       1.0000       0.0000    
  7976.000000       1.0000       0.0000    
  7977.000000       1.0000      2.58407E-02
  7978.000000       1.0000       2.4429    
  7979.000000       1.0000       1.6900    
  7980.000000       1.0000       16.945    
  7981.000000       1.0000       10.406    
  7982.000000       1.0000       1.0315    
  7983.000000       1.0000      0.94951    
  7984.000000       1.0000      3.74010E-02
  7985.000000       1.0000       0.0000    
  7986.000000       1.0000       0.0000    
  7987.000000       1.0000       0.0000    
  7988.000000       1.0000       0.0000    
  7989.000000       1.0000       0.0000    
  7990.000000       1.0000       0.0000    
  7991.000000       1.0000       0.0000    
  7992.000000       1.0000       0.0000    
  7993.000000       1.0000       0.0000    
  7994.000000       1.0000       0.0000    
  7995.000000       1.0000       0.0000    
  7996.000000       1.0000       0.0000    
  7997.000000       1.0000       0.0000    
  7998.000000       1.0000       0.0000    
  7999.000000       1.0000       0.0000    
  8000.000000       1.0000       0.0000    
  8001.000000       1.0000      0.34951    
  8002.000000       1.0000       2.5550    
  8003.000000       1.0000      0.29400    
  8004.000000       1.0000      0.10500    
  8005.000000       1.0000       1.1890    
  8006.000000       1.0000       3.4010    
  8007.000000       1.0000       2.6110    
  8008.000000       1.0000      0.29400    
  8009.000000       1.0000       0.0000    
  8010.000000       1.0000       0.0000    
  8011.000000       1.0000       0.0000    
  8012.000000       1.0000       0.0000    
  8013.000000       1.0000       0.0000    
  8014.000000       1.0000       0.0000    
  8015.000000       1.0000       0.0000    
  8016.000000       1.0000       0.0000    
  8017.000000       1.0000       0.0000    
  8018.000000       1.0000       0.0000    
  8019.000000       1.0000       0.0000    
  8020.000000       1.0000       0.0000    
  8021.000000       1.0000       0.0000    
  8022.000000       1.0000       0.0000    
  8023.000000       1.0000       0.0000    
  8024.000000       1.0000       0.0000    
  8025.000000       1.0000      5.55648E-02
  8026.000000       1.0000       3.5201    
  8027.000000       1.0000       17.161    
  8028.000000       1.0000       25.108    
  8029.000000       1.0000       15.558    
  8030.000000       1.0000       8.9045    
  8031.000000       1.0000       5.0932    
  8032.000000       1.0000       2.0491    
  8033.000000       1.0000      3.64316E-03
  8034.000000       1.0000     -4.27950E-19
  8035.000000       1.0000       0.0000    
  8036.000000       1.0000       0.0000    
  8037.000000       1.0000       0.0000    
  8038.000000       1.0000       0.0000    
  8039.000000       1.0000       0.0000    
  8040.000000       1.0000       0.0000    
  8041.000000       1.0000       0.0000    
  8042.000000       1.0000       0.0000    
  8043.000000       1.0000       0.0000    
  8044.000000       1.0000       0.0000    
  8045.000000       1.0000       0.0000    
  8046.000000       1.0000       0.0000    
  8047.000000       1.0000       0.0000    
  8048.000000       1.0000      0.11437    
  8049.000000       1.0000       1.1839    
  8050.000000       1.0000       4.0415    
  8051.000000       1.0000       17.981    
  8052.000000       1.0000       40.058    
  8053.000000       1.0000       14.008    
  8054.000000       1.0000       1.1498    
  8055.000000       1.0000       1.6397    
  8056.000000       1.0000      0.15517    
  8057.000000       1.0000       0.0000    
  8058.000000       1.0000       0.0000    
  8059.000000       1.0000       0.0000    
  8060.000000       1.0000       0.0000    
  8061.000000       1.0000       0.0000    
  8062.000000       1.0000       0.0000    
  8063.000000       1.0000       0.0000    
  8064.000000       1.0000       0.0000    
  8065.000000       1.0000       0.0000    
  8066.000000       1.0000       0.0000    
  8067.000000       1.0000       0.0000    
  8068.000000       1.0000       0.0000    
  8069.000000       1.0000       0.0000    
  8070.000000       1.0000       0.0000    
  8071.000000       1.0000       0.0000    
  8072.000000       1.0000       0.0000    
  8073.000000       1.0000      0.10954    
  8074.000000       1.0000       1.7703    
  8075.000000       1.0000       1.5397    
  8076.000000       1.0000      0.45890    
  8077.000000       1.0000      4.17675E-02
  8078.000000       1.0000       2.5288    
  8079.000000       1.0000      0.16855    
  8080.000000       1.0000       0.0000    
  8081.000000       1.0000       0.0000    
  8082.000000       1.0000       0.0000    
  8083.000000       1.0000       0.0000    
  8084.000000       1.0000       0.0000    
  8085.000000       1.0000       0.0000    
  8086.000000       1.0000       0.0000    
  8087.000000       1.0000       0.0000    
  8088.000000       1.0000       0.0000    
  8089.000000       1.0000       0.0000    
  8090.000000       1.0000       0.0000    
  8091.000000       1.0000       0.0000    
  8092.000000       1.0000       0.0000    
  8093.000000       1.0000       0.0000    
  8094.000000       1.0000       0.0000    
  8095.000000       1.0000       0.0000    
  8096.000000       1.0000       0.0000    
  8097.000000       1.0000      0.39120    
  8098.000000       1.0000       3.5255    
  8099.000000       1.0000       5.4698    
  8100.000000       1.0000       5.2663    
  8101.000000       1.0000       5.5971    
  8102.000000       1.0000       5.4544    
  8103.000000       1.0000       3.5938    
  8104.000000       1.0000      0.40177    
  8105.000000       1.0000       0.0000    
  8106.000000       1.0000       0.0000    
  8107.000000       1.0000       0.0000    
  8108.000000       1.0000       0.0000    
  8109.000000       1.0000       0.0000    
  8110.000000       1.0000       0.0000    
  8111.000000       1.0000       0.0000    
  8112.000000       1.0000       0.0000    
  8113.000000       1.0000       0.0000    
  8114.000000       1.0000       0.0000    
  8115.000000       1.0000       0.0000    
  8116.000000       1.0000       0.0000    
  8117.000000       1.0000       0.0000    
  8118.000000       1.0000       0.0000    
  8119.000000       1.0000       0.0000    
  8120.000000       1.0000       0.0000    
  8121.000000       1.0000      4.41085E-03
  8122.000000       1.0000       2.2750    
  8123.000000       1.0000       7.6501    
  8124.000000       1.0000       35.544    
  8125.000000       1.0000       98.893    
  8126.000000       1.0000       22.915    
  8127.000000       1.0000       3.8320    
  8128.000000       1.0000      0.31596    
  8129.000000       1.0000       0.0000    
  8130.000000       1.0000       0.0000    
  8131.000000       1.0000       0.0000    
  8132.000000       1.0000       0.0000    
  8133.000000       1.0000       0.0000    
  8134.000000       1.0000       0.0000    
  8135.000000       1.0000       0.0000    
  8136.000000       1.0000       0.0000    
  8137.000000       1.0000       0.0000    
  8138.000000       1.0000       0.0000    
  8139.000000       1.0000       0.0000    
  8140.000000       1.0000       0.0000    
  8141.000000       1.0000       0.0000    
  8142.000000       1.0000       0.0000    
  8143.000000       1.0000       0.0000    
  8144.000000       1.0000       0.0000    
  8145.000000       1.0000      8.29260E-03
  8146.000000       1.0000       2.3774    
  8147.000000       1.0000       4.4402    
  8148.000000       1.0000       1.1441    
  8149.000000       1.0000      0.23346    
  8150.000000       1.0000       1.1507    
  8151.000000       1.0000      0.89591    
  8152.000000       1.0000      1.09038E-02
  8153.000000       1.0000      4.41609E-30
  8154.000000       1.0000       0.0000    
  8155.000000       1.0000       0.0000    
  8156.000000       1.0000       0.0000    
  8157.000000       1.0000       0.0000    
  8158.000000       1.0000       0.0000    
  8159.000000       1.0000       0.0000    
  8160.000000       1.0000       0.0000    
  8161.000000       1.0000       0.0000    
  8162.000000       1.0000       0.0000    
  8163.000000       1.0000       0.0000    
  8164.000000       1.0000       0.0000    
  8165.000000       1.0000       0.0000    
  8166.000000       1.0000       0.0000    
  8167.000000       1.0000       0.0000    
  8168.000000       1.0000       0.0000    
  8169.000000       1.0000      0.10860    
  8170.000000       1.0000       1.3730    
  8171.000000       1.0000       4.9370    
  8172.000000       1.0000       4.3014    
  8173.000000       1.0000       2.4001    
  8174.000000       1.0000       2.6899    
  8175.000000       1.0000       1.0815    
  8176.000000       1.0000      0.10860    
  8177.000000       1.0000       0.0000    
  8178.000000       1.0000       0.0000    
  8179.000000       1.0000       0.0000    
  8180.000000       1.0000       0.0000    
  8181.000000       1.0000       0.0000    
  8182.000000       1.0000       0.0000    
  8183.000000       1.0000       0.0000    
  8184.000000       1.0000       0.0000    
  8185.000000       1.0000       0.0000    
  8186.000000       1.0000       0.0000    
  8187.000000       1.0000       0.0000    
  8188.000000       1.0000       0.0000    
  8189.000000       1.0000       0.0000    
  8190.000000       1.0000       0.0000    
  8191.000000       1.0000       0.0000    
  8192.000000       1.0000       0.0000    
  8193.000000       1.0000      0.21301    
  8194.000000       1.0000       1.9448    
  8195.000000       1.0000       3.8053    
  8196.000000       1.0000       2.1420    
  8197.000000       1.0000       2.8524    
  8198.000000       1.0000       3.5289    
  8199.000000       1.0000       1.1552    
  8200.000000       1.0000      3.75393E-02
  8201.000000       1.0000       0.0000    
  8202.000000       1.0000       0.0000    
  8203.000000       1.0000       0.0000    
  8204.000000       1.0000       0.0000    
  8205.000000       1.0000       0.0000    
  8206.000000       1.0000       0.0000    
  8207.000000       1.0000       0.0000    
  8208.000000       1.0000       0.0000    
  8209.000000       1.0000       0.0000    
  8210.000000       1.0000       0.0000    
  8211.000000       1.0000       0.0000    
  8212.000000       1.0000       0.0000    
  8213.000000       1.0000       0.0000    
  8214.000000       1.0000       0.0000    
  8215.000000       1.0000       0.0000    
  8216.000000       1.0000       0.0000    
  8217.000000       1.0000      9.96145E-02
  8218.000000       1.0000      0.94449    
  8219.000000       1.0000       2.0318    
  8220.000000       1.0000       4.0144    
  8221.000000       1.0000       3.5326    
  8222.000000       1.0000       3.1178    
  8223.000000       1.0000       1.8004    
  8224.000000       1.0000      0.20383    
  8225.000000       1.0000       0.0000    
  8226.000000       1.0000       0.0000    
  8227.000000       1.0000       0.0000    
  8228.000000       1.0000       0.0000    
  8229.000000       1.0000       0.0000    
  8230.000000       1.0000       0.0000    
  8231.000000       1.0000       0.0000    
  8232.000000       1.0000       0.0000    
  8233.000000       1.0000       0.0000    
  8234.000000       1.0000       0.0000    
  8235.000000       1.0000       0.0000    
  8236.000000       1.0000       0.0000    
  8237.000000       1.0000       0.0000    
  8238.000000       1.0000       0.0000    
  8239.000000       1.0000       0.0000    
  8240.000000       1.0000       0.0000    
  8241.000000       1.0000      0.20326    
  8242.000000       1.0000       2.0444    
  8243.000000       1.0000       4.3583    
  8244.000000       1.0000       1.4840    
  8245.000000       1.0000       1.9203    
  8246.000000       1.0000       2.1292    
  8247.000000       1.0000      0.10658    
  8248.000000       1.0000       0.0000    
  8249.000000       1.0000       0.0000    
  8250.000000       1.0000       0.0000    
  8251.000000       1.0000       0.0000    
  8252.000000       1.0000       0.0000    
  8253.000000       1.0000       0.0000    
  8254.000000       1.0000       0.0000    
  8255.000000       1.0000       0.0000    
  8256.000000       1.0000       0.0000    
  8257.000000       1.0000       0.0000    
  8258.000000       1.0000       0.0000    
  8259.000000       1.0000       0.0000    
  8260.000000       1.0000       0.0000    
  8261.000000       1.0000       0.0000    
  8262.000000       1.0000       0.0000    
  8263.000000       1.0000       0.0000    
  8264.000000       1.0000       0.0000    
  8265.000000       1.0000      0.37976    
  8266.000000       1.0000       2.9477    
  8267.000000       1.0000       1.1275    
  8268.000000       1.0000       2.4330    
  8269.000000       1.0000      0.45563    
  8270.000000       1.0000       2.0295    
  8271.000000       1.0000       8.3066    
  8272.000000       1.0000      0.99382    
  8273.000000       1.0000      6.40452E-03
  8274.000000       1.0000       0.0000    
  8275.000000       1.0000       0.0000    
  8276.000000       1.0000       0.0000    
  8277.000000       1.0000       0.0000    
  8278.000000       1.0000       0.0000    
  8279.000000       1.0000       0.0000    
  8280.000000       1.0000       0.0000    
  8281.000000       1.0000       0.0000    
  8282.000000       1.0000       0.0000    
  8283.000000       1.0000       0.0000    
  8284.000000       1.0000       0.0000    
  8285.000000       1.0000       0.0000    
  8286.000000       1.0000       0.0000    
  8287.000000       1.0000       0.0000    
  8288.000000       1.0000       0.0000    
  8289.000000       1.0000      0.19162    
  8290.000000       1.0000       1.8445    
  8291.000000       1.0000       2.7861    
  8292.000000       1.0000      0.34291    
  8293.000000       1.0000      0.49795    
  8294.000000       1.0000       3.2911    
  8295.000000       1.0000       2.6134    
  8296.000000       1.0000      0.28239    
  8297.000000       1.0000       0.0000    
  8298.000000       1.0000       0.0000    
  8299.000000       1.0000       0.0000    
  8300.000000       1.0000       0.0000    
  8301.000000       1.0000       0.0000    
  8302.000000       1.0000       0.0000    
  8303.000000       1.0000       0.0000    
  8304.000000       1.0000       0.0000    
  8305.000000       1.0000       0.0000    
  8306.000000       1.0000       0.0000    
  8307.000000       1.0000       0.0000    
  8308.000000       1.0000       0.0000    
  8309.000000       1.0000       0.0000    
  8310.000000       1.0000       0.0000    
  8311.000000       1.0000       0.0000    
  8312.000000       1.0000       0.0000    
  8313.000000       1.0000      0.27274    
  8314.000000       1.0000       2.2081    
  8315.000000       1.0000      0.54571    
  8316.000000       1.0000      0.12844    
  8317.000000       1.0000      0.67688    
  8318.000000       1.0000      0.52415    
  8319.000000       1.0000       2.1913    
  8320.000000       1.0000      0.31272    
  8321.000000       1.0000       0.0000    
  8322.000000       1.0000       0.0000    
  8323.000000       1.0000       0.0000    
  8324.000000       1.0000       0.0000    
  8325.000000       1.0000       0.0000    
  8326.000000       1.0000       0.0000    
  8327.000000       1.0000       0.0000    
  8328.000000       1.0000       0.0000    
  8329.000000       1.0000       0.0000    
  8330.000000       1.0000       0.0000    
  8331.000000       1.0000       0.0000    
  8332.000000       1.0000       0.0000    
  8333.000000       1.0000       0.0000    
  8334.000000       1.0000       0.0000    
  8335.000000       1.0000       0.0000    
  8336.000000       1.0000       0.0000    
  8337.000000       1.0000      0.14544    
  8338.000000       1.0000       2.9441    
  8339.000000       1.0000       2.3123    
  8340.000000       1.0000       13.026    
  8341.000000       1.0000       39.323    
  8342.000000       1.0000       8.8489    
  8343.000000       1.0000       2.3019    
  8344.000000       1.0000      0.10707    
  8345.000000       1.0000       0.0000    
  8346.000000       1.0000       0.0000    
  8347.000000       1.0000       0.0000    
  8348.000000       1.0000       0.0000    
  8349.000000       1.0000       0.0000    
  8350.000000       1.0000       0.0000    
  8351.000000       1.0000       0.0000    
  8352.000000       1.0000       0.0000    
  8353.000000       1.0000       0.0000    
  8354.000000       1.0000       0.0000    
  8355.000000       1.0000       0.0000    
  8356.000000       1.0000       0.0000    
  8357.000000       1.0000       0.0000    
  8358.000000       1.0000       0.0000    
  8359.000000       1.0000       0.0000    
  8360.000000       1.0000       0.0000    
  8361.000000       1.0000      0.25139    
  8362.000000       1.0000       2.7910    
  8363.000000       1.0000       5.0601    
  8364.000000       1.0000       3.7085    
  8365.000000       1.0000       5.3928    
  8366.000000       1.0000       5.0473    
  8367.000000       1.0000       1.3204    
  8368.000000       1.0000      9.77470E-02
  8369.000000       1.0000       0.0000    
  8370.000000       1.0000       0.0000    
  8371.000000       1.0000       0.0000    
  8372.000000       1.0000       0.0000    
  8373.000000       1.0000       0.0000    
  8374.000000       1.0000       0.0000    
  8375.000000       1.0000       0.0000    
  8376.000000       1.0000       0.0000    
  8377.000000       1.0000       0.0000    
  8378.000000       1.0000       0.0000    
  8379.000000       1.0000       0.0000    
  8380.000000       1.0000       0.0000    
  8381.000000       1.0000       0.0000    
  8382.000000       1.0000       0.0000    
  8383.000000       1.0000       0.0000    
  8384.000000       1.0000       0.0000    
  8385.000000       1.0000      2.87402E-02
  8386.000000       1.0000       1.9513    
  8387.000000       1.0000       30.631    
  8388.000000       1.0000       31.448    
  8389.000000       1.0000       5.7736    
  8390.000000       1.0000       1.3656    
  8391.000000       1.0000       1.5646    
  8392.000000       1.0000      0.21123    
  8393.000000       1.0000       0.0000    
  8394.000000       1.0000       0.0000    
  8395.000000       1.0000       0.0000    
  8396.000000       1.0000       0.0000    
  8397.000000       1.0000       0.0000    
  8398.000000       1.0000       0.0000    
  8399.000000       1.0000       0.0000    
  8400.000000       1.0000       0.0000    
  8401.000000       1.0000       0.0000    
  8402.000000       1.0000       0.0000    
  8403.000000       1.0000       0.0000    
  8404.000000       1.0000       0.0000    
  8405.000000       1.0000       0.0000    
  8406.000000       1.0000       0.0000    
  8407.000000       1.0000       0.0000    
  8408.000000       1.0000       0.0000    
  8409.000000       1.0000       0.0000    
  8410.000000       1.0000      0.38631    
  8411.000000       1.0000       2.9481    
  8412.000000       1.0000       2.2263    
  8413.000000       1.0000       2.6438    
  8414.000000       1.0000       3.3595    
  8415.000000       1.0000      0.43598    
  8416.000000       1.0000       0.0000    
  8417.000000       1.0000       0.0000    
  8418.000000       1.0000       0.0000    
  8419.000000       1.0000       0.0000    
  8420.000000       1.0000       0.0000    
  8421.000000       1.0000       0.0000    
  8422.000000       1.0000       0.0000    
  8423.000000       1.0000       0.0000    
  8424.000000       1.0000       0.0000    
  8425.000000       1.0000       0.0000    
  8426.000000       1.0000       0.0000    
  8427.000000       1.0000       0.0000    
  8428.000000       1.0000       0.0000    
  8429.000000       1.0000       0.0000    
  8430.000000       1.0000       0.0000    
  8431.000000       1.0000       0.0000    
  8432.000000       1.0000       0.0000    
  8433.000000       1.0000      0.42707    
  8434.000000       1.0000       4.9780    
  8435.000000       1.0000       3.3681    
  8436.000000       1.0000       1.2386    
  8437.000000       1.0000       3.4368    
  8438.000000       1.0000       3.0687    
  8439.000000       1.0000      0.26315    
  8440.000000       1.0000       0.0000    
  8441.000000       1.0000       0.0000    
  8442.000000       1.0000       0.0000    
  8443.000000       1.0000       0.0000    
  8444.000000       1.0000       0.0000    
  8445.000000       1.0000       0.0000    
  8446.000000       1.0000       0.0000    
  8447.000000       1.0000       0.0000    
  8448.000000       1.0000       0.0000    
  8449.000000       1.0000       0.0000    
  8450.000000       1.0000       0.0000    
  8451.000000       1.0000       0.0000    
  8452.000000       1.0000       0.0000    
  8453.000000       1.0000       0.0000    
  8454.000000       1.0000       0.0000    
  8455.000000       1.0000       0.0000    
  8456.000000       1.0000       0.0000    
  8457.000000       1.0000       10.069    
  8458.000000       1.0000       114.06    
  8459.000000       1.0000       632.83    
  8460.000000       1.0000       386.65    
  8461.000000       1.0000       323.31    
  8462.000000       1.0000       86.535    
  8463.000000       1.0000       10.536    
  8464.000000       1.0000      0.43664    
  8465.000000       1.0000       0.0000    
  8466.000000       1.0000       0.0000    
  8467.000000       1.0000       0.0000    
  8468.000000       1.0000       0.0000    
  8469.000000       1.0000       0.0000    
  8470.000000       1.0000       0.0000    
  8471.000000       1.0000       0.0000    
  8472.000000       1.0000       0.0000    
  8473.000000       1.0000       0.0000    
  8474.000000       1.0000       0.0000    
  8475.000000       1.0000       0.0000    
  8476.000000       1.0000       0.0000    
  8477.000000       1.0000       0.0000    
  8478.000000       1.0000       0.0000    
  8479.000000       1.0000       0.0000    
  8480.000000       1.0000       0.0000    
  8481.000000       1.0000      0.16762    
  8482.000000       1.0000       1.7007    
  8483.000000       1.0000      0.99570    
  8484.000000       1.0000      8.59597E-02
  8485.000000       1.0000      0.36963    
  8486.000000       1.0000       3.5607    
  8487.000000       1.0000      0.36963    
  8488.000000       1.0000       0.0000    
  8489.000000       1.0000       0.0000    
  8490.000000       1.0000       0.0000    
  8491.000000       1.0000       0.0000    
  8492.000000       1.0000       0.0000    
  8493.000000       1.0000       0.0000    
  8494.000000       1.0000       0.0000    
  8495.000000       1.0000       0.0000    
  8496.000000       1.0000       0.0000    
  8497.000000       1.0000       0.0000    
  8498.000000       1.0000       0.0000    
  8499.000000       1.0000       0.0000    
  8500.000000       1.0000       0.0000    
  8501.000000       1.0000       0.0000    
  8502.000000       1.0000       0.0000    
  8503.000000       1.0000       0.0000    
  8504.000000       1.0000       0.0000    
  8505.000000       1.0000      0.11668    
  8506.000000       1.0000       1.8405    
  8507.000000       1.0000       3.3576    
  8508.000000       1.0000       2.3230    
  8509.000000       1.0000       2.7748    
  8510.000000       1.0000       2.9432    
  8511.000000       1.0000       2.1991    
  8512.000000       1.0000      0.14506    
  8513.000000       1.0000       0.0000    
  8514.000000       1.0000       0.0000    
  8515.000000       1.0000       0.0000    
  8516.000000       1.0000       0.0000    
  8517.000000       1.0000       0.0000    
  8518.000000       1.0000       0.0000    
  8519.000000       1.0000       0.0000    
  8520.000000       1.0000       0.0000    
  8521.000000       1.0000       0.0000    
  8522.000000       1.0000       0.0000    
  8523.000000       1.0000       0.0000    
  8524.000000       1.0000       0.0000    
  8525.000000       1.0000       0.0000    
  8526.000000       1.0000       0.0000    
  8527.000000       1.0000       0.0000    
  8528.000000       1.0000       0.0000    
  8529.000000       1.0000      5.19760E-02
  8530.000000       1.0000      0.93906    
  8531.000000       1.0000       1.6754    
  8532.000000       1.0000       1.9289    
  8533.000000       1.0000       1.0000    
  8534.000000       1.0000      0.27356    
  8535.000000       1.0000       3.5623    
  8536.000000       1.0000      0.21885    
  8537.000000       1.0000       0.0000    
  8538.000000       1.0000       0.0000    
  8539.000000       1.0000       0.0000    
  8540.000000       1.0000       0.0000    
  8541.000000       1.0000       0.0000    
  8542.000000       1.0000       0.0000    
  8543.000000       1.0000       0.0000    
  8544.000000       1.0000       0.0000    
  8545.000000       1.0000       0.0000    
  8546.000000       1.0000       0.0000    
  8547.000000       1.0000       0.0000    
  8548.000000       1.0000       0.0000    
  8549.000000       1.0000       0.0000    
  8550.000000       1.0000       0.0000    
  8551.000000       1.0000       0.0000    
  8552.000000       1.0000       0.0000    
  8553.000000       1.0000      0.14581    
  8554.000000       1.0000       3.9114    
  8555.000000       1.0000       43.275    
  8556.000000       1.0000       139.63    
  8557.000000       1.0000       290.93    
  8558.000000       1.0000       224.27    
  8559.000000       1.0000       69.722    
  8560.000000       1.0000       4.7557    
  8561.000000       1.0000     -2.17177E-28
  8562.000000       1.0000     -5.51460E-45
  8563.000000       1.0000       0.0000    
  8564.000000       1.0000       0.0000    
  8565.000000       1.0000       0.0000    
  8566.000000       1.0000       0.0000    
  8567.000000       1.0000       0.0000    
  8568.000000       1.0000       0.0000    
  8569.000000       1.0000       0.0000    
  8570.000000       1.0000       0.0000    
  8571.000000       1.0000       0.0000    
  8572.000000       1.0000       0.0000    
  8573.000000       1.0000       0.0000    
  8574.000000       1.0000       0.0000    
  8575.000000       1.0000       0.0000    
  8576.000000       1.0000       0.0000    
  8577.000000       1.0000      0.31721    
  8578.000000       1.0000       18.214    
  8579.000000       1.0000       112.16    
  8580.000000       1.0000       332.09    
  8581.000000       1.0000       899.04    
  8582.000000       1.0000       226.52    
  8583.000000       1.0000       27.370    
  8584.000000       1.0000      0.98374    
  8585.000000       1.0000     -2.43472E-33
  8586.000000       1.0000       0.0000    
  8587.000000       1.0000       0.0000    
  8588.000000       1.0000       0.0000    
  8589.000000       1.0000       0.0000    
  8590.000000       1.0000       0.0000    
  8591.000000       1.0000       0.0000    
  8592.000000       1.0000       0.0000    
  8593.000000       1.0000       0.0000    
  8594.000000       1.0000       0.0000    
  8595.000000       1.0000       0.0000    
  8596.000000       1.0000       0.0000    
  8597.000000       1.0000       0.0000    
  8598.000000       1.0000       0.0000    
  8599.000000       1.0000       0.0000    
  8600.000000       1.0000       0.0000    
  8601.000000       1.0000       2.1256    
  8602.000000       1.0000       63.122    
  8603.000000       1.0000       781.72    
  8604.000000       1.0000       309.65    
  8605.000000       1.0000       938.09    
  8606.000000       1.0000       181.86    
  8607.000000       1.0000       172.22    
  8608.000000       1.0000       19.908    
  8609.000000       1.0000      8.47022E-02
  8610.000000       1.0000     -1.34804E-34
  8611.000000       1.0000      5.66826E-62
  8612.000000       1.0000       0.0000    
  8613.000000       1.0000       0.0000    
  8614.000000       1.0000       0.0000    
  8615.000000       1.0000       0.0000    
  8616.000000       1.0000       0.0000    
  8617.000000       1.0000       0.0000    
  8618.000000       1.0000       0.0000    
  8619.000000       1.0000       0.0000    
  8620.000000       1.0000       0.0000    
  8621.000000       1.0000       0.0000    
  8622.000000       1.0000       0.0000    
  8623.000000       1.0000       0.0000    
  8624.000000       1.0000       0.0000    
  8625.000000       1.0000      0.39372    
  8626.000000       1.0000       2.4876    
  8627.000000       1.0000       2.0499    
  8628.000000       1.0000       5.7814    
  8629.000000       1.0000       2.0346    
  8630.000000       1.0000      0.39573    
  8631.000000       1.0000       1.3237    
  8632.000000       1.0000      0.21313    
  8633.000000       1.0000       0.0000    
  8634.000000       1.0000       0.0000    
  8635.000000       1.0000       0.0000    
  8636.000000       1.0000       0.0000    
  8637.000000       1.0000       0.0000    
  8638.000000       1.0000       0.0000    
  8639.000000       1.0000       0.0000    
  8640.000000       1.0000       0.0000    
  8641.000000       1.0000       0.0000    
  8642.000000       1.0000       0.0000    
  8643.000000       1.0000       0.0000    
  8644.000000       1.0000       0.0000    
  8645.000000       1.0000       0.0000    
  8646.000000       1.0000       0.0000    
  8647.000000       1.0000       0.0000    
  8648.000000       1.0000       0.0000    
  8649.000000       1.0000      8.75855E-02
  8650.000000       1.0000       1.2358    
  8651.000000       1.0000       4.3362    
  8652.000000       1.0000       2.1727    
  8653.000000       1.0000       2.4858    
  8654.000000       1.0000       4.9816    
  8655.000000       1.0000       2.0298    
  8656.000000       1.0000      0.17056    
  8657.000000       1.0000       0.0000    
  8658.000000       1.0000       0.0000    
  8659.000000       1.0000       0.0000    
  8660.000000       1.0000       0.0000    
  8661.000000       1.0000       0.0000    
  8662.000000       1.0000       0.0000    
  8663.000000       1.0000       0.0000    
  8664.000000       1.0000       0.0000    
  8665.000000       1.0000       0.0000    
  8666.000000       1.0000       0.0000    
  8667.000000       1.0000       0.0000    
  8668.000000       1.0000       0.0000    
  8669.000000       1.0000       0.0000    
  8670.000000       1.0000       0.0000    
  8671.000000       1.0000       0.0000    
  8672.000000       1.0000       0.0000    
  8673.000000       1.0000       0.0000    
  8674.000000       1.0000      0.61940    
  8675.000000       1.0000       4.9593    
  8676.000000       1.0000       4.6327    
  8677.000000       1.0000       1.7674    
  8678.000000       1.0000       3.2326    
  8679.000000       1.0000      0.43851    
  8680.000000       1.0000       0.0000    
  8681.000000       1.0000       0.0000    
  8682.000000       1.0000       0.0000    
  8683.000000       1.0000       0.0000    
  8684.000000       1.0000       0.0000    
  8685.000000       1.0000       0.0000    
  8686.000000       1.0000       0.0000    
  8687.000000       1.0000       0.0000    
  8688.000000       1.0000       0.0000    
  8689.000000       1.0000       0.0000    
  8690.000000       1.0000       0.0000    
  8691.000000       1.0000       0.0000    
  8692.000000       1.0000       0.0000    
  8693.000000       1.0000       0.0000    
  8694.000000       1.0000       0.0000    
  8695.000000       1.0000       0.0000    
  8696.000000       1.0000       0.0000    
  8697.000000       1.0000      2.22276E-02
  8698.000000       1.0000       2.4487    
  8699.000000       1.0000       1.5336    
  8700.000000       1.0000       3.4917    
  8701.000000       1.0000       3.4533    
  8702.000000       1.0000       4.3241    
  8703.000000       1.0000       2.6712    
  8704.000000       1.0000      0.24083    
  8705.000000       1.0000       0.0000    
  8706.000000       1.0000       0.0000    
  8707.000000       1.0000       0.0000    
  8708.000000       1.0000       0.0000    
  8709.000000       1.0000       0.0000    
  8710.000000       1.0000       0.0000    
  8711.000000       1.0000       0.0000    
  8712.000000       1.0000       0.0000    
  8713.000000       1.0000       0.0000    
  8714.000000       1.0000       0.0000    
  8715.000000       1.0000       0.0000    
  8716.000000       1.0000       0.0000    
  8717.000000       1.0000       0.0000    
  8718.000000       1.0000       0.0000    
  8719.000000       1.0000       0.0000    
  8720.000000       1.0000       0.0000    
  8721.000000       1.0000      0.48329    
  8722.000000       1.0000       5.0927    
  8723.000000       1.0000       6.9151    
  8724.000000       1.0000       10.818    
  8725.000000       1.0000       3.8208    
  8726.000000       1.0000       1.2426    
  8727.000000       1.0000       1.6066    
  8728.000000       1.0000      0.24589    
  8729.000000       1.0000       0.0000    
  8730.000000       1.0000       0.0000    
  8731.000000       1.0000       0.0000    
  8732.000000       1.0000       0.0000    
  8733.000000       1.0000       0.0000    
  8734.000000       1.0000       0.0000    
  8735.000000       1.0000       0.0000    
  8736.000000       1.0000       0.0000    
