#      time         order        p_syst    
  0.000000000       1.0000       0.0000    
  1.000000000       1.0000       0.0000    
  2.000000000       1.0000       0.0000    
  3.000000000       1.0000       0.0000    
  4.000000000       1.0000       0.0000    
  5.000000000       1.0000       0.0000    
  6.000000000       1.0000       0.0000    
  7.000000000       1.0000       0.0000    
  8.000000000       1.0000       0.0000    
  9.000000000       1.0000      0.74754    
  10.00000000       1.0000       5.5016    
  11.00000000       1.0000       6.7541    
  12.00000000       1.0000       2.2426    
  13.00000000       1.0000       10.662    
  14.00000000       1.0000       30.884    
  15.00000000       1.0000       10.697    
  16.00000000       1.0000      0.18137    
  17.00000000       1.0000       0.0000    
  18.00000000       1.0000       0.0000    
  19.00000000       1.0000       0.0000    
  20.00000000       1.0000       0.0000    
  21.00000000       1.0000       0.0000    
  22.00000000       1.0000       0.0000    
  23.00000000       1.0000       0.0000    
  24.00000000       1.0000       0.0000    
  25.00000000       1.0000       0.0000    
  26.00000000       1.0000       0.0000    
  27.00000000       1.0000       0.0000    
  28.00000000       1.0000       0.0000    
  29.00000000       1.0000       0.0000    
  30.00000000       1.0000       0.0000    
  31.00000000       1.0000       0.0000    
  32.00000000       1.0000       0.0000    
  33.00000000       1.0000      6.55479E-02
  34.00000000       1.0000       2.7118    
  35.00000000       1.0000       30.942    
  36.00000000       1.0000       57.694    
  37.00000000       1.0000       64.545    
  38.00000000       1.0000       21.971    
  39.00000000       1.0000       1.5030    
  40.00000000       1.0000     -2.87617E-30
  41.00000000       1.0000       0.0000    
  42.00000000       1.0000       0.0000    
  43.00000000       1.0000       0.0000    
  44.00000000       1.0000       0.0000    
  45.00000000       1.0000       0.0000    
  46.00000000       1.0000       0.0000    
  47.00000000       1.0000       0.0000    
  48.00000000       1.0000       0.0000    
  49.00000000       1.0000       0.0000    
  50.00000000       1.0000       0.0000    
  51.00000000       1.0000       0.0000    
  52.00000000       1.0000       0.0000    
  53.00000000       1.0000       0.0000    
  54.00000000       1.0000       0.0000    
  55.00000000       1.0000       0.0000    
  56.00000000       1.0000       0.0000    
  57.00000000       1.0000       2.9806    
  58.00000000       1.0000       27.826    
  59.00000000       1.0000       115.28    
  60.00000000       1.0000       139.00    
  61.00000000       1.0000       128.97    
  62.00000000       1.0000       92.541    
  63.00000000       1.0000       20.133    
  64.00000000       1.0000       1.5690    
  65.00000000       1.0000      4.93038E-32
  66.00000000       1.0000      1.00848E-48
  67.00000000       1.0000       0.0000    
  68.00000000       1.0000       0.0000    
  69.00000000       1.0000       0.0000    
  70.00000000       1.0000       0.0000    
  71.00000000       1.0000       0.0000    
  72.00000000       1.0000       0.0000    
  73.00000000       1.0000       0.0000    
  74.00000000       1.0000       0.0000    
  75.00000000       1.0000       0.0000    
  76.00000000       1.0000       0.0000    
  77.00000000       1.0000       0.0000    
  78.00000000       1.0000       0.0000    
  79.00000000       1.0000       0.0000    
  80.00000000       1.0000       0.0000    
  81.00000000       1.0000      0.24963    
  82.00000000       1.0000       5.2188    
  83.00000000       1.0000       35.206    
  84.00000000       1.0000       134.55    
  85.00000000       1.0000       290.46    
  86.00000000       1.0000       137.62    
  87.00000000       1.0000       34.422    
  88.00000000       1.0000       2.9786    
  89.00000000       1.0000      3.08354E-17
  90.00000000       1.0000       0.0000    
  91.00000000       1.0000       0.0000    
  92.00000000       1.0000       0.0000    
  93.00000000       1.0000       0.0000    
  94.00000000       1.0000       0.0000    
  95.00000000       1.0000       0.0000    
  96.00000000       1.0000       0.0000    
  97.00000000       1.0000       0.0000    
  98.00000000       1.0000       0.0000    
  99.00000000       1.0000       0.0000    
  100.0000000       1.0000       0.0000    
  101.0000000       1.0000       0.0000    
  102.0000000       1.0000       0.0000    
  103.0000000       1.0000       0.0000    
  104.0000000       1.0000       0.0000    
  105.0000000       1.0000       1.9319    
  106.0000000       1.0000       19.221    
  107.0000000       1.0000       106.26    
  108.0000000       1.0000       53.405    
  109.0000000       1.0000       63.040    
  110.0000000       1.0000       41.071    
  111.0000000       1.0000       6.2121    
  112.0000000       1.0000      8.43490E-02
  113.0000000       1.0000       0.0000    
  114.0000000       1.0000       0.0000    
  115.0000000       1.0000       0.0000    
  116.0000000       1.0000       0.0000    
  117.0000000       1.0000       0.0000    
  118.0000000       1.0000       0.0000    
  119.0000000       1.0000       0.0000    
  120.0000000       1.0000       0.0000    
  121.0000000       1.0000       0.0000    
  122.0000000       1.0000       0.0000    
  123.0000000       1.0000       0.0000    
  124.0000000       1.0000       0.0000    
  125.0000000       1.0000       0.0000    
  126.0000000       1.0000       0.0000    
  127.0000000       1.0000       0.0000    
  128.0000000       1.0000       0.0000    
  129.0000000       1.0000       2.4537    
  130.0000000       1.0000       20.544    
  131.0000000       1.0000       50.689    
  132.0000000       1.0000       95.745    
  133.0000000       1.0000       78.928    
  134.0000000       1.0000       47.848    
  135.0000000       1.0000       7.6188    
  136.0000000       1.0000      0.41076    
  137.0000000       1.0000      9.29889E-31
  138.0000000       1.0000       0.0000    
  139.0000000       1.0000       0.0000    
  140.0000000       1.0000       0.0000    
  141.0000000       1.0000       0.0000    
  142.0000000       1.0000       0.0000    
  143.0000000       1.0000       0.0000    
  144.0000000       1.0000       0.0000    
  145.0000000       1.0000       0.0000    
  146.0000000       1.0000       0.0000    
  147.0000000       1.0000       0.0000    
  148.0000000       1.0000       0.0000    
  149.0000000       1.0000       0.0000    
  150.0000000       1.0000       0.0000    
  151.0000000       1.0000       0.0000    
  152.0000000       1.0000       0.0000    
  153.0000000       1.0000       0.0000    
  154.0000000       1.0000       0.0000    
  155.0000000       1.0000       0.0000    
  156.0000000       1.0000       0.0000    
  157.0000000       1.0000       0.0000    
  158.0000000       1.0000       0.0000    
  159.0000000       1.0000       0.0000    
  160.0000000       1.0000       0.0000    
  161.0000000       1.0000       0.0000    
  162.0000000       1.0000       0.0000    
  163.0000000       1.0000       0.0000    
  164.0000000       1.0000       0.0000    
  165.0000000       1.0000       0.0000    
  166.0000000       1.0000       0.0000    
  167.0000000       1.0000       0.0000    
  168.0000000       1.0000       0.0000    
  169.0000000       1.0000       0.0000    
  170.0000000       1.0000       0.0000    
  171.0000000       1.0000       0.0000    
  172.0000000       1.0000       0.0000    
  173.0000000       1.0000       0.0000    
  174.0000000       1.0000       0.0000    
  175.0000000       1.0000       0.0000    
  176.0000000       1.0000       0.0000    
  177.0000000       1.0000       0.0000    
  178.0000000       1.0000       0.0000    
  179.0000000       1.0000       0.0000    
  180.0000000       1.0000       0.0000    
  181.0000000       1.0000      0.31176    
  182.0000000       1.0000       5.1876    
  183.0000000       1.0000      0.19356    
  184.0000000       1.0000     -2.57235E-32
  185.0000000       1.0000      6.62341E-48
  186.0000000       1.0000       0.0000    
  187.0000000       1.0000       0.0000    
  188.0000000       1.0000       0.0000    
  189.0000000       1.0000       0.0000    
  190.0000000       1.0000       0.0000    
  191.0000000       1.0000       0.0000    
  192.0000000       1.0000       0.0000    
  193.0000000       1.0000       0.0000    
  194.0000000       1.0000       0.0000    
  195.0000000       1.0000       0.0000    
  196.0000000       1.0000       0.0000    
  197.0000000       1.0000       0.0000    
  198.0000000       1.0000       0.0000    
  199.0000000       1.0000       0.0000    
  200.0000000       1.0000      0.12292    
  201.0000000       1.0000       1.5022    
  202.0000000       1.0000       37.802    
  203.0000000       1.0000       458.85    
  204.0000000       1.0000       1422.6    
  205.0000000       1.0000       1313.9    
  206.0000000       1.0000       1128.7    
  207.0000000       1.0000       125.53    
  208.0000000       1.0000       10.587    
  209.0000000       1.0000       0.0000    
  210.0000000       1.0000       0.0000    
  211.0000000       1.0000       0.0000    
  212.0000000       1.0000       0.0000    
  213.0000000       1.0000       0.0000    
  214.0000000       1.0000       0.0000    
  215.0000000       1.0000       0.0000    
  216.0000000       1.0000       0.0000    
  217.0000000       1.0000       0.0000    
  218.0000000       1.0000       0.0000    
  219.0000000       1.0000       0.0000    
  220.0000000       1.0000       0.0000    
  221.0000000       1.0000       0.0000    
  222.0000000       1.0000       0.0000    
  223.0000000       1.0000       0.0000    
  224.0000000       1.0000       0.0000    
  225.0000000       1.0000       0.0000    
  226.0000000       1.0000       0.0000    
  227.0000000       1.0000       0.0000    
  228.0000000       1.0000      0.10732    
  229.0000000       1.0000       8.3288    
  230.0000000       1.0000       16.469    
  231.0000000       1.0000       3.2961    
  232.0000000       1.0000      0.14970    
  233.0000000       1.0000     -3.70890E-33
  234.0000000       1.0000      1.07350E-51
  235.0000000       1.0000       0.0000    
  236.0000000       1.0000       0.0000    
  237.0000000       1.0000       0.0000    
  238.0000000       1.0000       0.0000    
  239.0000000       1.0000       0.0000    
  240.0000000       1.0000       0.0000    
  241.0000000       1.0000       0.0000    
  242.0000000       1.0000       0.0000    
  243.0000000       1.0000       0.0000    
  244.0000000       1.0000       0.0000    
  245.0000000       1.0000       0.0000    
  246.0000000       1.0000       0.0000    
  247.0000000       1.0000       0.0000    
  248.0000000       1.0000       0.0000    
  249.0000000       1.0000       0.0000    
  250.0000000       1.0000       0.0000    
  251.0000000       1.0000       0.0000    
  252.0000000       1.0000       0.0000    
  253.0000000       1.0000       0.0000    
  254.0000000       1.0000       0.0000    
  255.0000000       1.0000       0.0000    
  256.0000000       1.0000       0.0000    
  257.0000000       1.0000       0.0000    
  258.0000000       1.0000       0.0000    
  259.0000000       1.0000       0.0000    
  260.0000000       1.0000       0.0000    
  261.0000000       1.0000       0.0000    
  262.0000000       1.0000       0.0000    
  263.0000000       1.0000       0.0000    
  264.0000000       1.0000       0.0000    
  265.0000000       1.0000       0.0000    
  266.0000000       1.0000       0.0000    
  267.0000000       1.0000       0.0000    
  268.0000000       1.0000       0.0000    
  269.0000000       1.0000       0.0000    
  270.0000000       1.0000       0.0000    
  271.0000000       1.0000       0.0000    
  272.0000000       1.0000      4.23362E-02
  273.0000000       1.0000       4.5007    
  274.0000000       1.0000       272.63    
  275.0000000       1.0000       614.36    
  276.0000000       1.0000       1531.7    
  277.0000000       1.0000       1769.5    
  278.0000000       1.0000       423.74    
  279.0000000       1.0000       306.55    
  280.0000000       1.0000       11.895    
  281.0000000       1.0000      0.34894    
  282.0000000       1.0000      2.85888E-32
  283.0000000       1.0000     -1.19007E-68
  284.0000000       1.0000       0.0000    
  285.0000000       1.0000       0.0000    
  286.0000000       1.0000       0.0000    
  287.0000000       1.0000       0.0000    
  288.0000000       1.0000       0.0000    
  289.0000000       1.0000       0.0000    
  290.0000000       1.0000       0.0000    
  291.0000000       1.0000       0.0000    
  292.0000000       1.0000       0.0000    
  293.0000000       1.0000       0.0000    
  294.0000000       1.0000       0.0000    
  295.0000000       1.0000       0.0000    
  296.0000000       1.0000      0.12357    
  297.0000000       1.0000       5.5720    
  298.0000000       1.0000       44.630    
  299.0000000       1.0000       197.02    
  300.0000000       1.0000       495.92    
  301.0000000       1.0000       453.05    
  302.0000000       1.0000       141.57    
  303.0000000       1.0000       20.456    
  304.0000000       1.0000       1.9366    
  305.0000000       1.0000      1.04165E-02
  306.0000000       1.0000      8.65866E-35
  307.0000000       1.0000       0.0000    
  308.0000000       1.0000       0.0000    
  309.0000000       1.0000       0.0000    
  310.0000000       1.0000       0.0000    
  311.0000000       1.0000       0.0000    
  312.0000000       1.0000       0.0000    
  313.0000000       1.0000       0.0000    
  314.0000000       1.0000       0.0000    
  315.0000000       1.0000       0.0000    
  316.0000000       1.0000       0.0000    
  317.0000000       1.0000       0.0000    
  318.0000000       1.0000       0.0000    
  319.0000000       1.0000       0.0000    
  320.0000000       1.0000       0.0000    
  321.0000000       1.0000      0.40635    
  322.0000000       1.0000       15.813    
  323.0000000       1.0000       75.578    
  324.0000000       1.0000       81.670    
  325.0000000       1.0000       47.739    
  326.0000000       1.0000       32.220    
  327.0000000       1.0000       4.9846    
  328.0000000       1.0000      0.12452    
  329.0000000       1.0000       0.0000    
  330.0000000       1.0000       0.0000    
  331.0000000       1.0000       0.0000    
  332.0000000       1.0000       0.0000    
  333.0000000       1.0000       0.0000    
  334.0000000       1.0000       0.0000    
  335.0000000       1.0000       0.0000    
  336.0000000       1.0000       0.0000    
  337.0000000       1.0000       0.0000    
  338.0000000       1.0000       0.0000    
  339.0000000       1.0000       0.0000    
  340.0000000       1.0000       0.0000    
  341.0000000       1.0000       0.0000    
  342.0000000       1.0000       0.0000    
  343.0000000       1.0000       0.0000    
  344.0000000       1.0000       0.0000    
  345.0000000       1.0000      0.54694    
  346.0000000       1.0000       30.629    
  347.0000000       1.0000       103.79    
  348.0000000       1.0000       121.00    
  349.0000000       1.0000       134.02    
  350.0000000       1.0000       147.74    
  351.0000000       1.0000       81.018    
  352.0000000       1.0000       22.037    
  353.0000000       1.0000      0.70849    
  354.0000000       1.0000     -1.17772E-30
  355.0000000       1.0000       0.0000    
  356.0000000       1.0000       0.0000    
  357.0000000       1.0000       0.0000    
  358.0000000       1.0000       0.0000    
  359.0000000       1.0000       0.0000    
  360.0000000       1.0000       0.0000    
  361.0000000       1.0000       0.0000    
  362.0000000       1.0000       0.0000    
  363.0000000       1.0000       0.0000    
  364.0000000       1.0000       0.0000    
  365.0000000       1.0000       0.0000    
  366.0000000       1.0000       0.0000    
  367.0000000       1.0000       0.0000    
  368.0000000       1.0000       2.9613    
  369.0000000       1.0000       65.660    
  370.0000000       1.0000       1002.0    
  371.0000000       1.0000       2214.1    
  372.0000000       1.0000       2517.7    
  373.0000000       1.0000       2440.0    
  374.0000000       1.0000       1923.6    
  375.0000000       1.0000       571.83    
  376.0000000       1.0000       11.609    
  377.0000000       1.0000      0.18992    
  378.0000000       1.0000      7.63141E-48
  379.0000000       1.0000     -1.95641E-77
  380.0000000       1.0000     -1.03021E-98
  381.0000000       1.0000       0.0000    
  382.0000000       1.0000       0.0000    
  383.0000000       1.0000       0.0000    
  384.0000000       1.0000       0.0000    
  385.0000000       1.0000       0.0000    
  386.0000000       1.0000       0.0000    
  387.0000000       1.0000       0.0000    
  388.0000000       1.0000       0.0000    
  389.0000000       1.0000       0.0000    
  390.0000000       1.0000       0.0000    
  391.0000000       1.0000       0.0000    
  392.0000000       1.0000       0.0000    
  393.0000000       1.0000       1.6553    
  394.0000000       1.0000       17.545    
  395.0000000       1.0000       74.134    
  396.0000000       1.0000       99.461    
  397.0000000       1.0000       101.64    
  398.0000000       1.0000       75.644    
  399.0000000       1.0000       37.328    
  400.0000000       1.0000       5.9285    
  401.0000000       1.0000      0.33793    
  402.0000000       1.0000      3.22900E-17
  403.0000000       1.0000       0.0000    
  404.0000000       1.0000       0.0000    
  405.0000000       1.0000       0.0000    
  406.0000000       1.0000       0.0000    
  407.0000000       1.0000       0.0000    
  408.0000000       1.0000       0.0000    
  409.0000000       1.0000       0.0000    
  410.0000000       1.0000       0.0000    
  411.0000000       1.0000       0.0000    
  412.0000000       1.0000       0.0000    
  413.0000000       1.0000       0.0000    
  414.0000000       1.0000       0.0000    
  415.0000000       1.0000       0.0000    
  416.0000000       1.0000       0.0000    
  417.0000000       1.0000       0.0000    
  418.0000000       1.0000       0.0000    
  419.0000000       1.0000       0.0000    
  420.0000000       1.0000       0.0000    
  421.0000000       1.0000       0.0000    
  422.0000000       1.0000       0.0000    
  423.0000000       1.0000       0.0000    
  424.0000000       1.0000       0.0000    
  425.0000000       1.0000       0.0000    
  426.0000000       1.0000       0.0000    
  427.0000000       1.0000       0.0000    
  428.0000000       1.0000       0.0000    
  429.0000000       1.0000       0.0000    
  430.0000000       1.0000       0.0000    
  431.0000000       1.0000       0.0000    
  432.0000000       1.0000       0.0000    
  433.0000000       1.0000       0.0000    
  434.0000000       1.0000       0.0000    
  435.0000000       1.0000       0.0000    
  436.0000000       1.0000       0.0000    
  437.0000000       1.0000       0.0000    
  438.0000000       1.0000       0.0000    
  439.0000000       1.0000       0.0000    
  440.0000000       1.0000       0.0000    
  441.0000000       1.0000       0.0000    
  442.0000000       1.0000       0.0000    
  443.0000000       1.0000      6.70171E-02
  444.0000000       1.0000      0.77504    
  445.0000000       1.0000      0.10936    
  446.0000000       1.0000      9.27118E-31
  447.0000000       1.0000     -1.12786E-46
  448.0000000       1.0000       0.0000    
  449.0000000       1.0000       0.0000    
  450.0000000       1.0000       0.0000    
  451.0000000       1.0000       0.0000    
  452.0000000       1.0000       0.0000    
  453.0000000       1.0000       0.0000    
  454.0000000       1.0000       0.0000    
  455.0000000       1.0000       0.0000    
  456.0000000       1.0000       0.0000    
  457.0000000       1.0000       0.0000    
  458.0000000       1.0000       0.0000    
  459.0000000       1.0000       0.0000    
  460.0000000       1.0000       0.0000    
  461.0000000       1.0000       0.0000    
  462.0000000       1.0000       0.0000    
  463.0000000       1.0000       0.0000    
  464.0000000       1.0000       0.0000    
  465.0000000       1.0000       0.0000    
  466.0000000       1.0000      2.20641E-02
  467.0000000       1.0000       2.0568    
  468.0000000       1.0000       4.9430    
  469.0000000       1.0000       1.0327    
  470.0000000       1.0000       1.0000    
  471.0000000       1.0000      0.92975    
  472.0000000       1.0000      8.62959E-02
  473.0000000       1.0000      1.70478E-18
  474.0000000       1.0000       0.0000    
  475.0000000       1.0000       0.0000    
  476.0000000       1.0000       0.0000    
  477.0000000       1.0000       0.0000    
  478.0000000       1.0000       0.0000    
  479.0000000       1.0000       0.0000    
  480.0000000       1.0000       0.0000    
  481.0000000       1.0000       0.0000    
  482.0000000       1.0000       0.0000    
  483.0000000       1.0000       0.0000    
  484.0000000       1.0000       0.0000    
  485.0000000       1.0000       0.0000    
  486.0000000       1.0000       0.0000    
  487.0000000       1.0000       0.0000    
  488.0000000       1.0000       0.0000    
  489.0000000       1.0000       0.0000    
  490.0000000       1.0000      0.37206    
  491.0000000       1.0000       5.1688    
  492.0000000       1.0000       14.527    
  493.0000000       1.0000       24.327    
  494.0000000       1.0000       64.857    
  495.0000000       1.0000       41.947    
  496.0000000       1.0000       14.122    
  497.0000000       1.0000       1.2074    
  498.0000000       1.0000       0.0000    
  499.0000000       1.0000       0.0000    
  500.0000000       1.0000       0.0000    
  501.0000000       1.0000       0.0000    
  502.0000000       1.0000       0.0000    
  503.0000000       1.0000       0.0000    
  504.0000000       1.0000       0.0000    
  505.0000000       1.0000       0.0000    
  506.0000000       1.0000       0.0000    
  507.0000000       1.0000       0.0000    
  508.0000000       1.0000       0.0000    
  509.0000000       1.0000       0.0000    
  510.0000000       1.0000       0.0000    
  511.0000000       1.0000       0.0000    
  512.0000000       1.0000       0.0000    
  513.0000000       1.0000       0.0000    
  514.0000000       1.0000       0.0000    
  515.0000000       1.0000       0.0000    
  516.0000000       1.0000       1.6110    
  517.0000000       1.0000       17.189    
  518.0000000       1.0000       44.626    
  519.0000000       1.0000       8.6605    
  520.0000000       1.0000      0.59566    
  521.0000000       1.0000       0.0000    
  522.0000000       1.0000       0.0000    
  523.0000000       1.0000       0.0000    
  524.0000000       1.0000       0.0000    
  525.0000000       1.0000       0.0000    
  526.0000000       1.0000       0.0000    
  527.0000000       1.0000       0.0000    
  528.0000000       1.0000       0.0000    
  529.0000000       1.0000       0.0000    
  530.0000000       1.0000       0.0000    
  531.0000000       1.0000       0.0000    
  532.0000000       1.0000       0.0000    
  533.0000000       1.0000       0.0000    
  534.0000000       1.0000       0.0000    
  535.0000000       1.0000       0.0000    
  536.0000000       1.0000       3.6730    
  537.0000000       1.0000       35.669    
  538.0000000       1.0000       65.169    
  539.0000000       1.0000       145.49    
  540.0000000       1.0000       211.25    
  541.0000000       1.0000       160.04    
  542.0000000       1.0000       129.63    
  543.0000000       1.0000       47.137    
  544.0000000       1.0000       3.7624    
  545.0000000       1.0000      0.15577    
  546.0000000       1.0000       0.0000    
  547.0000000       1.0000       0.0000    
  548.0000000       1.0000       0.0000    
  549.0000000       1.0000       0.0000    
  550.0000000       1.0000       0.0000    
  551.0000000       1.0000       0.0000    
  552.0000000       1.0000       0.0000    
  553.0000000       1.0000       0.0000    
  554.0000000       1.0000       0.0000    
  555.0000000       1.0000       0.0000    
  556.0000000       1.0000       0.0000    
  557.0000000       1.0000       0.0000    
  558.0000000       1.0000       0.0000    
  559.0000000       1.0000       0.0000    
  560.0000000       1.0000      0.10169    
  561.0000000       1.0000       3.7231    
  562.0000000       1.0000       26.390    
  563.0000000       1.0000       60.969    
  564.0000000       1.0000       84.440    
  565.0000000       1.0000       80.941    
  566.0000000       1.0000       55.695    
  567.0000000       1.0000       17.281    
  568.0000000       1.0000       1.6620    
  569.0000000       1.0000     -1.02218E-16
  570.0000000       1.0000       0.0000    
  571.0000000       1.0000       0.0000    
  572.0000000       1.0000       0.0000    
  573.0000000       1.0000       0.0000    
  574.0000000       1.0000       0.0000    
  575.0000000       1.0000       0.0000    
  576.0000000       1.0000       0.0000    
  577.0000000       1.0000       0.0000    
  578.0000000       1.0000       0.0000    
  579.0000000       1.0000       0.0000    
  580.0000000       1.0000       0.0000    
  581.0000000       1.0000       0.0000    
  582.0000000       1.0000       0.0000    
  583.0000000       1.0000       0.0000    
  584.0000000       1.0000       1.4745    
  585.0000000       1.0000       15.035    
  586.0000000       1.0000       87.835    
  587.0000000       1.0000       413.56    
  588.0000000       1.0000       634.63    
  589.0000000       1.0000       362.36    
  590.0000000       1.0000       249.79    
  591.0000000       1.0000       116.52    
  592.0000000       1.0000       7.0372    
  593.0000000       1.0000      0.24969    
  594.0000000       1.0000       0.0000    
  595.0000000       1.0000       0.0000    
  596.0000000       1.0000       0.0000    
  597.0000000       1.0000       0.0000    
  598.0000000       1.0000       0.0000    
  599.0000000       1.0000       0.0000    
  600.0000000       1.0000       0.0000    
  601.0000000       1.0000       0.0000    
  602.0000000       1.0000       0.0000    
  603.0000000       1.0000       0.0000    
  604.0000000       1.0000       0.0000    
  605.0000000       1.0000       0.0000    
  606.0000000       1.0000       0.0000    
  607.0000000       1.0000       0.0000    
  608.0000000       1.0000      7.88498E-02
  609.0000000       1.0000       4.7458    
  610.0000000       1.0000       50.886    
  611.0000000       1.0000       149.26    
  612.0000000       1.0000       207.17    
  613.0000000       1.0000       269.26    
  614.0000000       1.0000       217.41    
  615.0000000       1.0000       144.46    
  616.0000000       1.0000       24.827    
  617.0000000       1.0000       1.2227    
  618.0000000       1.0000     -6.15947E-33
  619.0000000       1.0000      7.97103E-67
  620.0000000       1.0000     -2.85299E-93
  621.0000000       1.0000       0.0000    
  622.0000000       1.0000       0.0000    
  623.0000000       1.0000       0.0000    
  624.0000000       1.0000       0.0000    
  625.0000000       1.0000       0.0000    
  626.0000000       1.0000       0.0000    
  627.0000000       1.0000       0.0000    
  628.0000000       1.0000       0.0000    
  629.0000000       1.0000       0.0000    
  630.0000000       1.0000       0.0000    
  631.0000000       1.0000       0.0000    
  632.0000000       1.0000       0.0000    
  633.0000000       1.0000      0.24491    
  634.0000000       1.0000       2.7143    
  635.0000000       1.0000       17.795    
  636.0000000       1.0000       26.963    
  637.0000000       1.0000       18.848    
  638.0000000       1.0000       5.0378    
  639.0000000       1.0000      0.29649    
  640.0000000       1.0000      7.60003E-30
  641.0000000       1.0000     -2.26974E-46
  642.0000000       1.0000     -2.83708E-62
  643.0000000       1.0000       0.0000    
  644.0000000       1.0000       0.0000    
  645.0000000       1.0000       0.0000    
  646.0000000       1.0000       0.0000    
  647.0000000       1.0000       0.0000    
  648.0000000       1.0000       0.0000    
  649.0000000       1.0000       0.0000    
  650.0000000       1.0000       0.0000    
  651.0000000       1.0000       0.0000    
  652.0000000       1.0000       0.0000    
  653.0000000       1.0000       0.0000    
  654.0000000       1.0000       0.0000    
  655.0000000       1.0000       0.0000    
  656.0000000       1.0000       0.0000    
  657.0000000       1.0000      7.61235E-02
  658.0000000       1.0000       29.547    
  659.0000000       1.0000       323.11    
  660.0000000       1.0000       1589.9    
  661.0000000       1.0000       2057.8    
  662.0000000       1.0000       1015.1    
  663.0000000       1.0000       436.17    
  664.0000000       1.0000       109.80    
  665.0000000       1.0000      0.48085    
  666.0000000       1.0000      3.44194E-44
  667.0000000       1.0000       0.0000    
  668.0000000       1.0000       0.0000    
  669.0000000       1.0000       0.0000    
  670.0000000       1.0000       0.0000    
  671.0000000       1.0000       0.0000    
  672.0000000       1.0000       0.0000    
  673.0000000       1.0000       0.0000    
  674.0000000       1.0000       0.0000    
  675.0000000       1.0000       0.0000    
  676.0000000       1.0000       0.0000    
  677.0000000       1.0000       0.0000    
  678.0000000       1.0000       0.0000    
  679.0000000       1.0000       0.0000    
  680.0000000       1.0000      0.45009    
  681.0000000       1.0000       47.396    
  682.0000000       1.0000       105.92    
  683.0000000       1.0000       115.04    
  684.0000000       1.0000       131.93    
  685.0000000       1.0000       143.78    
  686.0000000       1.0000       145.30    
  687.0000000       1.0000       56.363    
  688.0000000       1.0000       5.5012    
  689.0000000       1.0000      0.23699    
  690.0000000       1.0000       0.0000    
  691.0000000       1.0000       0.0000    
  692.0000000       1.0000       0.0000    
  693.0000000       1.0000       0.0000    
  694.0000000       1.0000       0.0000    
  695.0000000       1.0000       0.0000    
  696.0000000       1.0000       0.0000    
  697.0000000       1.0000       0.0000    
  698.0000000       1.0000       0.0000    
  699.0000000       1.0000       0.0000    
  700.0000000       1.0000       0.0000    
  701.0000000       1.0000       0.0000    
  702.0000000       1.0000       0.0000    
  703.0000000       1.0000       0.0000    
  704.0000000       1.0000       1.1362    
  705.0000000       1.0000       38.677    
  706.0000000       1.0000       278.48    
  707.0000000       1.0000       590.81    
  708.0000000       1.0000       1226.8    
  709.0000000       1.0000       2261.0    
  710.0000000       1.0000       754.07    
  711.0000000       1.0000       463.22    
  712.0000000       1.0000       161.94    
  713.0000000       1.0000       3.0146    
  714.0000000       1.0000      0.11174    
  715.0000000       1.0000       0.0000    
  716.0000000       1.0000       0.0000    
  717.0000000       1.0000       0.0000    
  718.0000000       1.0000       0.0000    
  719.0000000       1.0000       0.0000    
  720.0000000       1.0000       0.0000    
  721.0000000       1.0000       0.0000    
  722.0000000       1.0000       0.0000    
  723.0000000       1.0000       0.0000    
  724.0000000       1.0000       0.0000    
  725.0000000       1.0000       0.0000    
  726.0000000       1.0000       0.0000    
  727.0000000       1.0000       0.0000    
  728.0000000       1.0000       6.4470    
  729.0000000       1.0000       77.024    
  730.0000000       1.0000       276.86    
  731.0000000       1.0000       1016.7    
  732.0000000       1.0000       1011.6    
  733.0000000       1.0000       1973.6    
  734.0000000       1.0000       2397.0    
  735.0000000       1.0000       1508.9    
  736.0000000       1.0000       309.65    
  737.0000000       1.0000       3.3734    
  738.0000000       1.0000      4.39600E-03
  739.0000000       1.0000      7.24540E-33
  740.0000000       1.0000       0.0000    
  741.0000000       1.0000       0.0000    
  742.0000000       1.0000       0.0000    
  743.0000000       1.0000       0.0000    
  744.0000000       1.0000       0.0000    
  745.0000000       1.0000       0.0000    
  746.0000000       1.0000       0.0000    
  747.0000000       1.0000       0.0000    
  748.0000000       1.0000       0.0000    
  749.0000000       1.0000       0.0000    
  750.0000000       1.0000       0.0000    
  751.0000000       1.0000       0.0000    
  752.0000000       1.0000       0.0000    
  753.0000000       1.0000       0.0000    
  754.0000000       1.0000       0.0000    
  755.0000000       1.0000       0.0000    
  756.0000000       1.0000       0.0000    
  757.0000000       1.0000       0.0000    
  758.0000000       1.0000       0.0000    
  759.0000000       1.0000       0.0000    
  760.0000000       1.0000       0.0000    
  761.0000000       1.0000       0.0000    
  762.0000000       1.0000       0.0000    
  763.0000000       1.0000       0.0000    
  764.0000000       1.0000       0.0000    
  765.0000000       1.0000       0.0000    
  766.0000000       1.0000       0.0000    
  767.0000000       1.0000       0.0000    
  768.0000000       1.0000       0.0000    
  769.0000000       1.0000       0.0000    
  770.0000000       1.0000       0.0000    
  771.0000000       1.0000       0.0000    
  772.0000000       1.0000       0.0000    
  773.0000000       1.0000       0.0000    
  774.0000000       1.0000       0.0000    
  775.0000000       1.0000       0.0000    
  776.0000000       1.0000      2.78619E-02
  777.0000000       1.0000       1.0109    
  778.0000000       1.0000       2.9301    
  779.0000000       1.0000       1.0657    
  780.0000000       1.0000       83.775    
  781.0000000       1.0000       511.33    
  782.0000000       1.0000       1092.5    
  783.0000000       1.0000       880.13    
  784.0000000       1.0000       97.713    
  785.0000000       1.0000      0.39867    
  786.0000000       1.0000     -4.99922E-32
  787.0000000       1.0000     -4.67127E-48
  788.0000000       1.0000       0.0000    
  789.0000000       1.0000       0.0000    
  790.0000000       1.0000       0.0000    
  791.0000000       1.0000       0.0000    
  792.0000000       1.0000       0.0000    
  793.0000000       1.0000       0.0000    
  794.0000000       1.0000       0.0000    
  795.0000000       1.0000       0.0000    
  796.0000000       1.0000       0.0000    
  797.0000000       1.0000       0.0000    
  798.0000000       1.0000       0.0000    
  799.0000000       1.0000       0.0000    
  800.0000000       1.0000      0.10872    
  801.0000000       1.0000       10.344    
  802.0000000       1.0000       230.09    
  803.0000000       1.0000       467.83    
  804.0000000       1.0000       190.65    
  805.0000000       1.0000       221.58    
  806.0000000       1.0000       163.55    
  807.0000000       1.0000       297.19    
  808.0000000       1.0000       246.64    
  809.0000000       1.0000       7.6456    
  810.0000000       1.0000     -1.12666E-44
  811.0000000       1.0000     -1.32034E-76
  812.0000000       1.0000       0.0000    
  813.0000000       1.0000       0.0000    
  814.0000000       1.0000       0.0000    
  815.0000000       1.0000       0.0000    
  816.0000000       1.0000       0.0000    
  817.0000000       1.0000       0.0000    
  818.0000000       1.0000       0.0000    
  819.0000000       1.0000       0.0000    
  820.0000000       1.0000       0.0000    
  821.0000000       1.0000       0.0000    
  822.0000000       1.0000       0.0000    
  823.0000000       1.0000      0.96539    
  824.0000000       1.0000       9.1185    
  825.0000000       1.0000       345.05    
  826.0000000       1.0000       882.47    
  827.0000000       1.0000       548.22    
  828.0000000       1.0000       993.95    
  829.0000000       1.0000       1283.9    
  830.0000000       1.0000       548.70    
  831.0000000       1.0000       161.81    
  832.0000000       1.0000       35.087    
  833.0000000       1.0000      0.55781    
  834.0000000       1.0000      1.75047E-18
  835.0000000       1.0000       0.0000    
  836.0000000       1.0000       0.0000    
  837.0000000       1.0000       0.0000    
  838.0000000       1.0000       0.0000    
  839.0000000       1.0000       0.0000    
  840.0000000       1.0000       0.0000    
  841.0000000       1.0000       0.0000    
  842.0000000       1.0000       0.0000    
  843.0000000       1.0000       0.0000    
  844.0000000       1.0000       0.0000    
  845.0000000       1.0000       0.0000    
  846.0000000       1.0000       0.0000    
  847.0000000       1.0000      7.61192E-02
  848.0000000       1.0000       7.3544    
  849.0000000       1.0000       216.92    
  850.0000000       1.0000       875.07    
  851.0000000       1.0000       1583.1    
  852.0000000       1.0000       968.95    
  853.0000000       1.0000       1664.1    
  854.0000000       1.0000       1835.4    
  855.0000000       1.0000       1289.8    
  856.0000000       1.0000       380.66    
  857.0000000       1.0000       14.333    
  858.0000000       1.0000      0.30419    
  859.0000000       1.0000     -2.15134E-33
  860.0000000       1.0000     -1.36518E-61
  861.0000000       1.0000       0.0000    
  862.0000000       1.0000       0.0000    
  863.0000000       1.0000       0.0000    
  864.0000000       1.0000       0.0000    
  865.0000000       1.0000       0.0000    
  866.0000000       1.0000       0.0000    
  867.0000000       1.0000       0.0000    
  868.0000000       1.0000       0.0000    
  869.0000000       1.0000       0.0000    
  870.0000000       1.0000       0.0000    
  871.0000000       1.0000       2.4428    
  872.0000000       1.0000       38.785    
  873.0000000       1.0000       511.82    
  874.0000000       1.0000       1220.5    
  875.0000000       1.0000       1637.2    
  876.0000000       1.0000       1784.0    
  877.0000000       1.0000       1716.8    
  878.0000000       1.0000       1843.5    
  879.0000000       1.0000       1345.3    
  880.0000000       1.0000       431.19    
  881.0000000       1.0000       12.099    
  882.0000000       1.0000      0.74790    
  883.0000000       1.0000       0.0000    
  884.0000000       1.0000       0.0000    
  885.0000000       1.0000       0.0000    
  886.0000000       1.0000       0.0000    
  887.0000000       1.0000       0.0000    
  888.0000000       1.0000       0.0000    
  889.0000000       1.0000       0.0000    
  890.0000000       1.0000       0.0000    
  891.0000000       1.0000       0.0000    
  892.0000000       1.0000       0.0000    
  893.0000000       1.0000       0.0000    
  894.0000000       1.0000       0.0000    
  895.0000000       1.0000       0.0000    
  896.0000000       1.0000       3.5427    
  897.0000000       1.0000       34.781    
  898.0000000       1.0000       217.42    
  899.0000000       1.0000       375.45    
  900.0000000       1.0000       652.94    
  901.0000000       1.0000       981.33    
  902.0000000       1.0000       838.35    
  903.0000000       1.0000       947.09    
  904.0000000       1.0000       343.53    
  905.0000000       1.0000       12.714    
  906.0000000       1.0000      0.58763    
  907.0000000       1.0000      1.56030E-30
  908.0000000       1.0000     -1.46200E-51
  909.0000000       1.0000      2.29609E-77
  910.0000000       1.0000     -2.14803E-99
  911.0000000       1.0000       0.0000    
  912.0000000       1.0000       0.0000    
  913.0000000       1.0000       0.0000    
  914.0000000       1.0000       0.0000    
  915.0000000       1.0000       0.0000    
  916.0000000       1.0000       0.0000    
  917.0000000       1.0000       0.0000    
  918.0000000       1.0000       0.0000    
  919.0000000       1.0000      0.36267    
  920.0000000       1.0000       8.9244    
  921.0000000       1.0000       177.86    
  922.0000000       1.0000       179.70    
  923.0000000       1.0000       329.42    
  924.0000000       1.0000       832.37    
  925.0000000       1.0000       609.31    
  926.0000000       1.0000       322.89    
  927.0000000       1.0000       282.29    
  928.0000000       1.0000       49.282    
  929.0000000       1.0000      0.80611    
  930.0000000       1.0000     -3.02270E-31
  931.0000000       1.0000     -6.36301E-63
  932.0000000       1.0000      2.15515E-95
  933.0000000       1.0000       0.0000    
  934.0000000       1.0000       0.0000    
  935.0000000       1.0000       0.0000    
  936.0000000       1.0000       0.0000    
  937.0000000       1.0000       0.0000    
  938.0000000       1.0000       0.0000    
  939.0000000       1.0000       0.0000    
  940.0000000       1.0000       0.0000    
  941.0000000       1.0000       0.0000    
  942.0000000       1.0000       0.0000    
  943.0000000       1.0000      0.11600    
  944.0000000       1.0000       5.8009    
  945.0000000       1.0000       103.17    
  946.0000000       1.0000       222.86    
  947.0000000       1.0000       226.90    
  948.0000000       1.0000       334.29    
  949.0000000       1.0000       299.71    
  950.0000000       1.0000       351.02    
  951.0000000       1.0000       168.25    
  952.0000000       1.0000       50.314    
  953.0000000       1.0000       2.8087    
  954.0000000       1.0000      5.86669E-02
  955.0000000       1.0000      7.88456E-18
  956.0000000       1.0000       0.0000    
  957.0000000       1.0000       0.0000    
  958.0000000       1.0000       0.0000    
  959.0000000       1.0000       0.0000    
  960.0000000       1.0000       0.0000    
  961.0000000       1.0000       0.0000    
  962.0000000       1.0000       0.0000    
  963.0000000       1.0000       0.0000    
  964.0000000       1.0000       0.0000    
  965.0000000       1.0000       0.0000    
  966.0000000       1.0000       0.0000    
  967.0000000       1.0000      0.32112    
  968.0000000       1.0000       13.283    
  969.0000000       1.0000       132.22    
  970.0000000       1.0000       379.98    
  971.0000000       1.0000       1201.0    
  972.0000000       1.0000       1626.9    
  973.0000000       1.0000       1706.3    
  974.0000000       1.0000       1646.7    
  975.0000000       1.0000       1405.6    
  976.0000000       1.0000       491.30    
  977.0000000       1.0000       7.9426    
  978.0000000       1.0000      0.16992    
  979.0000000       1.0000     -1.62529E-33
  980.0000000       1.0000       0.0000    
  981.0000000       1.0000       0.0000    
  982.0000000       1.0000       0.0000    
  983.0000000       1.0000       0.0000    
  984.0000000       1.0000       0.0000    
  985.0000000       1.0000       0.0000    
  986.0000000       1.0000       0.0000    
  987.0000000       1.0000       0.0000    
  988.0000000       1.0000       0.0000    
  989.0000000       1.0000       0.0000    
  990.0000000       1.0000       0.0000    
  991.0000000       1.0000      0.75122    
  992.0000000       1.0000       10.690    
  993.0000000       1.0000       355.94    
  994.0000000       1.0000       1232.9    
  995.0000000       1.0000       2253.8    
  996.0000000       1.0000       3076.5    
  997.0000000       1.0000       3122.3    
  998.0000000       1.0000       2770.5    
  999.0000000       1.0000       2075.0    
  1000.000000       1.0000       893.83    
  1001.000000       1.0000       45.028    
  1002.000000       1.0000      0.15256    
  1003.000000       1.0000     -1.29123E-17
  1004.000000       1.0000     -3.00465E-34
  1005.000000       1.0000      2.16235E-63
  1006.000000       1.0000     -9.01684E-82
  1007.000000       1.0000       0.0000    
  1008.000000       1.0000       0.0000    
  1009.000000       1.0000       0.0000    
  1010.000000       1.0000       0.0000    
  1011.000000       1.0000       0.0000    
  1012.000000       1.0000       0.0000    
  1013.000000       1.0000       0.0000    
  1014.000000       1.0000       0.0000    
  1015.000000       1.0000       2.0026    
  1016.000000       1.0000       20.141    
  1017.000000       1.0000       397.10    
  1018.000000       1.0000       1279.5    
  1019.000000       1.0000       1875.5    
  1020.000000       1.0000       1345.9    
  1021.000000       1.0000       2821.2    
  1022.000000       1.0000       2748.7    
  1023.000000       1.0000       2073.2    
  1024.000000       1.0000       936.89    
  1025.000000       1.0000       48.559    
  1026.000000       1.0000       1.5309    
  1027.000000       1.0000      2.04760E-45
  1028.000000       1.0000     -2.52845E-77
  1029.000000       1.0000       0.0000    
  1030.000000       1.0000       0.0000    
  1031.000000       1.0000       0.0000    
  1032.000000       1.0000       0.0000    
  1033.000000       1.0000       0.0000    
  1034.000000       1.0000       0.0000    
  1035.000000       1.0000       0.0000    
  1036.000000       1.0000       0.0000    
  1037.000000       1.0000       0.0000    
  1038.000000       1.0000       0.0000    
  1039.000000       1.0000       17.094    
  1040.000000       1.0000       158.95    
  1041.000000       1.0000       1362.1    
  1042.000000       1.0000       2360.4    
  1043.000000       1.0000       2914.3    
  1044.000000       1.0000       3154.9    
  1045.000000       1.0000       3138.0    
  1046.000000       1.0000       2792.2    
  1047.000000       1.0000       2181.8    
  1048.000000       1.0000       1058.5    
  1049.000000       1.0000       55.262    
  1050.000000       1.0000       1.1120    
  1051.000000       1.0000     -9.46543E-45
  1052.000000       1.0000      1.89035E-98
  1053.000000       1.0000       0.0000    
  1054.000000       1.0000       0.0000    
  1055.000000       1.0000       0.0000    
  1056.000000       1.0000       0.0000    
  1057.000000       1.0000       0.0000    
  1058.000000       1.0000       0.0000    
  1059.000000       1.0000       0.0000    
  1060.000000       1.0000       0.0000    
  1061.000000       1.0000       0.0000    
  1062.000000       1.0000       0.0000    
  1063.000000       1.0000       22.264    
  1064.000000       1.0000       205.50    
  1065.000000       1.0000       1397.5    
  1066.000000       1.0000       2395.7    
  1067.000000       1.0000       2943.3    
  1068.000000       1.0000       3196.6    
  1069.000000       1.0000       3181.8    
  1070.000000       1.0000       2887.9    
  1071.000000       1.0000       2189.4    
  1072.000000       1.0000       1095.0    
  1073.000000       1.0000       67.412    
  1074.000000       1.0000      0.56429    
  1075.000000       1.0000     -4.77006E-47
  1076.000000       1.0000       0.0000    
  1077.000000       1.0000       0.0000    
  1078.000000       1.0000       0.0000    
  1079.000000       1.0000       0.0000    
  1080.000000       1.0000       0.0000    
  1081.000000       1.0000       0.0000    
  1082.000000       1.0000       0.0000    
  1083.000000       1.0000       0.0000    
  1084.000000       1.0000       0.0000    
  1085.000000       1.0000       0.0000    
  1086.000000       1.0000       0.0000    
  1087.000000       1.0000       3.8982    
  1088.000000       1.0000       40.879    
  1089.000000       1.0000       536.66    
  1090.000000       1.0000       881.67    
  1091.000000       1.0000       397.51    
  1092.000000       1.0000       304.85    
  1093.000000       1.0000       333.79    
  1094.000000       1.0000       271.83    
  1095.000000       1.0000       142.85    
  1096.000000       1.0000       54.010    
  1097.000000       1.0000       5.4068    
  1098.000000       1.0000      9.59057E-02
  1099.000000       1.0000       0.0000    
  1100.000000       1.0000       0.0000    
  1101.000000       1.0000       0.0000    
  1102.000000       1.0000       0.0000    
  1103.000000       1.0000       0.0000    
  1104.000000       1.0000       0.0000    
  1105.000000       1.0000       0.0000    
  1106.000000       1.0000       0.0000    
  1107.000000       1.0000       0.0000    
  1108.000000       1.0000       0.0000    
  1109.000000       1.0000       0.0000    
  1110.000000       1.0000       0.0000    
  1111.000000       1.0000      9.20077E-02
  1112.000000       1.0000       2.4849    
  1113.000000       1.0000       27.868    
  1114.000000       1.0000       71.552    
  1115.000000       1.0000       125.79    
  1116.000000       1.0000       156.20    
  1117.000000       1.0000       97.550    
  1118.000000       1.0000       97.075    
  1119.000000       1.0000       53.837    
  1120.000000       1.0000       9.8513    
  1121.000000       1.0000      0.53435    
  1122.000000       1.0000      6.21994E-17
  1123.000000       1.0000       0.0000    
  1124.000000       1.0000       0.0000    
  1125.000000       1.0000       0.0000    
  1126.000000       1.0000       0.0000    
  1127.000000       1.0000       0.0000    
  1128.000000       1.0000       0.0000    
  1129.000000       1.0000       0.0000    
  1130.000000       1.0000       0.0000    
  1131.000000       1.0000       0.0000    
  1132.000000       1.0000       0.0000    
  1133.000000       1.0000       0.0000    
  1134.000000       1.0000       0.0000    
  1135.000000       1.0000       0.0000    
  1136.000000       1.0000       2.3043    
  1137.000000       1.0000       22.411    
  1138.000000       1.0000       107.21    
  1139.000000       1.0000       243.39    
  1140.000000       1.0000       310.22    
  1141.000000       1.0000       370.27    
  1142.000000       1.0000       318.83    
  1143.000000       1.0000       206.99    
  1144.000000       1.0000       94.782    
  1145.000000       1.0000       10.230    
  1146.000000       1.0000      0.25307    
  1147.000000       1.0000      3.15430E-29
  1148.000000       1.0000       0.0000    
  1149.000000       1.0000       0.0000    
  1150.000000       1.0000       0.0000    
  1151.000000       1.0000       0.0000    
  1152.000000       1.0000       0.0000    
  1153.000000       1.0000       0.0000    
  1154.000000       1.0000       0.0000    
  1155.000000       1.0000       0.0000    
  1156.000000       1.0000       0.0000    
  1157.000000       1.0000       0.0000    
  1158.000000       1.0000       0.0000    
  1159.000000       1.0000      2.68518E-02
  1160.000000       1.0000       1.3170    
  1161.000000       1.0000       9.1746    
  1162.000000       1.0000       44.798    
  1163.000000       1.0000       68.748    
  1164.000000       1.0000       68.038    
  1165.000000       1.0000       55.169    
  1166.000000       1.0000       58.586    
  1167.000000       1.0000       22.575    
  1168.000000       1.0000       3.4347    
  1169.000000       1.0000      0.23445    
  1170.000000       1.0000       0.0000    
  1171.000000       1.0000       0.0000    
  1172.000000       1.0000       0.0000    
  1173.000000       1.0000       0.0000    
  1174.000000       1.0000       0.0000    
  1175.000000       1.0000       0.0000    
  1176.000000       1.0000       0.0000    
  1177.000000       1.0000       0.0000    
  1178.000000       1.0000       0.0000    
  1179.000000       1.0000       0.0000    
  1180.000000       1.0000       0.0000    
  1181.000000       1.0000       0.0000    
  1182.000000       1.0000       0.0000    
  1183.000000       1.0000       0.0000    
  1184.000000       1.0000       1.1802    
  1185.000000       1.0000       11.052    
  1186.000000       1.0000       69.455    
  1187.000000       1.0000       121.30    
  1188.000000       1.0000       144.00    
  1189.000000       1.0000       163.58    
  1190.000000       1.0000       164.97    
  1191.000000       1.0000       118.36    
  1192.000000       1.0000       30.646    
  1193.000000       1.0000       1.7396    
  1194.000000       1.0000      5.86694E-02
  1195.000000       1.0000       0.0000    
  1196.000000       1.0000       0.0000    
  1197.000000       1.0000       0.0000    
  1198.000000       1.0000       0.0000    
  1199.000000       1.0000       0.0000    
  1200.000000       1.0000       0.0000    
  1201.000000       1.0000       0.0000    
  1202.000000       1.0000       0.0000    
  1203.000000       1.0000       0.0000    
  1204.000000       1.0000       0.0000    
  1205.000000       1.0000       0.0000    
  1206.000000       1.0000       0.0000    
  1207.000000       1.0000       2.7251    
  1208.000000       1.0000       36.401    
  1209.000000       1.0000       84.186    
  1210.000000       1.0000       188.27    
  1211.000000       1.0000       487.92    
  1212.000000       1.0000       502.15    
  1213.000000       1.0000       448.16    
  1214.000000       1.0000       651.74    
  1215.000000       1.0000       260.24    
  1216.000000       1.0000       104.30    
  1217.000000       1.0000       17.669    
  1218.000000       1.0000       1.5934    
  1219.000000       1.0000      1.02608E-17
  1220.000000       1.0000       0.0000    
  1221.000000       1.0000       0.0000    
  1222.000000       1.0000       0.0000    
  1223.000000       1.0000       0.0000    
  1224.000000       1.0000       0.0000    
  1225.000000       1.0000       0.0000    
  1226.000000       1.0000       0.0000    
  1227.000000       1.0000       0.0000    
  1228.000000       1.0000       0.0000    
  1229.000000       1.0000       0.0000    
  1230.000000       1.0000       0.0000    
  1231.000000       1.0000       1.6346    
  1232.000000       1.0000       24.632    
  1233.000000       1.0000       142.04    
  1234.000000       1.0000       795.28    
  1235.000000       1.0000       2157.1    
  1236.000000       1.0000       2264.2    
  1237.000000       1.0000       1413.0    
  1238.000000       1.0000       692.45    
  1239.000000       1.0000       496.32    
  1240.000000       1.0000       321.19    
  1241.000000       1.0000       97.662    
  1242.000000       1.0000       6.2861    
  1243.000000       1.0000      3.03107E-28
  1244.000000       1.0000      3.01769E-44
  1245.000000       1.0000       0.0000    
  1246.000000       1.0000       0.0000    
  1247.000000       1.0000       0.0000    
  1248.000000       1.0000       0.0000    
  1249.000000       1.0000       0.0000    
  1250.000000       1.0000       0.0000    
  1251.000000       1.0000       0.0000    
  1252.000000       1.0000       0.0000    
  1253.000000       1.0000       0.0000    
  1254.000000       1.0000      0.12344    
  1255.000000       1.0000       6.6544    
  1256.000000       1.0000       246.36    
  1257.000000       1.0000       1191.6    
  1258.000000       1.0000       2168.2    
  1259.000000       1.0000       2667.6    
  1260.000000       1.0000       2879.4    
  1261.000000       1.0000       2583.3    
  1262.000000       1.0000       1632.0    
  1263.000000       1.0000       1228.5    
  1264.000000       1.0000       635.11    
  1265.000000       1.0000       99.408    
  1266.000000       1.0000       5.7615    
  1267.000000       1.0000     -3.13108E-28
  1268.000000       1.0000       0.0000    
  1269.000000       1.0000       0.0000    
  1270.000000       1.0000       0.0000    
  1271.000000       1.0000       0.0000    
  1272.000000       1.0000       0.0000    
  1273.000000       1.0000       0.0000    
  1274.000000       1.0000       0.0000    
  1275.000000       1.0000       0.0000    
  1276.000000       1.0000       0.0000    
  1277.000000       1.0000       0.0000    
  1278.000000       1.0000       0.0000    
  1279.000000       1.0000      0.49212    
  1280.000000       1.0000       8.5097    
  1281.000000       1.0000       111.88    
  1282.000000       1.0000       271.07    
  1283.000000       1.0000       539.89    
  1284.000000       1.0000       1147.2    
  1285.000000       1.0000       773.44    
  1286.000000       1.0000       319.60    
  1287.000000       1.0000       223.43    
  1288.000000       1.0000       142.74    
  1289.000000       1.0000       16.926    
  1290.000000       1.0000       1.0252    
  1291.000000       1.0000       0.0000    
  1292.000000       1.0000       0.0000    
  1293.000000       1.0000       0.0000    
  1294.000000       1.0000       0.0000    
  1295.000000       1.0000       0.0000    
  1296.000000       1.0000       0.0000    
  1297.000000       1.0000       0.0000    
  1298.000000       1.0000       0.0000    
  1299.000000       1.0000       0.0000    
  1300.000000       1.0000       0.0000    
  1301.000000       1.0000       0.0000    
  1302.000000       1.0000       0.0000    
  1303.000000       1.0000      9.75843E-02
  1304.000000       1.0000       6.5623    
  1305.000000       1.0000       61.682    
  1306.000000       1.0000       219.18    
  1307.000000       1.0000       576.02    
  1308.000000       1.0000       535.98    
  1309.000000       1.0000       296.39    
  1310.000000       1.0000       127.31    
  1311.000000       1.0000       90.948    
  1312.000000       1.0000       15.687    
  1313.000000       1.0000      0.12890    
  1314.000000       1.0000      3.23390E-17
  1315.000000       1.0000       0.0000    
  1316.000000       1.0000       0.0000    
  1317.000000       1.0000       0.0000    
  1318.000000       1.0000       0.0000    
  1319.000000       1.0000       0.0000    
  1320.000000       1.0000       0.0000    
  1321.000000       1.0000       0.0000    
  1322.000000       1.0000       0.0000    
  1323.000000       1.0000       0.0000    
  1324.000000       1.0000       0.0000    
  1325.000000       1.0000       0.0000    
  1326.000000       1.0000       0.0000    
  1327.000000       1.0000       3.3621    
  1328.000000       1.0000       59.539    
  1329.000000       1.0000       249.75    
  1330.000000       1.0000       397.08    
  1331.000000       1.0000       560.88    
  1332.000000       1.0000       355.06    
  1333.000000       1.0000       84.337    
  1334.000000       1.0000       45.981    
  1335.000000       1.0000       30.881    
  1336.000000       1.0000       16.644    
  1337.000000       1.0000       1.3966    
  1338.000000       1.0000     -6.95414E-17
  1339.000000       1.0000       0.0000    
  1340.000000       1.0000       0.0000    
  1341.000000       1.0000       0.0000    
  1342.000000       1.0000       0.0000    
  1343.000000       1.0000       0.0000    
  1344.000000       1.0000       0.0000    
  1345.000000       1.0000       0.0000    
  1346.000000       1.0000       0.0000    
  1347.000000       1.0000       0.0000    
  1348.000000       1.0000       0.0000    
  1349.000000       1.0000       0.0000    
  1350.000000       1.0000      9.49950E-02
  1351.000000       1.0000       15.186    
  1352.000000       1.0000       247.62    
  1353.000000       1.0000       1428.9    
  1354.000000       1.0000       2352.8    
  1355.000000       1.0000       2930.1    
  1356.000000       1.0000       3173.1    
  1357.000000       1.0000       3151.4    
  1358.000000       1.0000       2822.7    
  1359.000000       1.0000       2231.3    
  1360.000000       1.0000       1410.9    
  1361.000000       1.0000       427.64    
  1362.000000       1.0000       12.341    
  1363.000000       1.0000      0.16171    
  1364.000000       1.0000     -5.01213E-30
  1365.000000       1.0000     -3.83165E-50
  1366.000000       1.0000      2.78411E-82
  1367.000000       1.0000       0.0000    
  1368.000000       1.0000       0.0000    
  1369.000000       1.0000       0.0000    
  1370.000000       1.0000       0.0000    
  1371.000000       1.0000       0.0000    
  1372.000000       1.0000       0.0000    
  1373.000000       1.0000       0.0000    
  1374.000000       1.0000       3.9131    
  1375.000000       1.0000       44.647    
  1376.000000       1.0000       526.29    
  1377.000000       1.0000       1537.3    
  1378.000000       1.0000       2459.7    
  1379.000000       1.0000       2800.0    
  1380.000000       1.0000       2507.6    
  1381.000000       1.0000       1216.1    
  1382.000000       1.0000       685.72    
  1383.000000       1.0000       447.49    
  1384.000000       1.0000       462.65    
  1385.000000       1.0000       216.13    
  1386.000000       1.0000       9.8952    
  1387.000000       1.0000      0.19986    
  1388.000000       1.0000      2.08665E-17
  1389.000000       1.0000       0.0000    
  1390.000000       1.0000       0.0000    
  1391.000000       1.0000       0.0000    
  1392.000000       1.0000       0.0000    
  1393.000000       1.0000       0.0000    
  1394.000000       1.0000       0.0000    
  1395.000000       1.0000       0.0000    
  1396.000000       1.0000       0.0000    
  1397.000000       1.0000       0.0000    
  1398.000000       1.0000      5.15819E-02
  1399.000000       1.0000       3.1349    
  1400.000000       1.0000       119.97    
  1401.000000       1.0000       808.31    
  1402.000000       1.0000       1835.3    
  1403.000000       1.0000       2393.2    
  1404.000000       1.0000       3124.7    
  1405.000000       1.0000       2984.8    
  1406.000000       1.0000       2675.4    
  1407.000000       1.0000       2204.2    
  1408.000000       1.0000       1433.7    
  1409.000000       1.0000       455.94    
  1410.000000       1.0000       11.760    
  1411.000000       1.0000      4.43139E-02
  1412.000000       1.0000       0.0000    
  1413.000000       1.0000       0.0000    
  1414.000000       1.0000       0.0000    
  1415.000000       1.0000       0.0000    
  1416.000000       1.0000       0.0000    
  1417.000000       1.0000       0.0000    
  1418.000000       1.0000       0.0000    
  1419.000000       1.0000       0.0000    
  1420.000000       1.0000       0.0000    
  1421.000000       1.0000       0.0000    
  1422.000000       1.0000       0.0000    
  1423.000000       1.0000       1.4392    
  1424.000000       1.0000       42.600    
  1425.000000       1.0000       232.55    
  1426.000000       1.0000       1484.6    
  1427.000000       1.0000       3086.1    
  1428.000000       1.0000       3117.6    
  1429.000000       1.0000       3182.7    
  1430.000000       1.0000       2763.6    
  1431.000000       1.0000       2212.3    
  1432.000000       1.0000       1377.2    
  1433.000000       1.0000       156.57    
  1434.000000       1.0000       3.2226    
  1435.000000       1.0000      6.87148E-02
  1436.000000       1.0000       0.0000    
  1437.000000       1.0000       0.0000    
  1438.000000       1.0000       0.0000    
  1439.000000       1.0000       0.0000    
  1440.000000       1.0000       0.0000    
  1441.000000       1.0000       0.0000    
  1442.000000       1.0000       0.0000    
  1443.000000       1.0000       0.0000    
  1444.000000       1.0000       0.0000    
  1445.000000       1.0000       0.0000    
  1446.000000       1.0000       0.0000    
  1447.000000       1.0000      0.20364    
  1448.000000       1.0000       36.182    
  1449.000000       1.0000       172.78    
  1450.000000       1.0000       395.25    
  1451.000000       1.0000       837.93    
  1452.000000       1.0000       2652.8    
  1453.000000       1.0000       3125.3    
  1454.000000       1.0000       2845.3    
  1455.000000       1.0000       2318.1    
  1456.000000       1.0000       1507.4    
  1457.000000       1.0000       525.60    
  1458.000000       1.0000       19.438    
  1459.000000       1.0000      0.43051    
  1460.000000       1.0000     -1.21684E-44
  1461.000000       1.0000     -1.83418E-77
  1462.000000       1.0000       0.0000    
  1463.000000       1.0000       0.0000    
  1464.000000       1.0000       0.0000    
  1465.000000       1.0000       0.0000    
  1466.000000       1.0000       0.0000    
  1467.000000       1.0000       0.0000    
  1468.000000       1.0000       0.0000    
  1469.000000       1.0000       0.0000    
  1470.000000       1.0000       0.0000    
  1471.000000       1.0000      0.46088    
  1472.000000       1.0000       20.277    
  1473.000000       1.0000       90.267    
  1474.000000       1.0000       194.69    
  1475.000000       1.0000       231.65    
  1476.000000       1.0000       283.19    
  1477.000000       1.0000       291.82    
  1478.000000       1.0000       382.76    
  1479.000000       1.0000       281.66    
  1480.000000       1.0000       163.90    
  1481.000000       1.0000       37.866    
  1482.000000       1.0000       1.9233    
  1483.000000       1.0000      2.50497E-16
  1484.000000       1.0000       0.0000    
  1485.000000       1.0000       0.0000    
  1486.000000       1.0000       0.0000    
  1487.000000       1.0000       0.0000    
  1488.000000       1.0000       0.0000    
  1489.000000       1.0000       0.0000    
  1490.000000       1.0000       0.0000    
  1491.000000       1.0000       0.0000    
  1492.000000       1.0000       0.0000    
  1493.000000       1.0000       0.0000    
  1494.000000       1.0000       1.0282    
  1495.000000       1.0000       22.800    
  1496.000000       1.0000       772.48    
  1497.000000       1.0000       1852.3    
  1498.000000       1.0000       2631.1    
  1499.000000       1.0000       3118.3    
  1500.000000       1.0000       3385.1    
  1501.000000       1.0000       3340.7    
  1502.000000       1.0000       3000.5    
  1503.000000       1.0000       2461.0    
  1504.000000       1.0000       1625.5    
  1505.000000       1.0000       597.13    
  1506.000000       1.0000       17.556    
  1507.000000       1.0000      0.15091    
  1508.000000       1.0000     -2.61214E-49
  1509.000000       1.0000     -3.07309E-65
  1510.000000       1.0000      8.02687E-97
  1511.000000       1.0000       0.0000    
  1512.000000       1.0000       0.0000    
  1513.000000       1.0000       0.0000    
  1514.000000       1.0000       0.0000    
  1515.000000       1.0000       0.0000    
  1516.000000       1.0000       0.0000    
  1517.000000       1.0000       0.0000    
  1518.000000       1.0000      2.62571E-02
  1519.000000       1.0000       99.529    
  1520.000000       1.0000       851.83    
  1521.000000       1.0000       1843.8    
  1522.000000       1.0000       2584.3    
  1523.000000       1.0000       3082.3    
  1524.000000       1.0000       3310.9    
  1525.000000       1.0000       3080.9    
  1526.000000       1.0000       2919.3    
  1527.000000       1.0000       2401.3    
  1528.000000       1.0000       1482.0    
  1529.000000       1.0000       434.23    
  1530.000000       1.0000       22.568    
  1531.000000       1.0000       1.5431    
  1532.000000       1.0000      1.60628E-16
  1533.000000       1.0000     -1.01342E-48
  1534.000000       1.0000      6.54141E-83
  1535.000000       1.0000       0.0000    
  1536.000000       1.0000       0.0000    
  1537.000000       1.0000       0.0000    
  1538.000000       1.0000       0.0000    
  1539.000000       1.0000       0.0000    
  1540.000000       1.0000       0.0000    
  1541.000000       1.0000       0.0000    
  1542.000000       1.0000       0.0000    
  1543.000000       1.0000       3.5308    
  1544.000000       1.0000       41.314    
  1545.000000       1.0000       145.42    
  1546.000000       1.0000       650.19    
  1547.000000       1.0000       2607.7    
  1548.000000       1.0000       3000.0    
  1549.000000       1.0000       1876.1    
  1550.000000       1.0000       751.58    
  1551.000000       1.0000       497.45    
  1552.000000       1.0000       329.10    
  1553.000000       1.0000       106.76    
  1554.000000       1.0000       8.0954    
  1555.000000       1.0000      3.12580E-02
  1556.000000       1.0000     -1.12778E-33
  1557.000000       1.0000       0.0000    
  1558.000000       1.0000       0.0000    
  1559.000000       1.0000       0.0000    
  1560.000000       1.0000       0.0000    
  1561.000000       1.0000       0.0000    
  1562.000000       1.0000       0.0000    
  1563.000000       1.0000       0.0000    
  1564.000000       1.0000       0.0000    
  1565.000000       1.0000       0.0000    
  1566.000000       1.0000      0.28248    
  1567.000000       1.0000       6.2772    
  1568.000000       1.0000       442.57    
  1569.000000       1.0000       1933.0    
  1570.000000       1.0000       2766.4    
  1571.000000       1.0000       3342.1    
  1572.000000       1.0000       3516.9    
  1573.000000       1.0000       2988.9    
  1574.000000       1.0000       2078.4    
  1575.000000       1.0000       1540.8    
  1576.000000       1.0000       1060.8    
  1577.000000       1.0000       398.79    
  1578.000000       1.0000       14.226    
  1579.000000       1.0000      0.34621    
  1580.000000       1.0000     -1.39529E-32
  1581.000000       1.0000     -5.90522E-61
  1582.000000       1.0000       0.0000    
  1583.000000       1.0000       0.0000    
  1584.000000       1.0000       0.0000    
  1585.000000       1.0000       0.0000    
  1586.000000       1.0000       0.0000    
  1587.000000       1.0000       0.0000    
  1588.000000       1.0000       0.0000    
  1589.000000       1.0000       0.0000    
  1590.000000       1.0000      0.39247    
  1591.000000       1.0000       144.80    
  1592.000000       1.0000       737.13    
  1593.000000       1.0000       1679.9    
  1594.000000       1.0000       2532.7    
  1595.000000       1.0000       3133.4    
  1596.000000       1.0000       3335.9    
  1597.000000       1.0000       3210.3    
  1598.000000       1.0000       2911.2    
  1599.000000       1.0000       2173.8    
  1600.000000       1.0000       1103.4    
  1601.000000       1.0000       265.65    
  1602.000000       1.0000       16.574    
  1603.000000       1.0000      0.42667    
  1604.000000       1.0000      4.91173E-61
  1605.000000       1.0000       0.0000    
  1606.000000       1.0000       0.0000    
  1607.000000       1.0000       0.0000    
  1608.000000       1.0000       0.0000    
  1609.000000       1.0000       0.0000    
  1610.000000       1.0000       0.0000    
  1611.000000       1.0000       0.0000    
  1612.000000       1.0000       0.0000    
  1613.000000       1.0000       0.0000    
  1614.000000       1.0000      0.75218    
  1615.000000       1.0000       12.414    
  1616.000000       1.0000       350.30    
  1617.000000       1.0000       990.22    
  1618.000000       1.0000       960.97    
  1619.000000       1.0000       972.87    
  1620.000000       1.0000       691.46    
  1621.000000       1.0000       450.91    
  1622.000000       1.0000       560.16    
  1623.000000       1.0000       779.76    
  1624.000000       1.0000       1010.4    
  1625.000000       1.0000       134.29    
  1626.000000       1.0000       8.9716    
  1627.000000       1.0000      0.26377    
  1628.000000       1.0000      2.09896E-33
  1629.000000       1.0000       0.0000    
  1630.000000       1.0000       0.0000    
  1631.000000       1.0000       0.0000    
  1632.000000       1.0000       0.0000    
  1633.000000       1.0000       0.0000    
  1634.000000       1.0000       0.0000    
  1635.000000       1.0000       0.0000    
  1636.000000       1.0000       0.0000    
  1637.000000       1.0000       0.0000    
  1638.000000       1.0000      0.14906    
  1639.000000       1.0000       81.698    
  1640.000000       1.0000       647.36    
  1641.000000       1.0000       1507.0    
  1642.000000       1.0000       610.71    
  1643.000000       1.0000       925.09    
  1644.000000       1.0000       888.85    
  1645.000000       1.0000       831.64    
  1646.000000       1.0000       639.38    
  1647.000000       1.0000       299.76    
  1648.000000       1.0000       306.82    
  1649.000000       1.0000       118.09    
  1650.000000       1.0000       13.314    
  1651.000000       1.0000      0.69370    
  1652.000000       1.0000       0.0000    
  1653.000000       1.0000       0.0000    
  1654.000000       1.0000       0.0000    
  1655.000000       1.0000       0.0000    
  1656.000000       1.0000       0.0000    
  1657.000000       1.0000       0.0000    
  1658.000000       1.0000       0.0000    
  1659.000000       1.0000       0.0000    
  1660.000000       1.0000       0.0000    
  1661.000000       1.0000       0.0000    
  1662.000000       1.0000       0.0000    
  1663.000000       1.0000      0.68821    
  1664.000000       1.0000       9.3548    
  1665.000000       1.0000       54.961    
  1666.000000       1.0000       132.24    
  1667.000000       1.0000       110.71    
  1668.000000       1.0000       100.68    
  1669.000000       1.0000       123.65    
  1670.000000       1.0000       62.332    
  1671.000000       1.0000       66.774    
  1672.000000       1.0000       64.785    
  1673.000000       1.0000       16.184    
  1674.000000       1.0000       2.0719    
  1675.000000       1.0000      0.11480    
  1676.000000       1.0000       0.0000    
  1677.000000       1.0000       0.0000    
  1678.000000       1.0000       0.0000    
  1679.000000       1.0000       0.0000    
  1680.000000       1.0000       0.0000    
  1681.000000       1.0000       0.0000    
  1682.000000       1.0000       0.0000    
  1683.000000       1.0000       0.0000    
  1684.000000       1.0000       0.0000    
  1685.000000       1.0000       0.0000    
  1686.000000       1.0000       1.5665    
  1687.000000       1.0000       24.401    
  1688.000000       1.0000       223.87    
  1689.000000       1.0000       360.18    
  1690.000000       1.0000       504.28    
  1691.000000       1.0000       513.41    
  1692.000000       1.0000       541.00    
  1693.000000       1.0000       583.71    
  1694.000000       1.0000       718.80    
  1695.000000       1.0000       580.77    
  1696.000000       1.0000       393.00    
  1697.000000       1.0000       128.79    
  1698.000000       1.0000       5.3023    
  1699.000000       1.0000      0.29899    
  1700.000000       1.0000      2.90848E-30
  1701.000000       1.0000     -8.73317E-47
  1702.000000       1.0000       0.0000    
  1703.000000       1.0000       0.0000    
  1704.000000       1.0000       0.0000    
  1705.000000       1.0000       0.0000    
  1706.000000       1.0000       0.0000    
  1707.000000       1.0000       0.0000    
  1708.000000       1.0000       0.0000    
  1709.000000       1.0000       0.0000    
  1710.000000       1.0000      0.22375    
  1711.000000       1.0000       3.5042    
  1712.000000       1.0000       70.505    
  1713.000000       1.0000       285.49    
  1714.000000       1.0000       450.24    
  1715.000000       1.0000       345.30    
  1716.000000       1.0000       574.32    
  1717.000000       1.0000       619.76    
  1718.000000       1.0000       687.72    
  1719.000000       1.0000       1128.6    
  1720.000000       1.0000       357.15    
  1721.000000       1.0000       114.73    
  1722.000000       1.0000       12.060    
  1723.000000       1.0000      0.88524    
  1724.000000       1.0000       0.0000    
  1725.000000       1.0000       0.0000    
  1726.000000       1.0000       0.0000    
  1727.000000       1.0000       0.0000    
  1728.000000       1.0000       0.0000    
  1729.000000       1.0000       0.0000    
  1730.000000       1.0000       0.0000    
  1731.000000       1.0000       0.0000    
  1732.000000       1.0000       0.0000    
  1733.000000       1.0000       0.0000    
  1734.000000       1.0000      0.88874    
  1735.000000       1.0000       20.336    
  1736.000000       1.0000       277.06    
  1737.000000       1.0000       1387.9    
  1738.000000       1.0000       2475.8    
  1739.000000       1.0000       2434.3    
  1740.000000       1.0000       2614.3    
  1741.000000       1.0000       1520.9    
  1742.000000       1.0000       1292.6    
  1743.000000       1.0000       1869.3    
  1744.000000       1.0000       773.72    
  1745.000000       1.0000       34.144    
  1746.000000       1.0000       1.5652    
  1747.000000       1.0000     -2.62383E-16
  1748.000000       1.0000       0.0000    
  1749.000000       1.0000       0.0000    
  1750.000000       1.0000       0.0000    
  1751.000000       1.0000       0.0000    
  1752.000000       1.0000       0.0000    
  1753.000000       1.0000       0.0000    
  1754.000000       1.0000       0.0000    
  1755.000000       1.0000       0.0000    
  1756.000000       1.0000       0.0000    
  1757.000000       1.0000       0.0000    
  1758.000000       1.0000      8.75566E-02
  1759.000000       1.0000       2.8311    
  1760.000000       1.0000       34.321    
  1761.000000       1.0000       291.36    
  1762.000000       1.0000       689.40    
  1763.000000       1.0000       706.00    
  1764.000000       1.0000       714.85    
  1765.000000       1.0000       815.93    
  1766.000000       1.0000       493.93    
  1767.000000       1.0000       624.96    
  1768.000000       1.0000       1173.0    
  1769.000000       1.0000       688.12    
  1770.000000       1.0000       61.953    
  1771.000000       1.0000       1.5120    
  1772.000000       1.0000       0.0000    
  1773.000000       1.0000       0.0000    
  1774.000000       1.0000       0.0000    
  1775.000000       1.0000       0.0000    
  1776.000000       1.0000       0.0000    
  1777.000000       1.0000       0.0000    
  1778.000000       1.0000       0.0000    
  1779.000000       1.0000       0.0000    
  1780.000000       1.0000       0.0000    
  1781.000000       1.0000      7.22010E-02
  1782.000000       1.0000       1.4221    
  1783.000000       1.0000       262.34    
  1784.000000       1.0000       1138.2    
  1785.000000       1.0000       2086.4    
  1786.000000       1.0000       2741.9    
  1787.000000       1.0000       3180.9    
  1788.000000       1.0000       3282.9    
  1789.000000       1.0000       2181.2    
  1790.000000       1.0000       900.94    
  1791.000000       1.0000       620.89    
  1792.000000       1.0000       752.74    
  1793.000000       1.0000       161.72    
  1794.000000       1.0000       38.507    
  1795.000000       1.0000       1.5558    
  1796.000000       1.0000      1.91796E-29
  1797.000000       1.0000       0.0000    
  1798.000000       1.0000       0.0000    
  1799.000000       1.0000       0.0000    
  1800.000000       1.0000       0.0000    
  1801.000000       1.0000       0.0000    
  1802.000000       1.0000       0.0000    
  1803.000000       1.0000       0.0000    
  1804.000000       1.0000       0.0000    
  1805.000000       1.0000       0.0000    
  1806.000000       1.0000      0.82148    
  1807.000000       1.0000       61.800    
  1808.000000       1.0000       466.68    
  1809.000000       1.0000       1341.1    
  1810.000000       1.0000       2739.7    
  1811.000000       1.0000       3187.2    
  1812.000000       1.0000       3424.9    
  1813.000000       1.0000       3381.6    
  1814.000000       1.0000       2859.6    
  1815.000000       1.0000       2428.4    
  1816.000000       1.0000       1300.8    
  1817.000000       1.0000       516.91    
  1818.000000       1.0000       114.11    
  1819.000000       1.0000       9.0409    
  1820.000000       1.0000       0.0000    
  1821.000000       1.0000       0.0000    
  1822.000000       1.0000       0.0000    
  1823.000000       1.0000       0.0000    
  1824.000000       1.0000       0.0000    
  1825.000000       1.0000       0.0000    
  1826.000000       1.0000       0.0000    
  1827.000000       1.0000       0.0000    
  1828.000000       1.0000       0.0000    
  1829.000000       1.0000      3.88490E-02
  1830.000000       1.0000       6.6249    
  1831.000000       1.0000       289.04    
  1832.000000       1.0000       1208.7    
  1833.000000       1.0000       2012.9    
  1834.000000       1.0000       2626.8    
  1835.000000       1.0000       3246.2    
  1836.000000       1.0000       3232.1    
  1837.000000       1.0000       2308.4    
  1838.000000       1.0000       1978.9    
  1839.000000       1.0000       1847.4    
  1840.000000       1.0000       1110.5    
  1841.000000       1.0000       753.54    
  1842.000000       1.0000       59.754    
  1843.000000       1.0000       5.2520    
  1844.000000       1.0000       288.33    
  1845.000000       1.0000       94.951    
  1846.000000       1.0000       717.73    
  1847.000000       1.0000       139.18    
  1848.000000       1.0000       66.847    
  1849.000000       1.0000       7.8108    
  1850.000000       1.0000       0.0000    
  1851.000000       1.0000       0.0000    
  1852.000000       1.0000       0.0000    
  1853.000000       1.0000      6.75206E-03
  1854.000000       1.0000       4.4853    
  1855.000000       1.0000       308.03    
  1856.000000       1.0000       1246.8    
  1857.000000       1.0000       2175.2    
  1858.000000       1.0000       2861.9    
  1859.000000       1.0000       2995.3    
  1860.000000       1.0000       2328.2    
  1861.000000       1.0000       2830.9    
  1862.000000       1.0000       3074.4    
  1863.000000       1.0000       2585.7    
  1864.000000       1.0000       1849.6    
  1865.000000       1.0000       818.28    
  1866.000000       1.0000       87.155    
  1867.000000       1.0000       6.0313    
  1868.000000       1.0000      5.69858E-02
  1869.000000       1.0000     -1.86450E-32
  1870.000000       1.0000     -2.52376E-64
  1871.000000       1.0000       0.0000    
  1872.000000       1.0000       0.0000    
  1873.000000       1.0000       0.0000    
  1874.000000       1.0000       0.0000    
  1875.000000       1.0000       0.0000    
  1876.000000       1.0000       0.0000    
  1877.000000       1.0000       0.0000    
  1878.000000       1.0000      0.13386    
  1879.000000       1.0000       10.163    
  1880.000000       1.0000       64.716    
  1881.000000       1.0000       165.75    
  1882.000000       1.0000       218.15    
  1883.000000       1.0000       247.64    
  1884.000000       1.0000       246.36    
  1885.000000       1.0000       208.35    
  1886.000000       1.0000       186.88    
  1887.000000       1.0000       128.21    
  1888.000000       1.0000       74.019    
  1889.000000       1.0000       31.762    
  1890.000000       1.0000       2.2528    
  1891.000000       1.0000       0.0000    
  1892.000000       1.0000       0.0000    
  1893.000000       1.0000       0.0000    
  1894.000000       1.0000       0.0000    
  1895.000000       1.0000       0.0000    
  1896.000000       1.0000       0.0000    
  1897.000000       1.0000       0.0000    
  1898.000000       1.0000       0.0000    
  1899.000000       1.0000       0.0000    
  1900.000000       1.0000       0.0000    
  1901.000000       1.0000      0.41803    
  1902.000000       1.0000       6.7870    
  1903.000000       1.0000       327.77    
  1904.000000       1.0000       1169.2    
  1905.000000       1.0000       2032.3    
  1906.000000       1.0000       2886.8    
  1907.000000       1.0000       3006.8    
  1908.000000       1.0000       3328.9    
  1909.000000       1.0000       2564.4    
  1910.000000       1.0000       2851.7    
  1911.000000       1.0000       2258.7    
  1912.000000       1.0000       1468.3    
  1913.000000       1.0000       820.10    
  1914.000000       1.0000       83.109    
  1915.000000       1.0000       2.1267    
  1916.000000       1.0000     -1.13933E-31
  1917.000000       1.0000       0.0000    
  1918.000000       1.0000       0.0000    
  1919.000000       1.0000       0.0000    
  1920.000000       1.0000       0.0000    
  1921.000000       1.0000       0.0000    
  1922.000000       1.0000       0.0000    
  1923.000000       1.0000       0.0000    
  1924.000000       1.0000       0.0000    
  1925.000000       1.0000      0.47254    
  1926.000000       1.0000       10.139    
  1927.000000       1.0000       161.15    
  1928.000000       1.0000       553.85    
  1929.000000       1.0000       1291.4    
  1930.000000       1.0000       2750.0    
  1931.000000       1.0000       3202.7    
  1932.000000       1.0000       2980.1    
  1933.000000       1.0000       3303.4    
  1934.000000       1.0000       2973.0    
  1935.000000       1.0000       2212.7    
  1936.000000       1.0000       1571.6    
  1937.000000       1.0000       871.58    
  1938.000000       1.0000       126.18    
  1939.000000       1.0000       8.7461    
  1940.000000       1.0000     -5.36400E-28
  1941.000000       1.0000       0.0000    
  1942.000000       1.0000       0.0000    
  1943.000000       1.0000       0.0000    
  1944.000000       1.0000       0.0000    
  1945.000000       1.0000       0.0000    
  1946.000000       1.0000       0.0000    
  1947.000000       1.0000       0.0000    
  1948.000000       1.0000       0.0000    
  1949.000000       1.0000       0.0000    
  1950.000000       1.0000       4.6978    
  1951.000000       1.0000       38.305    
  1952.000000       1.0000       173.30    
  1953.000000       1.0000       317.88    
  1954.000000       1.0000       474.21    
  1955.000000       1.0000       734.75    
  1956.000000       1.0000       635.17    
  1957.000000       1.0000       400.44    
  1958.000000       1.0000       278.73    
  1959.000000       1.0000       189.99    
  1960.000000       1.0000       124.72    
  1961.000000       1.0000       72.578    
  1962.000000       1.0000       9.2449    
  1963.000000       1.0000      0.14505    
  1964.000000       1.0000     -3.28437E-50
  1965.000000       1.0000     -6.19756E-80
  1966.000000       1.0000       0.0000    
  1967.000000       1.0000       0.0000    
  1968.000000       1.0000       0.0000    
  1969.000000       1.0000       0.0000    
  1970.000000       1.0000       0.0000    
  1971.000000       1.0000       0.0000    
  1972.000000       1.0000       0.0000    
  1973.000000       1.0000       0.0000    
  1974.000000       1.0000       2.2488    
  1975.000000       1.0000       18.028    
  1976.000000       1.0000       40.655    
  1977.000000       1.0000       80.125    
  1978.000000       1.0000       315.34    
  1979.000000       1.0000       809.82    
  1980.000000       1.0000       986.08    
  1981.000000       1.0000       758.37    
  1982.000000       1.0000       426.74    
  1983.000000       1.0000       256.47    
  1984.000000       1.0000       143.06    
  1985.000000       1.0000       59.050    
  1986.000000       1.0000       2.1272    
  1987.000000       1.0000      0.12047    
  1988.000000       1.0000       0.0000    
  1989.000000       1.0000       0.0000    
  1990.000000       1.0000       0.0000    
  1991.000000       1.0000       0.0000    
  1992.000000       1.0000       0.0000    
  1993.000000       1.0000       0.0000    
  1994.000000       1.0000       0.0000    
  1995.000000       1.0000       0.0000    
  1996.000000       1.0000       0.0000    
  1997.000000       1.0000      0.27057    
  1998.000000       1.0000       10.606    
  1999.000000       1.0000       93.028    
  2000.000000       1.0000       367.39    
  2001.000000       1.0000       1065.9    
  2002.000000       1.0000       2342.6    
  2003.000000       1.0000       1992.5    
  2004.000000       1.0000       650.37    
  2005.000000       1.0000       678.00    
  2006.000000       1.0000       528.11    
  2007.000000       1.0000       300.20    
  2008.000000       1.0000       125.03    
  2009.000000       1.0000       75.648    
  2010.000000       1.0000       15.818    
  2011.000000       1.0000      0.13996    
  2012.000000       1.0000     -8.94854E-18
  2013.000000       1.0000      5.79761E-34
  2014.000000       1.0000       0.0000    
  2015.000000       1.0000       0.0000    
  2016.000000       1.0000       0.0000    
  2017.000000       1.0000       0.0000    
  2018.000000       1.0000       0.0000    
  2019.000000       1.0000       0.0000    
  2020.000000       1.0000       0.0000    
  2021.000000       1.0000      8.39918E-02
  2022.000000       1.0000       4.3653    
  2023.000000       1.0000       49.739    
  2024.000000       1.0000       171.92    
  2025.000000       1.0000       244.76    
  2026.000000       1.0000       337.79    
  2027.000000       1.0000       915.07    
  2028.000000       1.0000       1803.5    
  2029.000000       1.0000       330.05    
  2030.000000       1.0000       297.79    
  2031.000000       1.0000       343.56    
  2032.000000       1.0000       181.68    
  2033.000000       1.0000       60.003    
  2034.000000       1.0000       13.235    
  2035.000000       1.0000      0.69792    
  2036.000000       1.0000       0.0000    
  2037.000000       1.0000       0.0000    
  2038.000000       1.0000       0.0000    
  2039.000000       1.0000       0.0000    
  2040.000000       1.0000       0.0000    
  2041.000000       1.0000       0.0000    
  2042.000000       1.0000       0.0000    
  2043.000000       1.0000       0.0000    
  2044.000000       1.0000       0.0000    
  2045.000000       1.0000       0.0000    
  2046.000000       1.0000      5.10686E-02
  2047.000000       1.0000       6.2517    
  2048.000000       1.0000       42.066    
  2049.000000       1.0000       93.658    
  2050.000000       1.0000       116.09    
  2051.000000       1.0000       229.94    
  2052.000000       1.0000       207.76    
  2053.000000       1.0000       219.81    
  2054.000000       1.0000       87.101    
  2055.000000       1.0000       27.902    
  2056.000000       1.0000       40.140    
  2057.000000       1.0000       20.582    
  2058.000000       1.0000       11.775    
  2059.000000       1.0000       1.4943    
  2060.000000       1.0000       0.0000    
  2061.000000       1.0000       0.0000    
  2062.000000       1.0000       0.0000    
  2063.000000       1.0000       0.0000    
  2064.000000       1.0000       0.0000    
  2065.000000       1.0000       0.0000    
  2066.000000       1.0000       0.0000    
  2067.000000       1.0000       0.0000    
  2068.000000       1.0000       0.0000    
  2069.000000       1.0000       0.0000    
  2070.000000       1.0000       7.3743    
  2071.000000       1.0000       59.770    
  2072.000000       1.0000       179.24    
  2073.000000       1.0000       554.17    
  2074.000000       1.0000       1307.8    
  2075.000000       1.0000       1930.7    
  2076.000000       1.0000       2222.0    
  2077.000000       1.0000       529.38    
  2078.000000       1.0000       165.62    
  2079.000000       1.0000       137.11    
  2080.000000       1.0000       88.989    
  2081.000000       1.0000       32.276    
  2082.000000       1.0000       2.4255    
  2083.000000       1.0000     -1.69655E-17
  2084.000000       1.0000       0.0000    
  2085.000000       1.0000       0.0000    
  2086.000000       1.0000       0.0000    
  2087.000000       1.0000       0.0000    
  2088.000000       1.0000       0.0000    
  2089.000000       1.0000       0.0000    
  2090.000000       1.0000       0.0000    
  2091.000000       1.0000       0.0000    
  2092.000000       1.0000       0.0000    
  2093.000000       1.0000       0.0000    
  2094.000000       1.0000       3.2483    
  2095.000000       1.0000       26.807    
  2096.000000       1.0000       80.845    
  2097.000000       1.0000       97.291    
  2098.000000       1.0000       150.36    
  2099.000000       1.0000       222.99    
  2100.000000       1.0000       282.62    
  2101.000000       1.0000       307.02    
  2102.000000       1.0000       345.30    
  2103.000000       1.0000       303.30    
  2104.000000       1.0000       156.60    
  2105.000000       1.0000       37.219    
  2106.000000       1.0000       5.6607    
  2107.000000       1.0000      0.62353    
  2108.000000       1.0000       0.0000    
  2109.000000       1.0000       0.0000    
  2110.000000       1.0000       0.0000    
  2111.000000       1.0000       0.0000    
  2112.000000       1.0000       0.0000    
  2113.000000       1.0000       0.0000    
  2114.000000       1.0000       0.0000    
  2115.000000       1.0000       0.0000    
  2116.000000       1.0000       0.0000    
  2117.000000       1.0000       0.0000    
  2118.000000       1.0000      0.96340    
  2119.000000       1.0000       14.375    
  2120.000000       1.0000       93.007    
  2121.000000       1.0000       234.20    
  2122.000000       1.0000       389.24    
  2123.000000       1.0000       352.43    
  2124.000000       1.0000       276.61    
  2125.000000       1.0000       272.11    
  2126.000000       1.0000       302.20    
  2127.000000       1.0000       359.06    
  2128.000000       1.0000       559.63    
  2129.000000       1.0000       413.30    
  2130.000000       1.0000       137.64    
  2131.000000       1.0000       8.4625    
  2132.000000       1.0000      0.29933    
  2133.000000       1.0000       0.0000    
  2134.000000       1.0000       0.0000    
  2135.000000       1.0000       0.0000    
  2136.000000       1.0000       0.0000    
  2137.000000       1.0000       0.0000    
  2138.000000       1.0000       0.0000    
  2139.000000       1.0000       0.0000    
  2140.000000       1.0000       0.0000    
  2141.000000       1.0000       0.0000    
  2142.000000       1.0000      0.89852    
  2143.000000       1.0000       16.778    
  2144.000000       1.0000       93.023    
  2145.000000       1.0000       171.02    
  2146.000000       1.0000       221.74    
  2147.000000       1.0000       291.68    
  2148.000000       1.0000       370.95    
  2149.000000       1.0000       1177.7    
  2150.000000       1.0000       1198.8    
  2151.000000       1.0000       1040.4    
  2152.000000       1.0000       641.46    
  2153.000000       1.0000       260.33    
  2154.000000       1.0000       42.589    
  2155.000000       1.0000       3.8862    
  2156.000000       1.0000       0.0000    
  2157.000000       1.0000       0.0000    
  2158.000000       1.0000       0.0000    
  2159.000000       1.0000       0.0000    
  2160.000000       1.0000       0.0000    
  2161.000000       1.0000       0.0000    
  2162.000000       1.0000       0.0000    
  2163.000000       1.0000       0.0000    
  2164.000000       1.0000       0.0000    
  2165.000000       1.0000      0.73784    
  2166.000000       1.0000       11.155    
  2167.000000       1.0000       176.36    
  2168.000000       1.0000       1085.7    
  2169.000000       1.0000       2332.2    
  2170.000000       1.0000       2754.1    
  2171.000000       1.0000       2626.9    
  2172.000000       1.0000       1794.8    
  2173.000000       1.0000       2743.0    
  2174.000000       1.0000       3065.7    
  2175.000000       1.0000       2564.9    
  2176.000000       1.0000       1822.2    
  2177.000000       1.0000       887.79    
  2178.000000       1.0000       174.83    
  2179.000000       1.0000       11.841    
  2180.000000       1.0000      0.12117    
  2181.000000       1.0000       0.0000    
  2182.000000       1.0000       0.0000    
  2183.000000       1.0000       0.0000    
  2184.000000       1.0000       0.0000    
  2185.000000       1.0000       0.0000    
  2186.000000       1.0000       0.0000    
  2187.000000       1.0000       0.0000    
  2188.000000       1.0000      6.79382E-02
  2189.000000       1.0000       2.1834    
  2190.000000       1.0000       15.579    
  2191.000000       1.0000       92.247    
  2192.000000       1.0000       955.22    
  2193.000000       1.0000       2233.3    
  2194.000000       1.0000       2900.1    
  2195.000000       1.0000       3120.1    
  2196.000000       1.0000       3300.1    
  2197.000000       1.0000       2386.5    
  2198.000000       1.0000       1185.6    
  2199.000000       1.0000       1658.7    
  2200.000000       1.0000       1379.0    
  2201.000000       1.0000       771.36    
  2202.000000       1.0000       163.23    
  2203.000000       1.0000       7.7343    
  2204.000000       1.0000      0.17247    
  2205.000000       1.0000      3.41986E-18
  2206.000000       1.0000     -1.35890E-46
  2207.000000       1.0000      2.48150E-65
  2208.000000       1.0000     -9.12122E-82
  2209.000000       1.0000       0.0000    
  2210.000000       1.0000       0.0000    
  2211.000000       1.0000       0.0000    
  2212.000000       1.0000       0.0000    
  2213.000000       1.0000       3.2479    
  2214.000000       1.0000       49.602    
  2215.000000       1.0000       500.62    
  2216.000000       1.0000       1407.5    
  2217.000000       1.0000       1990.7    
  2218.000000       1.0000       2864.0    
  2219.000000       1.0000       2616.5    
  2220.000000       1.0000       3006.1    
  2221.000000       1.0000       3049.9    
  2222.000000       1.0000       2932.0    
  2223.000000       1.0000       2318.0    
  2224.000000       1.0000       1684.5    
  2225.000000       1.0000       845.16    
  2226.000000       1.0000       182.11    
  2227.000000       1.0000       12.126    
  2228.000000       1.0000      0.18634    
  2229.000000       1.0000      1.34420E-18
  2230.000000       1.0000       0.0000    
  2231.000000       1.0000       0.0000    
  2232.000000       1.0000       0.0000    
  2233.000000       1.0000       0.0000    
  2234.000000       1.0000       0.0000    
  2235.000000       1.0000       0.0000    
  2236.000000       1.0000       0.0000    
  2237.000000       1.0000       1.0313    
  2238.000000       1.0000       33.088    
  2239.000000       1.0000       84.485    
  2240.000000       1.0000       131.25    
  2241.000000       1.0000       288.64    
  2242.000000       1.0000       819.53    
  2243.000000       1.0000       1943.4    
  2244.000000       1.0000       2712.6    
  2245.000000       1.0000       3086.0    
  2246.000000       1.0000       2239.8    
  2247.000000       1.0000       544.21    
  2248.000000       1.0000       117.94    
  2249.000000       1.0000       4.3677    
  2250.000000       1.0000      0.43414    
  2251.000000       1.0000       0.0000    
  2252.000000       1.0000       0.0000    
  2253.000000       1.0000       0.0000    
  2254.000000       1.0000       0.0000    
  2255.000000       1.0000       0.0000    
  2256.000000       1.0000       0.0000    
  2257.000000       1.0000       0.0000    
  2258.000000       1.0000       0.0000    
  2259.000000       1.0000       0.0000    
  2260.000000       1.0000       0.0000    
  2261.000000       1.0000       3.1488    
  2262.000000       1.0000       63.310    
  2263.000000       1.0000       448.33    
  2264.000000       1.0000       882.44    
  2265.000000       1.0000       1824.9    
  2266.000000       1.0000       2645.0    
  2267.000000       1.0000       2146.4    
  2268.000000       1.0000       2693.6    
  2269.000000       1.0000       2462.3    
  2270.000000       1.0000       2277.5    
  2271.000000       1.0000       1290.8    
  2272.000000       1.0000       888.19    
  2273.000000       1.0000       677.48    
  2274.000000       1.0000       182.66    
  2275.000000       1.0000       9.7680    
  2276.000000       1.0000      0.44956    
  2277.000000       1.0000      5.56848E-17
  2278.000000       1.0000       0.0000    
  2279.000000       1.0000       0.0000    
  2280.000000       1.0000       0.0000    
  2281.000000       1.0000       0.0000    
  2282.000000       1.0000       0.0000    
  2283.000000       1.0000       0.0000    
  2284.000000       1.0000       0.0000    
  2285.000000       1.0000       6.1154    
  2286.000000       1.0000       91.204    
  2287.000000       1.0000       584.53    
  2288.000000       1.0000       1492.5    
  2289.000000       1.0000       2409.4    
  2290.000000       1.0000       3089.3    
  2291.000000       1.0000       3395.7    
  2292.000000       1.0000       3330.7    
  2293.000000       1.0000       2105.3    
  2294.000000       1.0000       2808.6    
  2295.000000       1.0000       2712.8    
  2296.000000       1.0000       1942.8    
  2297.000000       1.0000       1013.1    
  2298.000000       1.0000       180.69    
  2299.000000       1.0000       13.534    
  2300.000000       1.0000      1.20975E-02
  2301.000000       1.0000       0.0000    
  2302.000000       1.0000       0.0000    
  2303.000000       1.0000       0.0000    
  2304.000000       1.0000       0.0000    
  2305.000000       1.0000       0.0000    
  2306.000000       1.0000       0.0000    
  2307.000000       1.0000       0.0000    
  2308.000000       1.0000       0.0000    
  2309.000000       1.0000       7.7146    
  2310.000000       1.0000       73.706    
  2311.000000       1.0000       567.94    
  2312.000000       1.0000       1494.4    
  2313.000000       1.0000       2012.7    
  2314.000000       1.0000       1433.9    
  2315.000000       1.0000       1646.0    
  2316.000000       1.0000       2156.3    
  2317.000000       1.0000       2594.7    
  2318.000000       1.0000       2380.3    
  2319.000000       1.0000       1945.0    
  2320.000000       1.0000       1515.7    
  2321.000000       1.0000       643.87    
  2322.000000       1.0000       115.90    
  2323.000000       1.0000       9.0043    
  2324.000000       1.0000      0.24455    
  2325.000000       1.0000       0.0000    
  2326.000000       1.0000       0.0000    
  2327.000000       1.0000       0.0000    
  2328.000000       1.0000       0.0000    
  2329.000000       1.0000       0.0000    
  2330.000000       1.0000       0.0000    
  2331.000000       1.0000       0.0000    
  2332.000000       1.0000       0.0000    
  2333.000000       1.0000       1.5803    
  2334.000000       1.0000       80.852    
  2335.000000       1.0000       577.65    
  2336.000000       1.0000       1400.4    
  2337.000000       1.0000       2224.1    
  2338.000000       1.0000       2156.5    
  2339.000000       1.0000       3298.9    
  2340.000000       1.0000       3152.5    
  2341.000000       1.0000       3075.0    
  2342.000000       1.0000       1478.4    
  2343.000000       1.0000       627.31    
  2344.000000       1.0000       250.65    
  2345.000000       1.0000       181.03    
  2346.000000       1.0000       128.51    
  2347.000000       1.0000       10.226    
  2348.000000       1.0000      0.39754    
  2349.000000       1.0000      6.09458E-30
  2350.000000       1.0000     -1.63831E-49
  2351.000000       1.0000      1.76516E-82
  2352.000000       1.0000       0.0000    
  2353.000000       1.0000       0.0000    
  2354.000000       1.0000       0.0000    
  2355.000000       1.0000       0.0000    
  2356.000000       1.0000       0.0000    
  2357.000000       1.0000       0.0000    
  2358.000000       1.0000      0.62484    
  2359.000000       1.0000       6.4982    
  2360.000000       1.0000       269.08    
  2361.000000       1.0000       489.13    
  2362.000000       1.0000       1350.6    
  2363.000000       1.0000       1796.0    
  2364.000000       1.0000       1381.0    
  2365.000000       1.0000       2050.5    
  2366.000000       1.0000       1483.2    
  2367.000000       1.0000       840.64    
  2368.000000       1.0000       476.50    
  2369.000000       1.0000       285.27    
  2370.000000       1.0000       85.064    
  2371.000000       1.0000       12.074    
  2372.000000       1.0000      0.76604    
  2373.000000       1.0000     -4.75798E-29
  2374.000000       1.0000      8.54566E-61
  2375.000000       1.0000       0.0000    
  2376.000000       1.0000       0.0000    
  2377.000000       1.0000       0.0000    
  2378.000000       1.0000       0.0000    
  2379.000000       1.0000       0.0000    
  2380.000000       1.0000      4.64650E-02
  2381.000000       1.0000       4.7767    
  2382.000000       1.0000       88.443    
  2383.000000       1.0000       436.25    
  2384.000000       1.0000       1223.5    
  2385.000000       1.0000       2265.7    
  2386.000000       1.0000       1714.4    
  2387.000000       1.0000       2434.3    
  2388.000000       1.0000       3305.4    
  2389.000000       1.0000       3204.0    
  2390.000000       1.0000       2594.9    
  2391.000000       1.0000       2092.1    
  2392.000000       1.0000       1803.2    
  2393.000000       1.0000       784.99    
  2394.000000       1.0000       235.40    
  2395.000000       1.0000       17.578    
  2396.000000       1.0000       1.0056    
  2397.000000       1.0000      2.05009E-30
  2398.000000       1.0000       0.0000    
  2399.000000       1.0000       0.0000    
  2400.000000       1.0000       0.0000    
  2401.000000       1.0000       0.0000    
  2402.000000       1.0000       0.0000    
  2403.000000       1.0000       0.0000    
  2404.000000       1.0000       0.0000    
  2405.000000       1.0000       4.5343    
  2406.000000       1.0000       47.898    
  2407.000000       1.0000       160.48    
  2408.000000       1.0000       313.75    
  2409.000000       1.0000       427.70    
  2410.000000       1.0000       497.21    
  2411.000000       1.0000       434.84    
  2412.000000       1.0000       269.20    
  2413.000000       1.0000       171.06    
  2414.000000       1.0000       129.90    
  2415.000000       1.0000       144.16    
  2416.000000       1.0000       96.323    
  2417.000000       1.0000       32.247    
  2418.000000       1.0000       2.4466    
  2419.000000       1.0000      9.38405E-02
  2420.000000       1.0000       0.0000    
  2421.000000       1.0000       0.0000    
  2422.000000       1.0000       0.0000    
  2423.000000       1.0000       0.0000    
  2424.000000       1.0000       0.0000    
  2425.000000       1.0000       0.0000    
  2426.000000       1.0000       0.0000    
  2427.000000       1.0000       0.0000    
  2428.000000       1.0000       0.0000    
  2429.000000       1.0000      0.22994    
  2430.000000       1.0000       30.102    
  2431.000000       1.0000       203.30    
  2432.000000       1.0000       577.85    
  2433.000000       1.0000       746.77    
  2434.000000       1.0000       932.12    
  2435.000000       1.0000       1248.6    
  2436.000000       1.0000       1242.0    
  2437.000000       1.0000       690.90    
  2438.000000       1.0000       872.30    
  2439.000000       1.0000       1671.7    
  2440.000000       1.0000       1009.1    
  2441.000000       1.0000       807.32    
  2442.000000       1.0000       161.68    
  2443.000000       1.0000       18.853    
  2444.000000       1.0000       1.6151    
  2445.000000       1.0000       0.0000    
  2446.000000       1.0000       0.0000    
  2447.000000       1.0000       0.0000    
  2448.000000       1.0000       0.0000    
  2449.000000       1.0000       0.0000    
  2450.000000       1.0000       0.0000    
  2451.000000       1.0000       0.0000    
  2452.000000       1.0000       0.0000    
  2453.000000       1.0000       2.1475    
  2454.000000       1.0000       34.603    
  2455.000000       1.0000       166.03    
  2456.000000       1.0000       796.59    
  2457.000000       1.0000       1395.7    
  2458.000000       1.0000       1668.7    
  2459.000000       1.0000       1721.9    
  2460.000000       1.0000       1898.3    
  2461.000000       1.0000       1425.7    
  2462.000000       1.0000       858.37    
  2463.000000       1.0000       676.90    
  2464.000000       1.0000       678.88    
  2465.000000       1.0000       886.92    
  2466.000000       1.0000       102.10    
  2467.000000       1.0000       8.5992    
  2468.000000       1.0000      8.49331E-02
  2469.000000       1.0000       0.0000    
  2470.000000       1.0000       0.0000    
  2471.000000       1.0000       0.0000    
  2472.000000       1.0000       0.0000    
  2473.000000       1.0000       0.0000    
  2474.000000       1.0000       0.0000    
  2475.000000       1.0000       0.0000    
  2476.000000       1.0000      0.11841    
  2477.000000       1.0000       3.3610    
  2478.000000       1.0000       109.77    
  2479.000000       1.0000       679.97    
  2480.000000       1.0000       1589.2    
  2481.000000       1.0000       2352.6    
  2482.000000       1.0000       2877.6    
  2483.000000       1.0000       3354.7    
  2484.000000       1.0000       2047.1    
  2485.000000       1.0000       1551.1    
  2486.000000       1.0000       1139.2    
  2487.000000       1.0000       1822.0    
  2488.000000       1.0000       1220.3    
  2489.000000       1.0000       418.34    
  2490.000000       1.0000       197.46    
  2491.000000       1.0000       19.063    
  2492.000000       1.0000      0.31037    
  2493.000000       1.0000       0.0000    
  2494.000000       1.0000       0.0000    
  2495.000000       1.0000       0.0000    
  2496.000000       1.0000       0.0000    
  2497.000000       1.0000       0.0000    
  2498.000000       1.0000       0.0000    
  2499.000000       1.0000       0.0000    
  2500.000000       1.0000      0.86036    
  2501.000000       1.0000       24.878    
  2502.000000       1.0000       190.53    
  2503.000000       1.0000       596.92    
  2504.000000       1.0000       1528.7    
  2505.000000       1.0000       2367.1    
  2506.000000       1.0000       2824.6    
  2507.000000       1.0000       2795.3    
  2508.000000       1.0000       3015.5    
  2509.000000       1.0000       2579.2    
  2510.000000       1.0000       2595.1    
  2511.000000       1.0000       2172.8    
  2512.000000       1.0000       1107.0    
  2513.000000       1.0000       530.59    
  2514.000000       1.0000       205.75    
  2515.000000       1.0000       27.998    
  2516.000000       1.0000       19.719    
  2517.000000       1.0000       2.8382    
  2518.000000       1.0000      0.19749    
  2519.000000       1.0000       0.0000    
  2520.000000       1.0000       0.0000    
  2521.000000       1.0000       0.0000    
  2522.000000       1.0000       0.0000    
  2523.000000       1.0000       0.0000    
  2524.000000       1.0000      0.81241    
  2525.000000       1.0000       9.2373    
  2526.000000       1.0000       57.126    
  2527.000000       1.0000       681.04    
  2528.000000       1.0000       1600.1    
  2529.000000       1.0000       2369.8    
  2530.000000       1.0000       2999.0    
  2531.000000       1.0000       3343.2    
  2532.000000       1.0000       3482.3    
  2533.000000       1.0000       3421.3    
  2534.000000       1.0000       3081.6    
  2535.000000       1.0000       2457.1    
  2536.000000       1.0000       1655.4    
  2537.000000       1.0000       570.67    
  2538.000000       1.0000       122.16    
  2539.000000       1.0000       18.230    
  2540.000000       1.0000       1.0159    
  2541.000000       1.0000      0.93004    
  2542.000000       1.0000      8.11368E-02
  2543.000000       1.0000       0.0000    
  2544.000000       1.0000       0.0000    
  2545.000000       1.0000       0.0000    
  2546.000000       1.0000       0.0000    
  2547.000000       1.0000       0.0000    
  2548.000000       1.0000      0.62244    
  2549.000000       1.0000       12.324    
  2550.000000       1.0000       107.13    
  2551.000000       1.0000       278.92    
  2552.000000       1.0000       826.55    
  2553.000000       1.0000       918.52    
  2554.000000       1.0000       1126.5    
  2555.000000       1.0000       1776.6    
  2556.000000       1.0000       2985.3    
  2557.000000       1.0000       2195.9    
  2558.000000       1.0000       2187.1    
  2559.000000       1.0000       2176.5    
  2560.000000       1.0000       1043.6    
  2561.000000       1.0000       584.41    
  2562.000000       1.0000       185.07    
  2563.000000       1.0000       32.895    
  2564.000000       1.0000       2.3181    
  2565.000000       1.0000       0.0000    
  2566.000000       1.0000       0.0000    
  2567.000000       1.0000       0.0000    
  2568.000000       1.0000       0.0000    
  2569.000000       1.0000       0.0000    
  2570.000000       1.0000       0.0000    
  2571.000000       1.0000       0.0000    
  2572.000000       1.0000      0.62856    
  2573.000000       1.0000       13.300    
  2574.000000       1.0000       122.69    
  2575.000000       1.0000       568.78    
  2576.000000       1.0000       1362.1    
  2577.000000       1.0000       2161.2    
  2578.000000       1.0000       2759.0    
  2579.000000       1.0000       3080.6    
  2580.000000       1.0000       3181.0    
  2581.000000       1.0000       3086.3    
  2582.000000       1.0000       2817.4    
  2583.000000       1.0000       2332.3    
  2584.000000       1.0000       1652.9    
  2585.000000       1.0000       881.37    
  2586.000000       1.0000       259.99    
  2587.000000       1.0000       43.856    
  2588.000000       1.0000       3.5650    
  2589.000000       1.0000      6.09885E-28
  2590.000000       1.0000      2.34062E-44
  2591.000000       1.0000     -2.08944E-75
  2592.000000       1.0000       0.0000    
  2593.000000       1.0000       0.0000    
  2594.000000       1.0000       0.0000    
  2595.000000       1.0000       0.0000    
  2596.000000       1.0000      0.67087    
  2597.000000       1.0000       8.2238    
  2598.000000       1.0000       122.35    
  2599.000000       1.0000       508.61    
  2600.000000       1.0000       1539.3    
  2601.000000       1.0000       2503.5    
  2602.000000       1.0000       2638.3    
  2603.000000       1.0000       3256.3    
  2604.000000       1.0000       3357.1    
  2605.000000       1.0000       3330.4    
  2606.000000       1.0000       3049.8    
  2607.000000       1.0000       2548.1    
  2608.000000       1.0000       1823.1    
  2609.000000       1.0000       977.09    
  2610.000000       1.0000       247.59    
  2611.000000       1.0000       30.541    
  2612.000000       1.0000       1.1629    
  2613.000000       1.0000     -3.46856E-28
  2614.000000       1.0000     -1.42886E-44
  2615.000000       1.0000      3.91243E-63
  2616.000000       1.0000     -2.61999E-91
  2617.000000       1.0000       0.0000    
  2618.000000       1.0000       0.0000    
  2619.000000       1.0000       0.0000    
  2620.000000       1.0000      0.55272    
  2621.000000       1.0000       8.6506    
  2622.000000       1.0000       141.15    
  2623.000000       1.0000       589.43    
  2624.000000       1.0000       1706.9    
  2625.000000       1.0000       2326.3    
  2626.000000       1.0000       2906.9    
  2627.000000       1.0000       3127.3    
  2628.000000       1.0000       2828.7    
  2629.000000       1.0000       3198.8    
  2630.000000       1.0000       2978.4    
  2631.000000       1.0000       2518.2    
  2632.000000       1.0000       1799.4    
  2633.000000       1.0000       969.69    
  2634.000000       1.0000       250.95    
  2635.000000       1.0000       36.561    
  2636.000000       1.0000       2.4056    
  2637.000000       1.0000      4.61791E-28
  2638.000000       1.0000       0.0000    
  2639.000000       1.0000       0.0000    
  2640.000000       1.0000       0.0000    
  2641.000000       1.0000       0.0000    
  2642.000000       1.0000       0.0000    
  2643.000000       1.0000       0.0000    
  2644.000000       1.0000       0.0000    
  2645.000000       1.0000      0.33150    
  2646.000000       1.0000       25.699    
  2647.000000       1.0000       254.38    
  2648.000000       1.0000       794.14    
  2649.000000       1.0000       1914.0    
  2650.000000       1.0000       2401.6    
  2651.000000       1.0000       2954.3    
  2652.000000       1.0000       1794.0    
  2653.000000       1.0000       2751.7    
  2654.000000       1.0000       2068.4    
  2655.000000       1.0000       741.51    
  2656.000000       1.0000       278.94    
  2657.000000       1.0000       307.86    
  2658.000000       1.0000       116.83    
  2659.000000       1.0000       16.433    
  2660.000000       1.0000       1.4467    
  2661.000000       1.0000       0.0000    
  2662.000000       1.0000       0.0000    
  2663.000000       1.0000       0.0000    
  2664.000000       1.0000       0.0000    
  2665.000000       1.0000       0.0000    
  2666.000000       1.0000       0.0000    
  2667.000000       1.0000       0.0000    
  2668.000000       1.0000       0.0000    
  2669.000000       1.0000      0.16237    
  2670.000000       1.0000       31.886    
  2671.000000       1.0000       276.91    
  2672.000000       1.0000       870.57    
  2673.000000       1.0000       1346.2    
  2674.000000       1.0000       2715.8    
  2675.000000       1.0000       2673.2    
  2676.000000       1.0000       3088.9    
  2677.000000       1.0000       2989.6    
  2678.000000       1.0000       2952.4    
  2679.000000       1.0000       1802.9    
  2680.000000       1.0000       1086.4    
  2681.000000       1.0000       638.79    
  2682.000000       1.0000       168.54    
  2683.000000       1.0000       26.219    
  2684.000000       1.0000      0.68785    
  2685.000000       1.0000      1.69300E-29
  2686.000000       1.0000     -5.51066E-49
  2687.000000       1.0000     -2.01630E-82
  2688.000000       1.0000       0.0000    
  2689.000000       1.0000       0.0000    
  2690.000000       1.0000       0.0000    
  2691.000000       1.0000       0.0000    
  2692.000000       1.0000      0.86522    
  2693.000000       1.0000       12.364    
  2694.000000       1.0000       112.89    
  2695.000000       1.0000       746.51    
  2696.000000       1.0000       1711.7    
  2697.000000       1.0000       2577.9    
  2698.000000       1.0000       2973.7    
  2699.000000       1.0000       3081.3    
  2700.000000       1.0000       3438.7    
  2701.000000       1.0000       3369.5    
  2702.000000       1.0000       2727.2    
  2703.000000       1.0000       2284.1    
  2704.000000       1.0000       1032.1    
  2705.000000       1.0000       436.11    
  2706.000000       1.0000       207.78    
  2707.000000       1.0000       72.352    
  2708.000000       1.0000       5.1846    
  2709.000000       1.0000     -3.96811E-28
  2710.000000       1.0000     -3.72812E-44
  2711.000000       1.0000       0.0000    
  2712.000000       1.0000       0.0000    
  2713.000000       1.0000       0.0000    
  2714.000000       1.0000       0.0000    
  2715.000000       1.0000       0.0000    
  2716.000000       1.0000      0.56639    
  2717.000000       1.0000       10.724    
  2718.000000       1.0000       129.34    
  2719.000000       1.0000       756.06    
  2720.000000       1.0000       1694.7    
  2721.000000       1.0000       2513.2    
  2722.000000       1.0000       2918.4    
  2723.000000       1.0000       2877.8    
  2724.000000       1.0000       3090.7    
  2725.000000       1.0000       3119.9    
  2726.000000       1.0000       2457.8    
  2727.000000       1.0000       1287.1    
  2728.000000       1.0000       1062.8    
  2729.000000       1.0000       845.12    
  2730.000000       1.0000       212.06    
  2731.000000       1.0000       28.337    
  2732.000000       1.0000       2.8338    
  2733.000000       1.0000       0.0000    
  2734.000000       1.0000       0.0000    
  2735.000000       1.0000       0.0000    
  2736.000000       1.0000       0.0000    
  2737.000000       1.0000       0.0000    
  2738.000000       1.0000       0.0000    
  2739.000000       1.0000       0.0000    
  2740.000000       1.0000       1.2682    
  2741.000000       1.0000       13.436    
  2742.000000       1.0000       136.35    
  2743.000000       1.0000       747.52    
  2744.000000       1.0000       1325.5    
  2745.000000       1.0000       1591.9    
  2746.000000       1.0000       1775.4    
  2747.000000       1.0000       2762.3    
  2748.000000       1.0000       3249.7    
  2749.000000       1.0000       3330.4    
  2750.000000       1.0000       2010.8    
  2751.000000       1.0000       1785.2    
  2752.000000       1.0000       981.09    
  2753.000000       1.0000       788.28    
  2754.000000       1.0000       216.08    
  2755.000000       1.0000       52.882    
  2756.000000       1.0000      0.12390    
  2757.000000       1.0000     -6.89507E-28
  2758.000000       1.0000       0.0000    
  2759.000000       1.0000       0.0000    
  2760.000000       1.0000       0.0000    
  2761.000000       1.0000       0.0000    
  2762.000000       1.0000       0.0000    
  2763.000000       1.0000       0.0000    
  2764.000000       1.0000      0.80440    
  2765.000000       1.0000       12.614    
  2766.000000       1.0000       173.58    
  2767.000000       1.0000       774.29    
  2768.000000       1.0000       1693.7    
  2769.000000       1.0000       2514.2    
  2770.000000       1.0000       2873.7    
  2771.000000       1.0000       2606.2    
  2772.000000       1.0000       2796.3    
  2773.000000       1.0000       2872.8    
  2774.000000       1.0000       2972.8    
  2775.000000       1.0000       2643.1    
  2776.000000       1.0000       1908.5    
  2777.000000       1.0000       1028.3    
  2778.000000       1.0000       267.12    
  2779.000000       1.0000       40.462    
  2780.000000       1.0000       3.3766    
  2781.000000       1.0000      2.14654E-02
  2782.000000       1.0000       0.0000    
  2783.000000       1.0000       0.0000    
  2784.000000       1.0000       0.0000    
  2785.000000       1.0000       0.0000    
  2786.000000       1.0000       0.0000    
  2787.000000       1.0000       0.0000    
  2788.000000       1.0000      0.51250    
  2789.000000       1.0000       15.478    
  2790.000000       1.0000       183.65    
  2791.000000       1.0000       759.86    
  2792.000000       1.0000       1634.0    
  2793.000000       1.0000       2288.4    
  2794.000000       1.0000       1975.3    
  2795.000000       1.0000       2287.0    
  2796.000000       1.0000       1784.5    
  2797.000000       1.0000       1524.0    
  2798.000000       1.0000       1372.7    
  2799.000000       1.0000       1138.9    
  2800.000000       1.0000       847.14    
  2801.000000       1.0000       444.56    
  2802.000000       1.0000       241.32    
  2803.000000       1.0000       64.598    
  2804.000000       1.0000       5.6818    
  2805.000000       1.0000      0.15815    
  2806.000000       1.0000       0.0000    
  2807.000000       1.0000       0.0000    
  2808.000000       1.0000       0.0000    
  2809.000000       1.0000       0.0000    
  2810.000000       1.0000       0.0000    
  2811.000000       1.0000       0.0000    
  2812.000000       1.0000       0.0000    
  2813.000000       1.0000       1.3828    
  2814.000000       1.0000       73.150    
  2815.000000       1.0000       254.03    
  2816.000000       1.0000       488.95    
  2817.000000       1.0000       1233.3    
  2818.000000       1.0000       2341.9    
  2819.000000       1.0000       2887.4    
  2820.000000       1.0000       1608.2    
  2821.000000       1.0000       1621.6    
  2822.000000       1.0000       2268.1    
  2823.000000       1.0000       1904.2    
  2824.000000       1.0000       1306.0    
  2825.000000       1.0000       687.18    
  2826.000000       1.0000       413.58    
  2827.000000       1.0000       90.111    
  2828.000000       1.0000       6.8763    
  2829.000000       1.0000     -5.89869E-28
  2830.000000       1.0000     -1.08613E-44
  2831.000000       1.0000       0.0000    
  2832.000000       1.0000       0.0000    
  2833.000000       1.0000       0.0000    
  2834.000000       1.0000       0.0000    
  2835.000000       1.0000       0.0000    
  2836.000000       1.0000       0.0000    
  2837.000000       1.0000      6.34263E-02
  2838.000000       1.0000       51.554    
  2839.000000       1.0000       245.39    
  2840.000000       1.0000       459.26    
  2841.000000       1.0000       755.84    
  2842.000000       1.0000       791.50    
  2843.000000       1.0000       443.09    
  2844.000000       1.0000       1016.8    
  2845.000000       1.0000       889.75    
  2846.000000       1.0000       1827.3    
  2847.000000       1.0000       2113.5    
  2848.000000       1.0000       1775.9    
  2849.000000       1.0000       1027.7    
  2850.000000       1.0000       424.19    
  2851.000000       1.0000       101.69    
  2852.000000       1.0000       6.6663    
  2853.000000       1.0000     -6.48541E-28
  2854.000000       1.0000       0.0000    
  2855.000000       1.0000       0.0000    
  2856.000000       1.0000       0.0000    
  2857.000000       1.0000       0.0000    
  2858.000000       1.0000       0.0000    
  2859.000000       1.0000       0.0000    
  2860.000000       1.0000       0.0000    
  2861.000000       1.0000       1.6051    
  2862.000000       1.0000       60.108    
  2863.000000       1.0000       438.48    
  2864.000000       1.0000       934.79    
  2865.000000       1.0000       1715.0    
  2866.000000       1.0000       2099.5    
  2867.000000       1.0000       2664.8    
  2868.000000       1.0000       3038.1    
  2869.000000       1.0000       2729.5    
  2870.000000       1.0000       2340.8    
  2871.000000       1.0000       2274.6    
  2872.000000       1.0000       1407.6    
  2873.000000       1.0000       857.69    
  2874.000000       1.0000       479.69    
  2875.000000       1.0000       138.13    
  2876.000000       1.0000       10.488    
  2877.000000       1.0000      4.01238E-02
  2878.000000       1.0000      3.61887E-35
  2879.000000       1.0000     -4.37356E-62
  2880.000000       1.0000     -1.54501E-78
  2881.000000       1.0000       0.0000    
  2882.000000       1.0000       0.0000    
  2883.000000       1.0000       0.0000    
  2884.000000       1.0000       0.0000    
  2885.000000       1.0000       0.0000    
  2886.000000       1.0000       2.5801    
  2887.000000       1.0000       67.263    
  2888.000000       1.0000       189.78    
  2889.000000       1.0000       495.88    
  2890.000000       1.0000       511.64    
  2891.000000       1.0000       663.74    
  2892.000000       1.0000       633.33    
  2893.000000       1.0000       1414.2    
  2894.000000       1.0000       870.92    
  2895.000000       1.0000       887.63    
  2896.000000       1.0000       514.02    
  2897.000000       1.0000       84.593    
  2898.000000       1.0000       5.4809    
  2899.000000       1.0000      0.19539    
  2900.000000       1.0000     -1.17623E-29
  2901.000000       1.0000     -5.08888E-46
  2902.000000       1.0000     -3.03168E-68
  2903.000000       1.0000       0.0000    
  2904.000000       1.0000       0.0000    
  2905.000000       1.0000       0.0000    
  2906.000000       1.0000       0.0000    
  2907.000000       1.0000       0.0000    
  2908.000000       1.0000       0.0000    
  2909.000000       1.0000       1.6656    
  2910.000000       1.0000       71.242    
  2911.000000       1.0000       395.56    
  2912.000000       1.0000       871.03    
  2913.000000       1.0000       1470.4    
  2914.000000       1.0000       2496.8    
  2915.000000       1.0000       2901.3    
  2916.000000       1.0000       3415.5    
  2917.000000       1.0000       3345.9    
  2918.000000       1.0000       3235.4    
  2919.000000       1.0000       2717.6    
  2920.000000       1.0000       1877.4    
  2921.000000       1.0000       1050.8    
  2922.000000       1.0000       449.58    
  2923.000000       1.0000       88.068    
  2924.000000       1.0000       3.1654    
  2925.000000       1.0000      2.08200E-28
  2926.000000       1.0000     -6.49994E-45
  2927.000000       1.0000       0.0000    
  2928.000000       1.0000       0.0000    
  2929.000000       1.0000       0.0000    
  2930.000000       1.0000       0.0000    
  2931.000000       1.0000       0.0000    
  2932.000000       1.0000       0.0000    
  2933.000000       1.0000       6.1733    
  2934.000000       1.0000       107.26    
  2935.000000       1.0000       371.82    
  2936.000000       1.0000       899.39    
  2937.000000       1.0000       1327.5    
  2938.000000       1.0000       1638.7    
  2939.000000       1.0000       2282.2    
  2940.000000       1.0000       2477.9    
  2941.000000       1.0000       2342.6    
  2942.000000       1.0000       1917.3    
  2943.000000       1.0000       1141.7    
  2944.000000       1.0000       756.24    
  2945.000000       1.0000       470.50    
  2946.000000       1.0000       567.25    
  2947.000000       1.0000       109.18    
  2948.000000       1.0000      0.47934    
  2949.000000       1.0000      1.56905E-29
  2950.000000       1.0000      1.03669E-49
  2951.000000       1.0000     -3.39127E-66
  2952.000000       1.0000      1.01208E-93
  2953.000000       1.0000       0.0000    
  2954.000000       1.0000       0.0000    
  2955.000000       1.0000       0.0000    
  2956.000000       1.0000       1.0359    
  2957.000000       1.0000       20.923    
  2958.000000       1.0000       160.11    
  2959.000000       1.0000       440.18    
  2960.000000       1.0000       987.11    
  2961.000000       1.0000       1528.7    
  2962.000000       1.0000       2344.0    
  2963.000000       1.0000       2704.6    
  2964.000000       1.0000       3333.9    
  2965.000000       1.0000       3165.2    
  2966.000000       1.0000       2942.9    
  2967.000000       1.0000       1857.7    
  2968.000000       1.0000       1210.9    
  2969.000000       1.0000       906.17    
  2970.000000       1.0000       425.80    
  2971.000000       1.0000       149.30    
  2972.000000       1.0000       20.181    
  2973.000000       1.0000      0.62090    
  2974.000000       1.0000      3.38871E-29
  2975.000000       1.0000      2.57726E-45
  2976.000000       1.0000       0.0000    
  2977.000000       1.0000       0.0000    
  2978.000000       1.0000       0.0000    
  2979.000000       1.0000       0.0000    
  2980.000000       1.0000       0.0000    
  2981.000000       1.0000      0.83842    
  2982.000000       1.0000       85.307    
  2983.000000       1.0000       440.93    
  2984.000000       1.0000       900.30    
  2985.000000       1.0000       1440.7    
  2986.000000       1.0000       2225.9    
  2987.000000       1.0000       3026.3    
  2988.000000       1.0000       3394.6    
  2989.000000       1.0000       3443.6    
  2990.000000       1.0000       3119.2    
  2991.000000       1.0000       2613.8    
  2992.000000       1.0000       1856.4    
  2993.000000       1.0000       1065.5    
  2994.000000       1.0000       480.91    
  2995.000000       1.0000       110.09    
  2996.000000       1.0000       9.0041    
  2997.000000       1.0000      0.14076    
  2998.000000       1.0000     -1.22479E-17
  2999.000000       1.0000       0.0000    
  3000.000000       1.0000       0.0000    
  3001.000000       1.0000       0.0000    
  3002.000000       1.0000       0.0000    
  3003.000000       1.0000       0.0000    
  3004.000000       1.0000       0.0000    
  3005.000000       1.0000       5.8738    
  3006.000000       1.0000       103.81    
  3007.000000       1.0000       462.35    
  3008.000000       1.0000       1125.4    
  3009.000000       1.0000       1913.8    
  3010.000000       1.0000       2544.4    
  3011.000000       1.0000       2812.8    
  3012.000000       1.0000       3216.9    
  3013.000000       1.0000       3348.9    
  3014.000000       1.0000       3062.8    
  3015.000000       1.0000       2508.8    
  3016.000000       1.0000       1486.9    
  3017.000000       1.0000       928.39    
  3018.000000       1.0000       477.02    
  3019.000000       1.0000       108.60    
  3020.000000       1.0000       5.5442    
  3021.000000       1.0000      0.17225    
  3022.000000       1.0000     -7.76678E-18
  3023.000000       1.0000      3.65545E-34
  3024.000000       1.0000       0.0000    
  3025.000000       1.0000       0.0000    
  3026.000000       1.0000       0.0000    
  3027.000000       1.0000       0.0000    
  3028.000000       1.0000       0.0000    
  3029.000000       1.0000      0.42769    
  3030.000000       1.0000       88.730    
  3031.000000       1.0000       456.08    
  3032.000000       1.0000       904.09    
  3033.000000       1.0000       1399.8    
  3034.000000       1.0000       1953.8    
  3035.000000       1.0000       2669.5    
  3036.000000       1.0000       2974.3    
  3037.000000       1.0000       3324.7    
  3038.000000       1.0000       3025.7    
  3039.000000       1.0000       2480.2    
  3040.000000       1.0000       1497.7    
  3041.000000       1.0000       921.55    
  3042.000000       1.0000       468.16    
  3043.000000       1.0000       118.31    
  3044.000000       1.0000       6.2297    
  3045.000000       1.0000      0.17278    
  3046.000000       1.0000     -3.45590E-29
  3047.000000       1.0000     -2.58249E-51
  3048.000000       1.0000      2.84340E-79
  3049.000000       1.0000       0.0000    
  3050.000000       1.0000       0.0000    
  3051.000000       1.0000       0.0000    
  3052.000000       1.0000       0.0000    
  3053.000000       1.0000      0.52828    
  3054.000000       1.0000       88.618    
  3055.000000       1.0000       467.34    
  3056.000000       1.0000       952.93    
  3057.000000       1.0000       1371.9    
  3058.000000       1.0000       1913.6    
  3059.000000       1.0000       2615.4    
  3060.000000       1.0000       2898.9    
  3061.000000       1.0000       3233.3    
  3062.000000       1.0000       2991.9    
  3063.000000       1.0000       2457.1    
  3064.000000       1.0000       1769.0    
  3065.000000       1.0000       963.58    
  3066.000000       1.0000       468.07    
  3067.000000       1.0000       172.38    
  3068.000000       1.0000       52.121    
  3069.000000       1.0000      0.66830    
  3070.000000       1.0000     -1.56247E-18
  3071.000000       1.0000     -4.16497E-46
  3072.000000       1.0000       0.0000    
  3073.000000       1.0000       0.0000    
  3074.000000       1.0000       0.0000    
  3075.000000       1.0000       0.0000    
  3076.000000       1.0000      0.29048    
  3077.000000       1.0000       25.676    
  3078.000000       1.0000       145.75    
  3079.000000       1.0000       481.97    
  3080.000000       1.0000       917.17    
  3081.000000       1.0000       1269.7    
  3082.000000       1.0000       2036.5    
  3083.000000       1.0000       2859.9    
  3084.000000       1.0000       3292.9    
  3085.000000       1.0000       3278.0    
  3086.000000       1.0000       2947.8    
  3087.000000       1.0000       2402.2    
  3088.000000       1.0000       1509.0    
  3089.000000       1.0000       940.26    
  3090.000000       1.0000       453.80    
  3091.000000       1.0000       124.26    
  3092.000000       1.0000       14.956    
  3093.000000       1.0000       1.0812    
  3094.000000       1.0000      9.36841E-17
  3095.000000       1.0000       0.0000    
  3096.000000       1.0000       0.0000    
  3097.000000       1.0000       0.0000    
  3098.000000       1.0000       0.0000    
  3099.000000       1.0000      0.62212    
  3100.000000       1.0000       5.7572    
  3101.000000       1.0000       122.52    
  3102.000000       1.0000       416.24    
  3103.000000       1.0000       913.84    
  3104.000000       1.0000       1339.2    
  3105.000000       1.0000       2045.9    
  3106.000000       1.0000       2664.0    
  3107.000000       1.0000       3159.5    
  3108.000000       1.0000       3355.2    
  3109.000000       1.0000       3228.4    
  3110.000000       1.0000       2806.1    
  3111.000000       1.0000       2190.5    
  3112.000000       1.0000       1401.2    
  3113.000000       1.0000       555.97    
  3114.000000       1.0000       123.25    
  3115.000000       1.0000       12.986    
  3116.000000       1.0000      0.29964    
  3117.000000       1.0000      1.74008E-29
  3118.000000       1.0000     -1.88799E-48
  3119.000000       1.0000       0.0000    
  3120.000000       1.0000       0.0000    
  3121.000000       1.0000       0.0000    
  3122.000000       1.0000       0.0000    
  3123.000000       1.0000       0.0000    
  3124.000000       1.0000      0.11580    
  3125.000000       1.0000       3.3292    
  3126.000000       1.0000       133.13    
  3127.000000       1.0000       465.75    
  3128.000000       1.0000       871.47    
  3129.000000       1.0000       1377.3    
  3130.000000       1.0000       1831.9    
  3131.000000       1.0000       2773.4    
  3132.000000       1.0000       3176.2    
  3133.000000       1.0000       2617.0    
  3134.000000       1.0000       1663.7    
  3135.000000       1.0000       2573.9    
  3136.000000       1.0000       1793.2    
  3137.000000       1.0000       1214.0    
  3138.000000       1.0000       559.90    
  3139.000000       1.0000       130.37    
  3140.000000       1.0000       7.4001    
  3141.000000       1.0000      9.37362E-34
  3142.000000       1.0000     -2.38939E-62
  3143.000000       1.0000     -5.85310E-79
  3144.000000       1.0000       0.0000    
  3145.000000       1.0000       0.0000    
  3146.000000       1.0000       0.0000    
  3147.000000       1.0000       0.0000    
  3148.000000       1.0000       0.0000    
  3149.000000       1.0000       1.7326    
  3150.000000       1.0000       99.007    
  3151.000000       1.0000       461.43    
  3152.000000       1.0000       860.98    
  3153.000000       1.0000       1373.5    
  3154.000000       1.0000       1840.8    
  3155.000000       1.0000       2395.7    
  3156.000000       1.0000       3070.5    
  3157.000000       1.0000       3233.3    
  3158.000000       1.0000       3075.4    
  3159.000000       1.0000       2612.7    
  3160.000000       1.0000       2059.7    
  3161.000000       1.0000       1309.1    
  3162.000000       1.0000       502.31    
  3163.000000       1.0000       138.09    
  3164.000000       1.0000       21.174    
  3165.000000       1.0000       1.6845    
  3166.000000       1.0000     -1.31279E-28
  3167.000000       1.0000       0.0000    
  3168.000000       1.0000       0.0000    
  3169.000000       1.0000       0.0000    
  3170.000000       1.0000       0.0000    
  3171.000000       1.0000       0.0000    
  3172.000000       1.0000      0.20357    
  3173.000000       1.0000       6.1832    
  3174.000000       1.0000       117.99    
  3175.000000       1.0000       465.83    
  3176.000000       1.0000       822.81    
  3177.000000       1.0000       1233.6    
  3178.000000       1.0000       1798.2    
  3179.000000       1.0000       2644.8    
  3180.000000       1.0000       3050.9    
  3181.000000       1.0000       2991.0    
  3182.000000       1.0000       2635.2    
  3183.000000       1.0000       1196.3    
  3184.000000       1.0000       535.20    
  3185.000000       1.0000       763.14    
  3186.000000       1.0000       479.97    
  3187.000000       1.0000       120.81    
  3188.000000       1.0000       22.379    
  3189.000000       1.0000       1.0861    
  3190.000000       1.0000      4.81117E-32
  3191.000000       1.0000     -2.46367E-48
  3192.000000       1.0000       0.0000    
  3193.000000       1.0000       0.0000    
  3194.000000       1.0000       0.0000    
  3195.000000       1.0000       0.0000    
  3196.000000       1.0000       0.0000    
  3197.000000       1.0000       3.5044    
  3198.000000       1.0000       116.23    
  3199.000000       1.0000       371.12    
  3200.000000       1.0000       688.51    
  3201.000000       1.0000       1028.9    
  3202.000000       1.0000       1742.0    
  3203.000000       1.0000       1054.2    
  3204.000000       1.0000       1306.9    
  3205.000000       1.0000       1390.2    
  3206.000000       1.0000       666.51    
  3207.000000       1.0000       494.18    
  3208.000000       1.0000       946.74    
  3209.000000       1.0000       705.80    
  3210.000000       1.0000       310.31    
  3211.000000       1.0000       172.03    
  3212.000000       1.0000       58.175    
  3213.000000       1.0000       3.0676    
  3214.000000       1.0000      2.83978E-32
  3215.000000       1.0000     -9.99655E-62
  3216.000000       1.0000      1.77224E-80
  3217.000000       1.0000       0.0000    
  3218.000000       1.0000       0.0000    
  3219.000000       1.0000       0.0000    
  3220.000000       1.0000      8.63635E-02
  3221.000000       1.0000       5.2331    
  3222.000000       1.0000       133.67    
  3223.000000       1.0000       432.07    
  3224.000000       1.0000       278.63    
  3225.000000       1.0000       375.60    
  3226.000000       1.0000       560.64    
  3227.000000       1.0000       1632.6    
  3228.000000       1.0000       2999.9    
  3229.000000       1.0000       2860.4    
  3230.000000       1.0000       775.34    
  3231.000000       1.0000       189.97    
  3232.000000       1.0000       379.51    
  3233.000000       1.0000       194.20    
  3234.000000       1.0000       52.944    
  3235.000000       1.0000       128.42    
  3236.000000       1.0000       55.690    
  3237.000000       1.0000       6.3795    
  3238.000000       1.0000       0.0000    
  3239.000000       1.0000       0.0000    
  3240.000000       1.0000       0.0000    
  3241.000000       1.0000       0.0000    
  3242.000000       1.0000       0.0000    
  3243.000000       1.0000       0.0000    
  3244.000000       1.0000       0.0000    
  3245.000000       1.0000       4.7811    
  3246.000000       1.0000       77.230    
  3247.000000       1.0000       323.33    
  3248.000000       1.0000       577.45    
  3249.000000       1.0000       737.03    
  3250.000000       1.0000       1300.0    
  3251.000000       1.0000       1230.3    
  3252.000000       1.0000       1144.6    
  3253.000000       1.0000       477.75    
  3254.000000       1.0000       162.62    
  3255.000000       1.0000       199.78    
  3256.000000       1.0000       586.78    
  3257.000000       1.0000       427.53    
  3258.000000       1.0000       176.85    
  3259.000000       1.0000       80.992    
  3260.000000       1.0000       6.5093    
  3261.000000       1.0000     -3.43810E-16
  3262.000000       1.0000       0.0000    
  3263.000000       1.0000       0.0000    
  3264.000000       1.0000       0.0000    
  3265.000000       1.0000       0.0000    
  3266.000000       1.0000       0.0000    
  3267.000000       1.0000       0.0000    
  3268.000000       1.0000       2.1587    
  3269.000000       1.0000       29.542    
  3270.000000       1.0000       134.95    
  3271.000000       1.0000       207.04    
  3272.000000       1.0000       451.63    
  3273.000000       1.0000       678.69    
  3274.000000       1.0000       781.18    
  3275.000000       1.0000       793.09    
  3276.000000       1.0000       1770.0    
  3277.000000       1.0000       1659.6    
  3278.000000       1.0000       735.33    
  3279.000000       1.0000       600.37    
  3280.000000       1.0000       1535.9    
  3281.000000       1.0000       917.74    
  3282.000000       1.0000       576.59    
  3283.000000       1.0000       128.04    
  3284.000000       1.0000       27.428    
  3285.000000       1.0000       2.0835    
  3286.000000       1.0000     -7.09376E-17
  3287.000000       1.0000       0.0000    
  3288.000000       1.0000       0.0000    
  3289.000000       1.0000       0.0000    
  3290.000000       1.0000       0.0000    
  3291.000000       1.0000       0.0000    
  3292.000000       1.0000       4.2299    
  3293.000000       1.0000       36.495    
  3294.000000       1.0000       173.72    
  3295.000000       1.0000       313.27    
  3296.000000       1.0000       990.61    
  3297.000000       1.0000       1910.6    
  3298.000000       1.0000       1801.9    
  3299.000000       1.0000       2681.9    
  3300.000000       1.0000       2489.7    
  3301.000000       1.0000       2637.5    
  3302.000000       1.0000       2760.9    
  3303.000000       1.0000       2287.9    
  3304.000000       1.0000       1643.8    
  3305.000000       1.0000       1202.2    
  3306.000000       1.0000       632.82    
  3307.000000       1.0000       164.39    
  3308.000000       1.0000       38.425    
  3309.000000       1.0000       2.9456    
  3310.000000       1.0000     -1.75543E-16
  3311.000000       1.0000       0.0000    
  3312.000000       1.0000       0.0000    
  3313.000000       1.0000       0.0000    
  3314.000000       1.0000       0.0000    
  3315.000000       1.0000       0.0000    
  3316.000000       1.0000      0.34545    
  3317.000000       1.0000       23.174    
  3318.000000       1.0000       135.04    
  3319.000000       1.0000       516.95    
  3320.000000       1.0000       908.87    
  3321.000000       1.0000       1059.6    
  3322.000000       1.0000       1656.7    
  3323.000000       1.0000       2642.8    
  3324.000000       1.0000       3136.9    
  3325.000000       1.0000       3026.1    
  3326.000000       1.0000       2898.0    
  3327.000000       1.0000       2741.5    
  3328.000000       1.0000       1940.3    
  3329.000000       1.0000       1176.3    
  3330.000000       1.0000       592.48    
  3331.000000       1.0000       189.97    
  3332.000000       1.0000       71.451    
  3333.000000       1.0000       6.9299    
  3334.000000       1.0000      9.74426E-28
  3335.000000       1.0000       0.0000    
  3336.000000       1.0000       0.0000    
  3337.000000       1.0000       0.0000    
  3338.000000       1.0000       0.0000    
  3339.000000       1.0000       0.0000    
  3340.000000       1.0000      0.31162    
  3341.000000       1.0000       13.424    
  3342.000000       1.0000       131.31    
  3343.000000       1.0000       482.15    
  3344.000000       1.0000       818.94    
  3345.000000       1.0000       1393.6    
  3346.000000       1.0000       2040.3    
  3347.000000       1.0000       2666.3    
  3348.000000       1.0000       2435.3    
  3349.000000       1.0000       2969.0    
  3350.000000       1.0000       2929.5    
  3351.000000       1.0000       2654.6    
  3352.000000       1.0000       2090.0    
  3353.000000       1.0000       1328.3    
  3354.000000       1.0000       571.32    
  3355.000000       1.0000       146.95    
  3356.000000       1.0000       54.130    
  3357.000000       1.0000      0.99834    
  3358.000000       1.0000      4.28648E-32
  3359.000000       1.0000     -1.53601E-49
  3360.000000       1.0000      1.12007E-80
  3361.000000       1.0000       0.0000    
  3362.000000       1.0000       0.0000    
  3363.000000       1.0000       0.0000    
  3364.000000       1.0000      0.40101    
  3365.000000       1.0000       19.690    
  3366.000000       1.0000       131.19    
  3367.000000       1.0000       482.00    
  3368.000000       1.0000       909.03    
  3369.000000       1.0000       1515.8    
  3370.000000       1.0000       2105.5    
  3371.000000       1.0000       2745.8    
  3372.000000       1.0000       2997.8    
  3373.000000       1.0000       3048.5    
  3374.000000       1.0000       2728.3    
  3375.000000       1.0000       2161.5    
  3376.000000       1.0000       1904.3    
  3377.000000       1.0000       1274.4    
  3378.000000       1.0000       592.59    
  3379.000000       1.0000       219.25    
  3380.000000       1.0000       69.338    
  3381.000000       1.0000      0.20801    
  3382.000000       1.0000       0.0000    
  3383.000000       1.0000       0.0000    
  3384.000000       1.0000       0.0000    
  3385.000000       1.0000       0.0000    
  3386.000000       1.0000       0.0000    
  3387.000000       1.0000       0.0000    
  3388.000000       1.0000      0.95000    
  3389.000000       1.0000       19.297    
  3390.000000       1.0000       171.03    
  3391.000000       1.0000       501.70    
  3392.000000       1.0000       986.19    
  3393.000000       1.0000       1171.6    
  3394.000000       1.0000       1912.6    
  3395.000000       1.0000       2549.4    
  3396.000000       1.0000       2893.5    
  3397.000000       1.0000       3007.9    
  3398.000000       1.0000       2604.6    
  3399.000000       1.0000       2458.7    
  3400.000000       1.0000       1909.1    
  3401.000000       1.0000       1327.1    
  3402.000000       1.0000       459.44    
  3403.000000       1.0000       143.74    
  3404.000000       1.0000       67.553    
  3405.000000       1.0000       3.0105    
  3406.000000       1.0000     -1.32633E-28
  3407.000000       1.0000      1.11864E-44
  3408.000000       1.0000     -2.26266E-76
  3409.000000       1.0000       0.0000    
  3410.000000       1.0000       0.0000    
  3411.000000       1.0000       0.0000    
  3412.000000       1.0000      5.48755E-03
  3413.000000       1.0000       12.986    
  3414.000000       1.0000       154.44    
  3415.000000       1.0000       396.36    
  3416.000000       1.0000       392.81    
  3417.000000       1.0000       524.73    
  3418.000000       1.0000       1075.2    
  3419.000000       1.0000       1332.5    
  3420.000000       1.0000       1020.8    
  3421.000000       1.0000       449.38    
  3422.000000       1.0000       287.70    
  3423.000000       1.0000       193.72    
  3424.000000       1.0000       148.73    
  3425.000000       1.0000       142.71    
  3426.000000       1.0000       122.69    
  3427.000000       1.0000       213.56    
  3428.000000       1.0000       86.144    
  3429.000000       1.0000       3.0197    
  3430.000000       1.0000     -7.96348E-45
  3431.000000       1.0000     -1.02724E-75
  3432.000000       1.0000      6.32129E-92
  3433.000000       1.0000       0.0000    
  3434.000000       1.0000       0.0000    
  3435.000000       1.0000       0.0000    
  3436.000000       1.0000       1.8781    
  3437.000000       1.0000       36.014    
  3438.000000       1.0000       147.82    
  3439.000000       1.0000       509.20    
  3440.000000       1.0000       946.01    
  3441.000000       1.0000       1387.0    
  3442.000000       1.0000       1796.7    
  3443.000000       1.0000       2217.2    
  3444.000000       1.0000       2924.2    
  3445.000000       1.0000       3006.9    
  3446.000000       1.0000       2859.0    
  3447.000000       1.0000       2385.8    
  3448.000000       1.0000       1940.5    
  3449.000000       1.0000       1377.2    
  3450.000000       1.0000       531.84    
  3451.000000       1.0000       127.91    
  3452.000000       1.0000       71.033    
  3453.000000       1.0000       7.8508    
  3454.000000       1.0000      1.10303E-15
  3455.000000       1.0000       0.0000    
  3456.000000       1.0000       0.0000    
  3457.000000       1.0000       0.0000    
  3458.000000       1.0000       0.0000    
  3459.000000       1.0000       0.0000    
  3460.000000       1.0000       4.4245    
  3461.000000       1.0000       44.847    
  3462.000000       1.0000       186.55    
  3463.000000       1.0000       552.91    
  3464.000000       1.0000       1018.4    
  3465.000000       1.0000       1512.9    
  3466.000000       1.0000       1934.8    
  3467.000000       1.0000       2603.4    
  3468.000000       1.0000       2992.4    
  3469.000000       1.0000       3133.1    
  3470.000000       1.0000       3054.2    
  3471.000000       1.0000       2714.0    
  3472.000000       1.0000       2106.7    
  3473.000000       1.0000       1344.2    
  3474.000000       1.0000       647.74    
  3475.000000       1.0000       213.17    
  3476.000000       1.0000       81.131    
  3477.000000       1.0000       6.4699    
  3478.000000       1.0000     -4.53841E-28
  3479.000000       1.0000       0.0000    
  3480.000000       1.0000       0.0000    
  3481.000000       1.0000       0.0000    
  3482.000000       1.0000       0.0000    
  3483.000000       1.0000       0.0000    
  3484.000000       1.0000       6.2187    
  3485.000000       1.0000       53.156    
  3486.000000       1.0000       199.84    
  3487.000000       1.0000       538.80    
  3488.000000       1.0000       1001.1    
  3489.000000       1.0000       1505.4    
  3490.000000       1.0000       2260.7    
  3491.000000       1.0000       2590.5    
  3492.000000       1.0000       2904.7    
  3493.000000       1.0000       3091.2    
  3494.000000       1.0000       3021.3    
  3495.000000       1.0000       2203.2    
  3496.000000       1.0000       2101.6    
  3497.000000       1.0000       1364.5    
  3498.000000       1.0000       623.89    
  3499.000000       1.0000       206.80    
  3500.000000       1.0000       85.750    
  3501.000000       1.0000       10.624    
  3502.000000       1.0000       0.0000    
  3503.000000       1.0000       0.0000    
  3504.000000       1.0000       0.0000    
  3505.000000       1.0000       0.0000    
  3506.000000       1.0000       0.0000    
  3507.000000       1.0000       0.0000    
  3508.000000       1.0000       1.2845    
  3509.000000       1.0000       29.192    
  3510.000000       1.0000       165.92    
  3511.000000       1.0000       328.24    
  3512.000000       1.0000       641.09    
  3513.000000       1.0000       1725.4    
  3514.000000       1.0000       2398.3    
  3515.000000       1.0000       2501.0    
  3516.000000       1.0000       3105.0    
  3517.000000       1.0000       3249.0    
  3518.000000       1.0000       3078.4    
  3519.000000       1.0000       2676.3    
  3520.000000       1.0000       2143.6    
  3521.000000       1.0000       1434.1    
  3522.000000       1.0000       629.26    
  3523.000000       1.0000       192.12    
  3524.000000       1.0000       67.720    
  3525.000000       1.0000       2.8080    
  3526.000000       1.0000      2.13523E-28
  3527.000000       1.0000     -3.32864E-60
  3528.000000       1.0000     -5.32199E-80
  3529.000000       1.0000       0.0000    
  3530.000000       1.0000       0.0000    
  3531.000000       1.0000       0.0000    
  3532.000000       1.0000       0.0000    
  3533.000000       1.0000       5.4698    
  3534.000000       1.0000       187.94    
  3535.000000       1.0000       467.48    
  3536.000000       1.0000       860.70    
  3537.000000       1.0000       1385.0    
  3538.000000       1.0000       1789.8    
  3539.000000       1.0000       1939.6    
  3540.000000       1.0000       3094.2    
  3541.000000       1.0000       2796.4    
  3542.000000       1.0000       3325.1    
  3543.000000       1.0000       2665.7    
  3544.000000       1.0000       2185.3    
  3545.000000       1.0000       1500.0    
  3546.000000       1.0000       612.16    
  3547.000000       1.0000       141.14    
  3548.000000       1.0000       110.68    
  3549.000000       1.0000       5.7367    
  3550.000000       1.0000      8.38479E-16
  3551.000000       1.0000       0.0000    
  3552.000000       1.0000       0.0000    
  3553.000000       1.0000       0.0000    
  3554.000000       1.0000       0.0000    
  3555.000000       1.0000       0.0000    
  3556.000000       1.0000      0.44093    
  3557.000000       1.0000       22.846    
  3558.000000       1.0000       123.46    
  3559.000000       1.0000       532.47    
  3560.000000       1.0000       970.27    
  3561.000000       1.0000       1431.1    
  3562.000000       1.0000       2081.0    
  3563.000000       1.0000       2709.0    
  3564.000000       1.0000       2715.9    
  3565.000000       1.0000       2160.3    
  3566.000000       1.0000       1626.7    
  3567.000000       1.0000       1381.8    
  3568.000000       1.0000       1774.2    
  3569.000000       1.0000       1356.2    
  3570.000000       1.0000       639.22    
  3571.000000       1.0000       187.81    
  3572.000000       1.0000       84.405    
  3573.000000       1.0000       6.2889    
  3574.000000       1.0000      2.85485E-16
  3575.000000       1.0000       0.0000    
  3576.000000       1.0000       0.0000    
  3577.000000       1.0000       0.0000    
  3578.000000       1.0000       0.0000    
  3579.000000       1.0000       0.0000    
  3580.000000       1.0000      7.71692E-02
  3581.000000       1.0000       5.5165    
  3582.000000       1.0000       116.69    
  3583.000000       1.0000       496.79    
  3584.000000       1.0000       950.11    
  3585.000000       1.0000       1383.5    
  3586.000000       1.0000       1812.0    
  3587.000000       1.0000       2644.2    
  3588.000000       1.0000       3119.4    
  3589.000000       1.0000       3251.2    
  3590.000000       1.0000       3034.7    
  3591.000000       1.0000       2694.0    
  3592.000000       1.0000       2172.6    
  3593.000000       1.0000       1420.4    
  3594.000000       1.0000       601.33    
  3595.000000       1.0000       140.69    
  3596.000000       1.0000       56.241    
  3597.000000       1.0000       3.1559    
  3598.000000       1.0000     -8.66428E-29
  3599.000000       1.0000     -9.25299E-45
  3600.000000       1.0000       0.0000    
  3601.000000       1.0000       0.0000    
  3602.000000       1.0000       0.0000    
  3603.000000       1.0000       0.0000    
  3604.000000       1.0000       2.0665    
  3605.000000       1.0000       90.381    
  3606.000000       1.0000       165.55    
  3607.000000       1.0000       460.50    
  3608.000000       1.0000       967.69    
  3609.000000       1.0000       1531.3    
  3610.000000       1.0000       2436.8    
  3611.000000       1.0000       2920.8    
  3612.000000       1.0000       2774.9    
  3613.000000       1.0000       3190.3    
  3614.000000       1.0000       2804.0    
  3615.000000       1.0000       2172.4    
  3616.000000       1.0000       1970.5    
  3617.000000       1.0000       1434.8    
  3618.000000       1.0000       595.17    
  3619.000000       1.0000       150.90    
  3620.000000       1.0000       59.330    
  3621.000000       1.0000       4.8153    
  3622.000000       1.0000     -3.27397E-17
  3623.000000       1.0000      3.16053E-33
  3624.000000       1.0000       0.0000    
  3625.000000       1.0000       0.0000    
  3626.000000       1.0000       0.0000    
  3627.000000       1.0000       0.0000    
  3628.000000       1.0000       2.8064    
  3629.000000       1.0000       58.213    
  3630.000000       1.0000       155.64    
  3631.000000       1.0000       524.03    
  3632.000000       1.0000       991.64    
  3633.000000       1.0000       1441.8    
  3634.000000       1.0000       1923.9    
  3635.000000       1.0000       2644.1    
  3636.000000       1.0000       2954.5    
  3637.000000       1.0000       3174.9    
  3638.000000       1.0000       3036.0    
  3639.000000       1.0000       2695.4    
  3640.000000       1.0000       2147.0    
  3641.000000       1.0000       1429.2    
  3642.000000       1.0000       646.74    
  3643.000000       1.0000       196.20    
  3644.000000       1.0000       96.142    
  3645.000000       1.0000       4.9216    
  3646.000000       1.0000     -4.21450E-30
  3647.000000       1.0000      4.41958E-49
  3648.000000       1.0000      6.05120E-77
  3649.000000       1.0000       0.0000    
  3650.000000       1.0000       0.0000    
  3651.000000       1.0000       0.0000    
  3652.000000       1.0000       1.1333    
  3653.000000       1.0000       28.589    
  3654.000000       1.0000       138.36    
  3655.000000       1.0000       503.21    
  3656.000000       1.0000       983.10    
  3657.000000       1.0000       1747.8    
  3658.000000       1.0000       2220.8    
  3659.000000       1.0000       2857.8    
  3660.000000       1.0000       3045.8    
  3661.000000       1.0000       3455.5    
  3662.000000       1.0000       3217.2    
  3663.000000       1.0000       2796.0    
  3664.000000       1.0000       2241.1    
  3665.000000       1.0000       1461.9    
  3666.000000       1.0000       636.63    
  3667.000000       1.0000       156.54    
  3668.000000       1.0000       70.031    
  3669.000000       1.0000      0.26550    
  3670.000000       1.0000     -2.32151E-30
  3671.000000       1.0000      1.24529E-49
  3672.000000       1.0000      1.36236E-66
  3673.000000       1.0000       0.0000    
  3674.000000       1.0000       0.0000    
  3675.000000       1.0000       0.0000    
  3676.000000       1.0000       2.3607    
  3677.000000       1.0000       73.875    
  3678.000000       1.0000       263.83    
  3679.000000       1.0000       635.53    
  3680.000000       1.0000       1210.7    
  3681.000000       1.0000       1842.8    
  3682.000000       1.0000       2266.6    
  3683.000000       1.0000       2804.0    
  3684.000000       1.0000       2957.8    
  3685.000000       1.0000       3222.0    
  3686.000000       1.0000       3069.2    
  3687.000000       1.0000       2715.4    
  3688.000000       1.0000       2139.6    
  3689.000000       1.0000       1431.8    
  3690.000000       1.0000       623.28    
  3691.000000       1.0000       169.36    
  3692.000000       1.0000       111.68    
  3693.000000       1.0000       15.889    
  3694.000000       1.0000      0.36683    
  3695.000000       1.0000       0.0000    
  3696.000000       1.0000       0.0000    
  3697.000000       1.0000       0.0000    
  3698.000000       1.0000       0.0000    
  3699.000000       1.0000       0.0000    
  3700.000000       1.0000       2.3624    
  3701.000000       1.0000       56.237    
  3702.000000       1.0000       169.64    
  3703.000000       1.0000       573.56    
  3704.000000       1.0000       1045.0    
  3705.000000       1.0000       1403.7    
  3706.000000       1.0000       1869.4    
  3707.000000       1.0000       2714.7    
  3708.000000       1.0000       3057.4    
  3709.000000       1.0000       2883.8    
  3710.000000       1.0000       2793.4    
  3711.000000       1.0000       2597.4    
  3712.000000       1.0000       2155.9    
  3713.000000       1.0000       1450.8    
  3714.000000       1.0000       619.87    
  3715.000000       1.0000       156.75    
  3716.000000       1.0000       68.050    
  3717.000000       1.0000       1.0392    
  3718.000000       1.0000      2.49322E-29
  3719.000000       1.0000       0.0000    
  3720.000000       1.0000       0.0000    
  3721.000000       1.0000       0.0000    
  3722.000000       1.0000       0.0000    
  3723.000000       1.0000       0.0000    
  3724.000000       1.0000       1.0540    
  3725.000000       1.0000       24.995    
  3726.000000       1.0000       146.27    
  3727.000000       1.0000       473.17    
  3728.000000       1.0000       853.29    
  3729.000000       1.0000       1183.4    
  3730.000000       1.0000       2225.2    
  3731.000000       1.0000       2837.7    
  3732.000000       1.0000       3066.6    
  3733.000000       1.0000       3176.1    
  3734.000000       1.0000       3057.1    
  3735.000000       1.0000       2681.5    
  3736.000000       1.0000       2112.2    
  3737.000000       1.0000       1406.7    
  3738.000000       1.0000       609.66    
  3739.000000       1.0000       170.93    
  3740.000000       1.0000       74.973    
  3741.000000       1.0000       4.9695    
  3742.000000       1.0000     -1.15648E-28
  3743.000000       1.0000     -9.91619E-45
  3744.000000       1.0000      1.05431E-63
  3745.000000       1.0000       0.0000    
  3746.000000       1.0000       0.0000    
  3747.000000       1.0000       0.0000    
  3748.000000       1.0000       2.2834    
  3749.000000       1.0000       48.895    
  3750.000000       1.0000       193.64    
  3751.000000       1.0000       498.15    
  3752.000000       1.0000       962.36    
  3753.000000       1.0000       1131.2    
  3754.000000       1.0000       1739.7    
  3755.000000       1.0000       2367.7    
  3756.000000       1.0000       3116.9    
  3757.000000       1.0000       3134.8    
  3758.000000       1.0000       3005.7    
  3759.000000       1.0000       2630.5    
  3760.000000       1.0000       2140.2    
  3761.000000       1.0000       1409.7    
  3762.000000       1.0000       603.03    
  3763.000000       1.0000       140.06    
  3764.000000       1.0000       70.963    
  3765.000000       1.0000       3.5217    
  3766.000000       1.0000      2.63295E-32
  3767.000000       1.0000      3.51273E-48
  3768.000000       1.0000       0.0000    
  3769.000000       1.0000       0.0000    
  3770.000000       1.0000       0.0000    
  3771.000000       1.0000       0.0000    
  3772.000000       1.0000       2.0300    
  3773.000000       1.0000       41.010    
  3774.000000       1.0000       150.76    
  3775.000000       1.0000       512.94    
  3776.000000       1.0000       957.06    
  3777.000000       1.0000       1311.5    
  3778.000000       1.0000       1801.5    
  3779.000000       1.0000       2189.3    
  3780.000000       1.0000       2997.8    
  3781.000000       1.0000       3073.7    
  3782.000000       1.0000       2940.3    
  3783.000000       1.0000       2619.1    
  3784.000000       1.0000       2061.6    
  3785.000000       1.0000       1063.7    
  3786.000000       1.0000       307.93    
  3787.000000       1.0000       150.81    
  3788.000000       1.0000       74.889    
  3789.000000       1.0000       3.6081    
  3790.000000       1.0000     -4.25678E-29
  3791.000000       1.0000      2.03352E-49
  3792.000000       1.0000       0.0000    
  3793.000000       1.0000       0.0000    
  3794.000000       1.0000       0.0000    
  3795.000000       1.0000       0.0000    
  3796.000000       1.0000       1.7446    
  3797.000000       1.0000       62.696    
  3798.000000       1.0000       142.45    
  3799.000000       1.0000       498.10    
  3800.000000       1.0000       943.78    
  3801.000000       1.0000       1361.8    
  3802.000000       1.0000       1778.5    
  3803.000000       1.0000       2359.0    
  3804.000000       1.0000       3056.8    
  3805.000000       1.0000       3162.1    
  3806.000000       1.0000       2969.9    
  3807.000000       1.0000       2653.3    
  3808.000000       1.0000       1933.5    
  3809.000000       1.0000       1135.3    
  3810.000000       1.0000       448.64    
  3811.000000       1.0000       196.28    
  3812.000000       1.0000       81.413    
  3813.000000       1.0000       3.6487    
  3814.000000       1.0000      1.01698E-27
  3815.000000       1.0000       0.0000    
  3816.000000       1.0000       0.0000    
  3817.000000       1.0000       0.0000    
  3818.000000       1.0000       0.0000    
  3819.000000       1.0000       0.0000    
  3820.000000       1.0000       2.2501    
  3821.000000       1.0000       85.914    
  3822.000000       1.0000       146.08    
  3823.000000       1.0000       440.90    
  3824.000000       1.0000       928.56    
  3825.000000       1.0000       1690.6    
  3826.000000       1.0000       1974.4    
  3827.000000       1.0000       2362.4    
  3828.000000       1.0000       3060.7    
  3829.000000       1.0000       3209.9    
  3830.000000       1.0000       3038.7    
  3831.000000       1.0000       2622.9    
  3832.000000       1.0000       2084.3    
  3833.000000       1.0000       1377.2    
  3834.000000       1.0000       634.66    
  3835.000000       1.0000       162.35    
  3836.000000       1.0000       51.160    
  3837.000000       1.0000       2.6910    
  3838.000000       1.0000     -5.47927E-29
  3839.000000       1.0000       0.0000    
  3840.000000       1.0000       0.0000    
  3841.000000       1.0000       0.0000    
  3842.000000       1.0000       0.0000    
  3843.000000       1.0000       0.0000    
  3844.000000       1.0000       1.4197    
  3845.000000       1.0000       38.468    
  3846.000000       1.0000       129.23    
  3847.000000       1.0000       471.88    
  3848.000000       1.0000       1083.8    
  3849.000000       1.0000       1697.4    
  3850.000000       1.0000       1977.9    
  3851.000000       1.0000       2793.7    
  3852.000000       1.0000       3120.2    
  3853.000000       1.0000       3120.6    
  3854.000000       1.0000       3023.5    
  3855.000000       1.0000       2716.5    
  3856.000000       1.0000       2149.2    
  3857.000000       1.0000       1432.1    
  3858.000000       1.0000       634.21    
  3859.000000       1.0000       152.05    
  3860.000000       1.0000       71.964    
  3861.000000       1.0000       3.0538    
  3862.000000       1.0000       0.0000    
  3863.000000       1.0000       0.0000    
  3864.000000       1.0000       0.0000    
  3865.000000       1.0000       0.0000    
  3866.000000       1.0000       0.0000    
  3867.000000       1.0000       0.0000    
  3868.000000       1.0000       1.6731    
  3869.000000       1.0000       32.903    
  3870.000000       1.0000       123.55    
  3871.000000       1.0000       429.87    
  3872.000000       1.0000       1120.9    
  3873.000000       1.0000       1787.5    
  3874.000000       1.0000       2412.0    
  3875.000000       1.0000       2828.6    
  3876.000000       1.0000       3113.4    
  3877.000000       1.0000       3169.6    
  3878.000000       1.0000       3041.1    
  3879.000000       1.0000       2664.1    
  3880.000000       1.0000       2125.3    
  3881.000000       1.0000       1425.0    
  3882.000000       1.0000       635.70    
  3883.000000       1.0000       149.12    
  3884.000000       1.0000       82.295    
  3885.000000       1.0000       1.9795    
  3886.000000       1.0000     -1.51627E-31
  3887.000000       1.0000     -2.11662E-61
  3888.000000       1.0000       0.0000    
  3889.000000       1.0000       0.0000    
  3890.000000       1.0000       0.0000    
  3891.000000       1.0000       9.2507    
  3892.000000       1.0000       88.074    
  3893.000000       1.0000       208.66    
  3894.000000       1.0000       789.79    
  3895.000000       1.0000       1073.8    
  3896.000000       1.0000       1572.3    
  3897.000000       1.0000       2002.4    
  3898.000000       1.0000       2736.6    
  3899.000000       1.0000       3161.6    
  3900.000000       1.0000       3150.8    
  3901.000000       1.0000       2849.0    
  3902.000000       1.0000       2440.7    
  3903.000000       1.0000       1794.3    
  3904.000000       1.0000       1031.8    
  3905.000000       1.0000       316.06    
  3906.000000       1.0000       116.82    
  3907.000000       1.0000       24.191    
  3908.000000       1.0000       1.8074    
  3909.000000       1.0000       0.0000    
  3910.000000       1.0000       0.0000    
  3911.000000       1.0000       0.0000    
  3912.000000       1.0000       0.0000    
  3913.000000       1.0000       0.0000    
  3914.000000       1.0000       0.0000    
  3915.000000       1.0000       10.930    
  3916.000000       1.0000       90.103    
  3917.000000       1.0000       232.31    
  3918.000000       1.0000       752.71    
  3919.000000       1.0000       1028.2    
  3920.000000       1.0000       1554.9    
  3921.000000       1.0000       1966.6    
  3922.000000       1.0000       2714.2    
  3923.000000       1.0000       3021.0    
  3924.000000       1.0000       3031.3    
  3925.000000       1.0000       2830.4    
  3926.000000       1.0000       2372.1    
  3927.000000       1.0000       1786.4    
  3928.000000       1.0000       1030.4    
  3929.000000       1.0000       417.56    
  3930.000000       1.0000       122.52    
  3931.000000       1.0000       31.095    
  3932.000000       1.0000      0.44562    
  3933.000000       1.0000       0.0000    
  3934.000000       1.0000       0.0000    
  3935.000000       1.0000       0.0000    
  3936.000000       1.0000       0.0000    
  3937.000000       1.0000       0.0000    
  3938.000000       1.0000      0.49884    
  3939.000000       1.0000       14.781    
  3940.000000       1.0000       109.91    
  3941.000000       1.0000       232.72    
  3942.000000       1.0000       781.39    
  3943.000000       1.0000       1088.3    
  3944.000000       1.0000       1562.8    
  3945.000000       1.0000       1962.3    
  3946.000000       1.0000       2374.5    
  3947.000000       1.0000       2681.6    
  3948.000000       1.0000       1812.9    
  3949.000000       1.0000       1801.7    
  3950.000000       1.0000       1644.4    
  3951.000000       1.0000       1525.9    
  3952.000000       1.0000       1034.6    
  3953.000000       1.0000       399.31    
  3954.000000       1.0000       192.44    
  3955.000000       1.0000       97.841    
  3956.000000       1.0000       1.5120    
  3957.000000       1.0000      2.78822E-34
  3958.000000       1.0000       0.0000    
  3959.000000       1.0000       0.0000    
  3960.000000       1.0000       0.0000    
  3961.000000       1.0000       0.0000    
  3962.000000       1.0000       2.7801    
  3963.000000       1.0000       38.911    
  3964.000000       1.0000       184.67    
  3965.000000       1.0000       304.09    
  3966.000000       1.0000       620.82    
  3967.000000       1.0000       835.52    
  3968.000000       1.0000       1126.0    
  3969.000000       1.0000       2315.7    
  3970.000000       1.0000       2835.9    
  3971.000000       1.0000       2466.3    
  3972.000000       1.0000       2773.2    
  3973.000000       1.0000       2242.4    
  3974.000000       1.0000       1999.8    
  3975.000000       1.0000       1645.0    
  3976.000000       1.0000       1084.2    
  3977.000000       1.0000       385.30    
  3978.000000       1.0000       120.42    
  3979.000000       1.0000       18.511    
  3980.000000       1.0000      0.70878    
  3981.000000       1.0000       0.0000    
  3982.000000       1.0000       0.0000    
  3983.000000       1.0000       0.0000    
  3984.000000       1.0000       0.0000    
  3985.000000       1.0000       0.0000    
  3986.000000       1.0000       1.1276    
  3987.000000       1.0000       16.914    
  3988.000000       1.0000       132.74    
  3989.000000       1.0000       268.59    
  3990.000000       1.0000       634.87    
  3991.000000       1.0000       652.23    
  3992.000000       1.0000       919.42    
  3993.000000       1.0000       1084.6    
  3994.000000       1.0000       2198.2    
  3995.000000       1.0000       2990.2    
  3996.000000       1.0000       2631.9    
  3997.000000       1.0000       1610.9    
  3998.000000       1.0000       1535.9    
  3999.000000       1.0000       1658.8    
  4000.000000       1.0000       568.75    
  4001.000000       1.0000       51.674    
  4002.000000       1.0000       100.48    
  4003.000000       1.0000       7.1898    
  4004.000000       1.0000      0.19617    
  4005.000000       1.0000      5.04294E-33
  4006.000000       1.0000       0.0000    
  4007.000000       1.0000       0.0000    
  4008.000000       1.0000       0.0000    
  4009.000000       1.0000       0.0000    
  4010.000000       1.0000      0.54221    
  4011.000000       1.0000       11.644    
  4012.000000       1.0000       113.00    
  4013.000000       1.0000       225.43    
  4014.000000       1.0000       795.03    
  4015.000000       1.0000       1098.1    
  4016.000000       1.0000       1540.9    
  4017.000000       1.0000       1853.5    
  4018.000000       1.0000       2102.4    
  4019.000000       1.0000       2390.7    
  4020.000000       1.0000       2418.3    
  4021.000000       1.0000       2384.4    
  4022.000000       1.0000       1552.1    
  4023.000000       1.0000       1012.9    
  4024.000000       1.0000       1110.5    
  4025.000000       1.0000       262.49    
  4026.000000       1.0000       155.64    
  4027.000000       1.0000       48.246    
  4028.000000       1.0000      0.70793    
  4029.000000       1.0000       0.0000    
  4030.000000       1.0000       0.0000    
  4031.000000       1.0000       0.0000    
  4032.000000       1.0000       0.0000    
  4033.000000       1.0000       0.0000    
  4034.000000       1.0000       0.0000    
  4035.000000       1.0000       1.1206    
  4036.000000       1.0000       18.582    
  4037.000000       1.0000       58.624    
  4038.000000       1.0000       110.69    
  4039.000000       1.0000       277.41    
  4040.000000       1.0000       374.97    
  4041.000000       1.0000       638.59    
  4042.000000       1.0000       375.59    
  4043.000000       1.0000       522.34    
  4044.000000       1.0000       727.87    
  4045.000000       1.0000       464.25    
  4046.000000       1.0000       365.49    
  4047.000000       1.0000       479.01    
  4048.000000       1.0000       286.33    
  4049.000000       1.0000       239.54    
  4050.000000       1.0000       182.36    
  4051.000000       1.0000       11.884    
  4052.000000       1.0000      0.32032    
  4053.000000       1.0000       0.0000    
  4054.000000       1.0000       0.0000    
  4055.000000       1.0000       0.0000    
  4056.000000       1.0000       0.0000    
  4057.000000       1.0000       0.0000    
  4058.000000       1.0000       0.0000    
  4059.000000       1.0000       3.7489    
  4060.000000       1.0000       35.988    
  4061.000000       1.0000       117.36    
  4062.000000       1.0000       269.02    
  4063.000000       1.0000       662.12    
  4064.000000       1.0000       907.63    
  4065.000000       1.0000       657.16    
  4066.000000       1.0000       1398.9    
  4067.000000       1.0000       1435.9    
  4068.000000       1.0000       863.32    
  4069.000000       1.0000       796.64    
  4070.000000       1.0000       690.75    
  4071.000000       1.0000       557.23    
  4072.000000       1.0000       436.70    
  4073.000000       1.0000       332.63    
  4074.000000       1.0000       159.26    
  4075.000000       1.0000       19.779    
  4076.000000       1.0000      0.70744    
  4077.000000       1.0000       0.0000    
  4078.000000       1.0000       0.0000    
  4079.000000       1.0000       0.0000    
  4080.000000       1.0000       0.0000    
  4081.000000       1.0000       0.0000    
  4082.000000       1.0000      8.88232E-02
  4083.000000       1.0000       6.3457    
  4084.000000       1.0000       121.43    
  4085.000000       1.0000       321.82    
  4086.000000       1.0000       706.27    
  4087.000000       1.0000       970.36    
  4088.000000       1.0000       1660.5    
  4089.000000       1.0000       1396.9    
  4090.000000       1.0000       883.53    
  4091.000000       1.0000       2224.6    
  4092.000000       1.0000       1960.8    
  4093.000000       1.0000       2672.9    
  4094.000000       1.0000       1612.4    
  4095.000000       1.0000       926.33    
  4096.000000       1.0000       688.19    
  4097.000000       1.0000       436.18    
  4098.000000       1.0000       191.12    
  4099.000000       1.0000       69.132    
  4100.000000       1.0000       8.2588    
  4101.000000       1.0000       0.0000    
  4102.000000       1.0000       0.0000    
  4103.000000       1.0000       0.0000    
  4104.000000       1.0000       0.0000    
  4105.000000       1.0000       0.0000    
  4106.000000       1.0000      4.51951E-02
  4107.000000       1.0000       5.2935    
  4108.000000       1.0000       110.08    
  4109.000000       1.0000       324.69    
  4110.000000       1.0000       767.52    
  4111.000000       1.0000       1051.2    
  4112.000000       1.0000       1289.3    
  4113.000000       1.0000       876.69    
  4114.000000       1.0000       1344.9    
  4115.000000       1.0000       1781.0    
  4116.000000       1.0000       1930.5    
  4117.000000       1.0000       1607.5    
  4118.000000       1.0000       1019.3    
  4119.000000       1.0000       598.95    
  4120.000000       1.0000       394.89    
  4121.000000       1.0000       142.67    
  4122.000000       1.0000       57.856    
  4123.000000       1.0000       6.8095    
  4124.000000       1.0000       0.0000    
  4125.000000       1.0000       0.0000    
  4126.000000       1.0000       0.0000    
  4127.000000       1.0000       0.0000    
  4128.000000       1.0000       0.0000    
  4129.000000       1.0000      0.11388    
  4130.000000       1.0000       4.1067    
  4131.000000       1.0000       44.359    
  4132.000000       1.0000       136.21    
  4133.000000       1.0000       190.73    
  4134.000000       1.0000       279.96    
  4135.000000       1.0000       162.16    
  4136.000000       1.0000       167.45    
  4137.000000       1.0000       151.50    
  4138.000000       1.0000       391.17    
  4139.000000       1.0000       717.09    
  4140.000000       1.0000       996.45    
  4141.000000       1.0000       902.62    
  4142.000000       1.0000       419.19    
  4143.000000       1.0000       299.52    
  4144.000000       1.0000       125.31    
  4145.000000       1.0000       72.733    
  4146.000000       1.0000       53.585    
  4147.000000       1.0000       5.9228    
  4148.000000       1.0000      0.32843    
  4149.000000       1.0000      4.49789E-18
  4150.000000       1.0000       0.0000    
  4151.000000       1.0000       0.0000    
  4152.000000       1.0000       0.0000    
  4153.000000       1.0000       0.0000    
  4154.000000       1.0000       3.1170    
  4155.000000       1.0000       36.120    
  4156.000000       1.0000       145.58    
  4157.000000       1.0000       351.75    
  4158.000000       1.0000       672.95    
  4159.000000       1.0000       1527.2    
  4160.000000       1.0000       1869.5    
  4161.000000       1.0000       2450.6    
  4162.000000       1.0000       2640.6    
  4163.000000       1.0000       2672.0    
  4164.000000       1.0000       2160.5    
  4165.000000       1.0000       2129.6    
  4166.000000       1.0000       1691.7    
  4167.000000       1.0000       1110.9    
  4168.000000       1.0000       721.26    
  4169.000000       1.0000       306.45    
  4170.000000       1.0000       137.62    
  4171.000000       1.0000       17.716    
  4172.000000       1.0000      0.61344    
  4173.000000       1.0000       0.0000    
  4174.000000       1.0000       0.0000    
  4175.000000       1.0000       0.0000    
  4176.000000       1.0000       0.0000    
  4177.000000       1.0000      0.54077    
  4178.000000       1.0000       12.890    
  4179.000000       1.0000       104.81    
  4180.000000       1.0000       187.61    
  4181.000000       1.0000       535.03    
  4182.000000       1.0000       988.22    
  4183.000000       1.0000       1597.3    
  4184.000000       1.0000       2133.3    
  4185.000000       1.0000       2172.4    
  4186.000000       1.0000       2299.6    
  4187.000000       1.0000       2731.6    
  4188.000000       1.0000       2726.1    
  4189.000000       1.0000       2552.3    
  4190.000000       1.0000       2259.8    
  4191.000000       1.0000       1521.2    
  4192.000000       1.0000       672.16    
  4193.000000       1.0000       154.52    
  4194.000000       1.0000       72.133    
  4195.000000       1.0000       15.230    
  4196.000000       1.0000      0.49012    
  4197.000000       1.0000      2.05060E-17
  4198.000000       1.0000       0.0000    
  4199.000000       1.0000       0.0000    
  4200.000000       1.0000       0.0000    
  4201.000000       1.0000      6.81589E-02
  4202.000000       1.0000       12.581    
  4203.000000       1.0000       80.694    
  4204.000000       1.0000       222.33    
  4205.000000       1.0000       420.73    
  4206.000000       1.0000       653.47    
  4207.000000       1.0000       1093.4    
  4208.000000       1.0000       1862.4    
  4209.000000       1.0000       2413.4    
  4210.000000       1.0000       2841.1    
  4211.000000       1.0000       3054.5    
  4212.000000       1.0000       2972.1    
  4213.000000       1.0000       1792.6    
  4214.000000       1.0000       2040.7    
  4215.000000       1.0000       1369.0    
  4216.000000       1.0000       675.99    
  4217.000000       1.0000       212.37    
  4218.000000       1.0000       74.212    
  4219.000000       1.0000       17.663    
  4220.000000       1.0000       1.0053    
  4221.000000       1.0000     -1.58334E-17
  4222.000000       1.0000       0.0000    
  4223.000000       1.0000       0.0000    
  4224.000000       1.0000       0.0000    
  4225.000000       1.0000       0.0000    
  4226.000000       1.0000       3.2646    
  4227.000000       1.0000       49.778    
  4228.000000       1.0000       192.94    
  4229.000000       1.0000       357.76    
  4230.000000       1.0000       899.35    
  4231.000000       1.0000       1688.9    
  4232.000000       1.0000       2323.3    
  4233.000000       1.0000       2799.5    
  4234.000000       1.0000       3054.0    
  4235.000000       1.0000       3141.2    
  4236.000000       1.0000       3048.3    
  4237.000000       1.0000       2713.1    
  4238.000000       1.0000       2148.6    
  4239.000000       1.0000       1458.0    
  4240.000000       1.0000       668.06    
  4241.000000       1.0000       156.72    
  4242.000000       1.0000       72.480    
  4243.000000       1.0000       18.174    
  4244.000000       1.0000      0.75872    
  4245.000000       1.0000     -9.88011E-17
  4246.000000       1.0000       0.0000    
  4247.000000       1.0000       0.0000    
  4248.000000       1.0000       0.0000    
  4249.000000       1.0000      2.97305E-02
  4250.000000       1.0000       2.1448    
  4251.000000       1.0000       40.572    
  4252.000000       1.0000       106.13    
  4253.000000       1.0000       431.36    
  4254.000000       1.0000       929.53    
  4255.000000       1.0000       1304.1    
  4256.000000       1.0000       1918.5    
  4257.000000       1.0000       2738.6    
  4258.000000       1.0000       2987.9    
  4259.000000       1.0000       2776.4    
  4260.000000       1.0000       2624.3    
  4261.000000       1.0000       1241.8    
  4262.000000       1.0000       867.76    
  4263.000000       1.0000       207.53    
  4264.000000       1.0000       48.112    
  4265.000000       1.0000       78.364    
  4266.000000       1.0000       1.4571    
  4267.000000       1.0000      8.14724E-02
  4268.000000       1.0000       0.0000    
  4269.000000       1.0000       0.0000    
  4270.000000       1.0000       0.0000    
  4271.000000       1.0000       0.0000    
  4272.000000       1.0000       0.0000    
  4273.000000       1.0000       0.0000    
  4274.000000       1.0000       1.1685    
  4275.000000       1.0000       27.776    
  4276.000000       1.0000       140.78    
  4277.000000       1.0000       271.39    
  4278.000000       1.0000       449.09    
  4279.000000       1.0000       750.47    
  4280.000000       1.0000       1184.0    
  4281.000000       1.0000       1538.6    
  4282.000000       1.0000       577.44    
  4283.000000       1.0000       484.35    
  4284.000000       1.0000       1360.5    
  4285.000000       1.0000       886.69    
  4286.000000       1.0000       999.99    
  4287.000000       1.0000       266.45    
  4288.000000       1.0000       440.85    
  4289.000000       1.0000       253.80    
  4290.000000       1.0000       104.18    
  4291.000000       1.0000       21.452    
  4292.000000       1.0000       1.3637    
  4293.000000       1.0000       0.0000    
  4294.000000       1.0000       0.0000    
  4295.000000       1.0000       0.0000    
  4296.000000       1.0000       0.0000    
  4297.000000       1.0000      7.74810E-02
  4298.000000       1.0000       2.5165    
  4299.000000       1.0000       43.820    
  4300.000000       1.0000       119.90    
  4301.000000       1.0000       423.58    
  4302.000000       1.0000       929.56    
  4303.000000       1.0000       1293.2    
  4304.000000       1.0000       2157.0    
  4305.000000       1.0000       2718.0    
  4306.000000       1.0000       2162.4    
  4307.000000       1.0000       3188.2    
  4308.000000       1.0000       1984.9    
  4309.000000       1.0000       2347.9    
  4310.000000       1.0000       1192.5    
  4311.000000       1.0000       971.04    
  4312.000000       1.0000       669.95    
  4313.000000       1.0000       191.47    
  4314.000000       1.0000       84.800    
  4315.000000       1.0000       20.198    
  4316.000000       1.0000       1.0528    
  4317.000000       1.0000      1.09210E-16
  4318.000000       1.0000       0.0000    
  4319.000000       1.0000       0.0000    
  4320.000000       1.0000       0.0000    
  4321.000000       1.0000       0.0000    
  4322.000000       1.0000       3.4501    
  4323.000000       1.0000       45.445    
  4324.000000       1.0000       151.55    
  4325.000000       1.0000       213.56    
  4326.000000       1.0000       331.30    
  4327.000000       1.0000       337.65    
  4328.000000       1.0000       297.71    
  4329.000000       1.0000       285.68    
  4330.000000       1.0000       387.75    
  4331.000000       1.0000       814.90    
  4332.000000       1.0000       977.14    
  4333.000000       1.0000       776.83    
  4334.000000       1.0000       751.32    
  4335.000000       1.0000       458.06    
  4336.000000       1.0000       466.33    
  4337.000000       1.0000       269.84    
  4338.000000       1.0000       77.840    
  4339.000000       1.0000       5.1654    
  4340.000000       1.0000      0.17044    
  4341.000000       1.0000     -2.27839E-18
  4342.000000       1.0000       0.0000    
  4343.000000       1.0000       0.0000    
  4344.000000       1.0000       0.0000    
  4345.000000       1.0000       0.0000    
  4346.000000       1.0000      6.70281E-02
  4347.000000       1.0000       16.093    
  4348.000000       1.0000       95.182    
  4349.000000       1.0000       255.52    
  4350.000000       1.0000       478.37    
  4351.000000       1.0000       624.46    
  4352.000000       1.0000       1315.4    
  4353.000000       1.0000       2042.1    
  4354.000000       1.0000       1640.5    
  4355.000000       1.0000       2013.7    
  4356.000000       1.0000       2446.8    
  4357.000000       1.0000       2257.6    
  4358.000000       1.0000       1542.3    
  4359.000000       1.0000       734.94    
  4360.000000       1.0000       199.80    
  4361.000000       1.0000       84.093    
  4362.000000       1.0000       18.341    
  4363.000000       1.0000       1.1488    
  4364.000000       1.0000       0.0000    
  4365.000000       1.0000       0.0000    
  4366.000000       1.0000       0.0000    
  4367.000000       1.0000       0.0000    
  4368.000000       1.0000       0.0000    
  4369.000000       1.0000       12.908    
  4370.000000       1.0000       113.09    
  4371.000000       1.0000       207.84    
  4372.000000       1.0000       277.01    
  4373.000000       1.0000       389.32    
  4374.000000       1.0000       291.62    
  4375.000000       1.0000       528.84    
  4376.000000       1.0000       1111.3    
  4377.000000       1.0000       982.89    
  4378.000000       1.0000       365.33    
  4379.000000       1.0000       467.29    
  4380.000000       1.0000       255.01    
  4381.000000       1.0000       158.17    
  4382.000000       1.0000       75.049    
  4383.000000       1.0000       53.701    
  4384.000000       1.0000       23.967    
  4385.000000       1.0000       8.6921    
  4386.000000       1.0000      3.05606E-03
  4387.000000       1.0000      9.07620E-32
  4388.000000       1.0000       0.0000    
  4389.000000       1.0000       0.0000    
  4390.000000       1.0000       0.0000    
  4391.000000       1.0000       0.0000    
  4392.000000       1.0000       0.0000    
  4393.000000       1.0000      1.41260E-02
  4394.000000       1.0000       16.036    
  4395.000000       1.0000       73.189    
  4396.000000       1.0000       344.13    
  4397.000000       1.0000       759.11    
  4398.000000       1.0000       1299.5    
  4399.000000       1.0000       1830.9    
  4400.000000       1.0000       1772.4    
  4401.000000       1.0000       1540.5    
  4402.000000       1.0000       1608.7    
  4403.000000       1.0000       969.14    
  4404.000000       1.0000       2105.4    
  4405.000000       1.0000       1553.7    
  4406.000000       1.0000       638.50    
  4407.000000       1.0000       472.42    
  4408.000000       1.0000       118.13    
  4409.000000       1.0000       39.121    
  4410.000000       1.0000       1.6571    
  4411.000000       1.0000       0.0000    
  4412.000000       1.0000       0.0000    
  4413.000000       1.0000       0.0000    
  4414.000000       1.0000       0.0000    
  4415.000000       1.0000       0.0000    
  4416.000000       1.0000       0.0000    
  4417.000000       1.0000      9.34969E-02
  4418.000000       1.0000       1.4590    
  4419.000000       1.0000       23.024    
  4420.000000       1.0000       225.71    
  4421.000000       1.0000       363.89    
  4422.000000       1.0000       643.80    
  4423.000000       1.0000       403.64    
  4424.000000       1.0000       616.28    
  4425.000000       1.0000       966.14    
  4426.000000       1.0000       849.21    
  4427.000000       1.0000       1318.4    
  4428.000000       1.0000       1875.0    
  4429.000000       1.0000       1971.8    
  4430.000000       1.0000       1351.4    
  4431.000000       1.0000       532.84    
  4432.000000       1.0000       316.48    
  4433.000000       1.0000       209.95    
  4434.000000       1.0000       104.27    
  4435.000000       1.0000       8.5945    
  4436.000000       1.0000      7.66313E-02
  4437.000000       1.0000       0.0000    
  4438.000000       1.0000       0.0000    
  4439.000000       1.0000       0.0000    
  4440.000000       1.0000      0.16517    
  4441.000000       1.0000       10.760    
  4442.000000       1.0000       79.935    
  4443.000000       1.0000       202.93    
  4444.000000       1.0000       426.13    
  4445.000000       1.0000       707.21    
  4446.000000       1.0000       1095.6    
  4447.000000       1.0000       1161.7    
  4448.000000       1.0000       1767.1    
  4449.000000       1.0000       1419.6    
  4450.000000       1.0000       1521.2    
  4451.000000       1.0000       1601.1    
  4452.000000       1.0000       836.72    
  4453.000000       1.0000       698.98    
  4454.000000       1.0000       579.49    
  4455.000000       1.0000       183.89    
  4456.000000       1.0000       122.24    
  4457.000000       1.0000      0.35798    
  4458.000000       1.0000       0.0000    
  4459.000000       1.0000       0.0000    
  4460.000000       1.0000       0.0000    
  4461.000000       1.0000       0.0000    
  4462.000000       1.0000       0.0000    
  4463.000000       1.0000       0.0000    
  4464.000000       1.0000      2.11014E-02
  4465.000000       1.0000       5.9994    
  4466.000000       1.0000       58.413    
  4467.000000       1.0000       155.13    
  4468.000000       1.0000       516.86    
  4469.000000       1.0000       1121.7    
  4470.000000       1.0000       1401.8    
  4471.000000       1.0000       1727.7    
  4472.000000       1.0000       2065.7    
  4473.000000       1.0000       1949.0    
  4474.000000       1.0000       1499.1    
  4475.000000       1.0000       764.09    
  4476.000000       1.0000       405.82    
  4477.000000       1.0000       146.51    
  4478.000000       1.0000       224.66    
  4479.000000       1.0000       210.41    
  4480.000000       1.0000       214.45    
  4481.000000       1.0000       109.94    
  4482.000000       1.0000       13.925    
  4483.000000       1.0000      0.75673    
  4484.000000       1.0000      7.03216E-28
  4485.000000       1.0000       0.0000    
  4486.000000       1.0000       0.0000    
  4487.000000       1.0000       0.0000    
  4488.000000       1.0000      0.10210    
  4489.000000       1.0000       1.3029    
  4490.000000       1.0000       15.286    
  4491.000000       1.0000       73.826    
  4492.000000       1.0000       87.726    
  4493.000000       1.0000       674.35    
  4494.000000       1.0000       385.14    
  4495.000000       1.0000       551.74    
  4496.000000       1.0000       702.85    
  4497.000000       1.0000       880.76    
  4498.000000       1.0000       595.68    
  4499.000000       1.0000       308.10    
  4500.000000       1.0000       226.68    
  4501.000000       1.0000       324.73    
  4502.000000       1.0000       101.99    
  4503.000000       1.0000       206.32    
  4504.000000       1.0000       223.62    
  4505.000000       1.0000       81.159    
  4506.000000       1.0000       12.289    
  4507.000000       1.0000      0.12196    
  4508.000000       1.0000       0.0000    
  4509.000000       1.0000       0.0000    
  4510.000000       1.0000       0.0000    
  4511.000000       1.0000       0.0000    
  4512.000000       1.0000       0.0000    
  4513.000000       1.0000      0.93910    
  4514.000000       1.0000       42.649    
  4515.000000       1.0000       176.26    
  4516.000000       1.0000       454.71    
  4517.000000       1.0000       842.06    
  4518.000000       1.0000       1507.3    
  4519.000000       1.0000       2347.9    
  4520.000000       1.0000       2307.0    
  4521.000000       1.0000       2802.4    
  4522.000000       1.0000       2909.0    
  4523.000000       1.0000       2791.2    
  4524.000000       1.0000       1637.5    
  4525.000000       1.0000       1660.6    
  4526.000000       1.0000       1136.1    
  4527.000000       1.0000       601.33    
  4528.000000       1.0000       232.93    
  4529.000000       1.0000       117.82    
  4530.000000       1.0000       22.044    
  4531.000000       1.0000      0.11272    
  4532.000000       1.0000      1.06865E-33
  4533.000000       1.0000       0.0000    
  4534.000000       1.0000       0.0000    
  4535.000000       1.0000       0.0000    
  4536.000000       1.0000       0.0000    
  4537.000000       1.0000       1.9928    
  4538.000000       1.0000       57.585    
  4539.000000       1.0000       187.40    
  4540.000000       1.0000       337.86    
  4541.000000       1.0000       1008.4    
  4542.000000       1.0000       1645.1    
  4543.000000       1.0000       2281.9    
  4544.000000       1.0000       2704.8    
  4545.000000       1.0000       2753.4    
  4546.000000       1.0000       3144.9    
  4547.000000       1.0000       3039.7    
  4548.000000       1.0000       2698.3    
  4549.000000       1.0000       2004.4    
  4550.000000       1.0000       1344.4    
  4551.000000       1.0000       703.79    
  4552.000000       1.0000       203.84    
  4553.000000       1.0000       74.539    
  4554.000000       1.0000       9.1295    
  4555.000000       1.0000      0.60618    
  4556.000000       1.0000      1.69671E-34
  4557.000000       1.0000       0.0000    
  4558.000000       1.0000       0.0000    
  4559.000000       1.0000       0.0000    
  4560.000000       1.0000      0.11332    
  4561.000000       1.0000       2.9095    
  4562.000000       1.0000       79.579    
  4563.000000       1.0000       184.18    
  4564.000000       1.0000       450.29    
  4565.000000       1.0000       1014.9    
  4566.000000       1.0000       1625.9    
  4567.000000       1.0000       2219.2    
  4568.000000       1.0000       2249.2    
  4569.000000       1.0000       1595.6    
  4570.000000       1.0000       1523.3    
  4571.000000       1.0000       2812.1    
  4572.000000       1.0000       2739.0    
  4573.000000       1.0000       1852.9    
  4574.000000       1.0000       1474.2    
  4575.000000       1.0000       677.04    
  4576.000000       1.0000       152.77    
  4577.000000       1.0000       60.648    
  4578.000000       1.0000       16.368    
  4579.000000       1.0000      8.61738E-02
  4580.000000       1.0000       0.0000    
  4581.000000       1.0000       0.0000    
  4582.000000       1.0000       0.0000    
  4583.000000       1.0000       0.0000    
  4584.000000       1.0000      7.21369E-03
  4585.000000       1.0000       7.5289    
  4586.000000       1.0000       74.547    
  4587.000000       1.0000       210.10    
  4588.000000       1.0000       362.00    
  4589.000000       1.0000       961.88    
  4590.000000       1.0000       1326.9    
  4591.000000       1.0000       1656.5    
  4592.000000       1.0000       1118.2    
  4593.000000       1.0000       899.05    
  4594.000000       1.0000       761.59    
  4595.000000       1.0000       335.47    
  4596.000000       1.0000       280.24    
  4597.000000       1.0000       209.25    
  4598.000000       1.0000       232.04    
  4599.000000       1.0000       68.356    
  4600.000000       1.0000       31.296    
  4601.000000       1.0000       3.8067    
  4602.000000       1.0000      2.80336E-02
  4603.000000       1.0000      3.83055E-29
  4604.000000       1.0000       0.0000    
  4605.000000       1.0000       0.0000    
  4606.000000       1.0000       0.0000    
  4607.000000       1.0000       0.0000    
  4608.000000       1.0000       0.0000    
  4609.000000       1.0000      2.31019E-02
  4610.000000       1.0000       5.3696    
  4611.000000       1.0000       91.086    
  4612.000000       1.0000       410.06    
  4613.000000       1.0000       751.62    
  4614.000000       1.0000       1234.4    
  4615.000000       1.0000       1676.5    
  4616.000000       1.0000       1387.8    
  4617.000000       1.0000       1826.8    
  4618.000000       1.0000       1661.3    
  4619.000000       1.0000       1608.5    
  4620.000000       1.0000       1797.0    
  4621.000000       1.0000       713.94    
  4622.000000       1.0000       349.94    
  4623.000000       1.0000       143.91    
  4624.000000       1.0000       142.60    
  4625.000000       1.0000       49.765    
  4626.000000       1.0000      0.13140    
  4627.000000       1.0000       0.0000    
  4628.000000       1.0000       0.0000    
  4629.000000       1.0000       0.0000    
  4630.000000       1.0000       0.0000    
  4631.000000       1.0000       0.0000    
  4632.000000       1.0000       0.0000    
  4633.000000       1.0000       4.4999    
  4634.000000       1.0000       37.125    
  4635.000000       1.0000       73.250    
  4636.000000       1.0000       65.250    
  4637.000000       1.0000       56.125    
  4638.000000       1.0000       46.020    
  4639.000000       1.0000       108.00    
  4640.000000       1.0000       173.72    
  4641.000000       1.0000       366.78    
  4642.000000       1.0000       38.354    
  4643.000000       1.0000       51.895    
  4644.000000       1.0000       72.529    
  4645.000000       1.0000       170.46    
  4646.000000       1.0000       559.15    
  4647.000000       1.0000       599.42    
  4648.000000       1.0000       290.35    
  4649.000000       1.0000       130.39    
  4650.000000       1.0000       18.454    
  4651.000000       1.0000      0.69997    
  4652.000000       1.0000       0.0000    
  4653.000000       1.0000       0.0000    
  4654.000000       1.0000       0.0000    
  4655.000000       1.0000       0.0000    
  4656.000000       1.0000       0.0000    
  4657.000000       1.0000       1.2179    
  4658.000000       1.0000       32.887    
  4659.000000       1.0000       194.76    
  4660.000000       1.0000       354.57    
  4661.000000       1.0000       438.27    
  4662.000000       1.0000       976.39    
  4663.000000       1.0000       1012.3    
  4664.000000       1.0000       978.86    
  4665.000000       1.0000       1622.9    
  4666.000000       1.0000       1741.6    
  4667.000000       1.0000       1553.7    
  4668.000000       1.0000       2092.2    
  4669.000000       1.0000       1667.2    
  4670.000000       1.0000       1169.6    
  4671.000000       1.0000       476.43    
  4672.000000       1.0000       139.47    
  4673.000000       1.0000       111.83    
  4674.000000       1.0000       7.4004    
  4675.000000       1.0000      0.29062    
  4676.000000       1.0000     -1.05514E-32
  4677.000000       1.0000       0.0000    
  4678.000000       1.0000       0.0000    
  4679.000000       1.0000       0.0000    
  4680.000000       1.0000       0.0000    
  4681.000000       1.0000       2.5886    
  4682.000000       1.0000       48.880    
  4683.000000       1.0000       156.62    
  4684.000000       1.0000       434.15    
  4685.000000       1.0000       913.18    
  4686.000000       1.0000       1100.0    
  4687.000000       1.0000       1422.8    
  4688.000000       1.0000       1242.6    
  4689.000000       1.0000       1326.0    
  4690.000000       1.0000       1355.7    
  4691.000000       1.0000       1714.1    
  4692.000000       1.0000       1960.6    
  4693.000000       1.0000       1309.5    
  4694.000000       1.0000       1123.4    
  4695.000000       1.0000       507.39    
  4696.000000       1.0000       222.56    
  4697.000000       1.0000       87.471    
  4698.000000       1.0000       10.003    
  4699.000000       1.0000      0.28523    
  4700.000000       1.0000     -9.35424E-50
  4701.000000       1.0000       0.0000    
  4702.000000       1.0000       0.0000    
  4703.000000       1.0000       0.0000    
  4704.000000       1.0000       0.0000    
  4705.000000       1.0000      4.82700E-02
  4706.000000       1.0000       31.464    
  4707.000000       1.0000       121.23    
  4708.000000       1.0000       118.21    
  4709.000000       1.0000       124.63    
  4710.000000       1.0000       503.72    
  4711.000000       1.0000       396.50    
  4712.000000       1.0000       789.15    
  4713.000000       1.0000       555.66    
  4714.000000       1.0000       832.27    
  4715.000000       1.0000       700.31    
  4716.000000       1.0000       1251.2    
  4717.000000       1.0000       1493.5    
  4718.000000       1.0000       1151.5    
  4719.000000       1.0000       597.36    
  4720.000000       1.0000       245.50    
  4721.000000       1.0000       66.406    
  4722.000000       1.0000       5.7114    
  4723.000000       1.0000       0.0000    
  4724.000000       1.0000       0.0000    
  4725.000000       1.0000       0.0000    
  4726.000000       1.0000       0.0000    
  4727.000000       1.0000       0.0000    
  4728.000000       1.0000       0.0000    
  4729.000000       1.0000       0.0000    
  4730.000000       1.0000      0.49838    
  4731.000000       1.0000       8.6100    
  4732.000000       1.0000       52.974    
  4733.000000       1.0000       175.29    
  4734.000000       1.0000       469.98    
  4735.000000       1.0000       931.79    
  4736.000000       1.0000       2033.1    
  4737.000000       1.0000       2320.0    
  4738.000000       1.0000       1135.4    
  4739.000000       1.0000       969.62    
  4740.000000       1.0000       1228.6    
  4741.000000       1.0000       935.51    
  4742.000000       1.0000       832.45    
  4743.000000       1.0000       391.75    
  4744.000000       1.0000       150.87    
  4745.000000       1.0000       115.46    
  4746.000000       1.0000       19.661    
  4747.000000       1.0000      0.99485    
  4748.000000       1.0000      2.87317E-17
  4749.000000       1.0000       0.0000    
  4750.000000       1.0000       0.0000    
  4751.000000       1.0000       0.0000    
  4752.000000       1.0000       0.0000    
  4753.000000       1.0000      1.39693E-02
  4754.000000       1.0000       10.059    
  4755.000000       1.0000       70.337    
  4756.000000       1.0000       222.24    
  4757.000000       1.0000       546.06    
  4758.000000       1.0000       629.33    
  4759.000000       1.0000       1287.3    
  4760.000000       1.0000       1109.9    
  4761.000000       1.0000       815.53    
  4762.000000       1.0000       1101.3    
  4763.000000       1.0000       1861.8    
  4764.000000       1.0000       1309.5    
  4765.000000       1.0000       1812.3    
  4766.000000       1.0000       921.26    
  4767.000000       1.0000       597.60    
  4768.000000       1.0000       151.75    
  4769.000000       1.0000       94.802    
  4770.000000       1.0000       14.074    
  4771.000000       1.0000      0.93297    
  4772.000000       1.0000      2.64944E-17
  4773.000000       1.0000       0.0000    
  4774.000000       1.0000       0.0000    
  4775.000000       1.0000       0.0000    
  4776.000000       1.0000       0.0000    
  4777.000000       1.0000       2.5224    
  4778.000000       1.0000       48.013    
  4779.000000       1.0000       163.50    
  4780.000000       1.0000       385.14    
  4781.000000       1.0000       875.28    
  4782.000000       1.0000       1368.7    
  4783.000000       1.0000       2080.2    
  4784.000000       1.0000       1730.5    
  4785.000000       1.0000       2563.7    
  4786.000000       1.0000       1104.1    
  4787.000000       1.0000       964.82    
  4788.000000       1.0000       1647.3    
  4789.000000       1.0000       1347.0    
  4790.000000       1.0000       875.87    
  4791.000000       1.0000       554.27    
  4792.000000       1.0000       321.80    
  4793.000000       1.0000       131.58    
  4794.000000       1.0000       24.606    
  4795.000000       1.0000      0.91086    
  4796.000000       1.0000       0.0000    
  4797.000000       1.0000       0.0000    
  4798.000000       1.0000       0.0000    
  4799.000000       1.0000       0.0000    
  4800.000000       1.0000       0.0000    
  4801.000000       1.0000       4.5608    
  4802.000000       1.0000       50.091    
  4803.000000       1.0000       122.34    
  4804.000000       1.0000       380.16    
  4805.000000       1.0000       601.44    
  4806.000000       1.0000       778.00    
  4807.000000       1.0000       2008.4    
  4808.000000       1.0000       2560.5    
  4809.000000       1.0000       2945.4    
  4810.000000       1.0000       3321.0    
  4811.000000       1.0000       3212.0    
  4812.000000       1.0000       1978.8    
  4813.000000       1.0000       1760.5    
  4814.000000       1.0000       1214.0    
  4815.000000       1.0000       549.08    
  4816.000000       1.0000       240.94    
  4817.000000       1.0000       95.112    
  4818.000000       1.0000       5.0999    
  4819.000000       1.0000      0.13868    
  4820.000000       1.0000      4.26995E-31
  4821.000000       1.0000       0.0000    
  4822.000000       1.0000       0.0000    
  4823.000000       1.0000       0.0000    
  4824.000000       1.0000       0.0000    
  4825.000000       1.0000      9.94560E-02
  4826.000000       1.0000       6.5664    
  4827.000000       1.0000       99.003    
  4828.000000       1.0000       310.65    
  4829.000000       1.0000       678.27    
  4830.000000       1.0000       726.09    
  4831.000000       1.0000       698.51    
  4832.000000       1.0000       1606.7    
  4833.000000       1.0000       2506.6    
  4834.000000       1.0000       2788.5    
  4835.000000       1.0000       2881.6    
  4836.000000       1.0000       1806.5    
  4837.000000       1.0000       1140.1    
  4838.000000       1.0000       940.70    
  4839.000000       1.0000       642.49    
  4840.000000       1.0000       268.58    
  4841.000000       1.0000       82.472    
  4842.000000       1.0000       3.6630    
  4843.000000       1.0000      2.72759E-02
  4844.000000       1.0000       0.0000    
  4845.000000       1.0000       0.0000    
  4846.000000       1.0000       0.0000    
  4847.000000       1.0000       0.0000    
  4848.000000       1.0000       0.0000    
  4849.000000       1.0000       2.6241    
  4850.000000       1.0000       46.386    
  4851.000000       1.0000       218.26    
  4852.000000       1.0000       415.82    
  4853.000000       1.0000       792.76    
  4854.000000       1.0000       1376.1    
  4855.000000       1.0000       1013.2    
  4856.000000       1.0000       1268.9    
  4857.000000       1.0000       570.42    
  4858.000000       1.0000       848.13    
  4859.000000       1.0000       934.38    
  4860.000000       1.0000       775.17    
  4861.000000       1.0000       794.93    
  4862.000000       1.0000       691.03    
  4863.000000       1.0000       470.73    
  4864.000000       1.0000       228.70    
  4865.000000       1.0000       50.100    
  4866.000000       1.0000       1.3181    
  4867.000000       1.0000       0.0000    
  4868.000000       1.0000       0.0000    
  4869.000000       1.0000       0.0000    
  4870.000000       1.0000       0.0000    
  4871.000000       1.0000       0.0000    
  4872.000000       1.0000       0.0000    
  4873.000000       1.0000       1.4169    
  4874.000000       1.0000       26.431    
  4875.000000       1.0000       127.76    
  4876.000000       1.0000       260.05    
  4877.000000       1.0000       574.18    
  4878.000000       1.0000       1262.5    
  4879.000000       1.0000       1262.5    
  4880.000000       1.0000       1436.0    
  4881.000000       1.0000       2644.6    
  4882.000000       1.0000       1809.3    
  4883.000000       1.0000       1377.9    
  4884.000000       1.0000       1808.5    
  4885.000000       1.0000       1576.0    
  4886.000000       1.0000       1086.7    
  4887.000000       1.0000       789.07    
  4888.000000       1.0000       210.32    
  4889.000000       1.0000       55.221    
  4890.000000       1.0000       4.8752    
  4891.000000       1.0000      1.46770E-02
  4892.000000       1.0000       0.0000    
  4893.000000       1.0000       0.0000    
  4894.000000       1.0000       0.0000    
  4895.000000       1.0000       0.0000    
  4896.000000       1.0000       0.0000    
  4897.000000       1.0000       1.1973    
  4898.000000       1.0000       32.439    
  4899.000000       1.0000       160.74    
  4900.000000       1.0000       387.00    
  4901.000000       1.0000       947.51    
  4902.000000       1.0000       1483.7    
  4903.000000       1.0000       1662.0    
  4904.000000       1.0000       2026.8    
  4905.000000       1.0000       2171.7    
  4906.000000       1.0000       2631.2    
  4907.000000       1.0000       1707.6    
  4908.000000       1.0000       1181.7    
  4909.000000       1.0000       1162.7    
  4910.000000       1.0000       537.36    
  4911.000000       1.0000       353.52    
  4912.000000       1.0000       157.26    
  4913.000000       1.0000       25.413    
  4914.000000       1.0000       2.0643    
  4915.000000       1.0000     -6.67696E-18
  4916.000000       1.0000       0.0000    
  4917.000000       1.0000       0.0000    
  4918.000000       1.0000       0.0000    
  4919.000000       1.0000       0.0000    
  4920.000000       1.0000       0.0000    
  4921.000000       1.0000       0.0000    
  4922.000000       1.0000       0.0000    
  4923.000000       1.0000       1.5842    
  4924.000000       1.0000       45.470    
  4925.000000       1.0000       178.30    
  4926.000000       1.0000       390.99    
  4927.000000       1.0000       1096.5    
  4928.000000       1.0000       1926.6    
  4929.000000       1.0000       2647.1    
  4930.000000       1.0000       2913.2    
  4931.000000       1.0000       2832.1    
  4932.000000       1.0000       2753.1    
  4933.000000       1.0000       2498.7    
  4934.000000       1.0000       1638.1    
  4935.000000       1.0000       1169.2    
  4936.000000       1.0000       779.20    
  4937.000000       1.0000       371.44    
  4938.000000       1.0000       135.77    
  4939.000000       1.0000       28.864    
  4940.000000       1.0000       2.3073    
  4941.000000       1.0000       0.0000    
  4942.000000       1.0000       0.0000    
  4943.000000       1.0000       0.0000    
  4944.000000       1.0000       0.0000    
  4945.000000       1.0000       0.0000    
  4946.000000       1.0000       0.0000    
  4947.000000       1.0000       2.7095    
  4948.000000       1.0000       53.977    
  4949.000000       1.0000       194.08    
  4950.000000       1.0000       432.12    
  4951.000000       1.0000       524.00    
  4952.000000       1.0000       520.82    
  4953.000000       1.0000       344.24    
  4954.000000       1.0000       266.16    
  4955.000000       1.0000       367.88    
  4956.000000       1.0000       682.72    
  4957.000000       1.0000       1036.8    
  4958.000000       1.0000       459.99    
  4959.000000       1.0000       50.620    
  4960.000000       1.0000       106.90    
  4961.000000       1.0000       86.323    
  4962.000000       1.0000       38.910    
  4963.000000       1.0000       15.838    
  4964.000000       1.0000       1.7367    
  4965.000000       1.0000       0.0000    
  4966.000000       1.0000       0.0000    
  4967.000000       1.0000       0.0000    
  4968.000000       1.0000       0.0000    
  4969.000000       1.0000       0.0000    
  4970.000000       1.0000      0.15257    
  4971.000000       1.0000       5.7927    
  4972.000000       1.0000       57.517    
  4973.000000       1.0000       175.80    
  4974.000000       1.0000       365.45    
  4975.000000       1.0000       779.13    
  4976.000000       1.0000       1307.2    
  4977.000000       1.0000       2388.5    
  4978.000000       1.0000       2676.4    
  4979.000000       1.0000       2399.2    
  4980.000000       1.0000       1782.9    
  4981.000000       1.0000       1685.4    
  4982.000000       1.0000       1982.9    
  4983.000000       1.0000       1818.8    
  4984.000000       1.0000       1230.1    
  4985.000000       1.0000       521.43    
  4986.000000       1.0000       161.89    
  4987.000000       1.0000       33.903    
  4988.000000       1.0000      0.48884    
  4989.000000       1.0000     -8.95368E-32
  4990.000000       1.0000      1.01004E-59
  4991.000000       1.0000      2.47639E-76
  4992.000000       1.0000      3.26569E-98
  4993.000000       1.0000       0.0000    
  4994.000000       1.0000      2.36321E-02
  4995.000000       1.0000       2.3217    
  4996.000000       1.0000       54.342    
  4997.000000       1.0000       60.137    
  4998.000000       1.0000       44.410    
  4999.000000       1.0000       159.61    
  5000.000000       1.0000       125.33    
  5001.000000       1.0000       291.28    
  5002.000000       1.0000       318.65    
  5003.000000       1.0000       323.88    
  5004.000000       1.0000       370.52    
  5005.000000       1.0000       737.02    
  5006.000000       1.0000       852.07    
  5007.000000       1.0000       962.89    
  5008.000000       1.0000       859.91    
  5009.000000       1.0000       401.28    
  5010.000000       1.0000       101.20    
  5011.000000       1.0000       6.2418    
  5012.000000       1.0000      0.38305    
  5013.000000       1.0000       0.0000    
  5014.000000       1.0000       0.0000    
  5015.000000       1.0000       0.0000    
  5016.000000       1.0000       0.0000    
  5017.000000       1.0000       0.0000    
  5018.000000       1.0000      0.22909    
  5019.000000       1.0000       8.2999    
  5020.000000       1.0000       69.316    
  5021.000000       1.0000       199.33    
  5022.000000       1.0000       264.51    
  5023.000000       1.0000       364.08    
  5024.000000       1.0000       790.96    
  5025.000000       1.0000       1006.2    
  5026.000000       1.0000       529.38    
  5027.000000       1.0000       336.03    
  5028.000000       1.0000       293.95    
  5029.000000       1.0000       359.76    
  5030.000000       1.0000       532.61    
  5031.000000       1.0000       514.07    
  5032.000000       1.0000       231.12    
  5033.000000       1.0000       83.044    
  5034.000000       1.0000       11.158    
  5035.000000       1.0000      0.32793    
  5036.000000       1.0000       0.0000    
  5037.000000       1.0000       0.0000    
  5038.000000       1.0000       0.0000    
  5039.000000       1.0000       0.0000    
  5040.000000       1.0000       0.0000    
  5041.000000       1.0000       0.0000    
  5042.000000       1.0000       0.0000    
  5043.000000       1.0000      0.76783    
  5044.000000       1.0000       14.211    
  5045.000000       1.0000       72.258    
  5046.000000       1.0000       187.53    
  5047.000000       1.0000       441.25    
  5048.000000       1.0000       589.64    
  5049.000000       1.0000       623.10    
  5050.000000       1.0000       744.65    
  5051.000000       1.0000       968.52    
  5052.000000       1.0000       1371.9    
  5053.000000       1.0000       1775.7    
  5054.000000       1.0000       956.41    
  5055.000000       1.0000       523.81    
  5056.000000       1.0000       241.32    
  5057.000000       1.0000       111.82    
  5058.000000       1.0000       8.8080    
  5059.000000       1.0000      0.47088    
  5060.000000       1.0000      5.32985E-17
  5061.000000       1.0000       0.0000    
  5062.000000       1.0000       0.0000    
  5063.000000       1.0000       0.0000    
  5064.000000       1.0000       0.0000    
  5065.000000       1.0000       0.0000    
  5066.000000       1.0000      8.03856E-02
  5067.000000       1.0000       1.7475    
  5068.000000       1.0000       42.379    
  5069.000000       1.0000       157.02    
  5070.000000       1.0000       451.43    
  5071.000000       1.0000       762.74    
  5072.000000       1.0000       2002.5    
  5073.000000       1.0000       2408.0    
  5074.000000       1.0000       2975.5    
  5075.000000       1.0000       2797.7    
  5076.000000       1.0000       2475.7    
  5077.000000       1.0000       2384.7    
  5078.000000       1.0000       2044.0    
  5079.000000       1.0000       1623.2    
  5080.000000       1.0000       614.23    
  5081.000000       1.0000       332.86    
  5082.000000       1.0000       77.609    
  5083.000000       1.0000       14.008    
  5084.000000       1.0000      2.92395E-02
  5085.000000       1.0000      2.25359E-35
  5086.000000       1.0000     -7.32513E-62
  5087.000000       1.0000     -1.94295E-83
  5088.000000       1.0000       0.0000    
  5089.000000       1.0000       0.0000    
  5090.000000       1.0000       0.0000    
  5091.000000       1.0000       2.5732    
  5092.000000       1.0000       33.749    
  5093.000000       1.0000       173.19    
  5094.000000       1.0000       689.84    
  5095.000000       1.0000       1457.5    
  5096.000000       1.0000       2176.7    
  5097.000000       1.0000       2710.7    
  5098.000000       1.0000       2893.5    
  5099.000000       1.0000       2363.6    
  5100.000000       1.0000       1853.6    
  5101.000000       1.0000       2037.0    
  5102.000000       1.0000       2127.8    
  5103.000000       1.0000       857.24    
  5104.000000       1.0000       621.77    
  5105.000000       1.0000       286.83    
  5106.000000       1.0000       92.802    
  5107.000000       1.0000       22.067    
  5108.000000       1.0000       1.1485    
  5109.000000       1.0000      7.43688E-33
  5110.000000       1.0000      2.15979E-64
  5111.000000       1.0000     -3.12522E-92
  5112.000000       1.0000       0.0000    
  5113.000000       1.0000       0.0000    
  5114.000000       1.0000       0.0000    
  5115.000000       1.0000       1.1673    
  5116.000000       1.0000       45.393    
  5117.000000       1.0000       187.12    
  5118.000000       1.0000       377.09    
  5119.000000       1.0000       247.59    
  5120.000000       1.0000       173.71    
  5121.000000       1.0000       203.31    
  5122.000000       1.0000       416.73    
  5123.000000       1.0000       467.20    
  5124.000000       1.0000       514.97    
  5125.000000       1.0000       358.88    
  5126.000000       1.0000       351.35    
  5127.000000       1.0000       366.41    
  5128.000000       1.0000       368.43    
  5129.000000       1.0000       289.65    
  5130.000000       1.0000       105.50    
  5131.000000       1.0000       13.615    
  5132.000000       1.0000      0.25474    
  5133.000000       1.0000      9.09640E-44
  5134.000000       1.0000      9.33351E-61
  5135.000000       1.0000       0.0000    
  5136.000000       1.0000       0.0000    
  5137.000000       1.0000       0.0000    
  5138.000000       1.0000       0.0000    
  5139.000000       1.0000      0.66225    
  5140.000000       1.0000       32.303    
  5141.000000       1.0000       200.52    
  5142.000000       1.0000       327.60    
  5143.000000       1.0000       731.10    
  5144.000000       1.0000       1152.5    
  5145.000000       1.0000       1625.3    
  5146.000000       1.0000       1685.2    
  5147.000000       1.0000       1881.7    
  5148.000000       1.0000       1099.0    
  5149.000000       1.0000       1919.6    
  5150.000000       1.0000       1603.4    
  5151.000000       1.0000       1429.4    
  5152.000000       1.0000       1001.2    
  5153.000000       1.0000       352.32    
  5154.000000       1.0000       102.31    
  5155.000000       1.0000       15.288    
  5156.000000       1.0000      0.95375    
  5157.000000       1.0000     -7.92046E-17
  5158.000000       1.0000       0.0000    
  5159.000000       1.0000       0.0000    
  5160.000000       1.0000       0.0000    
  5161.000000       1.0000       0.0000    
  5162.000000       1.0000       0.0000    
  5163.000000       1.0000       1.4474    
  5164.000000       1.0000       33.466    
  5165.000000       1.0000       226.38    
  5166.000000       1.0000       632.51    
  5167.000000       1.0000       1351.9    
  5168.000000       1.0000       1650.6    
  5169.000000       1.0000       2111.8    
  5170.000000       1.0000       2824.6    
  5171.000000       1.0000       2394.0    
  5172.000000       1.0000       2859.7    
  5173.000000       1.0000       2534.8    
  5174.000000       1.0000       1479.9    
  5175.000000       1.0000       1666.0    
  5176.000000       1.0000       894.25    
  5177.000000       1.0000       374.20    
  5178.000000       1.0000       104.40    
  5179.000000       1.0000       14.496    
  5180.000000       1.0000       1.0178    
  5181.000000       1.0000       0.0000    
  5182.000000       1.0000       0.0000    
  5183.000000       1.0000       0.0000    
  5184.000000       1.0000       0.0000    
  5185.000000       1.0000       0.0000    
  5186.000000       1.0000       0.0000    
  5187.000000       1.0000       1.0984    
  5188.000000       1.0000       12.966    
  5189.000000       1.0000       57.414    
  5190.000000       1.0000       195.66    
  5191.000000       1.0000       253.31    
  5192.000000       1.0000       274.97    
  5193.000000       1.0000       514.20    
  5194.000000       1.0000       501.35    
  5195.000000       1.0000       278.23    
  5196.000000       1.0000       506.59    
  5197.000000       1.0000       702.64    
  5198.000000       1.0000       332.30    
  5199.000000       1.0000       173.23    
  5200.000000       1.0000       93.695    
  5201.000000       1.0000       43.556    
  5202.000000       1.0000       12.675    
  5203.000000       1.0000      0.18750    
  5204.000000       1.0000       0.0000    
  5205.000000       1.0000       0.0000    
  5206.000000       1.0000       0.0000    
  5207.000000       1.0000       0.0000    
  5208.000000       1.0000       0.0000    
  5209.000000       1.0000       0.0000    
  5210.000000       1.0000       0.0000    
  5211.000000       1.0000       1.7429    
  5212.000000       1.0000       25.204    
  5213.000000       1.0000       147.88    
  5214.000000       1.0000       466.70    
  5215.000000       1.0000       1446.1    
  5216.000000       1.0000       1936.6    
  5217.000000       1.0000       2592.4    
  5218.000000       1.0000       3026.5    
  5219.000000       1.0000       3144.9    
  5220.000000       1.0000       3019.8    
  5221.000000       1.0000       1982.1    
  5222.000000       1.0000       1141.8    
  5223.000000       1.0000       801.18    
  5224.000000       1.0000       977.77    
  5225.000000       1.0000       387.58    
  5226.000000       1.0000       128.62    
  5227.000000       1.0000       17.064    
  5228.000000       1.0000      0.38017    
  5229.000000       1.0000       0.0000    
  5230.000000       1.0000       0.0000    
  5231.000000       1.0000       0.0000    
  5232.000000       1.0000       0.0000    
  5233.000000       1.0000       0.0000    
  5234.000000       1.0000       0.0000    
  5235.000000       1.0000       1.0429    
  5236.000000       1.0000       21.158    
  5237.000000       1.0000       175.49    
  5238.000000       1.0000       601.52    
  5239.000000       1.0000       1154.4    
  5240.000000       1.0000       2078.2    
  5241.000000       1.0000       2622.8    
  5242.000000       1.0000       2956.7    
  5243.000000       1.0000       3035.3    
  5244.000000       1.0000       2995.7    
  5245.000000       1.0000       2769.2    
  5246.000000       1.0000       2339.0    
  5247.000000       1.0000       1697.6    
  5248.000000       1.0000       971.13    
  5249.000000       1.0000       361.72    
  5250.000000       1.0000       83.344    
  5251.000000       1.0000       10.154    
  5252.000000       1.0000      0.39032    
  5253.000000       1.0000      8.68843E-17
  5254.000000       1.0000     -6.79123E-47
  5255.000000       1.0000      9.28248E-76
  5256.000000       1.0000     -6.85891E-92
  5257.000000       1.0000       0.0000    
  5258.000000       1.0000       0.0000    
  5259.000000       1.0000       1.0107    
  5260.000000       1.0000       21.471    
  5261.000000       1.0000       139.93    
  5262.000000       1.0000       601.81    
  5263.000000       1.0000       1455.0    
  5264.000000       1.0000       2187.3    
  5265.000000       1.0000       2723.3    
  5266.000000       1.0000       3014.7    
  5267.000000       1.0000       3155.2    
  5268.000000       1.0000       2910.3    
  5269.000000       1.0000       2221.7    
  5270.000000       1.0000       2230.9    
  5271.000000       1.0000       1539.3    
  5272.000000       1.0000       1058.8    
  5273.000000       1.0000       383.73    
  5274.000000       1.0000       71.667    
  5275.000000       1.0000       8.9910    
  5276.000000       1.0000      0.19003    
  5277.000000       1.0000       0.0000    
  5278.000000       1.0000       0.0000    
  5279.000000       1.0000       0.0000    
  5280.000000       1.0000       0.0000    
  5281.000000       1.0000       0.0000    
  5282.000000       1.0000       0.0000    
  5283.000000       1.0000       2.4862    
  5284.000000       1.0000       33.194    
  5285.000000       1.0000       148.63    
  5286.000000       1.0000       600.59    
  5287.000000       1.0000       1337.6    
  5288.000000       1.0000       2007.0    
  5289.000000       1.0000       2523.1    
  5290.000000       1.0000       2818.8    
  5291.000000       1.0000       2845.5    
  5292.000000       1.0000       2442.2    
  5293.000000       1.0000       2624.8    
  5294.000000       1.0000       2182.8    
  5295.000000       1.0000       1457.2    
  5296.000000       1.0000       914.94    
  5297.000000       1.0000       372.51    
  5298.000000       1.0000       90.420    
  5299.000000       1.0000       7.5322    
  5300.000000       1.0000      0.45228    
  5301.000000       1.0000      2.51775E-17
  5302.000000       1.0000      6.00577E-49
  5303.000000       1.0000      9.36421E-81
  5304.000000       1.0000       0.0000    
  5305.000000       1.0000       0.0000    
  5306.000000       1.0000       0.0000    
  5307.000000       1.0000      4.09669E-02
  5308.000000       1.0000       25.644    
  5309.000000       1.0000       184.42    
  5310.000000       1.0000       397.00    
  5311.000000       1.0000       1054.1    
  5312.000000       1.0000       1723.9    
  5313.000000       1.0000       2211.4    
  5314.000000       1.0000       1975.9    
  5315.000000       1.0000       2189.0    
  5316.000000       1.0000       2013.8    
  5317.000000       1.0000       1881.7    
  5318.000000       1.0000       846.16    
  5319.000000       1.0000       664.61    
  5320.000000       1.0000       182.54    
  5321.000000       1.0000       231.46    
  5322.000000       1.0000       131.81    
  5323.000000       1.0000       9.5179    
  5324.000000       1.0000      0.13078    
  5325.000000       1.0000     -2.72191E-18
  5326.000000       1.0000       0.0000    
  5327.000000       1.0000       0.0000    
  5328.000000       1.0000       0.0000    
  5329.000000       1.0000       0.0000    
  5330.000000       1.0000       0.0000    
  5331.000000       1.0000      0.80931    
  5332.000000       1.0000       27.750    
  5333.000000       1.0000       117.94    
  5334.000000       1.0000       339.02    
  5335.000000       1.0000       784.16    
  5336.000000       1.0000       1457.1    
  5337.000000       1.0000       1949.9    
  5338.000000       1.0000       2081.9    
  5339.000000       1.0000       1902.3    
  5340.000000       1.0000       2404.7    
  5341.000000       1.0000       2052.3    
  5342.000000       1.0000       1959.2    
  5343.000000       1.0000       1452.2    
  5344.000000       1.0000       721.27    
  5345.000000       1.0000       241.15    
  5346.000000       1.0000       111.08    
  5347.000000       1.0000       7.2460    
  5348.000000       1.0000      0.45381    
  5349.000000       1.0000     -9.22910E-30
  5350.000000       1.0000      3.73100E-46
  5351.000000       1.0000      5.82900E-67
  5352.000000       1.0000       0.0000    
  5353.000000       1.0000       0.0000    
  5354.000000       1.0000       0.0000    
  5355.000000       1.0000       1.0158    
  5356.000000       1.0000       25.613    
  5357.000000       1.0000       142.89    
  5358.000000       1.0000       404.64    
  5359.000000       1.0000       595.08    
  5360.000000       1.0000       1470.3    
  5361.000000       1.0000       2444.0    
  5362.000000       1.0000       2344.1    
  5363.000000       1.0000       2672.4    
  5364.000000       1.0000       2371.9    
  5365.000000       1.0000       2041.6    
  5366.000000       1.0000       862.31    
  5367.000000       1.0000       1497.2    
  5368.000000       1.0000       1003.6    
  5369.000000       1.0000       354.27    
  5370.000000       1.0000       65.385    
  5371.000000       1.0000       6.7361    
  5372.000000       1.0000      0.37257    
  5373.000000       1.0000       0.0000    
  5374.000000       1.0000       0.0000    
  5375.000000       1.0000       0.0000    
  5376.000000       1.0000       0.0000    
  5377.000000       1.0000       0.0000    
  5378.000000       1.0000       0.0000    
  5379.000000       1.0000       2.3684    
  5380.000000       1.0000       32.793    
  5381.000000       1.0000       219.41    
  5382.000000       1.0000       718.42    
  5383.000000       1.0000       1437.5    
  5384.000000       1.0000       2056.0    
  5385.000000       1.0000       2531.7    
  5386.000000       1.0000       2993.2    
  5387.000000       1.0000       3108.5    
  5388.000000       1.0000       2761.6    
  5389.000000       1.0000       2404.3    
  5390.000000       1.0000       2392.2    
  5391.000000       1.0000       1720.3    
  5392.000000       1.0000       982.10    
  5393.000000       1.0000       328.65    
  5394.000000       1.0000       75.783    
  5395.000000       1.0000       6.5214    
  5396.000000       1.0000      0.45339    
  5397.000000       1.0000       0.0000    
  5398.000000       1.0000       0.0000    
  5399.000000       1.0000       0.0000    
  5400.000000       1.0000       0.0000    
  5401.000000       1.0000       0.0000    
  5402.000000       1.0000       0.0000    
  5403.000000       1.0000       1.2345    
  5404.000000       1.0000       23.826    
  5405.000000       1.0000       171.33    
  5406.000000       1.0000       640.79    
  5407.000000       1.0000       1401.3    
  5408.000000       1.0000       2141.2    
  5409.000000       1.0000       2675.8    
  5410.000000       1.0000       3023.1    
  5411.000000       1.0000       3168.2    
  5412.000000       1.0000       3063.4    
  5413.000000       1.0000       2834.6    
  5414.000000       1.0000       2386.2    
  5415.000000       1.0000       1762.7    
  5416.000000       1.0000       998.31    
  5417.000000       1.0000       318.46    
  5418.000000       1.0000       46.947    
  5419.000000       1.0000       2.1629    
  5420.000000       1.0000      5.35178E-02
  5421.000000       1.0000       0.0000    
  5422.000000       1.0000       0.0000    
  5423.000000       1.0000       0.0000    
  5424.000000       1.0000       0.0000    
  5425.000000       1.0000       0.0000    
  5426.000000       1.0000       0.0000    
  5427.000000       1.0000      0.91447    
  5428.000000       1.0000       19.697    
  5429.000000       1.0000       147.98    
  5430.000000       1.0000       615.75    
  5431.000000       1.0000       1377.3    
  5432.000000       1.0000       2092.9    
  5433.000000       1.0000       2621.3    
  5434.000000       1.0000       2974.8    
  5435.000000       1.0000       3093.4    
  5436.000000       1.0000       3064.6    
  5437.000000       1.0000       2816.2    
  5438.000000       1.0000       2375.4    
  5439.000000       1.0000       1744.9    
  5440.000000       1.0000       982.56    
  5441.000000       1.0000       291.96    
  5442.000000       1.0000       47.302    
  5443.000000       1.0000       2.7735    
  5444.000000       1.0000      4.22922E-02
  5445.000000       1.0000     -1.33381E-29
  5446.000000       1.0000       0.0000    
  5447.000000       1.0000       0.0000    
  5448.000000       1.0000       0.0000    
  5449.000000       1.0000       0.0000    
  5450.000000       1.0000       0.0000    
  5451.000000       1.0000      0.10795    
  5452.000000       1.0000       11.519    
  5453.000000       1.0000       146.00    
  5454.000000       1.0000       627.10    
  5455.000000       1.0000       1408.5    
  5456.000000       1.0000       2131.7    
  5457.000000       1.0000       2652.4    
  5458.000000       1.0000       2995.3    
  5459.000000       1.0000       3130.8    
  5460.000000       1.0000       3065.4    
  5461.000000       1.0000       2802.7    
  5462.000000       1.0000       2364.9    
  5463.000000       1.0000       1746.8    
  5464.000000       1.0000       970.49    
  5465.000000       1.0000       283.50    
  5466.000000       1.0000       46.672    
  5467.000000       1.0000       2.4878    
  5468.000000       1.0000      4.24372E-02
  5469.000000       1.0000      7.14841E-18
  5470.000000       1.0000       0.0000    
  5471.000000       1.0000       0.0000    
  5472.000000       1.0000       0.0000    
  5473.000000       1.0000       0.0000    
  5474.000000       1.0000       0.0000    
  5475.000000       1.0000       1.2290    
  5476.000000       1.0000       23.765    
  5477.000000       1.0000       134.86    
  5478.000000       1.0000       570.12    
  5479.000000       1.0000       1147.0    
  5480.000000       1.0000       1795.0    
  5481.000000       1.0000       2088.9    
  5482.000000       1.0000       2202.6    
  5483.000000       1.0000       2611.5    
  5484.000000       1.0000       2789.1    
  5485.000000       1.0000       2502.4    
  5486.000000       1.0000       1933.0    
  5487.000000       1.0000       802.12    
  5488.000000       1.0000       400.73    
  5489.000000       1.0000       266.10    
  5490.000000       1.0000       77.921    
  5491.000000       1.0000       5.6227    
  5492.000000       1.0000      2.32548E-02
  5493.000000       1.0000      1.40006E-33
  5494.000000       1.0000      2.65578E-62
  5495.000000       1.0000      1.42171E-78
  5496.000000       1.0000       0.0000    
  5497.000000       1.0000       0.0000    
  5498.000000       1.0000       0.0000    
  5499.000000       1.0000       0.0000    
  5500.000000       1.0000       2.6530    
  5501.000000       1.0000       42.062    
  5502.000000       1.0000       140.79    
  5503.000000       1.0000       349.57    
  5504.000000       1.0000       613.41    
  5505.000000       1.0000       926.75    
  5506.000000       1.0000       2736.7    
  5507.000000       1.0000       2718.7    
  5508.000000       1.0000       2372.1    
  5509.000000       1.0000       1996.2    
  5510.000000       1.0000       1567.5    
  5511.000000       1.0000       736.00    
  5512.000000       1.0000       571.76    
  5513.000000       1.0000       174.82    
  5514.000000       1.0000       31.936    
  5515.000000       1.0000      0.11250    
  5516.000000       1.0000     -1.36939E-29
  5517.000000       1.0000       0.0000    
  5518.000000       1.0000       0.0000    
  5519.000000       1.0000       0.0000    
  5520.000000       1.0000       0.0000    
  5521.000000       1.0000       0.0000    
  5522.000000       1.0000       0.0000    
  5523.000000       1.0000       1.5976    
  5524.000000       1.0000       32.555    
  5525.000000       1.0000       152.68    
  5526.000000       1.0000       264.40    
  5527.000000       1.0000       494.75    
  5528.000000       1.0000       946.41    
  5529.000000       1.0000       959.73    
  5530.000000       1.0000       1159.7    
  5531.000000       1.0000       1539.5    
  5532.000000       1.0000       601.31    
  5533.000000       1.0000       1454.5    
  5534.000000       1.0000       948.43    
  5535.000000       1.0000       471.23    
  5536.000000       1.0000       261.13    
  5537.000000       1.0000       272.02    
  5538.000000       1.0000       123.51    
  5539.000000       1.0000       6.2908    
  5540.000000       1.0000      0.40352    
  5541.000000       1.0000     -3.38496E-17
  5542.000000       1.0000     -1.06054E-32
  5543.000000       1.0000       0.0000    
  5544.000000       1.0000       0.0000    
  5545.000000       1.0000       0.0000    
  5546.000000       1.0000       0.0000    
  5547.000000       1.0000      0.30705    
  5548.000000       1.0000       22.858    
  5549.000000       1.0000       179.16    
  5550.000000       1.0000       662.17    
  5551.000000       1.0000       1394.4    
  5552.000000       1.0000       1885.2    
  5553.000000       1.0000       1557.3    
  5554.000000       1.0000       1178.6    
  5555.000000       1.0000       1303.7    
  5556.000000       1.0000       1784.5    
  5557.000000       1.0000       1655.2    
  5558.000000       1.0000       875.11    
  5559.000000       1.0000       388.42    
  5560.000000       1.0000       133.86    
  5561.000000       1.0000       23.786    
  5562.000000       1.0000      0.97849    
  5563.000000       1.0000       0.0000    
  5564.000000       1.0000       0.0000    
  5565.000000       1.0000       0.0000    
  5566.000000       1.0000       0.0000    
  5567.000000       1.0000       0.0000    
  5568.000000       1.0000       0.0000    
  5569.000000       1.0000       0.0000    
  5570.000000       1.0000       0.0000    
  5571.000000       1.0000       0.0000    
  5572.000000       1.0000       2.8275    
  5573.000000       1.0000       37.787    
  5574.000000       1.0000       166.49    
  5575.000000       1.0000       418.68    
  5576.000000       1.0000       798.71    
  5577.000000       1.0000       797.75    
  5578.000000       1.0000       437.54    
  5579.000000       1.0000       207.66    
  5580.000000       1.0000       262.54    
  5581.000000       1.0000       184.40    
  5582.000000       1.0000       261.20    
  5583.000000       1.0000       792.87    
  5584.000000       1.0000       805.69    
  5585.000000       1.0000       198.20    
  5586.000000       1.0000       14.356    
  5587.000000       1.0000      0.34067    
  5588.000000       1.0000       0.0000    
  5589.000000       1.0000       0.0000    
  5590.000000       1.0000       0.0000    
  5591.000000       1.0000       0.0000    
  5592.000000       1.0000       0.0000    
  5593.000000       1.0000       0.0000    
  5594.000000       1.0000       0.0000    
  5595.000000       1.0000      0.37473    
  5596.000000       1.0000       17.365    
  5597.000000       1.0000       126.00    
  5598.000000       1.0000       472.24    
  5599.000000       1.0000       753.61    
  5600.000000       1.0000       1066.7    
  5601.000000       1.0000       1394.2    
  5602.000000       1.0000       1236.9    
  5603.000000       1.0000       1817.9    
  5604.000000       1.0000       1669.1    
  5605.000000       1.0000       1042.3    
  5606.000000       1.0000       886.44    
  5607.000000       1.0000       907.02    
  5608.000000       1.0000       600.75    
  5609.000000       1.0000       190.21    
  5610.000000       1.0000       126.96    
  5611.000000       1.0000       1.3797    
  5612.000000       1.0000       0.0000    
  5613.000000       1.0000       0.0000    
  5614.000000       1.0000       0.0000    
  5615.000000       1.0000       0.0000    
  5616.000000       1.0000       0.0000    
  5617.000000       1.0000       0.0000    
  5618.000000       1.0000       0.0000    
  5619.000000       1.0000      0.25978    
  5620.000000       1.0000       11.919    
  5621.000000       1.0000       135.67    
  5622.000000       1.0000       524.50    
  5623.000000       1.0000       963.03    
  5624.000000       1.0000       912.92    
  5625.000000       1.0000       679.37    
  5626.000000       1.0000       620.76    
  5627.000000       1.0000       1257.9    
  5628.000000       1.0000       1599.7    
  5629.000000       1.0000       1425.2    
  5630.000000       1.0000       1288.8    
  5631.000000       1.0000       1131.1    
  5632.000000       1.0000       598.98    
  5633.000000       1.0000       280.01    
  5634.000000       1.0000       46.140    
  5635.000000       1.0000      0.40951    
  5636.000000       1.0000     -1.70828E-44
  5637.000000       1.0000       0.0000    
  5638.000000       1.0000       0.0000    
  5639.000000       1.0000       0.0000    
  5640.000000       1.0000       0.0000    
  5641.000000       1.0000       0.0000    
  5642.000000       1.0000       0.0000    
  5643.000000       1.0000      0.24689    
  5644.000000       1.0000       10.518    
  5645.000000       1.0000       92.411    
  5646.000000       1.0000       498.90    
  5647.000000       1.0000       1161.7    
  5648.000000       1.0000       1495.5    
  5649.000000       1.0000       1173.4    
  5650.000000       1.0000       1238.8    
  5651.000000       1.0000       1949.6    
  5652.000000       1.0000       2484.6    
  5653.000000       1.0000       2361.0    
  5654.000000       1.0000       2350.4    
  5655.000000       1.0000       1568.4    
  5656.000000       1.0000       1024.7    
  5657.000000       1.0000       317.52    
  5658.000000       1.0000       22.814    
  5659.000000       1.0000      0.43280    
  5660.000000       1.0000      7.12935E-29
  5661.000000       1.0000       0.0000    
  5662.000000       1.0000       0.0000    
  5663.000000       1.0000       0.0000    
  5664.000000       1.0000       0.0000    
  5665.000000       1.0000       0.0000    
  5666.000000       1.0000       0.0000    
  5667.000000       1.0000      8.78748E-02
  5668.000000       1.0000       6.0107    
  5669.000000       1.0000       119.30    
  5670.000000       1.0000       646.26    
  5671.000000       1.0000       1389.8    
  5672.000000       1.0000       2021.3    
  5673.000000       1.0000       2247.1    
  5674.000000       1.0000       2312.4    
  5675.000000       1.0000       2659.0    
  5676.000000       1.0000       2392.5    
  5677.000000       1.0000       2325.4    
  5678.000000       1.0000       2405.9    
  5679.000000       1.0000       1456.4    
  5680.000000       1.0000       769.92    
  5681.000000       1.0000       256.94    
  5682.000000       1.0000       36.602    
  5683.000000       1.0000       2.9786    
  5684.000000       1.0000       0.0000    
  5685.000000       1.0000       0.0000    
  5686.000000       1.0000       0.0000    
  5687.000000       1.0000       0.0000    
  5688.000000       1.0000       0.0000    
  5689.000000       1.0000       0.0000    
  5690.000000       1.0000       0.0000    
  5691.000000       1.0000       0.0000    
  5692.000000       1.0000       0.0000    
  5693.000000       1.0000       1.2700    
  5694.000000       1.0000       23.359    
  5695.000000       1.0000       83.004    
  5696.000000       1.0000       173.26    
  5697.000000       1.0000       228.55    
  5698.000000       1.0000       176.51    
  5699.000000       1.0000       437.31    
  5700.000000       1.0000       482.09    
  5701.000000       1.0000       320.48    
  5702.000000       1.0000       181.54    
  5703.000000       1.0000       171.55    
  5704.000000       1.0000       120.77    
  5705.000000       1.0000       52.660    
  5706.000000       1.0000       1.0485    
  5707.000000       1.0000      5.50516E-02
  5708.000000       1.0000      2.45716E-29
  5709.000000       1.0000       0.0000    
  5710.000000       1.0000       0.0000    
  5711.000000       1.0000       0.0000    
  5712.000000       1.0000       0.0000    
  5713.000000       1.0000       0.0000    
  5714.000000       1.0000       0.0000    
  5715.000000       1.0000       0.0000    
  5716.000000       1.0000       8.0494    
  5717.000000       1.0000       91.802    
  5718.000000       1.0000       403.21    
  5719.000000       1.0000       1160.4    
  5720.000000       1.0000       1337.9    
  5721.000000       1.0000       2175.1    
  5722.000000       1.0000       2480.2    
  5723.000000       1.0000       2521.3    
  5724.000000       1.0000       2532.0    
  5725.000000       1.0000       1396.7    
  5726.000000       1.0000       643.34    
  5727.000000       1.0000       587.51    
  5728.000000       1.0000       647.15    
  5729.000000       1.0000       196.11    
  5730.000000       1.0000       16.275    
  5731.000000       1.0000      0.55608    
  5732.000000       1.0000      7.45223E-29
  5733.000000       1.0000      1.01154E-44
  5734.000000       1.0000      7.53442E-65
  5735.000000       1.0000      7.06506E-82
  5736.000000       1.0000       0.0000    
  5737.000000       1.0000       0.0000    
  5738.000000       1.0000       0.0000    
  5739.000000       1.0000      0.11078    
  5740.000000       1.0000       2.8874    
  5741.000000       1.0000       110.41    
  5742.000000       1.0000       659.61    
  5743.000000       1.0000       1441.4    
  5744.000000       1.0000       1544.8    
  5745.000000       1.0000       627.74    
  5746.000000       1.0000       543.88    
  5747.000000       1.0000       1222.0    
  5748.000000       1.0000       1244.2    
  5749.000000       1.0000       564.98    
  5750.000000       1.0000       467.27    
  5751.000000       1.0000       332.80    
  5752.000000       1.0000       203.48    
  5753.000000       1.0000       65.737    
  5754.000000       1.0000       3.8352    
  5755.000000       1.0000      3.87718E-02
  5756.000000       1.0000      1.29730E-19
  5757.000000       1.0000     -4.30324E-46
  5758.000000       1.0000       0.0000    
  5759.000000       1.0000       0.0000    
  5760.000000       1.0000       0.0000    
  5761.000000       1.0000       0.0000    
  5762.000000       1.0000       0.0000    
  5763.000000       1.0000       0.0000    
  5764.000000       1.0000       0.0000    
  5765.000000       1.0000      0.85423    
  5766.000000       1.0000       29.236    
  5767.000000       1.0000       176.90    
  5768.000000       1.0000       422.05    
  5769.000000       1.0000       807.53    
  5770.000000       1.0000       438.59    
  5771.000000       1.0000       196.10    
  5772.000000       1.0000       155.74    
  5773.000000       1.0000       287.32    
  5774.000000       1.0000       232.72    
  5775.000000       1.0000       342.81    
  5776.000000       1.0000       178.58    
  5777.000000       1.0000       82.013    
  5778.000000       1.0000       5.4756    
  5779.000000       1.0000      7.30942E-02
  5780.000000       1.0000      2.08612E-19
  5781.000000       1.0000       0.0000    
  5782.000000       1.0000       0.0000    
  5783.000000       1.0000       0.0000    
  5784.000000       1.0000       0.0000    
  5785.000000       1.0000       0.0000    
  5786.000000       1.0000       0.0000    
  5787.000000       1.0000       0.0000    
  5788.000000       1.0000       2.6899    
  5789.000000       1.0000       64.347    
  5790.000000       1.0000       483.56    
  5791.000000       1.0000       1108.2    
  5792.000000       1.0000       1386.0    
  5793.000000       1.0000       2196.2    
  5794.000000       1.0000       1970.9    
  5795.000000       1.0000       1588.8    
  5796.000000       1.0000       1920.1    
  5797.000000       1.0000       2687.1    
  5798.000000       1.0000       2000.5    
  5799.000000       1.0000       1199.2    
  5800.000000       1.0000       736.12    
  5801.000000       1.0000       172.23    
  5802.000000       1.0000       26.101    
  5803.000000       1.0000      0.48228    
  5804.000000       1.0000     -2.59977E-34
  5805.000000       1.0000      3.00339E-61
  5806.000000       1.0000       0.0000    
  5807.000000       1.0000       0.0000    
  5808.000000       1.0000       0.0000    
  5809.000000       1.0000       0.0000    
  5810.000000       1.0000       0.0000    
  5811.000000       1.0000       0.0000    
  5812.000000       1.0000       5.6814    
  5813.000000       1.0000       103.43    
  5814.000000       1.0000       613.72    
  5815.000000       1.0000       1479.7    
  5816.000000       1.0000       2105.1    
  5817.000000       1.0000       2352.6    
  5818.000000       1.0000       3265.5    
  5819.000000       1.0000       3413.1    
  5820.000000       1.0000       3335.9    
  5821.000000       1.0000       3064.2    
  5822.000000       1.0000       2556.8    
  5823.000000       1.0000       1843.2    
  5824.000000       1.0000       835.41    
  5825.000000       1.0000       192.93    
  5826.000000       1.0000       17.473    
  5827.000000       1.0000      0.64043    
  5828.000000       1.0000     -5.85796E-29
  5829.000000       1.0000       0.0000    
  5830.000000       1.0000       0.0000    
  5831.000000       1.0000       0.0000    
  5832.000000       1.0000       0.0000    
  5833.000000       1.0000       0.0000    
  5834.000000       1.0000       0.0000    
  5835.000000       1.0000       0.0000    
  5836.000000       1.0000       6.4719    
  5837.000000       1.0000       109.51    
  5838.000000       1.0000       590.69    
  5839.000000       1.0000       1444.6    
  5840.000000       1.0000       2219.3    
  5841.000000       1.0000       2785.9    
  5842.000000       1.0000       2936.6    
  5843.000000       1.0000       2464.6    
  5844.000000       1.0000       2538.2    
  5845.000000       1.0000       2230.6    
  5846.000000       1.0000       1775.7    
  5847.000000       1.0000       1248.3    
  5848.000000       1.0000       839.92    
  5849.000000       1.0000       199.42    
  5850.000000       1.0000       26.133    
  5851.000000       1.0000      0.24127    
  5852.000000       1.0000     -2.95354E-30
  5853.000000       1.0000     -3.60713E-46
  5854.000000       1.0000      1.70049E-73
  5855.000000       1.0000       0.0000    
  5856.000000       1.0000       0.0000    
  5857.000000       1.0000       0.0000    
  5858.000000       1.0000       0.0000    
  5859.000000       1.0000      0.16267    
  5860.000000       1.0000       3.7581    
  5861.000000       1.0000       129.51    
  5862.000000       1.0000       511.78    
  5863.000000       1.0000       1256.5    
  5864.000000       1.0000       1687.5    
  5865.000000       1.0000       1876.8    
  5866.000000       1.0000       2539.0    
  5867.000000       1.0000       2738.0    
  5868.000000       1.0000       1743.0    
  5869.000000       1.0000       1192.1    
  5870.000000       1.0000       1197.9    
  5871.000000       1.0000       431.33    
  5872.000000       1.0000       227.33    
  5873.000000       1.0000       110.02    
  5874.000000       1.0000       7.6299    
  5875.000000       1.0000      0.30570    
  5876.000000       1.0000      7.23432E-29
  5877.000000       1.0000     -3.94805E-46
  5878.000000       1.0000       0.0000    
  5879.000000       1.0000       0.0000    
  5880.000000       1.0000       0.0000    
  5881.000000       1.0000       0.0000    
  5882.000000       1.0000       0.0000    
  5883.000000       1.0000       0.0000    
  5884.000000       1.0000       4.2164    
  5885.000000       1.0000       93.790    
  5886.000000       1.0000       569.75    
  5887.000000       1.0000       1393.1    
  5888.000000       1.0000       2167.9    
  5889.000000       1.0000       2569.4    
  5890.000000       1.0000       2629.0    
  5891.000000       1.0000       2573.5    
  5892.000000       1.0000       895.22    
  5893.000000       1.0000       992.94    
  5894.000000       1.0000       1087.2    
  5895.000000       1.0000       445.09    
  5896.000000       1.0000       354.97    
  5897.000000       1.0000       161.17    
  5898.000000       1.0000       11.767    
  5899.000000       1.0000      0.41760    
  5900.000000       1.0000       0.0000    
  5901.000000       1.0000       0.0000    
  5902.000000       1.0000       0.0000    
  5903.000000       1.0000       0.0000    
  5904.000000       1.0000       0.0000    
  5905.000000       1.0000       0.0000    
  5906.000000       1.0000       0.0000    
  5907.000000       1.0000       0.0000    
  5908.000000       1.0000       4.2431    
  5909.000000       1.0000       52.543    
  5910.000000       1.0000       163.59    
  5911.000000       1.0000       227.49    
  5912.000000       1.0000       1211.6    
  5913.000000       1.0000       1365.7    
  5914.000000       1.0000       1388.1    
  5915.000000       1.0000       832.49    
  5916.000000       1.0000       1750.1    
  5917.000000       1.0000       1146.8    
  5918.000000       1.0000       1202.9    
  5919.000000       1.0000       849.62    
  5920.000000       1.0000       500.89    
  5921.000000       1.0000       116.86    
  5922.000000       1.0000       2.1669    
  5923.000000       1.0000      6.71694E-02
  5924.000000       1.0000       0.0000    
  5925.000000       1.0000       0.0000    
  5926.000000       1.0000       0.0000    
  5927.000000       1.0000       0.0000    
  5928.000000       1.0000       0.0000    
  5929.000000       1.0000       0.0000    
  5930.000000       1.0000       0.0000    
  5931.000000       1.0000       0.0000    
  5932.000000       1.0000       5.4999    
  5933.000000       1.0000       61.326    
  5934.000000       1.0000       201.36    
  5935.000000       1.0000       323.65    
  5936.000000       1.0000       563.85    
  5937.000000       1.0000       1694.1    
  5938.000000       1.0000       2279.9    
  5939.000000       1.0000       1299.8    
  5940.000000       1.0000       1247.3    
  5941.000000       1.0000       1109.2    
  5942.000000       1.0000       1820.4    
  5943.000000       1.0000       1333.8    
  5944.000000       1.0000       505.31    
  5945.000000       1.0000       148.82    
  5946.000000       1.0000       9.0356    
  5947.000000       1.0000      3.09660E-02
  5948.000000       1.0000       0.0000    
  5949.000000       1.0000       0.0000    
  5950.000000       1.0000       0.0000    
  5951.000000       1.0000       0.0000    
  5952.000000       1.0000       0.0000    
  5953.000000       1.0000       0.0000    
  5954.000000       1.0000       0.0000    
  5955.000000       1.0000       0.0000    
  5956.000000       1.0000       5.7334    
  5957.000000       1.0000       82.769    
  5958.000000       1.0000       414.01    
  5959.000000       1.0000       1064.4    
  5960.000000       1.0000       1209.8    
  5961.000000       1.0000       1728.0    
  5962.000000       1.0000       2246.4    
  5963.000000       1.0000       2089.5    
  5964.000000       1.0000       1616.0    
  5965.000000       1.0000       1824.9    
  5966.000000       1.0000       1590.2    
  5967.000000       1.0000       579.49    
  5968.000000       1.0000       606.03    
  5969.000000       1.0000       135.16    
  5970.000000       1.0000       6.0576    
  5971.000000       1.0000      0.14976    
  5972.000000       1.0000     -3.05425E-29
  5973.000000       1.0000       0.0000    
  5974.000000       1.0000       0.0000    
  5975.000000       1.0000       0.0000    
  5976.000000       1.0000       0.0000    
  5977.000000       1.0000       0.0000    
  5978.000000       1.0000       0.0000    
  5979.000000       1.0000       0.0000    
  5980.000000       1.0000       3.4962    
  5981.000000       1.0000       53.150    
  5982.000000       1.0000       360.00    
  5983.000000       1.0000       1331.0    
  5984.000000       1.0000       2212.1    
  5985.000000       1.0000       2751.6    
  5986.000000       1.0000       3136.4    
  5987.000000       1.0000       3286.8    
  5988.000000       1.0000       3153.3    
  5989.000000       1.0000       2025.9    
  5990.000000       1.0000       1836.1    
  5991.000000       1.0000       1238.8    
  5992.000000       1.0000       311.90    
  5993.000000       1.0000       72.490    
  5994.000000       1.0000       3.8946    
  5995.000000       1.0000       0.0000    
  5996.000000       1.0000       0.0000    
  5997.000000       1.0000       0.0000    
  5998.000000       1.0000       0.0000    
  5999.000000       1.0000       0.0000    
  6000.000000       1.0000       0.0000    
  6001.000000       1.0000       0.0000    
  6002.000000       1.0000       0.0000    
  6003.000000       1.0000       0.0000    
  6004.000000       1.0000       0.0000    
  6005.000000       1.0000      0.22159    
  6006.000000       1.0000       12.989    
  6007.000000       1.0000       148.59    
  6008.000000       1.0000       565.12    
  6009.000000       1.0000       1271.6    
  6010.000000       1.0000       1741.2    
  6011.000000       1.0000       2026.3    
  6012.000000       1.0000       1835.4    
  6013.000000       1.0000       1944.3    
  6014.000000       1.0000       1260.2    
  6015.000000       1.0000       951.69    
  6016.000000       1.0000       436.46    
  6017.000000       1.0000       62.503    
  6018.000000       1.0000       2.1420    
  6019.000000       1.0000      7.92550E-02
  6020.000000       1.0000       0.0000    
  6021.000000       1.0000       0.0000    
  6022.000000       1.0000       0.0000    
  6023.000000       1.0000       0.0000    
  6024.000000       1.0000       0.0000    
  6025.000000       1.0000       0.0000    
  6026.000000       1.0000       0.0000    
  6027.000000       1.0000       0.0000    
  6028.000000       1.0000      0.17619    
  6029.000000       1.0000       3.7635    
  6030.000000       1.0000       19.068    
  6031.000000       1.0000       50.958    
  6032.000000       1.0000       109.82    
  6033.000000       1.0000       145.18    
  6034.000000       1.0000       104.91    
  6035.000000       1.0000       522.15    
  6036.000000       1.0000       1936.2    
  6037.000000       1.0000       2206.0    
  6038.000000       1.0000       1378.9    
  6039.000000       1.0000       787.96    
  6040.000000       1.0000       390.90    
  6041.000000       1.0000       93.058    
  6042.000000       1.0000       1.0564    
  6043.000000       1.0000      7.91747E-02
  6044.000000       1.0000       0.0000    
  6045.000000       1.0000       0.0000    
  6046.000000       1.0000       0.0000    
  6047.000000       1.0000       0.0000    
  6048.000000       1.0000       0.0000    
  6049.000000       1.0000       0.0000    
  6050.000000       1.0000       0.0000    
  6051.000000       1.0000       0.0000    
  6052.000000       1.0000       1.8189    
  6053.000000       1.0000       44.775    
  6054.000000       1.0000       548.97    
  6055.000000       1.0000       1406.3    
  6056.000000       1.0000       2239.8    
  6057.000000       1.0000       2785.1    
  6058.000000       1.0000       2857.1    
  6059.000000       1.0000       2124.9    
  6060.000000       1.0000       2147.7    
  6061.000000       1.0000       2484.9    
  6062.000000       1.0000       1968.7    
  6063.000000       1.0000       1196.2    
  6064.000000       1.0000       572.35    
  6065.000000       1.0000       135.42    
  6066.000000       1.0000       7.3951    
  6067.000000       1.0000      7.48238E-03
  6068.000000       1.0000       0.0000    
  6069.000000       1.0000       0.0000    
  6070.000000       1.0000       0.0000    
  6071.000000       1.0000       0.0000    
  6072.000000       1.0000       0.0000    
  6073.000000       1.0000       0.0000    
  6074.000000       1.0000       0.0000    
  6075.000000       1.0000       0.0000    
  6076.000000       1.0000       0.0000    
  6077.000000       1.0000       1.3709    
  6078.000000       1.0000       36.174    
  6079.000000       1.0000       224.75    
  6080.000000       1.0000       785.46    
  6081.000000       1.0000       1194.6    
  6082.000000       1.0000       1050.5    
  6083.000000       1.0000       1118.2    
  6084.000000       1.0000       1498.7    
  6085.000000       1.0000       768.63    
  6086.000000       1.0000       608.57    
  6087.000000       1.0000       448.32    
  6088.000000       1.0000       174.92    
  6089.000000       1.0000       74.401    
  6090.000000       1.0000       1.0583    
  6091.000000       1.0000      3.69362E-02
  6092.000000       1.0000       0.0000    
  6093.000000       1.0000       0.0000    
  6094.000000       1.0000       0.0000    
  6095.000000       1.0000       0.0000    
  6096.000000       1.0000       0.0000    
  6097.000000       1.0000       0.0000    
  6098.000000       1.0000       0.0000    
  6099.000000       1.0000       0.0000    
  6100.000000       1.0000       0.0000    
  6101.000000       1.0000       0.0000    
  6102.000000       1.0000       1.1831    
  6103.000000       1.0000       12.589    
  6104.000000       1.0000       46.033    
  6105.000000       1.0000       118.90    
  6106.000000       1.0000       184.79    
  6107.000000       1.0000       203.94    
  6108.000000       1.0000       259.41    
  6109.000000       1.0000       285.46    
  6110.000000       1.0000       318.04    
  6111.000000       1.0000       389.81    
  6112.000000       1.0000       743.25    
  6113.000000       1.0000       398.69    
  6114.000000       1.0000       45.544    
  6115.000000       1.0000      0.20411    
  6116.000000       1.0000      2.12069E-32
  6117.000000       1.0000       0.0000    
  6118.000000       1.0000       0.0000    
  6119.000000       1.0000       0.0000    
  6120.000000       1.0000       0.0000    
  6121.000000       1.0000       0.0000    
  6122.000000       1.0000       0.0000    
  6123.000000       1.0000       0.0000    
  6124.000000       1.0000       0.0000    
  6125.000000       1.0000       1.1473    
  6126.000000       1.0000       20.553    
  6127.000000       1.0000       160.81    
  6128.000000       1.0000       249.91    
  6129.000000       1.0000       272.56    
  6130.000000       1.0000       324.01    
  6131.000000       1.0000       373.03    
  6132.000000       1.0000       362.70    
  6133.000000       1.0000       241.07    
  6134.000000       1.0000       171.09    
  6135.000000       1.0000       122.23    
  6136.000000       1.0000       80.134    
  6137.000000       1.0000       40.972    
  6138.000000       1.0000       1.0176    
  6139.000000       1.0000      8.49052E-02
  6140.000000       1.0000      3.73389E-33
  6141.000000       1.0000     -5.48426E-49
  6142.000000       1.0000       0.0000    
  6143.000000       1.0000       0.0000    
  6144.000000       1.0000       0.0000    
  6145.000000       1.0000       0.0000    
  6146.000000       1.0000       0.0000    
  6147.000000       1.0000       0.0000    
  6148.000000       1.0000       0.0000    
  6149.000000       1.0000       0.0000    
  6150.000000       1.0000      0.12784    
  6151.000000       1.0000       5.4095    
  6152.000000       1.0000       38.622    
  6153.000000       1.0000       96.281    
  6154.000000       1.0000       144.17    
  6155.000000       1.0000       183.06    
  6156.000000       1.0000       224.01    
  6157.000000       1.0000       361.70    
  6158.000000       1.0000       327.20    
  6159.000000       1.0000       307.98    
  6160.000000       1.0000       283.18    
  6161.000000       1.0000       144.45    
  6162.000000       1.0000       39.472    
  6163.000000       1.0000       1.8628    
  6164.000000       1.0000      6.61657E-17
  6165.000000       1.0000     -1.74563E-33
  6166.000000       1.0000     -1.58892E-60
  6167.000000       1.0000       0.0000    
  6168.000000       1.0000       0.0000    
  6169.000000       1.0000       0.0000    
  6170.000000       1.0000       0.0000    
  6171.000000       1.0000       0.0000    
  6172.000000       1.0000       0.0000    
  6173.000000       1.0000      0.60489    
  6174.000000       1.0000       8.9732    
  6175.000000       1.0000       86.049    
  6176.000000       1.0000       223.06    
  6177.000000       1.0000       383.83    
  6178.000000       1.0000       508.26    
  6179.000000       1.0000       551.24    
  6180.000000       1.0000       1069.9    
  6181.000000       1.0000       2386.8    
  6182.000000       1.0000       2349.4    
  6183.000000       1.0000       1851.2    
  6184.000000       1.0000       1251.3    
  6185.000000       1.0000       526.52    
  6186.000000       1.0000       65.644    
  6187.000000       1.0000       4.5265    
  6188.000000       1.0000     -1.77816E-17
  6189.000000       1.0000       0.0000    
  6190.000000       1.0000       0.0000    
  6191.000000       1.0000       0.0000    
  6192.000000       1.0000       0.0000    
  6193.000000       1.0000       0.0000    
  6194.000000       1.0000       0.0000    
  6195.000000       1.0000       0.0000    
  6196.000000       1.0000       0.0000    
  6197.000000       1.0000       0.0000    
  6198.000000       1.0000      0.75606    
  6199.000000       1.0000       23.132    
  6200.000000       1.0000       154.32    
  6201.000000       1.0000       333.10    
  6202.000000       1.0000       323.08    
  6203.000000       1.0000       431.81    
  6204.000000       1.0000       476.15    
  6205.000000       1.0000       1116.3    
  6206.000000       1.0000       907.42    
  6207.000000       1.0000       1494.7    
  6208.000000       1.0000       1335.6    
  6209.000000       1.0000       667.51    
  6210.000000       1.0000       48.901    
  6211.000000       1.0000       3.7855    
  6212.000000       1.0000      2.47886E-16
  6213.000000       1.0000     -8.16669E-43
  6214.000000       1.0000       0.0000    
  6215.000000       1.0000       0.0000    
  6216.000000       1.0000       0.0000    
  6217.000000       1.0000       0.0000    
  6218.000000       1.0000       0.0000    
  6219.000000       1.0000       0.0000    
  6220.000000       1.0000       0.0000    
  6221.000000       1.0000       1.6017    
  6222.000000       1.0000       46.068    
  6223.000000       1.0000       469.45    
  6224.000000       1.0000       1163.4    
  6225.000000       1.0000       1762.3    
  6226.000000       1.0000       2363.5    
  6227.000000       1.0000       3114.4    
  6228.000000       1.0000       3116.7    
  6229.000000       1.0000       2910.6    
  6230.000000       1.0000       2075.3    
  6231.000000       1.0000       1529.7    
  6232.000000       1.0000       1346.3    
  6233.000000       1.0000       684.14    
  6234.000000       1.0000       97.531    
  6235.000000       1.0000       8.3825    
  6236.000000       1.0000     -2.58876E-28
  6237.000000       1.0000       0.0000    
  6238.000000       1.0000       0.0000    
  6239.000000       1.0000       0.0000    
  6240.000000       1.0000       0.0000    
  6241.000000       1.0000       0.0000    
  6242.000000       1.0000       0.0000    
  6243.000000       1.0000       0.0000    
  6244.000000       1.0000       0.0000    
  6245.000000       1.0000      0.33294    
  6246.000000       1.0000       5.0885    
  6247.000000       1.0000       103.60    
  6248.000000       1.0000       399.36    
  6249.000000       1.0000       1132.0    
  6250.000000       1.0000       1934.5    
  6251.000000       1.0000       2716.1    
  6252.000000       1.0000       3087.2    
  6253.000000       1.0000       3003.3    
  6254.000000       1.0000       2689.5    
  6255.000000       1.0000       2061.4    
  6256.000000       1.0000       1290.4    
  6257.000000       1.0000       459.03    
  6258.000000       1.0000       69.298    
  6259.000000       1.0000       4.9667    
  6260.000000       1.0000       0.0000    
  6261.000000       1.0000       0.0000    
  6262.000000       1.0000       0.0000    
  6263.000000       1.0000       0.0000    
  6264.000000       1.0000       0.0000    
  6265.000000       1.0000       0.0000    
  6266.000000       1.0000       0.0000    
  6267.000000       1.0000       0.0000    
  6268.000000       1.0000       0.0000    
  6269.000000       1.0000      0.11866    
  6270.000000       1.0000       3.2411    
  6271.000000       1.0000       50.293    
  6272.000000       1.0000       167.60    
  6273.000000       1.0000       278.83    
  6274.000000       1.0000       347.35    
  6275.000000       1.0000       454.85    
  6276.000000       1.0000       1110.7    
  6277.000000       1.0000       1428.1    
  6278.000000       1.0000       1733.9    
  6279.000000       1.0000       1278.3    
  6280.000000       1.0000       804.94    
  6281.000000       1.0000       311.46    
  6282.000000       1.0000       44.024    
  6283.000000       1.0000       2.5109    
  6284.000000       1.0000     -3.32607E-29
  6285.000000       1.0000      6.04079E-45
  6286.000000       1.0000       0.0000    
  6287.000000       1.0000       0.0000    
  6288.000000       1.0000       0.0000    
  6289.000000       1.0000       0.0000    
  6290.000000       1.0000       0.0000    
  6291.000000       1.0000       0.0000    
  6292.000000       1.0000       0.0000    
  6293.000000       1.0000       0.0000    
  6294.000000       1.0000       1.9026    
  6295.000000       1.0000       23.014    
  6296.000000       1.0000       115.00    
  6297.000000       1.0000       218.65    
  6298.000000       1.0000       316.15    
  6299.000000       1.0000       360.11    
  6300.000000       1.0000       216.04    
  6301.000000       1.0000       246.56    
  6302.000000       1.0000       222.21    
  6303.000000       1.0000       207.99    
  6304.000000       1.0000       160.30    
  6305.000000       1.0000       44.400    
  6306.000000       1.0000       4.1783    
  6307.000000       1.0000      5.74413E-02
  6308.000000       1.0000     -8.87675E-18
  6309.000000       1.0000       0.0000    
  6310.000000       1.0000       0.0000    
  6311.000000       1.0000       0.0000    
  6312.000000       1.0000       0.0000    
  6313.000000       1.0000       0.0000    
  6314.000000       1.0000       0.0000    
  6315.000000       1.0000       0.0000    
  6316.000000       1.0000       0.0000    
  6317.000000       1.0000       0.0000    
  6318.000000       1.0000      0.98332    
  6319.000000       1.0000       19.621    
  6320.000000       1.0000       89.129    
  6321.000000       1.0000       237.03    
  6322.000000       1.0000       353.84    
  6323.000000       1.0000       458.13    
  6324.000000       1.0000       567.14    
  6325.000000       1.0000       729.13    
  6326.000000       1.0000       602.82    
  6327.000000       1.0000       289.60    
  6328.000000       1.0000       114.74    
  6329.000000       1.0000       17.157    
  6330.000000       1.0000      0.25394    
  6331.000000       1.0000     -3.87598E-32
  6332.000000       1.0000       0.0000    
  6333.000000       1.0000       0.0000    
  6334.000000       1.0000       0.0000    
  6335.000000       1.0000       0.0000    
  6336.000000       1.0000       0.0000    
  6337.000000       1.0000       0.0000    
  6338.000000       1.0000       0.0000    
  6339.000000       1.0000       0.0000    
  6340.000000       1.0000       0.0000    
  6341.000000       1.0000      0.34758    
  6342.000000       1.0000       5.2865    
  6343.000000       1.0000       102.12    
  6344.000000       1.0000       250.76    
  6345.000000       1.0000       1063.1    
  6346.000000       1.0000       2672.9    
  6347.000000       1.0000       3101.8    
  6348.000000       1.0000       3227.0    
  6349.000000       1.0000       3099.0    
  6350.000000       1.0000       2757.2    
  6351.000000       1.0000       2085.1    
  6352.000000       1.0000       1330.5    
  6353.000000       1.0000       521.41    
  6354.000000       1.0000       42.754    
  6355.000000       1.0000       2.9813    
  6356.000000       1.0000       0.0000    
  6357.000000       1.0000       0.0000    
  6358.000000       1.0000       0.0000    
  6359.000000       1.0000       0.0000    
  6360.000000       1.0000       0.0000    
  6361.000000       1.0000       0.0000    
  6362.000000       1.0000       0.0000    
  6363.000000       1.0000       0.0000    
  6364.000000       1.0000       0.0000    
  6365.000000       1.0000       1.4343    
  6366.000000       1.0000       33.103    
  6367.000000       1.0000       289.01    
  6368.000000       1.0000       988.34    
  6369.000000       1.0000       1745.7    
  6370.000000       1.0000       2328.8    
  6371.000000       1.0000       2750.9    
  6372.000000       1.0000       3005.3    
  6373.000000       1.0000       2966.3    
  6374.000000       1.0000       2634.1    
  6375.000000       1.0000       2039.4    
  6376.000000       1.0000       1139.7    
  6377.000000       1.0000       356.71    
  6378.000000       1.0000       12.324    
  6379.000000       1.0000      0.94554    
  6380.000000       1.0000     -5.04286E-18
  6381.000000       1.0000       0.0000    
  6382.000000       1.0000       0.0000    
  6383.000000       1.0000       0.0000    
  6384.000000       1.0000       0.0000    
  6385.000000       1.0000       0.0000    
  6386.000000       1.0000       0.0000    
  6387.000000       1.0000       0.0000    
  6388.000000       1.0000       0.0000    
  6389.000000       1.0000      0.24667    
  6390.000000       1.0000       5.9622    
  6391.000000       1.0000       176.00    
  6392.000000       1.0000       336.13    
  6393.000000       1.0000       280.65    
  6394.000000       1.0000       298.40    
  6395.000000       1.0000       132.51    
  6396.000000       1.0000       761.03    
  6397.000000       1.0000       1999.5    
  6398.000000       1.0000       2321.7    
  6399.000000       1.0000       1599.8    
  6400.000000       1.0000       740.44    
  6401.000000       1.0000       275.72    
  6402.000000       1.0000       27.428    
  6403.000000       1.0000       1.6966    
  6404.000000       1.0000      1.16576E-29
  6405.000000       1.0000       0.0000    
  6406.000000       1.0000       0.0000    
  6407.000000       1.0000       0.0000    
  6408.000000       1.0000       0.0000    
  6409.000000       1.0000       0.0000    
  6410.000000       1.0000       0.0000    
  6411.000000       1.0000       0.0000    
  6412.000000       1.0000       0.0000    
  6413.000000       1.0000      0.11226    
  6414.000000       1.0000       3.7285    
  6415.000000       1.0000       66.559    
  6416.000000       1.0000       233.28    
  6417.000000       1.0000       310.52    
  6418.000000       1.0000       300.41    
  6419.000000       1.0000       419.55    
  6420.000000       1.0000       430.57    
  6421.000000       1.0000       380.45    
  6422.000000       1.0000       224.16    
  6423.000000       1.0000       129.10    
  6424.000000       1.0000       18.306    
  6425.000000       1.0000      0.34651    
  6426.000000       1.0000       0.0000    
  6427.000000       1.0000       0.0000    
  6428.000000       1.0000       0.0000    
  6429.000000       1.0000       0.0000    
  6430.000000       1.0000       0.0000    
  6431.000000       1.0000       0.0000    
  6432.000000       1.0000       0.0000    
  6433.000000       1.0000       0.0000    
  6434.000000       1.0000       0.0000    
  6435.000000       1.0000       0.0000    
  6436.000000       1.0000       0.0000    
  6437.000000       1.0000       0.0000    
  6438.000000       1.0000      2.00584E-02
  6439.000000       1.0000       1.9917    
  6440.000000       1.0000       2.4454    
  6441.000000       1.0000       142.03    
  6442.000000       1.0000       289.18    
  6443.000000       1.0000       226.82    
  6444.000000       1.0000       411.13    
  6445.000000       1.0000       592.59    
  6446.000000       1.0000       1285.3    
  6447.000000       1.0000       1028.3    
  6448.000000       1.0000       353.33    
  6449.000000       1.0000       27.908    
  6450.000000       1.0000      0.31712    
  6451.000000       1.0000     -1.04110E-33
  6452.000000       1.0000      1.30867E-50
  6453.000000       1.0000     -1.85292E-66
  6454.000000       1.0000       0.0000    
  6455.000000       1.0000       0.0000    
  6456.000000       1.0000       0.0000    
  6457.000000       1.0000       0.0000    
  6458.000000       1.0000       0.0000    
  6459.000000       1.0000       0.0000    
  6460.000000       1.0000       0.0000    
  6461.000000       1.0000       0.0000    
  6462.000000       1.0000      0.59190    
  6463.000000       1.0000       6.2646    
  6464.000000       1.0000       58.011    
  6465.000000       1.0000       119.62    
  6466.000000       1.0000       288.91    
  6467.000000       1.0000       522.23    
  6468.000000       1.0000       753.53    
  6469.000000       1.0000       2068.4    
  6470.000000       1.0000       2198.4    
  6471.000000       1.0000       1143.4    
  6472.000000       1.0000       596.33    
  6473.000000       1.0000       121.51    
  6474.000000       1.0000       4.4339    
  6475.000000       1.0000      0.10478    
  6476.000000       1.0000       0.0000    
  6477.000000       1.0000       0.0000    
  6478.000000       1.0000       0.0000    
  6479.000000       1.0000       0.0000    
  6480.000000       1.0000       0.0000    
  6481.000000       1.0000       0.0000    
  6482.000000       1.0000       0.0000    
  6483.000000       1.0000       0.0000    
  6484.000000       1.0000       0.0000    
  6485.000000       1.0000       0.0000    
  6486.000000       1.0000       1.4370    
  6487.000000       1.0000       20.535    
  6488.000000       1.0000       131.28    
  6489.000000       1.0000       421.03    
  6490.000000       1.0000       1165.9    
  6491.000000       1.0000       2274.0    
  6492.000000       1.0000       2443.8    
  6493.000000       1.0000       1852.9    
  6494.000000       1.0000       447.88    
  6495.000000       1.0000       156.68    
  6496.000000       1.0000       89.648    
  6497.000000       1.0000       7.2228    
  6498.000000       1.0000      0.44887    
  6499.000000       1.0000     -6.68945E-18
  6500.000000       1.0000       0.0000    
  6501.000000       1.0000       0.0000    
  6502.000000       1.0000       0.0000    
  6503.000000       1.0000       0.0000    
  6504.000000       1.0000       0.0000    
  6505.000000       1.0000       0.0000    
  6506.000000       1.0000       0.0000    
  6507.000000       1.0000       0.0000    
  6508.000000       1.0000       0.0000    
  6509.000000       1.0000      1.28217E-02
  6510.000000       1.0000       4.1711    
  6511.000000       1.0000       282.85    
  6512.000000       1.0000       1224.1    
  6513.000000       1.0000       2065.4    
  6514.000000       1.0000       2631.9    
  6515.000000       1.0000       2221.1    
  6516.000000       1.0000       1277.7    
  6517.000000       1.0000       1316.1    
  6518.000000       1.0000       1205.4    
  6519.000000       1.0000       460.95    
  6520.000000       1.0000       286.76    
  6521.000000       1.0000       72.814    
  6522.000000       1.0000       6.1200    
  6523.000000       1.0000      0.11558    
  6524.000000       1.0000     -1.44730E-33
  6525.000000       1.0000      1.27244E-51
  6526.000000       1.0000      1.38641E-67
  6527.000000       1.0000       0.0000    
  6528.000000       1.0000       0.0000    
  6529.000000       1.0000       0.0000    
  6530.000000       1.0000       0.0000    
  6531.000000       1.0000       0.0000    
  6532.000000       1.0000       0.0000    
  6533.000000       1.0000      6.96712E-02
  6534.000000       1.0000       1.7205    
  6535.000000       1.0000       67.616    
  6536.000000       1.0000       253.53    
  6537.000000       1.0000       257.59    
  6538.000000       1.0000       327.47    
  6539.000000       1.0000       334.28    
  6540.000000       1.0000       504.83    
  6541.000000       1.0000       994.39    
  6542.000000       1.0000       985.62    
  6543.000000       1.0000       826.35    
  6544.000000       1.0000       674.92    
  6545.000000       1.0000       245.59    
  6546.000000       1.0000       13.053    
  6547.000000       1.0000      0.30310    
  6548.000000       1.0000       0.0000    
  6549.000000       1.0000       0.0000    
  6550.000000       1.0000       0.0000    
  6551.000000       1.0000       0.0000    
  6552.000000       1.0000       0.0000    
  6553.000000       1.0000       0.0000    
  6554.000000       1.0000       0.0000    
  6555.000000       1.0000       0.0000    
  6556.000000       1.0000       0.0000    
  6557.000000       1.0000       0.0000    
  6558.000000       1.0000       2.2494    
  6559.000000       1.0000       36.647    
  6560.000000       1.0000       549.89    
  6561.000000       1.0000       813.36    
  6562.000000       1.0000       717.30    
  6563.000000       1.0000       489.30    
  6564.000000       1.0000       331.51    
  6565.000000       1.0000       197.38    
  6566.000000       1.0000       142.50    
  6567.000000       1.0000       236.87    
  6568.000000       1.0000       154.86    
  6569.000000       1.0000       32.986    
  6570.000000       1.0000      5.66567E-02
  6571.000000       1.0000     -1.58648E-34
  6572.000000       1.0000       0.0000    
  6573.000000       1.0000       0.0000    
  6574.000000       1.0000       0.0000    
  6575.000000       1.0000       0.0000    
  6576.000000       1.0000       0.0000    
  6577.000000       1.0000       0.0000    
  6578.000000       1.0000       0.0000    
  6579.000000       1.0000       0.0000    
  6580.000000       1.0000       0.0000    
  6581.000000       1.0000       0.0000    
  6582.000000       1.0000       9.9412    
  6583.000000       1.0000       186.74    
  6584.000000       1.0000       925.91    
  6585.000000       1.0000       1351.1    
  6586.000000       1.0000       693.57    
  6587.000000       1.0000       310.41    
  6588.000000       1.0000       458.37    
  6589.000000       1.0000       550.02    
  6590.000000       1.0000       819.69    
  6591.000000       1.0000       1144.4    
  6592.000000       1.0000       795.96    
  6593.000000       1.0000       174.38    
  6594.000000       1.0000       11.425    
  6595.000000       1.0000      0.27012    
  6596.000000       1.0000      1.14089E-29
  6597.000000       1.0000      4.65173E-46
  6598.000000       1.0000       0.0000    
  6599.000000       1.0000       0.0000    
  6600.000000       1.0000       0.0000    
  6601.000000       1.0000       0.0000    
  6602.000000       1.0000       0.0000    
  6603.000000       1.0000       0.0000    
  6604.000000       1.0000       0.0000    
  6605.000000       1.0000       0.0000    
  6606.000000       1.0000      1.68984E-02
  6607.000000       1.0000       2.0169    
  6608.000000       1.0000       7.1473    
  6609.000000       1.0000       156.11    
  6610.000000       1.0000       300.22    
  6611.000000       1.0000       330.98    
  6612.000000       1.0000       265.39    
  6613.000000       1.0000       205.23    
  6614.000000       1.0000       287.38    
  6615.000000       1.0000       198.02    
  6616.000000       1.0000       50.100    
  6617.000000       1.0000       3.3754    
  6618.000000       1.0000      9.28144E-02
  6619.000000       1.0000       0.0000    
  6620.000000       1.0000       0.0000    
  6621.000000       1.0000       0.0000    
  6622.000000       1.0000       0.0000    
  6623.000000       1.0000       0.0000    
  6624.000000       1.0000       0.0000    
  6625.000000       1.0000       0.0000    
  6626.000000       1.0000       0.0000    
  6627.000000       1.0000       0.0000    
  6628.000000       1.0000       0.0000    
  6629.000000       1.0000       0.0000    
  6630.000000       1.0000       0.0000    
  6631.000000       1.0000      0.61386    
  6632.000000       1.0000       10.059    
  6633.000000       1.0000       55.695    
  6634.000000       1.0000       63.553    
  6635.000000       1.0000       57.464    
  6636.000000       1.0000       31.001    
  6637.000000       1.0000       5.6739    
  6638.000000       1.0000       7.9660    
  6639.000000       1.0000       2.6559    
  6640.000000       1.0000       6.3374    
  6641.000000       1.0000      8.73434E-02
  6642.000000       1.0000       0.0000    
  6643.000000       1.0000       0.0000    
  6644.000000       1.0000       0.0000    
  6645.000000       1.0000       0.0000    
  6646.000000       1.0000       0.0000    
  6647.000000       1.0000       0.0000    
  6648.000000       1.0000       0.0000    
  6649.000000       1.0000       0.0000    
  6650.000000       1.0000       0.0000    
  6651.000000       1.0000       0.0000    
  6652.000000       1.0000       0.0000    
  6653.000000       1.0000       0.0000    
  6654.000000       1.0000       1.6829    
  6655.000000       1.0000       54.847    
  6656.000000       1.0000       758.94    
  6657.000000       1.0000       1746.2    
  6658.000000       1.0000       1989.8    
  6659.000000       1.0000       1066.9    
  6660.000000       1.0000       1614.0    
  6661.000000       1.0000       1701.8    
  6662.000000       1.0000       2500.5    
  6663.000000       1.0000       1690.2    
  6664.000000       1.0000       860.57    
  6665.000000       1.0000       211.30    
  6666.000000       1.0000       11.593    
  6667.000000       1.0000      6.74589E-02
  6668.000000       1.0000     -2.39521E-29
  6669.000000       1.0000       0.0000    
  6670.000000       1.0000       0.0000    
  6671.000000       1.0000       0.0000    
  6672.000000       1.0000       0.0000    
  6673.000000       1.0000       0.0000    
  6674.000000       1.0000       0.0000    
  6675.000000       1.0000       0.0000    
  6676.000000       1.0000       0.0000    
  6677.000000       1.0000       0.0000    
  6678.000000       1.0000      0.87147    
  6679.000000       1.0000       7.5024    
  6680.000000       1.0000       23.540    
  6681.000000       1.0000       74.836    
  6682.000000       1.0000       160.32    
  6683.000000       1.0000       360.18    
  6684.000000       1.0000       306.11    
  6685.000000       1.0000       274.99    
  6686.000000       1.0000       620.34    
  6687.000000       1.0000       1232.3    
  6688.000000       1.0000       714.10    
  6689.000000       1.0000       143.95    
  6690.000000       1.0000       3.0465    
  6691.000000       1.0000      3.19062E-28
  6692.000000       1.0000     -1.50496E-48
  6693.000000       1.0000     -7.25979E-65
  6694.000000       1.0000       0.0000    
  6695.000000       1.0000       0.0000    
  6696.000000       1.0000       0.0000    
  6697.000000       1.0000       0.0000    
  6698.000000       1.0000       0.0000    
  6699.000000       1.0000       0.0000    
  6700.000000       1.0000       0.0000    
  6701.000000       1.0000       0.0000    
  6702.000000       1.0000       0.0000    
  6703.000000       1.0000       1.2650    
  6704.000000       1.0000       31.116    
  6705.000000       1.0000       125.95    
  6706.000000       1.0000       226.26    
  6707.000000       1.0000       362.57    
  6708.000000       1.0000       687.78    
  6709.000000       1.0000       481.31    
  6710.000000       1.0000       814.20    
  6711.000000       1.0000       547.99    
  6712.000000       1.0000       81.330    
  6713.000000       1.0000       61.730    
  6714.000000       1.0000       4.3356    
  6715.000000       1.0000     -7.72244E-28
  6716.000000       1.0000       0.0000    
  6717.000000       1.0000       0.0000    
  6718.000000       1.0000       0.0000    
  6719.000000       1.0000       0.0000    
  6720.000000       1.0000       0.0000    
  6721.000000       1.0000       0.0000    
  6722.000000       1.0000       0.0000    
  6723.000000       1.0000       0.0000    
  6724.000000       1.0000       0.0000    
  6725.000000       1.0000       0.0000    
  6726.000000       1.0000      0.36292    
  6727.000000       1.0000       11.653    
  6728.000000       1.0000       103.31    
  6729.000000       1.0000       227.43    
  6730.000000       1.0000       257.09    
  6731.000000       1.0000       678.82    
  6732.000000       1.0000       722.54    
  6733.000000       1.0000       743.55    
  6734.000000       1.0000       373.47    
  6735.000000       1.0000       75.605    
  6736.000000       1.0000       20.820    
  6737.000000       1.0000       1.3779    
  6738.000000       1.0000      1.32157E-16
  6739.000000       1.0000       0.0000    
  6740.000000       1.0000       0.0000    
  6741.000000       1.0000       0.0000    
  6742.000000       1.0000       0.0000    
  6743.000000       1.0000       0.0000    
  6744.000000       1.0000       0.0000    
  6745.000000       1.0000       0.0000    
  6746.000000       1.0000       0.0000    
  6747.000000       1.0000       0.0000    
  6748.000000       1.0000       0.0000    
  6749.000000       1.0000       0.0000    
  6750.000000       1.0000       14.208    
  6751.000000       1.0000       209.72    
  6752.000000       1.0000       1100.3    
  6753.000000       1.0000       1963.6    
  6754.000000       1.0000       2585.7    
  6755.000000       1.0000       2445.3    
  6756.000000       1.0000       1327.5    
  6757.000000       1.0000       1811.3    
  6758.000000       1.0000       2126.8    
  6759.000000       1.0000       1014.7    
  6760.000000       1.0000       528.54    
  6761.000000       1.0000       57.479    
  6762.000000       1.0000       1.3058    
  6763.000000       1.0000     -6.28339E-17
  6764.000000       1.0000       0.0000    
  6765.000000       1.0000       0.0000    
  6766.000000       1.0000       0.0000    
  6767.000000       1.0000       0.0000    
  6768.000000       1.0000       0.0000    
  6769.000000       1.0000       0.0000    
  6770.000000       1.0000       0.0000    
  6771.000000       1.0000       0.0000    
  6772.000000       1.0000       0.0000    
  6773.000000       1.0000       0.0000    
  6774.000000       1.0000      0.12315    
  6775.000000       1.0000      0.75370    
  6776.000000       1.0000      0.58350    
  6777.000000       1.0000       39.103    
  6778.000000       1.0000       223.24    
  6779.000000       1.0000       177.55    
  6780.000000       1.0000       204.18    
  6781.000000       1.0000       532.88    
  6782.000000       1.0000       537.85    
  6783.000000       1.0000       266.08    
  6784.000000       1.0000       445.94    
  6785.000000       1.0000       36.142    
  6786.000000       1.0000       1.4212    
  6787.000000       1.0000     -6.75718E-44
  6788.000000       1.0000     -2.65916E-64
  6789.000000       1.0000       0.0000    
  6790.000000       1.0000       0.0000    
  6791.000000       1.0000       0.0000    
  6792.000000       1.0000       0.0000    
  6793.000000       1.0000       0.0000    
  6794.000000       1.0000       0.0000    
  6795.000000       1.0000       0.0000    
  6796.000000       1.0000       0.0000    
  6797.000000       1.0000       0.0000    
  6798.000000       1.0000      1.16329E-02
  6799.000000       1.0000       5.8803    
  6800.000000       1.0000       68.714    
  6801.000000       1.0000       272.26    
  6802.000000       1.0000       570.07    
  6803.000000       1.0000       418.04    
  6804.000000       1.0000       389.16    
  6805.000000       1.0000       772.55    
  6806.000000       1.0000       1320.5    
  6807.000000       1.0000       641.22    
  6808.000000       1.0000       298.66    
  6809.000000       1.0000       32.972    
  6810.000000       1.0000      0.49525    
  6811.000000       1.0000      3.33361E-29
  6812.000000       1.0000     -4.96917E-45
  6813.000000       1.0000     -9.62605E-74
  6814.000000       1.0000     -1.56612E-90
  6815.000000       1.0000       0.0000    
  6816.000000       1.0000       0.0000    
  6817.000000       1.0000       0.0000    
  6818.000000       1.0000       0.0000    
  6819.000000       1.0000       0.0000    
  6820.000000       1.0000       0.0000    
  6821.000000       1.0000       0.0000    
  6822.000000       1.0000       2.6352    
  6823.000000       1.0000       34.799    
  6824.000000       1.0000       401.99    
  6825.000000       1.0000       106.27    
  6826.000000       1.0000       381.11    
  6827.000000       1.0000       1501.3    
  6828.000000       1.0000       2135.3    
  6829.000000       1.0000       1030.7    
  6830.000000       1.0000       2297.0    
  6831.000000       1.0000       1597.4    
  6832.000000       1.0000       972.10    
  6833.000000       1.0000       98.399    
  6834.000000       1.0000       6.3377    
  6835.000000       1.0000     -1.66512E-31
  6836.000000       1.0000     -7.11039E-60
  6837.000000       1.0000     -1.06216E-79
  6838.000000       1.0000      4.45689E-96
  6839.000000       1.0000       0.0000    
  6840.000000       1.0000       0.0000    
  6841.000000       1.0000       0.0000    
  6842.000000       1.0000       0.0000    
  6843.000000       1.0000       0.0000    
  6844.000000       1.0000       0.0000    
  6845.000000       1.0000       0.0000    
  6846.000000       1.0000       9.2451    
  6847.000000       1.0000       174.95    
  6848.000000       1.0000       920.67    
  6849.000000       1.0000       1933.0    
  6850.000000       1.0000       2510.6    
  6851.000000       1.0000       2468.7    
  6852.000000       1.0000       2046.5    
  6853.000000       1.0000       2588.2    
  6854.000000       1.0000       2485.1    
  6855.000000       1.0000       1881.2    
  6856.000000       1.0000       976.19    
  6857.000000       1.0000       106.55    
  6858.000000       1.0000       7.3649    
  6859.000000       1.0000      1.65424E-31
  6860.000000       1.0000     -2.42969E-60
  6861.000000       1.0000      2.91818E-76
  6862.000000       1.0000       0.0000    
  6863.000000       1.0000       0.0000    
  6864.000000       1.0000       0.0000    
  6865.000000       1.0000       0.0000    
  6866.000000       1.0000       0.0000    
  6867.000000       1.0000       0.0000    
  6868.000000       1.0000       0.0000    
  6869.000000       1.0000       0.0000    
  6870.000000       1.0000       3.9210    
  6871.000000       1.0000       110.17    
  6872.000000       1.0000       1083.1    
  6873.000000       1.0000       1943.5    
  6874.000000       1.0000       2323.5    
  6875.000000       1.0000       1809.1    
  6876.000000       1.0000       2071.4    
  6877.000000       1.0000       712.09    
  6878.000000       1.0000       269.25    
  6879.000000       1.0000       136.24    
  6880.000000       1.0000       46.045    
  6881.000000       1.0000       2.7501    
  6882.000000       1.0000      0.23481    
  6883.000000       1.0000       0.0000    
  6884.000000       1.0000       0.0000    
  6885.000000       1.0000       0.0000    
  6886.000000       1.0000       0.0000    
  6887.000000       1.0000       0.0000    
  6888.000000       1.0000       0.0000    
  6889.000000       1.0000       0.0000    
  6890.000000       1.0000       0.0000    
  6891.000000       1.0000       0.0000    
  6892.000000       1.0000       0.0000    
  6893.000000       1.0000       0.0000    
  6894.000000       1.0000       2.0524    
  6895.000000       1.0000       64.985    
  6896.000000       1.0000       903.20    
  6897.000000       1.0000       1894.9    
  6898.000000       1.0000       2538.0    
  6899.000000       1.0000       2954.7    
  6900.000000       1.0000       2995.7    
  6901.000000       1.0000       2841.4    
  6902.000000       1.0000       2297.8    
  6903.000000       1.0000       1966.6    
  6904.000000       1.0000       700.57    
  6905.000000       1.0000       79.290    
  6906.000000       1.0000       4.1431    
  6907.000000       1.0000      9.72197E-29
  6908.000000       1.0000       0.0000    
  6909.000000       1.0000       0.0000    
  6910.000000       1.0000       0.0000    
  6911.000000       1.0000       0.0000    
  6912.000000       1.0000       0.0000    
  6913.000000       1.0000       0.0000    
  6914.000000       1.0000       0.0000    
  6915.000000       1.0000       0.0000    
  6916.000000       1.0000       0.0000    
  6917.000000       1.0000       0.0000    
  6918.000000       1.0000      0.11205    
  6919.000000       1.0000       11.811    
  6920.000000       1.0000       132.96    
  6921.000000       1.0000       1322.5    
  6922.000000       1.0000       832.69    
  6923.000000       1.0000       637.42    
  6924.000000       1.0000       848.03    
  6925.000000       1.0000       415.48    
  6926.000000       1.0000       290.57    
  6927.000000       1.0000       199.19    
  6928.000000       1.0000       22.521    
  6929.000000       1.0000       2.3392    
  6930.000000       1.0000     -1.52708E-16
  6931.000000       1.0000      2.17885E-32
  6932.000000       1.0000       0.0000    
  6933.000000       1.0000       0.0000    
  6934.000000       1.0000       0.0000    
  6935.000000       1.0000       0.0000    
  6936.000000       1.0000       0.0000    
  6937.000000       1.0000       0.0000    
  6938.000000       1.0000       0.0000    
  6939.000000       1.0000       0.0000    
  6940.000000       1.0000       0.0000    
  6941.000000       1.0000       0.0000    
  6942.000000       1.0000       5.5731    
  6943.000000       1.0000       129.30    
  6944.000000       1.0000       1029.8    
  6945.000000       1.0000       1971.3    
  6946.000000       1.0000       2558.2    
  6947.000000       1.0000       2828.3    
  6948.000000       1.0000       2539.4    
  6949.000000       1.0000       738.40    
  6950.000000       1.0000       418.86    
  6951.000000       1.0000       414.85    
  6952.000000       1.0000       50.228    
  6953.000000       1.0000       3.7345    
  6954.000000       1.0000     -1.14717E-49
  6955.000000       1.0000       0.0000    
  6956.000000       1.0000       0.0000    
  6957.000000       1.0000       0.0000    
  6958.000000       1.0000       0.0000    
  6959.000000       1.0000       0.0000    
  6960.000000       1.0000       0.0000    
  6961.000000       1.0000       0.0000    
  6962.000000       1.0000       0.0000    
  6963.000000       1.0000       0.0000    
  6964.000000       1.0000       0.0000    
  6965.000000       1.0000       0.0000    
  6966.000000       1.0000      0.98377    
  6967.000000       1.0000       103.63    
  6968.000000       1.0000       1057.6    
  6969.000000       1.0000       2023.8    
  6970.000000       1.0000       2612.3    
  6971.000000       1.0000       3024.8    
  6972.000000       1.0000       3127.4    
  6973.000000       1.0000       2815.7    
  6974.000000       1.0000       2188.5    
  6975.000000       1.0000       1746.3    
  6976.000000       1.0000       734.01    
  6977.000000       1.0000       42.755    
  6978.000000       1.0000       1.6509    
  6979.000000       1.0000     -2.43740E-28
  6980.000000       1.0000     -2.17523E-44
  6981.000000       1.0000     -1.53378E-60
  6982.000000       1.0000       0.0000    
  6983.000000       1.0000       0.0000    
  6984.000000       1.0000       0.0000    
  6985.000000       1.0000       0.0000    
  6986.000000       1.0000       0.0000    
  6987.000000       1.0000       0.0000    
  6988.000000       1.0000       0.0000    
  6989.000000       1.0000       0.0000    
  6990.000000       1.0000       5.9685    
  6991.000000       1.0000       71.284    
  6992.000000       1.0000       691.05    
  6993.000000       1.0000       1510.0    
  6994.000000       1.0000       2189.1    
  6995.000000       1.0000       2552.3    
  6996.000000       1.0000       2623.1    
  6997.000000       1.0000       2379.8    
  6998.000000       1.0000       2018.7    
  6999.000000       1.0000       1068.4    
  7000.000000       1.0000       526.59    
  7001.000000       1.0000       13.646    
  7002.000000       1.0000      8.24872E-02
  7003.000000       1.0000     -2.55335E-30
  7004.000000       1.0000     -3.12819E-50
  7005.000000       1.0000       0.0000    
  7006.000000       1.0000       0.0000    
  7007.000000       1.0000       0.0000    
  7008.000000       1.0000       0.0000    
  7009.000000       1.0000       0.0000    
  7010.000000       1.0000       0.0000    
  7011.000000       1.0000       0.0000    
  7012.000000       1.0000       0.0000    
  7013.000000       1.0000       0.0000    
  7014.000000       1.0000       0.0000    
  7015.000000       1.0000      0.40450    
  7016.000000       1.0000       10.713    
  7017.000000       1.0000       74.833    
  7018.000000       1.0000       126.35    
  7019.000000       1.0000       219.44    
  7020.000000       1.0000       365.85    
  7021.000000       1.0000       250.38    
  7022.000000       1.0000       149.58    
  7023.000000       1.0000       46.058    
  7024.000000       1.0000       13.038    
  7025.000000       1.0000      0.72135    
  7026.000000       1.0000      1.24994E-16
  7027.000000       1.0000       0.0000    
  7028.000000       1.0000       0.0000    
  7029.000000       1.0000       0.0000    
  7030.000000       1.0000       0.0000    
  7031.000000       1.0000       0.0000    
  7032.000000       1.0000       0.0000    
  7033.000000       1.0000       0.0000    
  7034.000000       1.0000       0.0000    
  7035.000000       1.0000       0.0000    
  7036.000000       1.0000       0.0000    
  7037.000000       1.0000       0.0000    
  7038.000000       1.0000       0.0000    
  7039.000000       1.0000       0.0000    
  7040.000000       1.0000      0.19429    
  7041.000000       1.0000       3.1452    
  7042.000000       1.0000       18.524    
  7043.000000       1.0000       32.351    
  7044.000000       1.0000       47.634    
  7045.000000       1.0000       58.930    
  7046.000000       1.0000       64.679    
  7047.000000       1.0000       27.133    
  7048.000000       1.0000       2.6813    
  7049.000000       1.0000      0.12252    
  7050.000000       1.0000       0.0000    
  7051.000000       1.0000       0.0000    
  7052.000000       1.0000       0.0000    
  7053.000000       1.0000       0.0000    
  7054.000000       1.0000       0.0000    
  7055.000000       1.0000       0.0000    
  7056.000000       1.0000       0.0000    
  7057.000000       1.0000       0.0000    
  7058.000000       1.0000       0.0000    
  7059.000000       1.0000       0.0000    
  7060.000000       1.0000       0.0000    
  7061.000000       1.0000       0.0000    
  7062.000000       1.0000       0.0000    
  7063.000000       1.0000      0.12742    
  7064.000000       1.0000       6.8261    
  7065.000000       1.0000       119.48    
  7066.000000       1.0000       113.68    
  7067.000000       1.0000       100.58    
  7068.000000       1.0000       127.45    
  7069.000000       1.0000       84.971    
  7070.000000       1.0000       19.930    
  7071.000000       1.0000       24.921    
  7072.000000       1.0000       13.089    
  7073.000000       1.0000      0.19837    
  7074.000000       1.0000       0.0000    
  7075.000000       1.0000       0.0000    
  7076.000000       1.0000       0.0000    
  7077.000000       1.0000       0.0000    
  7078.000000       1.0000       0.0000    
  7079.000000       1.0000       0.0000    
  7080.000000       1.0000       0.0000    
  7081.000000       1.0000       0.0000    
  7082.000000       1.0000       0.0000    
  7083.000000       1.0000       0.0000    
  7084.000000       1.0000       0.0000    
  7085.000000       1.0000       0.0000    
  7086.000000       1.0000      0.34550    
  7087.000000       1.0000       7.7290    
  7088.000000       1.0000       227.76    
  7089.000000       1.0000       661.41    
  7090.000000       1.0000       759.79    
  7091.000000       1.0000       1184.9    
  7092.000000       1.0000       853.58    
  7093.000000       1.0000       1936.0    
  7094.000000       1.0000       1952.6    
  7095.000000       1.0000       391.61    
  7096.000000       1.0000       41.351    
  7097.000000       1.0000       3.0166    
  7098.000000       1.0000       0.0000    
  7099.000000       1.0000       0.0000    
  7100.000000       1.0000       0.0000    
  7101.000000       1.0000       0.0000    
  7102.000000       1.0000       0.0000    
  7103.000000       1.0000       0.0000    
  7104.000000       1.0000       0.0000    
  7105.000000       1.0000       0.0000    
  7106.000000       1.0000       0.0000    
  7107.000000       1.0000       0.0000    
  7108.000000       1.0000       0.0000    
  7109.000000       1.0000       0.0000    
  7110.000000       1.0000       0.0000    
  7111.000000       1.0000      0.28425    
  7112.000000       1.0000       11.472    
  7113.000000       1.0000       140.99    
  7114.000000       1.0000       311.76    
  7115.000000       1.0000       782.70    
  7116.000000       1.0000       1042.8    
  7117.000000       1.0000       1379.8    
  7118.000000       1.0000       899.19    
  7119.000000       1.0000       718.94    
  7120.000000       1.0000       158.25    
  7121.000000       1.0000       5.2977    
  7122.000000       1.0000      0.11739    
  7123.000000       1.0000      3.00861E-18
  7124.000000       1.0000     -9.92579E-46
  7125.000000       1.0000      3.68244E-62
  7126.000000       1.0000       0.0000    
  7127.000000       1.0000       0.0000    
  7128.000000       1.0000       0.0000    
  7129.000000       1.0000       0.0000    
  7130.000000       1.0000       0.0000    
  7131.000000       1.0000       0.0000    
  7132.000000       1.0000       0.0000    
  7133.000000       1.0000       0.0000    
  7134.000000       1.0000       0.0000    
  7135.000000       1.0000      0.32805    
  7136.000000       1.0000       3.2186    
  7137.000000       1.0000       8.3280    
  7138.000000       1.0000       15.940    
  7139.000000       1.0000       22.106    
  7140.000000       1.0000       14.762    
  7141.000000       1.0000       3.6558    
  7142.000000       1.0000       1.9507    
  7143.000000       1.0000      9.85167E-02
  7144.000000       1.0000       0.0000    
  7145.000000       1.0000       0.0000    
  7146.000000       1.0000       0.0000    
  7147.000000       1.0000       0.0000    
  7148.000000       1.0000       0.0000    
  7149.000000       1.0000       0.0000    
  7150.000000       1.0000       0.0000    
  7151.000000       1.0000       0.0000    
  7152.000000       1.0000       0.0000    
  7153.000000       1.0000       0.0000    
  7154.000000       1.0000       0.0000    
  7155.000000       1.0000       0.0000    
  7156.000000       1.0000       0.0000    
  7157.000000       1.0000       0.0000    
  7158.000000       1.0000      0.43563    
  7159.000000       1.0000       18.863    
  7160.000000       1.0000       73.815    
  7161.000000       1.0000       119.75    
  7162.000000       1.0000       153.47    
  7163.000000       1.0000       251.40    
  7164.000000       1.0000       247.21    
  7165.000000       1.0000       244.82    
  7166.000000       1.0000       124.53    
  7167.000000       1.0000       26.499    
  7168.000000       1.0000       1.1667    
  7169.000000       1.0000      8.59847E-17
  7170.000000       1.0000      2.62736E-32
  7171.000000       1.0000       0.0000    
  7172.000000       1.0000       0.0000    
  7173.000000       1.0000       0.0000    
  7174.000000       1.0000       0.0000    
  7175.000000       1.0000       0.0000    
  7176.000000       1.0000       0.0000    
  7177.000000       1.0000       0.0000    
  7178.000000       1.0000       0.0000    
  7179.000000       1.0000       0.0000    
  7180.000000       1.0000       0.0000    
  7181.000000       1.0000       0.0000    
  7182.000000       1.0000      0.45435    
  7183.000000       1.0000       5.3579    
  7184.000000       1.0000       22.539    
  7185.000000       1.0000       42.670    
  7186.000000       1.0000       98.170    
  7187.000000       1.0000       201.66    
  7188.000000       1.0000       215.64    
  7189.000000       1.0000       213.11    
  7190.000000       1.0000       30.911    
  7191.000000       1.0000       4.3365    
  7192.000000       1.0000      0.49576    
  7193.000000       1.0000       0.0000    
  7194.000000       1.0000       0.0000    
  7195.000000       1.0000       0.0000    
  7196.000000       1.0000       0.0000    
  7197.000000       1.0000       0.0000    
  7198.000000       1.0000       0.0000    
  7199.000000       1.0000       0.0000    
  7200.000000       1.0000       0.0000    
  7201.000000       1.0000       0.0000    
  7202.000000       1.0000       0.0000    
  7203.000000       1.0000       0.0000    
  7204.000000       1.0000       0.0000    
  7205.000000       1.0000       0.0000    
  7206.000000       1.0000      0.22668    
  7207.000000       1.0000       6.9870    
  7208.000000       1.0000       51.636    
  7209.000000       1.0000       198.34    
  7210.000000       1.0000       954.96    
  7211.000000       1.0000       1591.8    
  7212.000000       1.0000       955.01    
  7213.000000       1.0000       1010.7    
  7214.000000       1.0000       596.93    
  7215.000000       1.0000       58.180    
  7216.000000       1.0000       2.5937    
  7217.000000       1.0000     -2.01235E-31
  7218.000000       1.0000       0.0000    
  7219.000000       1.0000       0.0000    
  7220.000000       1.0000       0.0000    
  7221.000000       1.0000       0.0000    
  7222.000000       1.0000       0.0000    
  7223.000000       1.0000       0.0000    
  7224.000000       1.0000       0.0000    
  7225.000000       1.0000       0.0000    
  7226.000000       1.0000       0.0000    
  7227.000000       1.0000       0.0000    
  7228.000000       1.0000       0.0000    
  7229.000000       1.0000       0.0000    
  7230.000000       1.0000      0.82791    
  7231.000000       1.0000       9.2618    
  7232.000000       1.0000       43.228    
  7233.000000       1.0000       193.26    
  7234.000000       1.0000       455.24    
  7235.000000       1.0000       784.34    
  7236.000000       1.0000       1128.2    
  7237.000000       1.0000       1043.7    
  7238.000000       1.0000       536.30    
  7239.000000       1.0000       144.78    
  7240.000000       1.0000       3.7948    
  7241.000000       1.0000     -5.28995E-45
  7242.000000       1.0000      7.35562E-72
  7243.000000       1.0000      2.87160E-88
  7244.000000       1.0000       0.0000    
  7245.000000       1.0000       0.0000    
  7246.000000       1.0000       0.0000    
  7247.000000       1.0000       0.0000    
  7248.000000       1.0000       0.0000    
  7249.000000       1.0000       0.0000    
  7250.000000       1.0000       0.0000    
  7251.000000       1.0000       0.0000    
  7252.000000       1.0000       0.0000    
  7253.000000       1.0000       0.0000    
  7254.000000       1.0000      0.11305    
  7255.000000       1.0000       2.9125    
  7256.000000       1.0000       35.222    
  7257.000000       1.0000       85.963    
  7258.000000       1.0000       123.20    
  7259.000000       1.0000       168.87    
  7260.000000       1.0000       141.08    
  7261.000000       1.0000       115.06    
  7262.000000       1.0000       67.735    
  7263.000000       1.0000       4.4968    
  7264.000000       1.0000      0.18334    
  7265.000000       1.0000       0.0000    
  7266.000000       1.0000       0.0000    
  7267.000000       1.0000       0.0000    
  7268.000000       1.0000       0.0000    
  7269.000000       1.0000       0.0000    
  7270.000000       1.0000       0.0000    
  7271.000000       1.0000       0.0000    
  7272.000000       1.0000       0.0000    
  7273.000000       1.0000       0.0000    
  7274.000000       1.0000       0.0000    
  7275.000000       1.0000       0.0000    
  7276.000000       1.0000       0.0000    
  7277.000000       1.0000       0.0000    
  7278.000000       1.0000      0.11301    
  7279.000000       1.0000       1.2001    
  7280.000000       1.0000       58.872    
  7281.000000       1.0000       302.57    
  7282.000000       1.0000       757.29    
  7283.000000       1.0000       916.23    
  7284.000000       1.0000       1773.9    
  7285.000000       1.0000       2013.1    
  7286.000000       1.0000       1395.6    
  7287.000000       1.0000       695.21    
  7288.000000       1.0000       97.179    
  7289.000000       1.0000       3.4515    
  7290.000000       1.0000       0.0000    
  7291.000000       1.0000       0.0000    
  7292.000000       1.0000       0.0000    
  7293.000000       1.0000       0.0000    
  7294.000000       1.0000       0.0000    
  7295.000000       1.0000       0.0000    
  7296.000000       1.0000       0.0000    
  7297.000000       1.0000       0.0000    
  7298.000000       1.0000       0.0000    
  7299.000000       1.0000       0.0000    
  7300.000000       1.0000       0.0000    
  7301.000000       1.0000       0.0000    
  7302.000000       1.0000       0.0000    
  7303.000000       1.0000       0.0000    
  7304.000000       1.0000      7.22693E-02
  7305.000000       1.0000       6.0620    
  7306.000000       1.0000       39.220    
  7307.000000       1.0000       44.663    
  7308.000000       1.0000       187.09    
  7309.000000       1.0000       365.54    
  7310.000000       1.0000       466.61    
  7311.000000       1.0000       239.17    
  7312.000000       1.0000       36.146    
  7313.000000       1.0000       1.6012    
  7314.000000       1.0000       0.0000    
  7315.000000       1.0000       0.0000    
  7316.000000       1.0000       0.0000    
  7317.000000       1.0000       0.0000    
  7318.000000       1.0000       0.0000    
  7319.000000       1.0000       0.0000    
  7320.000000       1.0000       0.0000    
  7321.000000       1.0000       0.0000    
  7322.000000       1.0000       0.0000    
  7323.000000       1.0000       0.0000    
  7324.000000       1.0000       0.0000    
  7325.000000       1.0000       0.0000    
  7326.000000       1.0000       0.0000    
  7327.000000       1.0000       0.0000    
  7328.000000       1.0000      0.11313    
  7329.000000       1.0000       3.4860    
  7330.000000       1.0000       25.350    
  7331.000000       1.0000       68.176    
  7332.000000       1.0000       115.41    
  7333.000000       1.0000       88.210    
  7334.000000       1.0000       61.861    
  7335.000000       1.0000       17.581    
  7336.000000       1.0000       1.6095    
  7337.000000       1.0000       0.0000    
  7338.000000       1.0000       0.0000    
  7339.000000       1.0000       0.0000    
  7340.000000       1.0000       0.0000    
  7341.000000       1.0000       0.0000    
  7342.000000       1.0000       0.0000    
  7343.000000       1.0000       0.0000    
  7344.000000       1.0000       0.0000    
  7345.000000       1.0000       0.0000    
  7346.000000       1.0000       0.0000    
  7347.000000       1.0000       0.0000    
  7348.000000       1.0000       0.0000    
  7349.000000       1.0000       0.0000    
  7350.000000       1.0000       0.0000    
  7351.000000       1.0000      1.77223E-02
  7352.000000       1.0000       9.3514    
  7353.000000       1.0000       59.887    
  7354.000000       1.0000       196.66    
  7355.000000       1.0000       305.54    
  7356.000000       1.0000       413.68    
  7357.000000       1.0000       615.51    
  7358.000000       1.0000       556.56    
  7359.000000       1.0000       265.54    
  7360.000000       1.0000       70.168    
  7361.000000       1.0000       6.9806    
  7362.000000       1.0000       0.0000    
  7363.000000       1.0000       0.0000    
  7364.000000       1.0000       0.0000    
  7365.000000       1.0000       0.0000    
  7366.000000       1.0000       0.0000    
  7367.000000       1.0000       0.0000    
  7368.000000       1.0000       0.0000    
  7369.000000       1.0000       0.0000    
  7370.000000       1.0000       0.0000    
  7371.000000       1.0000       0.0000    
  7372.000000       1.0000       0.0000    
  7373.000000       1.0000       0.0000    
  7374.000000       1.0000       0.0000    
  7375.000000       1.0000       1.5910    
  7376.000000       1.0000       38.912    
  7377.000000       1.0000       215.75    
  7378.000000       1.0000       547.81    
  7379.000000       1.0000       1983.5    
  7380.000000       1.0000       1304.0    
  7381.000000       1.0000       1483.4    
  7382.000000       1.0000       1035.5    
  7383.000000       1.0000       166.49    
  7384.000000       1.0000       22.532    
  7385.000000       1.0000       1.4594    
  7386.000000       1.0000       0.0000    
  7387.000000       1.0000       0.0000    
  7388.000000       1.0000       0.0000    
  7389.000000       1.0000       0.0000    
  7390.000000       1.0000       0.0000    
  7391.000000       1.0000       0.0000    
  7392.000000       1.0000       0.0000    
  7393.000000       1.0000       0.0000    
  7394.000000       1.0000       0.0000    
  7395.000000       1.0000       0.0000    
  7396.000000       1.0000       0.0000    
  7397.000000       1.0000       0.0000    
  7398.000000       1.0000       0.0000    
  7399.000000       1.0000       0.0000    
  7400.000000       1.0000      0.55268    
  7401.000000       1.0000       14.311    
  7402.000000       1.0000       35.332    
  7403.000000       1.0000       47.253    
  7404.000000       1.0000       62.594    
  7405.000000       1.0000       55.406    
  7406.000000       1.0000       45.068    
  7407.000000       1.0000       38.797    
  7408.000000       1.0000       7.3514    
  7409.000000       1.0000      0.37298    
  7410.000000       1.0000       0.0000    
  7411.000000       1.0000       0.0000    
  7412.000000       1.0000       0.0000    
  7413.000000       1.0000       0.0000    
  7414.000000       1.0000       0.0000    
  7415.000000       1.0000       0.0000    
  7416.000000       1.0000       0.0000    
  7417.000000       1.0000       0.0000    
  7418.000000       1.0000       0.0000    
  7419.000000       1.0000       0.0000    
  7420.000000       1.0000       0.0000    
  7421.000000       1.0000       0.0000    
  7422.000000       1.0000       0.0000    
  7423.000000       1.0000      0.42635    
  7424.000000       1.0000       58.659    
  7425.000000       1.0000       361.41    
  7426.000000       1.0000       1894.3    
  7427.000000       1.0000       2484.6    
  7428.000000       1.0000       2490.8    
  7429.000000       1.0000       2312.9    
  7430.000000       1.0000       1939.7    
  7431.000000       1.0000       1005.5    
  7432.000000       1.0000       145.78    
  7433.000000       1.0000       4.6051    
  7434.000000       1.0000      4.34793E-45
  7435.000000       1.0000       0.0000    
  7436.000000       1.0000       0.0000    
  7437.000000       1.0000       0.0000    
  7438.000000       1.0000       0.0000    
  7439.000000       1.0000       0.0000    
  7440.000000       1.0000       0.0000    
  7441.000000       1.0000       0.0000    
  7442.000000       1.0000       0.0000    
  7443.000000       1.0000       0.0000    
  7444.000000       1.0000       0.0000    
  7445.000000       1.0000       0.0000    
  7446.000000       1.0000       0.0000    
  7447.000000       1.0000       0.0000    
  7448.000000       1.0000      0.78089    
  7449.000000       1.0000       11.092    
  7450.000000       1.0000       40.814    
  7451.000000       1.0000       70.807    
  7452.000000       1.0000       97.698    
  7453.000000       1.0000       134.71    
  7454.000000       1.0000       159.12    
  7455.000000       1.0000       124.35    
  7456.000000       1.0000       17.514    
  7457.000000       1.0000      0.24823    
  7458.000000       1.0000       0.0000    
  7459.000000       1.0000       0.0000    
  7460.000000       1.0000       0.0000    
  7461.000000       1.0000       0.0000    
  7462.000000       1.0000       0.0000    
  7463.000000       1.0000       0.0000    
  7464.000000       1.0000       0.0000    
  7465.000000       1.0000       0.0000    
  7466.000000       1.0000       0.0000    
  7467.000000       1.0000       0.0000    
  7468.000000       1.0000       0.0000    
  7469.000000       1.0000       0.0000    
  7470.000000       1.0000       0.0000    
  7471.000000       1.0000      7.42523E-02
  7472.000000       1.0000       1.3022    
  7473.000000       1.0000       35.513    
  7474.000000       1.0000       123.06    
  7475.000000       1.0000       147.17    
  7476.000000       1.0000       134.13    
  7477.000000       1.0000       106.94    
  7478.000000       1.0000       235.29    
  7479.000000       1.0000       131.68    
  7480.000000       1.0000       23.683    
  7481.000000       1.0000       1.1727    
  7482.000000       1.0000     -2.35752E-32
  7483.000000       1.0000     -2.20148E-48
  7484.000000       1.0000       0.0000    
  7485.000000       1.0000       0.0000    
  7486.000000       1.0000       0.0000    
  7487.000000       1.0000       0.0000    
  7488.000000       1.0000       0.0000    
  7489.000000       1.0000       0.0000    
  7490.000000       1.0000       0.0000    
  7491.000000       1.0000       0.0000    
  7492.000000       1.0000       0.0000    
  7493.000000       1.0000       0.0000    
  7494.000000       1.0000       0.0000    
  7495.000000       1.0000      3.83463E-02
  7496.000000       1.0000       2.0433    
  7497.000000       1.0000       53.101    
  7498.000000       1.0000       138.34    
  7499.000000       1.0000       220.27    
  7500.000000       1.0000       200.12    
  7501.000000       1.0000       145.11    
  7502.000000       1.0000       92.970    
  7503.000000       1.0000       36.129    
  7504.000000       1.0000       4.2751    
  7505.000000       1.0000      0.10235    
  7506.000000       1.0000       0.0000    
  7507.000000       1.0000       0.0000    
  7508.000000       1.0000       0.0000    
  7509.000000       1.0000       0.0000    
  7510.000000       1.0000       0.0000    
  7511.000000       1.0000       0.0000    
  7512.000000       1.0000       0.0000    
  7513.000000       1.0000       0.0000    
  7514.000000       1.0000       0.0000    
  7515.000000       1.0000       0.0000    
  7516.000000       1.0000       0.0000    
  7517.000000       1.0000       0.0000    
  7518.000000       1.0000       0.0000    
  7519.000000       1.0000       0.0000    
  7520.000000       1.0000      0.33119    
  7521.000000       1.0000       6.7280    
  7522.000000       1.0000       38.851    
  7523.000000       1.0000       114.51    
  7524.000000       1.0000       134.80    
  7525.000000       1.0000       24.595    
  7526.000000       1.0000       9.9021    
  7527.000000       1.0000      0.50209    
  7528.000000       1.0000       0.0000    
  7529.000000       1.0000       0.0000    
  7530.000000       1.0000       0.0000    
  7531.000000       1.0000       0.0000    
  7532.000000       1.0000       0.0000    
  7533.000000       1.0000       0.0000    
  7534.000000       1.0000       0.0000    
  7535.000000       1.0000       0.0000    
  7536.000000       1.0000       0.0000    
  7537.000000       1.0000       0.0000    
  7538.000000       1.0000       0.0000    
  7539.000000       1.0000       0.0000    
  7540.000000       1.0000       0.0000    
  7541.000000       1.0000       0.0000    
  7542.000000       1.0000       0.0000    
  7543.000000       1.0000       0.0000    
  7544.000000       1.0000       0.0000    
  7545.000000       1.0000      8.12115E-02
  7546.000000       1.0000       1.2550    
  7547.000000       1.0000       6.4389    
  7548.000000       1.0000       22.177    
  7549.000000       1.0000       23.475    
  7550.000000       1.0000       5.9856    
  7551.000000       1.0000      0.49640    
  7552.000000       1.0000       0.0000    
  7553.000000       1.0000       0.0000    
  7554.000000       1.0000       0.0000    
  7555.000000       1.0000       0.0000    
  7556.000000       1.0000       0.0000    
  7557.000000       1.0000       0.0000    
  7558.000000       1.0000       0.0000    
  7559.000000       1.0000       0.0000    
  7560.000000       1.0000       0.0000    
  7561.000000       1.0000       0.0000    
  7562.000000       1.0000       0.0000    
  7563.000000       1.0000       0.0000    
  7564.000000       1.0000       0.0000    
  7565.000000       1.0000       0.0000    
  7566.000000       1.0000       0.0000    
  7567.000000       1.0000       0.0000    
  7568.000000       1.0000      6.78392E-02
  7569.000000       1.0000       4.7838    
  7570.000000       1.0000       27.652    
  7571.000000       1.0000       47.172    
  7572.000000       1.0000       39.492    
  7573.000000       1.0000       20.436    
  7574.000000       1.0000       15.032    
  7575.000000       1.0000      0.79490    
  7576.000000       1.0000       0.0000    
  7577.000000       1.0000       0.0000    
  7578.000000       1.0000       0.0000    
  7579.000000       1.0000       0.0000    
  7580.000000       1.0000       0.0000    
  7581.000000       1.0000       0.0000    
  7582.000000       1.0000       0.0000    
  7583.000000       1.0000       0.0000    
  7584.000000       1.0000       0.0000    
  7585.000000       1.0000       0.0000    
  7586.000000       1.0000       0.0000    
  7587.000000       1.0000       0.0000    
  7588.000000       1.0000       0.0000    
  7589.000000       1.0000       0.0000    
  7590.000000       1.0000       0.0000    
  7591.000000       1.0000       0.0000    
  7592.000000       1.0000      0.23634    
  7593.000000       1.0000       3.5253    
  7594.000000       1.0000       3.1688    
  7595.000000       1.0000       21.529    
  7596.000000       1.0000       66.540    
  7597.000000       1.0000       55.565    
  7598.000000       1.0000       16.265    
  7599.000000       1.0000       2.3721    
  7600.000000       1.0000      0.12474    
  7601.000000       1.0000       0.0000    
  7602.000000       1.0000       0.0000    
  7603.000000       1.0000       0.0000    
  7604.000000       1.0000       0.0000    
  7605.000000       1.0000       0.0000    
  7606.000000       1.0000       0.0000    
  7607.000000       1.0000       0.0000    
  7608.000000       1.0000       0.0000    
  7609.000000       1.0000       0.0000    
  7610.000000       1.0000       0.0000    
  7611.000000       1.0000       0.0000    
  7612.000000       1.0000       0.0000    
  7613.000000       1.0000       0.0000    
  7614.000000       1.0000       0.0000    
  7615.000000       1.0000       2.2576    
  7616.000000       1.0000       22.211    
  7617.000000       1.0000       183.94    
  7618.000000       1.0000       104.91    
  7619.000000       1.0000       168.36    
  7620.000000       1.0000       239.65    
  7621.000000       1.0000       317.24    
  7622.000000       1.0000       286.91    
  7623.000000       1.0000       103.30    
  7624.000000       1.0000       13.310    
  7625.000000       1.0000      0.23015    
  7626.000000       1.0000     -2.19627E-34
  7627.000000       1.0000     -8.47485E-62
  7628.000000       1.0000       0.0000    
  7629.000000       1.0000       0.0000    
  7630.000000       1.0000       0.0000    
  7631.000000       1.0000       0.0000    
  7632.000000       1.0000       0.0000    
  7633.000000       1.0000       0.0000    
  7634.000000       1.0000       0.0000    
  7635.000000       1.0000       0.0000    
  7636.000000       1.0000       0.0000    
  7637.000000       1.0000       0.0000    
  7638.000000       1.0000       0.0000    
  7639.000000       1.0000       0.0000    
  7640.000000       1.0000       0.0000    
  7641.000000       1.0000       1.1198    
  7642.000000       1.0000       12.011    
  7643.000000       1.0000       41.130    
  7644.000000       1.0000       124.15    
  7645.000000       1.0000       116.77    
  7646.000000       1.0000       50.281    
  7647.000000       1.0000       7.8229    
  7648.000000       1.0000      0.37211    
  7649.000000       1.0000       0.0000    
  7650.000000       1.0000       0.0000    
  7651.000000       1.0000       0.0000    
  7652.000000       1.0000       0.0000    
  7653.000000       1.0000       0.0000    
  7654.000000       1.0000       0.0000    
  7655.000000       1.0000       0.0000    
  7656.000000       1.0000       0.0000    
  7657.000000       1.0000       0.0000    
  7658.000000       1.0000       0.0000    
  7659.000000       1.0000       0.0000    
  7660.000000       1.0000       0.0000    
  7661.000000       1.0000       0.0000    
  7662.000000       1.0000       0.0000    
  7663.000000       1.0000       0.0000    
  7664.000000       1.0000      0.66733    
  7665.000000       1.0000       23.888    
  7666.000000       1.0000       48.959    
  7667.000000       1.0000       173.11    
  7668.000000       1.0000       156.90    
  7669.000000       1.0000       49.250    
  7670.000000       1.0000       7.4510    
  7671.000000       1.0000      0.35427    
  7672.000000       1.0000       0.0000    
  7673.000000       1.0000       0.0000    
  7674.000000       1.0000       0.0000    
  7675.000000       1.0000       0.0000    
  7676.000000       1.0000       0.0000    
  7677.000000       1.0000       0.0000    
  7678.000000       1.0000       0.0000    
  7679.000000       1.0000       0.0000    
  7680.000000       1.0000       0.0000    
  7681.000000       1.0000       0.0000    
  7682.000000       1.0000       0.0000    
  7683.000000       1.0000       0.0000    
  7684.000000       1.0000       0.0000    
  7685.000000       1.0000       0.0000    
  7686.000000       1.0000       0.0000    
  7687.000000       1.0000       0.0000    
  7688.000000       1.0000      5.07800E-03
  7689.000000       1.0000       10.698    
  7690.000000       1.0000       64.808    
  7691.000000       1.0000       97.845    
  7692.000000       1.0000       52.565    
  7693.000000       1.0000       34.559    
  7694.000000       1.0000       7.2304    
  7695.000000       1.0000      0.30430    
  7696.000000       1.0000       0.0000    
  7697.000000       1.0000       0.0000    
  7698.000000       1.0000       0.0000    
  7699.000000       1.0000       0.0000    
  7700.000000       1.0000       0.0000    
  7701.000000       1.0000       0.0000    
  7702.000000       1.0000       0.0000    
  7703.000000       1.0000       0.0000    
  7704.000000       1.0000       0.0000    
  7705.000000       1.0000       0.0000    
  7706.000000       1.0000       0.0000    
  7707.000000       1.0000       0.0000    
  7708.000000       1.0000       0.0000    
  7709.000000       1.0000       0.0000    
  7710.000000       1.0000       0.0000    
  7711.000000       1.0000       0.0000    
  7712.000000       1.0000       0.0000    
  7713.000000       1.0000      0.11308    
  7714.000000       1.0000       3.8078    
  7715.000000       1.0000       31.134    
  7716.000000       1.0000       71.482    
  7717.000000       1.0000       42.660    
  7718.000000       1.0000       17.984    
  7719.000000       1.0000       2.1245    
  7720.000000       1.0000       0.0000    
  7721.000000       1.0000       0.0000    
  7722.000000       1.0000       0.0000    
  7723.000000       1.0000       0.0000    
  7724.000000       1.0000       0.0000    
  7725.000000       1.0000       0.0000    
  7726.000000       1.0000       0.0000    
  7727.000000       1.0000       0.0000    
  7728.000000       1.0000       0.0000    
  7729.000000       1.0000       0.0000    
  7730.000000       1.0000       0.0000    
  7731.000000       1.0000       0.0000    
  7732.000000       1.0000       0.0000    
  7733.000000       1.0000       0.0000    
  7734.000000       1.0000       0.0000    
  7735.000000       1.0000       0.0000    
  7736.000000       1.0000       0.0000    
  7737.000000       1.0000      0.35603    
  7738.000000       1.0000       26.227    
  7739.000000       1.0000       299.72    
  7740.000000       1.0000       386.93    
  7741.000000       1.0000       879.94    
  7742.000000       1.0000       1489.2    
  7743.000000       1.0000       209.25    
  7744.000000       1.0000       8.0183    
  7745.000000       1.0000       0.0000    
  7746.000000       1.0000       0.0000    
  7747.000000       1.0000       0.0000    
  7748.000000       1.0000       0.0000    
  7749.000000       1.0000       0.0000    
  7750.000000       1.0000       0.0000    
  7751.000000       1.0000       0.0000    
  7752.000000       1.0000       0.0000    
  7753.000000       1.0000       0.0000    
  7754.000000       1.0000       0.0000    
  7755.000000       1.0000       0.0000    
  7756.000000       1.0000       0.0000    
  7757.000000       1.0000       0.0000    
  7758.000000       1.0000       0.0000    
  7759.000000       1.0000      0.16855    
  7760.000000       1.0000       14.420    
  7761.000000       1.0000       706.87    
  7762.000000       1.0000       1903.8    
  7763.000000       1.0000       2416.4    
  7764.000000       1.0000       2596.8    
  7765.000000       1.0000       2359.7    
  7766.000000       1.0000       1658.6    
  7767.000000       1.0000       371.78    
  7768.000000       1.0000       27.952    
  7769.000000       1.0000      0.14474    
  7770.000000       1.0000     -6.28229E-30
  7771.000000       1.0000       0.0000    
  7772.000000       1.0000       0.0000    
  7773.000000       1.0000       0.0000    
  7774.000000       1.0000       0.0000    
  7775.000000       1.0000       0.0000    
  7776.000000       1.0000       0.0000    
  7777.000000       1.0000       0.0000    
  7778.000000       1.0000       0.0000    
  7779.000000       1.0000       0.0000    
  7780.000000       1.0000       0.0000    
  7781.000000       1.0000       0.0000    
  7782.000000       1.0000       0.0000    
  7783.000000       1.0000       0.0000    
  7784.000000       1.0000       0.0000    
  7785.000000       1.0000       0.0000    
  7786.000000       1.0000      0.12141    
  7787.000000       1.0000       2.1796    
  7788.000000       1.0000       13.141    
  7789.000000       1.0000       5.4675    
  7790.000000       1.0000      0.58434    
  7791.000000       1.0000       0.0000    
  7792.000000       1.0000       0.0000    
  7793.000000       1.0000       0.0000    
  7794.000000       1.0000       0.0000    
  7795.000000       1.0000       0.0000    
  7796.000000       1.0000       0.0000    
  7797.000000       1.0000       0.0000    
  7798.000000       1.0000       0.0000    
  7799.000000       1.0000       0.0000    
  7800.000000       1.0000       0.0000    
  7801.000000       1.0000       0.0000    
  7802.000000       1.0000       0.0000    
  7803.000000       1.0000       0.0000    
  7804.000000       1.0000       0.0000    
  7805.000000       1.0000       0.0000    
  7806.000000       1.0000       0.0000    
  7807.000000       1.0000       0.0000    
  7808.000000       1.0000      0.97949    
  7809.000000       1.0000       85.334    
  7810.000000       1.0000       153.04    
  7811.000000       1.0000       814.80    
  7812.000000       1.0000       998.47    
  7813.000000       1.0000       818.82    
  7814.000000       1.0000       265.75    
  7815.000000       1.0000       13.432    
  7816.000000       1.0000      7.34071E-02
  7817.000000       1.0000       0.0000    
  7818.000000       1.0000       0.0000    
  7819.000000       1.0000       0.0000    
  7820.000000       1.0000       0.0000    
  7821.000000       1.0000       0.0000    
  7822.000000       1.0000       0.0000    
  7823.000000       1.0000       0.0000    
  7824.000000       1.0000       0.0000    
  7825.000000       1.0000       0.0000    
  7826.000000       1.0000       0.0000    
  7827.000000       1.0000       0.0000    
  7828.000000       1.0000       0.0000    
  7829.000000       1.0000       0.0000    
  7830.000000       1.0000       0.0000    
  7831.000000       1.0000       0.0000    
  7832.000000       1.0000      1.60460E-02
  7833.000000       1.0000       30.511    
  7834.000000       1.0000       120.30    
  7835.000000       1.0000       509.95    
  7836.000000       1.0000       793.32    
  7837.000000       1.0000       1665.7    
  7838.000000       1.0000       1028.1    
  7839.000000       1.0000       186.96    
  7840.000000       1.0000       2.7972    
  7841.000000       1.0000       0.0000    
  7842.000000       1.0000       0.0000    
  7843.000000       1.0000       0.0000    
  7844.000000       1.0000       0.0000    
  7845.000000       1.0000       0.0000    
  7846.000000       1.0000       0.0000    
  7847.000000       1.0000       0.0000    
  7848.000000       1.0000       0.0000    
  7849.000000       1.0000       0.0000    
  7850.000000       1.0000       0.0000    
  7851.000000       1.0000       0.0000    
  7852.000000       1.0000       0.0000    
  7853.000000       1.0000       0.0000    
  7854.000000       1.0000       0.0000    
  7855.000000       1.0000       0.0000    
  7856.000000       1.0000       0.0000    
  7857.000000       1.0000      6.44260E-02
  7858.000000       1.0000       3.3587    
  7859.000000       1.0000       19.759    
  7860.000000       1.0000       30.007    
  7861.000000       1.0000       31.617    
  7862.000000       1.0000       6.5813    
  7863.000000       1.0000      0.34375    
  7864.000000       1.0000       0.0000    
  7865.000000       1.0000       0.0000    
  7866.000000       1.0000       0.0000    
  7867.000000       1.0000       0.0000    
  7868.000000       1.0000       0.0000    
  7869.000000       1.0000       0.0000    
  7870.000000       1.0000       0.0000    
  7871.000000       1.0000       0.0000    
  7872.000000       1.0000       0.0000    
  7873.000000       1.0000       0.0000    
  7874.000000       1.0000       0.0000    
  7875.000000       1.0000       0.0000    
  7876.000000       1.0000       0.0000    
  7877.000000       1.0000       0.0000    
  7878.000000       1.0000       0.0000    
  7879.000000       1.0000       0.0000    
  7880.000000       1.0000      0.13081    
  7881.000000       1.0000       5.8461    
  7882.000000       1.0000       61.483    
  7883.000000       1.0000       130.98    
  7884.000000       1.0000       149.62    
  7885.000000       1.0000       869.22    
  7886.000000       1.0000       377.20    
  7887.000000       1.0000       39.335    
  7888.000000       1.0000       0.0000    
  7889.000000       1.0000       0.0000    
  7890.000000       1.0000       0.0000    
  7891.000000       1.0000       0.0000    
  7892.000000       1.0000       0.0000    
  7893.000000       1.0000       0.0000    
  7894.000000       1.0000       0.0000    
  7895.000000       1.0000       0.0000    
  7896.000000       1.0000       0.0000    
  7897.000000       1.0000       0.0000    
  7898.000000       1.0000       0.0000    
  7899.000000       1.0000       0.0000    
  7900.000000       1.0000       0.0000    
  7901.000000       1.0000       0.0000    
  7902.000000       1.0000       0.0000    
  7903.000000       1.0000       0.0000    
  7904.000000       1.0000       0.0000    
  7905.000000       1.0000       3.6094    
  7906.000000       1.0000       73.397    
  7907.000000       1.0000       307.73    
  7908.000000       1.0000       721.02    
  7909.000000       1.0000       1778.8    
  7910.000000       1.0000       1314.9    
  7911.000000       1.0000       189.27    
  7912.000000       1.0000       6.4906    
  7913.000000       1.0000      6.35440E-02
  7914.000000       1.0000       0.0000    
  7915.000000       1.0000       0.0000    
  7916.000000       1.0000       0.0000    
  7917.000000       1.0000       0.0000    
  7918.000000       1.0000       0.0000    
  7919.000000       1.0000       0.0000    
  7920.000000       1.0000       0.0000    
  7921.000000       1.0000       0.0000    
  7922.000000       1.0000       0.0000    
  7923.000000       1.0000       0.0000    
  7924.000000       1.0000       0.0000    
  7925.000000       1.0000       0.0000    
  7926.000000       1.0000       0.0000    
  7927.000000       1.0000       0.0000    
  7928.000000       1.0000      0.93441    
  7929.000000       1.0000       45.479    
  7930.000000       1.0000       188.90    
  7931.000000       1.0000       272.25    
  7932.000000       1.0000       273.76    
  7933.000000       1.0000       205.38    
  7934.000000       1.0000       120.87    
  7935.000000       1.0000       27.915    
  7936.000000       1.0000      0.69447    
  7937.000000       1.0000      2.36713E-44
  7938.000000       1.0000     -6.52861E-77
  7939.000000       1.0000      6.06229E-98
  7940.000000       1.0000       0.0000    
  7941.000000       1.0000       0.0000    
  7942.000000       1.0000       0.0000    
  7943.000000       1.0000       0.0000    
  7944.000000       1.0000       0.0000    
  7945.000000       1.0000       0.0000    
  7946.000000       1.0000       0.0000    
  7947.000000       1.0000       0.0000    
  7948.000000       1.0000       0.0000    
  7949.000000       1.0000       0.0000    
  7950.000000       1.0000       0.0000    
  7951.000000       1.0000       0.0000    
  7952.000000       1.0000      0.13691    
  7953.000000       1.0000       12.900    
  7954.000000       1.0000       147.17    
  7955.000000       1.0000       150.51    
  7956.000000       1.0000       114.72    
  7957.000000       1.0000       139.84    
  7958.000000       1.0000       57.850    
  7959.000000       1.0000       8.9312    
  7960.000000       1.0000      0.35587    
  7961.000000       1.0000       0.0000    
  7962.000000       1.0000       0.0000    
  7963.000000       1.0000       0.0000    
  7964.000000       1.0000       0.0000    
  7965.000000       1.0000       0.0000    
  7966.000000       1.0000       0.0000    
  7967.000000       1.0000       0.0000    
  7968.000000       1.0000       0.0000    
  7969.000000       1.0000       0.0000    
  7970.000000       1.0000       0.0000    
  7971.000000       1.0000       0.0000    
  7972.000000       1.0000       0.0000    
  7973.000000       1.0000       0.0000    
  7974.000000       1.0000       0.0000    
  7975.000000       1.0000       0.0000    
  7976.000000       1.0000       0.0000    
  7977.000000       1.0000      0.73047    
  7978.000000       1.0000       22.136    
  7979.000000       1.0000       60.622    
  7980.000000       1.0000       76.175    
  7981.000000       1.0000       57.899    
  7982.000000       1.0000       20.691    
  7983.000000       1.0000       2.2018    
  7984.000000       1.0000       0.0000    
  7985.000000       1.0000       0.0000    
  7986.000000       1.0000       0.0000    
  7987.000000       1.0000       0.0000    
  7988.000000       1.0000       0.0000    
  7989.000000       1.0000       0.0000    
  7990.000000       1.0000       0.0000    
  7991.000000       1.0000       0.0000    
  7992.000000       1.0000       0.0000    
  7993.000000       1.0000       0.0000    
  7994.000000       1.0000       0.0000    
  7995.000000       1.0000       0.0000    
  7996.000000       1.0000       0.0000    
  7997.000000       1.0000       0.0000    
  7998.000000       1.0000       0.0000    
  7999.000000       1.0000       0.0000    
  8000.000000       1.0000       0.0000    
  8001.000000       1.0000       1.1233    
  8002.000000       1.0000       8.9125    
  8003.000000       1.0000       14.740    
  8004.000000       1.0000       10.580    
  8005.000000       1.0000       2.8400    
  8006.000000       1.0000       1.0000    
  8007.000000       1.0000      0.10500    
  8008.000000       1.0000       0.0000    
  8009.000000       1.0000       0.0000    
  8010.000000       1.0000       0.0000    
  8011.000000       1.0000       0.0000    
  8012.000000       1.0000       0.0000    
  8013.000000       1.0000       0.0000    
  8014.000000       1.0000       0.0000    
  8015.000000       1.0000       0.0000    
  8016.000000       1.0000       0.0000    
  8017.000000       1.0000       0.0000    
  8018.000000       1.0000       0.0000    
  8019.000000       1.0000       0.0000    
  8020.000000       1.0000       0.0000    
  8021.000000       1.0000       0.0000    
  8022.000000       1.0000       0.0000    
  8023.000000       1.0000       0.0000    
  8024.000000       1.0000       0.0000    
  8025.000000       1.0000       1.6359    
  8026.000000       1.0000       62.922    
  8027.000000       1.0000       183.60    
  8028.000000       1.0000       179.04    
  8029.000000       1.0000       112.19    
  8030.000000       1.0000       113.70    
  8031.000000       1.0000       20.563    
  8032.000000       1.0000      0.38171    
  8033.000000       1.0000      9.28564E-30
  8034.000000       1.0000       0.0000    
  8035.000000       1.0000       0.0000    
  8036.000000       1.0000       0.0000    
  8037.000000       1.0000       0.0000    
  8038.000000       1.0000       0.0000    
  8039.000000       1.0000       0.0000    
  8040.000000       1.0000       0.0000    
  8041.000000       1.0000       0.0000    
  8042.000000       1.0000       0.0000    
  8043.000000       1.0000       0.0000    
  8044.000000       1.0000       0.0000    
  8045.000000       1.0000       0.0000    
  8046.000000       1.0000       0.0000    
  8047.000000       1.0000       0.0000    
  8048.000000       1.0000       0.0000    
  8049.000000       1.0000       1.3968    
  8050.000000       1.0000       51.483    
  8051.000000       1.0000       116.40    
  8052.000000       1.0000       117.50    
  8053.000000       1.0000       52.488    
  8054.000000       1.0000       19.302    
  8055.000000       1.0000       2.6268    
  8056.000000       1.0000      0.10167    
  8057.000000       1.0000       0.0000    
  8058.000000       1.0000       0.0000    
  8059.000000       1.0000       0.0000    
  8060.000000       1.0000       0.0000    
  8061.000000       1.0000       0.0000    
  8062.000000       1.0000       0.0000    
  8063.000000       1.0000       0.0000    
  8064.000000       1.0000       0.0000    
  8065.000000       1.0000       0.0000    
  8066.000000       1.0000       0.0000    
  8067.000000       1.0000       0.0000    
  8068.000000       1.0000       0.0000    
  8069.000000       1.0000       0.0000    
  8070.000000       1.0000       0.0000    
  8071.000000       1.0000       0.0000    
  8072.000000       1.0000       0.0000    
  8073.000000       1.0000      0.37411    
  8074.000000       1.0000       4.5715    
  8075.000000       1.0000       22.943    
  8076.000000       1.0000       14.427    
  8077.000000       1.0000       15.511    
  8078.000000       1.0000       2.3626    
  8079.000000       1.0000      9.17847E-02
  8080.000000       1.0000       0.0000    
  8081.000000       1.0000       0.0000    
  8082.000000       1.0000       0.0000    
  8083.000000       1.0000       0.0000    
  8084.000000       1.0000       0.0000    
  8085.000000       1.0000       0.0000    
  8086.000000       1.0000       0.0000    
  8087.000000       1.0000       0.0000    
  8088.000000       1.0000       0.0000    
  8089.000000       1.0000       0.0000    
  8090.000000       1.0000       0.0000    
  8091.000000       1.0000       0.0000    
  8092.000000       1.0000       0.0000    
  8093.000000       1.0000       0.0000    
  8094.000000       1.0000       0.0000    
  8095.000000       1.0000       0.0000    
  8096.000000       1.0000       0.0000    
  8097.000000       1.0000       0.0000    
  8098.000000       1.0000       0.0000    
  8099.000000       1.0000      0.27991    
  8100.000000       1.0000       6.1439    
  8101.000000       1.0000       3.0331    
  8102.000000       1.0000      9.93244E-02
  8103.000000       1.0000       0.0000    
  8104.000000       1.0000       0.0000    
  8105.000000       1.0000       0.0000    
  8106.000000       1.0000       0.0000    
  8107.000000       1.0000       0.0000    
  8108.000000       1.0000       0.0000    
  8109.000000       1.0000       0.0000    
  8110.000000       1.0000       0.0000    
  8111.000000       1.0000       0.0000    
  8112.000000       1.0000       0.0000    
  8113.000000       1.0000       0.0000    
  8114.000000       1.0000       0.0000    
  8115.000000       1.0000       0.0000    
  8116.000000       1.0000       0.0000    
  8117.000000       1.0000       0.0000    
  8118.000000       1.0000       0.0000    
  8119.000000       1.0000       0.0000    
  8120.000000       1.0000       0.0000    
  8121.000000       1.0000      0.19559    
  8122.000000       1.0000       29.521    
  8123.000000       1.0000       82.942    
  8124.000000       1.0000       156.43    
  8125.000000       1.0000       154.85    
  8126.000000       1.0000       19.571    
  8127.000000       1.0000      0.75898    
  8128.000000       1.0000       0.0000    
  8129.000000       1.0000       0.0000    
  8130.000000       1.0000       0.0000    
  8131.000000       1.0000       0.0000    
  8132.000000       1.0000       0.0000    
  8133.000000       1.0000       0.0000    
  8134.000000       1.0000       0.0000    
  8135.000000       1.0000       0.0000    
  8136.000000       1.0000       0.0000    
  8137.000000       1.0000       0.0000    
  8138.000000       1.0000       0.0000    
  8139.000000       1.0000       0.0000    
  8140.000000       1.0000       0.0000    
  8141.000000       1.0000       0.0000    
  8142.000000       1.0000       0.0000    
  8143.000000       1.0000       0.0000    
  8144.000000       1.0000       0.0000    
  8145.000000       1.0000      0.80429    
  8146.000000       1.0000       24.580    
  8147.000000       1.0000       30.093    
  8148.000000       1.0000       32.958    
  8149.000000       1.0000       18.303    
  8150.000000       1.0000       5.7361    
  8151.000000       1.0000      0.46005    
  8152.000000       1.0000     -4.29362E-29
  8153.000000       1.0000     -1.44511E-45
  8154.000000       1.0000      2.67849E-61
  8155.000000       1.0000       0.0000    
  8156.000000       1.0000       0.0000    
  8157.000000       1.0000       0.0000    
  8158.000000       1.0000       0.0000    
  8159.000000       1.0000       0.0000    
  8160.000000       1.0000       0.0000    
  8161.000000       1.0000       0.0000    
  8162.000000       1.0000       0.0000    
  8163.000000       1.0000       0.0000    
  8164.000000       1.0000       0.0000    
  8165.000000       1.0000       0.0000    
  8166.000000       1.0000       0.0000    
  8167.000000       1.0000       0.0000    
  8168.000000       1.0000       0.0000    
  8169.000000       1.0000       0.0000    
  8170.000000       1.0000       0.0000    
  8171.000000       1.0000      0.11431    
  8172.000000       1.0000       1.0000    
  8173.000000       1.0000       1.7714    
  8174.000000       1.0000       1.0000    
  8175.000000       1.0000      0.11431    
  8176.000000       1.0000       0.0000    
  8177.000000       1.0000       0.0000    
  8178.000000       1.0000       0.0000    
  8179.000000       1.0000       0.0000    
  8180.000000       1.0000       0.0000    
  8181.000000       1.0000       0.0000    
  8182.000000       1.0000       0.0000    
  8183.000000       1.0000       0.0000    
  8184.000000       1.0000       0.0000    
  8185.000000       1.0000       0.0000    
  8186.000000       1.0000       0.0000    
  8187.000000       1.0000       0.0000    
  8188.000000       1.0000       0.0000    
  8189.000000       1.0000       0.0000    
  8190.000000       1.0000       0.0000    
  8191.000000       1.0000       0.0000    
  8192.000000       1.0000       0.0000    
  8193.000000       1.0000       0.0000    
  8194.000000       1.0000       0.0000    
  8195.000000       1.0000      0.44081    
  8196.000000       1.0000       4.5177    
  8197.000000       1.0000      0.19212    
  8198.000000       1.0000      4.30127E-29
  8199.000000       1.0000      5.75316E-49
  8200.000000       1.0000       0.0000    
  8201.000000       1.0000       0.0000    
  8202.000000       1.0000       0.0000    
  8203.000000       1.0000       0.0000    
  8204.000000       1.0000       0.0000    
  8205.000000       1.0000       0.0000    
  8206.000000       1.0000       0.0000    
  8207.000000       1.0000       0.0000    
  8208.000000       1.0000       0.0000    
  8209.000000       1.0000       0.0000    
  8210.000000       1.0000       0.0000    
  8211.000000       1.0000       0.0000    
  8212.000000       1.0000       0.0000    
  8213.000000       1.0000       0.0000    
  8214.000000       1.0000       0.0000    
  8215.000000       1.0000       0.0000    
  8216.000000       1.0000       0.0000    
  8217.000000       1.0000      0.94347    
  8218.000000       1.0000       7.4954    
  8219.000000       1.0000       4.1075    
  8220.000000       1.0000       1.0747    
  8221.000000       1.0000       4.8178    
  8222.000000       1.0000       1.4299    
  8223.000000       1.0000      0.10747    
  8224.000000       1.0000       0.0000    
  8225.000000       1.0000       0.0000    
  8226.000000       1.0000       0.0000    
  8227.000000       1.0000       0.0000    
  8228.000000       1.0000       0.0000    
  8229.000000       1.0000       0.0000    
  8230.000000       1.0000       0.0000    
  8231.000000       1.0000       0.0000    
  8232.000000       1.0000       0.0000    
  8233.000000       1.0000       0.0000    
  8234.000000       1.0000       0.0000    
  8235.000000       1.0000       0.0000    
  8236.000000       1.0000       0.0000    
  8237.000000       1.0000       0.0000    
  8238.000000       1.0000       0.0000    
  8239.000000       1.0000       0.0000    
  8240.000000       1.0000       0.0000    
  8241.000000       1.0000       0.0000    
  8242.000000       1.0000       0.0000    
  8243.000000       1.0000      0.19127    
  8244.000000       1.0000       9.5384    
  8245.000000       1.0000       34.400    
  8246.000000       1.0000       5.9951    
  8247.000000       1.0000      0.24969    
  8248.000000       1.0000       0.0000    
  8249.000000       1.0000       0.0000    
  8250.000000       1.0000       0.0000    
  8251.000000       1.0000       0.0000    
  8252.000000       1.0000       0.0000    
  8253.000000       1.0000       0.0000    
  8254.000000       1.0000       0.0000    
  8255.000000       1.0000       0.0000    
  8256.000000       1.0000       0.0000    
  8257.000000       1.0000       0.0000    
  8258.000000       1.0000       0.0000    
  8259.000000       1.0000       0.0000    
  8260.000000       1.0000       0.0000    
  8261.000000       1.0000       0.0000    
  8262.000000       1.0000       0.0000    
  8263.000000       1.0000       0.0000    
  8264.000000       1.0000       0.0000    
  8265.000000       1.0000      8.75412E-02
  8266.000000       1.0000       3.1284    
  8267.000000       1.0000       19.126    
  8268.000000       1.0000       12.912    
  8269.000000       1.0000       31.127    
  8270.000000       1.0000       46.995    
  8271.000000       1.0000       22.095    
  8272.000000       1.0000      0.23488    
  8273.000000       1.0000       0.0000    
  8274.000000       1.0000       0.0000    
  8275.000000       1.0000       0.0000    
  8276.000000       1.0000       0.0000    
  8277.000000       1.0000       0.0000    
  8278.000000       1.0000       0.0000    
  8279.000000       1.0000       0.0000    
  8280.000000       1.0000       0.0000    
  8281.000000       1.0000       0.0000    
  8282.000000       1.0000       0.0000    
  8283.000000       1.0000       0.0000    
  8284.000000       1.0000       0.0000    
  8285.000000       1.0000       0.0000    
  8286.000000       1.0000       0.0000    
  8287.000000       1.0000       0.0000    
  8288.000000       1.0000       0.0000    
  8289.000000       1.0000      0.20171    
  8290.000000       1.0000       2.7840    
  8291.000000       1.0000       17.776    
  8292.000000       1.0000       12.265    
  8293.000000       1.0000       7.5152    
  8294.000000       1.0000      0.97095    
  8295.000000       1.0000       0.0000    
  8296.000000       1.0000       0.0000    
  8297.000000       1.0000       0.0000    
  8298.000000       1.0000       0.0000    
  8299.000000       1.0000       0.0000    
  8300.000000       1.0000       0.0000    
  8301.000000       1.0000       0.0000    
  8302.000000       1.0000       0.0000    
  8303.000000       1.0000       0.0000    
  8304.000000       1.0000       0.0000    
  8305.000000       1.0000       0.0000    
  8306.000000       1.0000       0.0000    
  8307.000000       1.0000       0.0000    
  8308.000000       1.0000       0.0000    
  8309.000000       1.0000       0.0000    
  8310.000000       1.0000       0.0000    
  8311.000000       1.0000       0.0000    
  8312.000000       1.0000       0.0000    
  8313.000000       1.0000      0.15783    
  8314.000000       1.0000       4.5560    
  8315.000000       1.0000       17.222    
  8316.000000       1.0000       17.444    
  8317.000000       1.0000       8.8371    
  8318.000000       1.0000       13.838    
  8319.000000       1.0000      0.11316    
  8320.000000       1.0000       0.0000    
  8321.000000       1.0000       0.0000    
  8322.000000       1.0000       0.0000    
  8323.000000       1.0000       0.0000    
  8324.000000       1.0000       0.0000    
  8325.000000       1.0000       0.0000    
  8326.000000       1.0000       0.0000    
  8327.000000       1.0000       0.0000    
  8328.000000       1.0000       0.0000    
  8329.000000       1.0000       0.0000    
  8330.000000       1.0000       0.0000    
  8331.000000       1.0000       0.0000    
  8332.000000       1.0000       0.0000    
  8333.000000       1.0000       0.0000    
  8334.000000       1.0000       0.0000    
  8335.000000       1.0000       0.0000    
  8336.000000       1.0000       0.0000    
  8337.000000       1.0000      0.13738    
  8338.000000       1.0000       13.033    
  8339.000000       1.0000       54.933    
  8340.000000       1.0000       93.418    
  8341.000000       1.0000       87.884    
  8342.000000       1.0000       13.082    
  8343.000000       1.0000      0.19348    
  8344.000000       1.0000       0.0000    
  8345.000000       1.0000       0.0000    
  8346.000000       1.0000       0.0000    
  8347.000000       1.0000       0.0000    
  8348.000000       1.0000       0.0000    
  8349.000000       1.0000       0.0000    
  8350.000000       1.0000       0.0000    
  8351.000000       1.0000       0.0000    
  8352.000000       1.0000       0.0000    
  8353.000000       1.0000       0.0000    
  8354.000000       1.0000       0.0000    
  8355.000000       1.0000       0.0000    
  8356.000000       1.0000       0.0000    
  8357.000000       1.0000       0.0000    
  8358.000000       1.0000       0.0000    
  8359.000000       1.0000       0.0000    
  8360.000000       1.0000       0.0000    
  8361.000000       1.0000       0.0000    
  8362.000000       1.0000      8.97733E-02
  8363.000000       1.0000      0.82045    
  8364.000000       1.0000      8.97733E-02
  8365.000000       1.0000     -9.37155E-18
  8366.000000       1.0000       0.0000    
  8367.000000       1.0000       0.0000    
  8368.000000       1.0000       0.0000    
  8369.000000       1.0000       0.0000    
  8370.000000       1.0000       0.0000    
  8371.000000       1.0000       0.0000    
  8372.000000       1.0000       0.0000    
  8373.000000       1.0000       0.0000    
  8374.000000       1.0000       0.0000    
  8375.000000       1.0000       0.0000    
  8376.000000       1.0000       0.0000    
  8377.000000       1.0000       0.0000    
  8378.000000       1.0000       0.0000    
  8379.000000       1.0000       0.0000    
  8380.000000       1.0000       0.0000    
  8381.000000       1.0000       0.0000    
  8382.000000       1.0000       0.0000    
  8383.000000       1.0000       0.0000    
  8384.000000       1.0000       0.0000    
  8385.000000       1.0000      0.16313    
  8386.000000       1.0000       39.903    
  8387.000000       1.0000       139.05    
  8388.000000       1.0000       62.069    
  8389.000000       1.0000       32.884    
  8390.000000       1.0000       6.6751    
  8391.000000       1.0000      0.42802    
  8392.000000       1.0000       0.0000    
  8393.000000       1.0000       0.0000    
  8394.000000       1.0000       0.0000    
  8395.000000       1.0000       0.0000    
  8396.000000       1.0000       0.0000    
  8397.000000       1.0000       0.0000    
  8398.000000       1.0000       0.0000    
  8399.000000       1.0000       0.0000    
  8400.000000       1.0000       0.0000    
  8401.000000       1.0000       0.0000    
  8402.000000       1.0000       0.0000    
  8403.000000       1.0000       0.0000    
  8404.000000       1.0000       0.0000    
  8405.000000       1.0000       0.0000    
  8406.000000       1.0000       0.0000    
  8407.000000       1.0000       0.0000    
  8408.000000       1.0000       0.0000    
  8409.000000       1.0000       0.0000    
  8410.000000       1.0000       0.0000    
  8411.000000       1.0000      0.10989    
  8412.000000       1.0000      0.78023    
  8413.000000       1.0000      0.10989    
  8414.000000       1.0000       0.0000    
  8415.000000       1.0000       0.0000    
  8416.000000       1.0000       0.0000    
  8417.000000       1.0000       0.0000    
  8418.000000       1.0000       0.0000    
  8419.000000       1.0000       0.0000    
  8420.000000       1.0000       0.0000    
  8421.000000       1.0000       0.0000    
  8422.000000       1.0000       0.0000    
  8423.000000       1.0000       0.0000    
  8424.000000       1.0000       0.0000    
  8425.000000       1.0000       0.0000    
  8426.000000       1.0000       0.0000    
  8427.000000       1.0000       0.0000    
  8428.000000       1.0000       0.0000    
  8429.000000       1.0000       0.0000    
  8430.000000       1.0000       0.0000    
  8431.000000       1.0000       0.0000    
  8432.000000       1.0000       0.0000    
  8433.000000       1.0000       0.0000    
  8434.000000       1.0000      0.86261    
  8435.000000       1.0000       8.3555    
  8436.000000       1.0000       23.891    
  8437.000000       1.0000       31.819    
  8438.000000       1.0000       4.2153    
  8439.000000       1.0000       0.0000    
  8440.000000       1.0000       0.0000    
  8441.000000       1.0000       0.0000    
  8442.000000       1.0000       0.0000    
  8443.000000       1.0000       0.0000    
  8444.000000       1.0000       0.0000    
  8445.000000       1.0000       0.0000    
  8446.000000       1.0000       0.0000    
  8447.000000       1.0000       0.0000    
  8448.000000       1.0000       0.0000    
  8449.000000       1.0000       0.0000    
  8450.000000       1.0000       0.0000    
  8451.000000       1.0000       0.0000    
  8452.000000       1.0000       0.0000    
  8453.000000       1.0000       0.0000    
  8454.000000       1.0000       0.0000    
  8455.000000       1.0000       0.0000    
  8456.000000       1.0000      0.17017    
  8457.000000       1.0000       23.817    
  8458.000000       1.0000       667.67    
  8459.000000       1.0000       1161.4    
  8460.000000       1.0000       1137.1    
  8461.000000       1.0000       320.35    
  8462.000000       1.0000       99.380    
  8463.000000       1.0000       11.055    
  8464.000000       1.0000      0.34100    
  8465.000000       1.0000       0.0000    
  8466.000000       1.0000       0.0000    
  8467.000000       1.0000       0.0000    
  8468.000000       1.0000       0.0000    
  8469.000000       1.0000       0.0000    
  8470.000000       1.0000       0.0000    
  8471.000000       1.0000       0.0000    
  8472.000000       1.0000       0.0000    
  8473.000000       1.0000       0.0000    
  8474.000000       1.0000       0.0000    
  8475.000000       1.0000       0.0000    
  8476.000000       1.0000       0.0000    
  8477.000000       1.0000       0.0000    
  8478.000000       1.0000       0.0000    
  8479.000000       1.0000       0.0000    
  8480.000000       1.0000       0.0000    
  8481.000000       1.0000      0.14682    
  8482.000000       1.0000       3.3413    
  8483.000000       1.0000       16.628    
  8484.000000       1.0000       17.716    
  8485.000000       1.0000       4.1582    
  8486.000000       1.0000      5.75263E-02
  8487.000000       1.0000       0.0000    
  8488.000000       1.0000       0.0000    
  8489.000000       1.0000       0.0000    
  8490.000000       1.0000       0.0000    
  8491.000000       1.0000       0.0000    
  8492.000000       1.0000       0.0000    
  8493.000000       1.0000       0.0000    
  8494.000000       1.0000       0.0000    
  8495.000000       1.0000       0.0000    
  8496.000000       1.0000       0.0000    
  8497.000000       1.0000       0.0000    
  8498.000000       1.0000       0.0000    
  8499.000000       1.0000       0.0000    
  8500.000000       1.0000       0.0000    
  8501.000000       1.0000       0.0000    
  8502.000000       1.0000       0.0000    
  8503.000000       1.0000       0.0000    
  8504.000000       1.0000       0.0000    
  8505.000000       1.0000       0.0000    
  8506.000000       1.0000      3.07662E-02
  8507.000000       1.0000       5.4509    
  8508.000000       1.0000       23.009    
  8509.000000       1.0000       12.355    
  8510.000000       1.0000       2.8729    
  8511.000000       1.0000      0.21823    
  8512.000000       1.0000       0.0000    
  8513.000000       1.0000       0.0000    
  8514.000000       1.0000       0.0000    
  8515.000000       1.0000       0.0000    
  8516.000000       1.0000       0.0000    
  8517.000000       1.0000       0.0000    
  8518.000000       1.0000       0.0000    
  8519.000000       1.0000       0.0000    
  8520.000000       1.0000       0.0000    
  8521.000000       1.0000       0.0000    
  8522.000000       1.0000       0.0000    
  8523.000000       1.0000       0.0000    
  8524.000000       1.0000       0.0000    
  8525.000000       1.0000       0.0000    
  8526.000000       1.0000       0.0000    
  8527.000000       1.0000       0.0000    
  8528.000000       1.0000       0.0000    
  8529.000000       1.0000      0.12349    
  8530.000000       1.0000       1.2379    
  8531.000000       1.0000       4.9072    
  8532.000000       1.0000       8.4639    
  8533.000000       1.0000       14.965    
  8534.000000       1.0000       7.2499    
  8535.000000       1.0000      0.87457    
  8536.000000       1.0000       0.0000    
  8537.000000       1.0000       0.0000    
  8538.000000       1.0000       0.0000    
  8539.000000       1.0000       0.0000    
  8540.000000       1.0000       0.0000    
  8541.000000       1.0000       0.0000    
  8542.000000       1.0000       0.0000    
  8543.000000       1.0000       0.0000    
  8544.000000       1.0000       0.0000    
  8545.000000       1.0000       0.0000    
  8546.000000       1.0000       0.0000    
  8547.000000       1.0000       0.0000    
  8548.000000       1.0000       0.0000    
  8549.000000       1.0000       0.0000    
  8550.000000       1.0000       0.0000    
  8551.000000       1.0000       0.0000    
  8552.000000       1.0000      4.06356E-02
  8553.000000       1.0000       2.6296    
  8554.000000       1.0000       75.043    
  8555.000000       1.0000       186.21    
  8556.000000       1.0000       307.18    
  8557.000000       1.0000       535.47    
  8558.000000       1.0000       285.34    
  8559.000000       1.0000       55.961    
  8560.000000       1.0000       2.4694    
  8561.000000       1.0000       0.0000    
  8562.000000       1.0000       0.0000    
  8563.000000       1.0000       0.0000    
  8564.000000       1.0000       0.0000    
  8565.000000       1.0000       0.0000    
  8566.000000       1.0000       0.0000    
  8567.000000       1.0000       0.0000    
  8568.000000       1.0000       0.0000    
  8569.000000       1.0000       0.0000    
  8570.000000       1.0000       0.0000    
  8571.000000       1.0000       0.0000    
  8572.000000       1.0000       0.0000    
  8573.000000       1.0000       0.0000    
  8574.000000       1.0000       0.0000    
  8575.000000       1.0000       0.0000    
  8576.000000       1.0000      0.65934    
  8577.000000       1.0000       7.7251    
  8578.000000       1.0000       123.41    
  8579.000000       1.0000       529.20    
  8580.000000       1.0000       1396.5    
  8581.000000       1.0000       1171.0    
  8582.000000       1.0000       314.55    
  8583.000000       1.0000       41.665    
  8584.000000       1.0000       2.1256    
  8585.000000       1.0000     -5.01557E-29
  8586.000000       1.0000       0.0000    
  8587.000000       1.0000       0.0000    
  8588.000000       1.0000       0.0000    
  8589.000000       1.0000       0.0000    
  8590.000000       1.0000       0.0000    
  8591.000000       1.0000       0.0000    
  8592.000000       1.0000       0.0000    
  8593.000000       1.0000       0.0000    
  8594.000000       1.0000       0.0000    
  8595.000000       1.0000       0.0000    
  8596.000000       1.0000       0.0000    
  8597.000000       1.0000       0.0000    
  8598.000000       1.0000       0.0000    
  8599.000000       1.0000       0.0000    
  8600.000000       1.0000      0.14356    
  8601.000000       1.0000       12.483    
  8602.000000       1.0000       620.34    
  8603.000000       1.0000       1064.1    
  8604.000000       1.0000       1325.6    
  8605.000000       1.0000       952.77    
  8606.000000       1.0000       202.06    
  8607.000000       1.0000       50.996    
  8608.000000       1.0000       5.2760    
  8609.000000       1.0000      8.07239E-02
  8610.000000       1.0000     -4.11056E-29
  8611.000000       1.0000     -1.57688E-45
  8612.000000       1.0000     -2.42793E-78
  8613.000000       1.0000       0.0000    
  8614.000000       1.0000       0.0000    
  8615.000000       1.0000       0.0000    
  8616.000000       1.0000       0.0000    
  8617.000000       1.0000       0.0000    
  8618.000000       1.0000       0.0000    
  8619.000000       1.0000       0.0000    
  8620.000000       1.0000       0.0000    
  8621.000000       1.0000       0.0000    
  8622.000000       1.0000       0.0000    
  8623.000000       1.0000       0.0000    
  8624.000000       1.0000       0.0000    
  8625.000000       1.0000      0.31293    
  8626.000000       1.0000       6.6087    
  8627.000000       1.0000       34.562    
  8628.000000       1.0000       58.586    
  8629.000000       1.0000       32.027    
  8630.000000       1.0000       15.094    
  8631.000000       1.0000       1.5241    
  8632.000000       1.0000       0.0000    
  8633.000000       1.0000       0.0000    
  8634.000000       1.0000       0.0000    
  8635.000000       1.0000       0.0000    
  8636.000000       1.0000       0.0000    
  8637.000000       1.0000       0.0000    
  8638.000000       1.0000       0.0000    
  8639.000000       1.0000       0.0000    
  8640.000000       1.0000       0.0000    
  8641.000000       1.0000       0.0000    
  8642.000000       1.0000       0.0000    
  8643.000000       1.0000       0.0000    
  8644.000000       1.0000       0.0000    
  8645.000000       1.0000       0.0000    
  8646.000000       1.0000       0.0000    
  8647.000000       1.0000       0.0000    
  8648.000000       1.0000       0.0000    
  8649.000000       1.0000       0.0000    
  8650.000000       1.0000       0.0000    
  8651.000000       1.0000      0.63001    
  8652.000000       1.0000       4.8450    
  8653.000000       1.0000       1.4200    
  8654.000000       1.0000      0.10500    
  8655.000000       1.0000       0.0000    
  8656.000000       1.0000       0.0000    
  8657.000000       1.0000       0.0000    
  8658.000000       1.0000       0.0000    
  8659.000000       1.0000       0.0000    
  8660.000000       1.0000       0.0000    
  8661.000000       1.0000       0.0000    
  8662.000000       1.0000       0.0000    
  8663.000000       1.0000       0.0000    
  8664.000000       1.0000       0.0000    
  8665.000000       1.0000       0.0000    
  8666.000000       1.0000       0.0000    
  8667.000000       1.0000       0.0000    
  8668.000000       1.0000       0.0000    
  8669.000000       1.0000       0.0000    
  8670.000000       1.0000       0.0000    
  8671.000000       1.0000       0.0000    
  8672.000000       1.0000       0.0000    
  8673.000000       1.0000       0.0000    
  8674.000000       1.0000       0.0000    
  8675.000000       1.0000      0.21742    
  8676.000000       1.0000       1.8913    
  8677.000000       1.0000       2.5652    
  8678.000000       1.0000      0.32613    
  8679.000000       1.0000       0.0000    
  8680.000000       1.0000       0.0000    
  8681.000000       1.0000       0.0000    
  8682.000000       1.0000       0.0000    
  8683.000000       1.0000       0.0000    
  8684.000000       1.0000       0.0000    
  8685.000000       1.0000       0.0000    
  8686.000000       1.0000       0.0000    
  8687.000000       1.0000       0.0000    
  8688.000000       1.0000       0.0000    
  8689.000000       1.0000       0.0000    
  8690.000000       1.0000       0.0000    
  8691.000000       1.0000       0.0000    
  8692.000000       1.0000       0.0000    
  8693.000000       1.0000       0.0000    
  8694.000000       1.0000       0.0000    
  8695.000000       1.0000       0.0000    
  8696.000000       1.0000       0.0000    
  8697.000000       1.0000      0.17035    
  8698.000000       1.0000       3.5378    
  8699.000000       1.0000       13.428    
  8700.000000       1.0000       10.209    
  8701.000000       1.0000       2.0172    
  8702.000000       1.0000      0.11302    
  8703.000000       1.0000       0.0000    
  8704.000000       1.0000       0.0000    
  8705.000000       1.0000       0.0000    
  8706.000000       1.0000       0.0000    
  8707.000000       1.0000       0.0000    
  8708.000000       1.0000       0.0000    
  8709.000000       1.0000       0.0000    
  8710.000000       1.0000       0.0000    
  8711.000000       1.0000       0.0000    
  8712.000000       1.0000       0.0000    
  8713.000000       1.0000       0.0000    
  8714.000000       1.0000       0.0000    
  8715.000000       1.0000       0.0000    
  8716.000000       1.0000       0.0000    
  8717.000000       1.0000       0.0000    
  8718.000000       1.0000       0.0000    
  8719.000000       1.0000       0.0000    
  8720.000000       1.0000       0.0000    
  8721.000000       1.0000      1.14266E-02
  8722.000000       1.0000       3.9358    
  8723.000000       1.0000       40.985    
  8724.000000       1.0000       60.705    
  8725.000000       1.0000       17.852    
  8726.000000       1.0000       18.633    
  8727.000000       1.0000       8.0550    
  8728.000000       1.0000      0.52569    
  8729.000000       1.0000       0.0000    
  8730.000000       1.0000       0.0000    
  8731.000000       1.0000       0.0000    
  8732.000000       1.0000       0.0000    
  8733.000000       1.0000       0.0000    
  8734.000000       1.0000       0.0000    
  8735.000000       1.0000       0.0000    
  8736.000000       1.0000       0.0000    
  8737.000000       1.0000       0.0000    
  8738.000000       1.0000       0.0000    
  8739.000000       1.0000       0.0000    
  8740.000000       1.0000       0.0000    
  8741.000000       1.0000       0.0000    
  8742.000000       1.0000       0.0000    
  8743.000000       1.0000       0.0000    
  8744.000000       1.0000       0.0000    
  8745.000000       1.0000       0.0000    
  8746.000000       1.0000      0.46360    
  8747.000000       1.0000       9.6253    
  8748.000000       1.0000       29.529    
  8749.000000       1.0000       41.764    
  8750.000000       1.0000       6.6803    
  8751.000000       1.0000      0.24693    
  8752.000000       1.0000       0.0000    
  8753.000000       1.0000       0.0000    
  8754.000000       1.0000       0.0000    
  8755.000000       1.0000       0.0000    
  8756.000000       1.0000       0.0000    
  8757.000000       1.0000       0.0000    
  8758.000000       1.0000       0.0000    
