# Time   Tair    RelHum  WindX   WindY   IDirNorm IDiffHor SkyCover
       0     1.6      98    0.02   -0.04    0.00    0.00     100
       1     1.5      98   -0.04   -0.01    0.00    0.00     100
       2     1.4      98   -0.04    0.03    0.00    0.00     100
       3     1.3      99   -0.05    0.00    0.00    0.00     100
       4     1.3      99    0.03   -0.04    0.00    0.00     100
       5     1.2      99   -0.01    0.04    0.00    0.00     100
       6     1.3      98   -0.03   -0.02    0.00    0.00     100
       7     1.3      98   -0.02   -0.05    0.00    0.00     100
       8     1.3      97    0.02   -0.05    0.00    0.01     100
       9     1.2      98    0.02    0.02    0.00    2.75     100
      10     1.4      97    0.03    0.02    1.30   11.90     100
      11     1.5      98    0.05    0.00    0.75   15.07     100
      12     1.5      97    0.03    0.01    0.18    8.59     100
      13     1.7      97    0.01    0.04    0.83   17.35     100
      14     1.8      98    0.00   -0.01    2.63   22.26     100
      15     1.5      96   -0.01    0.00    0.00    9.87     100
      16     0.9      95    0.00    0.00    0.00    0.44     100
      17     0.2      96    0.00    0.00    0.00    0.00     100
      18     0.1      97    0.00    0.00    0.00    0.00     100
      19     0.0      99    0.00    0.00    0.00    0.00     100
      20    -0.1      98   -0.01    0.01    0.00    0.00     100
      21    -0.4      98    0.01    0.01    0.00    0.00     100
      22    -0.3      97    0.00   -0.01    0.00    0.00     100
      23    -0.2      96    0.00    0.00    0.00    0.00     100
      24     0.0      95    0.00    0.00    0.00    0.00     100
      25     0.0      97    0.00    0.00    0.00    0.00     100
      26    -0.1      98    0.00    0.00    0.00    0.00     100
      27    -0.1      99    0.01    0.00    0.00    0.00     100
      28     0.0      99    0.01    0.00    0.00    0.00     113
      29     0.0      99    0.01    0.00    0.00    0.00     100
      30     0.0      98    0.00    0.00    0.00    0.00     100
      31     0.0      99   -0.01    0.01    0.00    0.00     100
      32     0.0      99    0.00   -0.02    0.00    0.07     113
      33     0.1      99   -0.01    0.01    0.00    2.82     113
      34     0.2      99   -0.01   -0.01    1.02   10.62     113
      35     0.6      99    0.00   -0.01    1.88   23.94     100
      36     0.9      99    0.01   -0.02    2.07   29.29     100
      37     0.9      98   -0.01   -0.02    2.86   32.37     100
      38     0.6      98    0.01    0.02    1.43   16.75     100
      39     0.4      99    0.01    0.02    0.00    7.34     100
      40     0.2      99    0.01   -0.02    0.00    0.73     113
      41     0.2      99    0.02    0.01    0.00    0.00     113
      42     0.3      99   -0.02   -0.01    0.00    0.00     113
      43     0.4      99   -0.01   -0.01    0.00    0.00     100
      44     0.4      98    0.00    0.01    0.00    0.00     100
      45     0.4      99    0.00    0.01    0.00    0.00     100
      46     0.2      98    0.01   -0.01    0.00    0.00     100
      47    -0.3      99    0.02    0.00    0.00    0.00     100
      48    -0.1      99    0.00   -0.02    0.00    0.00     100
      49     0.1      99   -0.02   -0.01    0.00    0.00     100
      50     0.2      97   -0.01   -0.02    0.00    0.00     100
      51    -0.3      98    0.00    0.02    0.00    0.00     100
      52     0.0      98   -0.02    0.01    0.00    0.00     100
      53     0.1      94    0.00    0.04    0.00    0.00     100
      54     0.0      93    0.01   -0.04    0.00    0.00     100
      55     0.1      92   -0.03    0.04    0.00    0.00     100
      56     0.0      96   -0.02    0.02    0.00    0.05     100
      57     0.1      97    0.00   -0.03    0.00    3.26     100
      58     0.1      93    0.03    0.01    3.51   19.83     100
      59     0.0      93   -0.01   -0.03    4.69   37.92     100
      60     0.2      91   -0.03   -0.01    5.52   47.95     100
      61     0.1      92    0.03   -0.03    4.50   40.92     100
      62    -0.2      92    0.04   -0.03    5.79   34.00     100
      63    -1.0      94    0.01    0.03    0.00   16.40     100
      64    -1.9      95    0.01   -0.02    0.00    1.24     100
      65    -1.6      95    0.02   -0.01    0.00    0.00     100
      66    -1.2      94    0.00   -0.02    0.00    0.00     100
      67    -0.9      90   -0.02    0.03    0.00    0.00     100
      68    -1.0      89    0.00    0.02    0.00    0.00     100
      69    -1.0      91   -0.03    0.03    0.00    0.00     100
      70    -1.3      90    0.04    0.02    0.00    0.00     100
      71    -1.4      91   -0.02   -0.04    0.00    0.00     100
      72    -1.7      91   -0.01    0.04    0.00    0.00     100
      73    -2.1      89   -0.01   -0.04    0.00    0.00     100
      74    -2.4      91    0.03   -0.03    0.00    0.00     100
      75    -2.4      90   -0.03    0.04    0.00    0.00     100
      76    -2.5      86    0.03   -0.01    0.00    0.00     100
      77    -2.2      90    0.04    0.02    0.00    0.00     100
      78    -2.1      92    0.00    0.03    0.00    0.00     100
      79    -2.0      92   -0.02   -0.02    0.00    0.00     100
      80    -1.9      92    0.04   -0.02    0.00    0.01     100
      81    -1.9      92    0.04    0.02    0.00    2.75     100
      82    -1.6      94   -0.02    0.02    1.02   10.88     100
      83    -1.4      94   -0.02    0.01    2.04   25.40     100
      84    -0.9      95   -0.03   -0.01    5.52   48.45     100
      85    -0.8      94   -0.04    0.03   13.68   59.13     100
      86    -0.7      95   -0.04   -0.01    7.91   38.77     100
      87    -1.1      95    0.05    0.02    0.00   14.72     100
      88    -1.3      95   -0.03    0.03    0.00    0.30     100
      89    -1.3      95    0.04    0.02    0.00    0.00     100
      90    -1.2      97   -0.02   -0.02    0.00    0.00     100
      91    -1.2      96    0.01    0.03    0.00    0.00     100
      92    -1.0      98    0.00    0.03    0.00    0.00     100
      93    -1.0      97   -0.04    0.00    0.00    0.00     100
      94    -0.9      98    0.04   -0.03    0.00    0.00     100
      95    -0.8      97    0.03    0.00    0.00    0.00     100
      96    -0.7      96   -0.03    0.02    0.00    0.00     100
      97    -0.7      95    0.02    0.02    0.00    0.00     100
      98    -0.5      97    0.03    0.00    0.00    0.00     100
      99    -0.6      98   -0.02    0.03    0.00    0.00     100
     100    -0.6      97    0.03    0.00    0.00    0.00     100
     101    -0.6      97    0.03    0.00    0.00    0.00     100
     102    -0.6      97   -0.03    0.03    0.00    0.00     100
     103    -0.6      97    0.04    0.01    0.00    0.00     100
     104    -0.5      97    0.02   -0.02    0.00    0.01     100
     105    -0.5      98    0.04    0.02    0.00    2.81     100
     106    -0.4      99    0.03    0.01    2.15   15.99     100
     107    -0.1      99   -0.01   -0.02    5.67   42.50     100
     108    -0.1      99    0.03   -0.02    1.55   26.16     100
     109    -0.1      98    0.03   -0.03    2.53   31.64     100
     110    -0.2      98   -0.04    0.01    2.07   21.31     100
     111    -0.5      97    0.02    0.02    0.00    6.08     100
     112    -0.7      97    0.02   -0.03    0.00    0.21     100
     113    -0.9      96   -0.03    0.02    0.00    0.00     100
     114    -1.0      95    0.03    0.03    0.00    0.00     100
     115    -1.1      96   -0.02    0.04    0.00    0.00     100
     116    -1.3      95    0.04   -0.01    0.00    0.00     100
     117    -1.4      96   -0.01    0.04    0.00    0.00     100
     118    -1.4      96    0.03   -0.04    0.00    0.00     100
     119    -1.5      95   -0.01   -0.05    0.00    0.00     100
     120    -1.8      94   -0.03    0.04    0.00    0.00     100
     121    -1.9      94    0.00   -0.06    0.00    0.00     100
     122    -2.1      93    0.00   -0.07    0.00    0.00     100
     123    -2.4      93   -0.06    0.00    0.00    0.00     100
     124    -2.6      93    0.06    0.03    0.00    0.00     100
     125    -2.8      94   -0.03    0.04    0.00    0.00     100
     126    -2.8      94    0.03    0.03    0.00    0.00     100
     127    -2.9      93    0.03    0.02    0.00    0.00     100
     128    -2.8      93    0.04    0.02    0.00    0.01     100
     129    -2.5      94   -0.04    0.03    0.00    3.27     100
     130    -2.3      94    0.02    0.04    3.03   19.60     100
     131    -2.2      94   -0.04    0.01    2.36   27.94     100
     132    -2.1      95    0.04   -0.01    3.69   40.64     100
     133    -2.0      96    0.01    0.03    3.39   37.05     100
     134    -2.1      96    0.00    0.03    3.46   27.98     100
     135    -2.2      96    0.02    0.03    0.00   11.30     100
     136    -2.2      95   -0.04   -0.02    0.00    0.52     100
     137    -2.0      96   -0.03   -0.03    0.00    0.00     100
     138    -2.0      96    0.03    0.03    0.00    0.00     100
     139    -1.9      96    0.01   -0.04    0.00    0.00     100
     140    -1.8      96   -0.02    0.03    0.00    0.00     100
     141    -1.8      96    0.02   -0.03    0.00    0.00     100
     142    -1.9      97   -0.03    0.01    0.00    0.00     100
     143    -2.0      97   -0.02    0.02    0.00    0.00     100
     144    -2.1      97   -0.02    0.02    0.00    0.00     100
     145    -2.0      98    0.03    0.03    0.00    0.00     100
     146    -2.0      98   -0.03    0.02    0.00    0.00     100
     147    -1.9      98    0.01   -0.04    0.00    0.00     100
     148    -1.9      98   -0.02   -0.02    0.00    0.00     100
     149    -2.0      97   -0.03    0.02    0.00    0.00     100
     150    -1.8      98    0.03   -0.01    0.00    0.00     100
     151    -1.5      98    0.00   -0.03    0.00    0.07     100
     152    -1.6      97    0.01    0.03    0.00    0.01     100
     153    -1.5      97   -0.01   -0.04    0.00    3.66     100
     154    -1.4      98    0.04    0.02    1.12   12.18     100
     155    -1.4      97   -0.02    0.02    0.52   13.33     100
     156    -1.4      97   -0.02   -0.03    0.48   14.93     100
     157    -1.4      97   -0.02    0.03    0.68   17.03     100
     158    -1.7      97    0.03   -0.02    0.49   10.80     100
     159    -2.0      97    0.03    0.03    0.38    4.58     100
     160    -2.2      97   -0.04   -0.02    0.00    0.32     100
     161    -2.3      97    0.04    0.02    0.00    0.00     100
     162    -2.3      97   -0.03    0.03    0.00    0.00     100
     163    -2.3      97   -0.04   -0.01    0.00    0.00     100
     164    -2.3      97    0.03   -0.03    0.00    0.00     100
     165    -2.3      97   -0.02   -0.03    0.00    0.00     100
     166    -2.3      97    0.04    0.01    0.00    0.00     100
     167    -2.2      98    0.03   -0.02    0.00    0.00     100
     168    -2.2      98    0.01   -0.03    0.00    0.00     100
     169    -2.5      98    0.03    0.03    0.00    0.00     100
     170    -2.3      98    0.00   -0.03    0.00    0.00     100
     171    -2.1      98    0.03    0.01    0.00    0.17     100
     172    -2.0      99    0.00   -0.03    0.00    0.07     100
     173    -1.9      98    0.01    0.04    0.00    0.05     100
     174    -1.8      98    0.04   -0.02    0.00    0.05     100
     175    -1.8      99   -0.01    0.05    0.00    0.00     100
     176    -1.7      99    0.03    0.02    0.00    0.05     100
     177    -1.5      99   -0.01    0.04    0.00    1.88     100
     178    -1.4      99    0.03   -0.02    0.75   10.15     100
     179    -1.0      99   -0.01   -0.04    1.54   23.21     100
     180    -0.8      99    0.02   -0.02    1.86   29.73     100
     181    -0.2      99    0.03   -0.03    2.10   30.09     100
     182    -0.1      99   -0.04    0.03    2.68   25.72     100
     183    -0.3      99   -0.01   -0.04    1.51    9.32     100
     184    -0.5      99   -0.01    0.05    0.00    0.44     113
     185    -0.5      99    0.04   -0.02    0.00    0.00     113
     186    -0.6      99    0.00    0.03    0.00    0.00     113
     187    -0.7      99    0.03   -0.02    0.00    0.00     100
     188    -0.8      99    0.03    0.02    0.00    0.00     100
     189    -0.9      99   -0.01    0.02    0.00    0.00     100
     190    -0.8      99    0.02   -0.01    0.00    0.00     100
     191    -0.5      99   -0.01   -0.02    0.00    0.01     100
     192    -0.5      97    0.01    0.00    0.00    0.00     100
     193    -0.9      99   -0.01   -0.02    0.00    0.00     113
     194    -0.9      99    0.01    0.01    0.00    0.00     113
     195    -1.9      99    0.00    0.02    0.00    0.00     100
     196    -2.1      99   -0.01   -0.01    0.00    0.00     100
     197    -2.0      99    0.00    0.00    0.00    0.00     100
     198    -2.0      98    0.00    0.02    0.00    0.00     100
     199    -1.7      95    0.02    0.00    0.00    0.00     100
     200    -1.5      94    0.02   -0.01    0.00    0.19     100
     201    -1.5      94    0.00    0.00    0.00    5.63     100
     202    -1.4      95    0.01    0.01   53.78   43.65      25
     203    -0.6      93    0.00   -0.02   31.05   64.84      75
     204     0.0      94    0.01   -0.01  271.83   81.37     100
     205    -0.6      95    0.00    0.00   42.02   75.19     100
     206    -0.5      97    0.00    0.00    7.28   41.93     100
     207    -0.9      97    0.01    0.00    2.73   12.75     100
     208    -1.4      97    0.03    0.02    0.00    0.34     100
     209    -1.9      96    0.01   -0.02    0.00    0.00     100
     210    -2.3      96    0.00    0.02    0.00    0.00     100
     211    -2.7      98   -0.01   -0.02    0.00    0.00     100
     212    -3.1      99    0.01    0.02    0.00    0.00     113
     213    -3.1      99    0.01    0.02    0.00    0.00     113
     214    -2.8      99   -0.03    0.02    0.00    0.00     113
     215    -2.6      98    0.00    0.05    0.00    0.01     113
     216    -2.4      98    0.03    0.00    0.00    0.00     100
     217    -2.2      98    0.03    0.03    0.00    0.00     100
     218    -1.9      98   -0.01    0.05    0.00    0.03     100
     219    -1.6      98    0.00    0.05    0.00    0.03     100
     220    -1.4      96    0.00    0.06    0.00    0.00     100
     221    -1.2      96   -0.05    0.05    0.00    0.00     100
     222    -0.8      97    0.04   -0.05    0.00    0.00     100
     223    -0.3      98    0.05    0.05    0.00    0.01     100
     224    -0.1      99   -0.07   -0.03    0.00    0.17     113
     225     0.0      99   -0.05    0.06    0.00    2.18     100
     226     0.2      99    0.05    0.04    0.50    8.62     100
     227     0.4      99   -0.02   -0.03    0.50   13.69     100
     228     0.8      99    0.02   -0.02    0.74   19.40     100
     229     0.4      98   -0.03   -0.01    2.03   30.52      50
     230    -0.1      98   -0.03    0.01    1.86   22.42      63
     231    -0.6      98    0.02   -0.02    1.53    9.81       0
     232    -0.7      99   -0.02    0.02    0.00    0.97     113
     233    -0.3      99   -0.03    0.01    0.00    0.28     113
     234    -0.3      99    0.03    0.01    0.00    0.03     100
     235    -0.5      99    0.02   -0.03    0.00    0.00      88
     236    -0.4      99   -0.03    0.03    0.00    0.00     100
     237    -0.2      99    0.04    0.00    0.00    0.00     113
     238    -0.1      99    0.01    0.04    0.00    0.00     100
     239    -0.1      99   -0.03    0.03    0.00    0.00     100
     240     0.0      99    0.04   -0.03    0.00    0.00     100
     241     0.0      99    0.01    0.05    0.00    0.00     100
     242     0.0      99    0.03    0.04    0.00    0.00     100
     243    -0.2      99   -0.03   -0.05    0.00    0.00     100
     244     0.0      99    0.05   -0.03    0.00    0.01     100
     245     0.0      99   -0.06    0.00    0.00    0.00     100
     246     0.1      99   -0.07   -0.05    0.00    0.00     100
     247     0.2      99    0.02    0.07    0.00    0.00     100
     248     0.1      99    0.02   -0.09    0.00    0.00     113
     249     0.2      99    0.09    0.03    0.00    1.33     100
     250     0.4      99    0.05   -0.07    0.35    7.36     100
     251     0.5      99   -0.03   -0.07    0.15    7.60     100
     252     0.7      99    0.04   -0.05    0.10    7.38     100
     253     1.7      99   -0.02    0.04    0.06    5.52     100
     254     2.8      99    0.05    0.06    0.02    2.15     100
     255     2.9      99    0.09   -0.01    0.00    0.00     100
     256     2.9      99   -0.04   -0.08    0.00    0.00     100
     257     2.8      99   -0.05    0.07    0.00    0.01     100
     258     2.7      99   -0.07   -0.03    0.00    0.00     100
     259     2.7      99   -0.07   -0.05    0.00    0.00     100
     260     3.1      99    0.08   -0.01    0.00    0.01     100
     261     3.3      99    0.07   -0.01    0.00    0.00     100
     262     2.4      98   -0.03   -0.04    0.00    0.00     100
     263     1.3      99    0.03   -0.01    0.00    0.00     100
     264     0.3      99    0.00    0.05    0.00    0.00     113
     265     0.1      99   -0.01    0.06    0.00    0.00     113
     266    -0.4      99    0.07    0.05    0.00    0.00     113
     267    -1.5      97   -0.05   -0.06    0.00    0.00      75
     268    -2.5      98    0.02    0.03    0.00    0.00     100
     269    -3.5      94   -0.02    0.03    0.00    0.00      75
     270    -5.0      94   -0.01    0.00    0.00    0.00       0
     271    -6.0      94    0.01    0.00    0.00    0.00       0
     272    -6.6      94    0.01   -0.02    0.00    0.00       0
     273    -6.1      96    0.02   -0.02    0.00   17.06      50
     274    -4.2      96   -0.01   -0.02  125.24   49.25      88
     275    -3.0      95   -0.01   -0.02   30.89   67.75      25
     276    -1.3      94   -0.04    0.01  136.17   89.66      75
     277    -0.5      95    0.02   -0.04  229.00   83.82     100
     278    -0.7      93    0.00    0.03    8.72   47.03     100
     279    -1.9      95   -0.02    0.00  100.09   32.79       0
     280    -2.8      94    0.01    0.03    0.00    2.84      75
     281    -4.1      93   -0.02    0.02    0.00    0.00      13
     282    -5.2      95    0.02    0.01    0.00    0.00       0
     283    -5.7      95    0.02    0.02    0.00    0.00       0
     284    -6.6      95   -0.01    0.03    0.00    0.00       0
     285    -6.5      95    0.02    0.01    0.00    0.00       0
     286    -6.8      95   -0.01   -0.02    0.00    0.00       0
     287    -6.7      96   -0.04    0.02    0.00    0.05     100
     288    -5.1      95    0.04    0.00    0.00    0.34     100
     289    -4.6      97   -0.02    0.03    0.00    0.38     100
     290    -4.3      98   -0.04    0.03    0.00    0.09     113
     291    -4.6      99    0.00   -0.05    0.00    0.00     113
     292    -4.5      98   -0.04   -0.03    0.00    0.00     113
     293    -3.7      98    0.02   -0.03    0.00    0.03     100
     294    -3.2      98    0.01    0.03    0.00    0.11     100
     295    -2.8      99   -0.02    0.01    0.00    0.01     100
     296    -2.4      98   -0.03    0.01    0.00    0.15     100
     297    -2.1      98   -0.02    0.01    0.00    3.37     100
     298    -1.5      97    0.00    0.03    2.95   22.18     100
     299    -1.4      96    0.03   -0.01    6.07   49.13     100
     300    -1.6      95   -0.01    0.03   17.72   73.60     100
     301    -1.4      95    0.04    0.00   12.84   66.94     100
     302    -1.7      95   -0.04    0.02    2.39   27.11     100
     303    -1.5      94    0.01   -0.04    1.21    9.79     100
     304    -1.7      94   -0.02   -0.06    0.00    1.01     100
     305    -2.5      98   -0.06   -0.04    0.00    0.00     100
     306    -2.0      97    0.00   -0.07    0.00    0.00     100
     307    -1.6      95    0.01    0.07    0.00    0.00     100
     308    -1.6      96   -0.07   -0.05    0.00    0.00     100
     309    -1.7      96   -0.06   -0.04    0.00    0.00     100
     310    -1.9      95    0.06   -0.04    0.00    0.00     100
     311    -2.4      94   -0.07    0.01    0.00    0.00     100
     312    -2.9      95   -0.01    0.07    0.00    0.00     100
     313    -3.1      95   -0.07    0.03    0.00    0.00     100
     314    -3.2      95   -0.01    0.07    0.00    0.00     100
     315    -3.3      96    0.05    0.05    0.00    0.00     100
     316    -3.3      97   -0.07    0.03    0.00    0.00     100
     317    -3.3      97    0.03   -0.04    0.00    0.00     100
     318    -3.4      97    0.00   -0.06    0.00    0.00     100
     319    -3.7      97    0.01    0.06    0.00    0.00     100
     320    -4.1      97   -0.04   -0.01    0.00    0.00     100
     321    -4.0      96    0.00   -0.04    0.00    2.69     100
     322    -3.9      97   -0.03    0.03    0.79   11.85     100
     323    -3.6      97    0.00   -0.05    1.88   28.02     100
     324    -3.5      97    0.00   -0.05    1.13   25.35     100
     325    -3.6      96   -0.04   -0.02    0.63   18.28     100
     326    -3.8      96    0.02   -0.04    0.72   15.36     100
     327    -4.0      96   -0.05    0.02    0.55    6.91     100
     328    -4.2      95   -0.04    0.02    0.00    0.85     100
     329    -4.6      94    0.03    0.01    0.00    0.00     100
     330    -4.7      93    0.04    0.02    0.00    0.00     100
     331    -4.9      94   -0.01    0.04    0.00    0.00     100
     332    -5.0      93   -0.03   -0.01    0.00    0.00     100
     333    -5.3      92   -0.01   -0.02    0.00    0.00     100
     334    -5.6      93   -0.02    0.00    0.00    0.00     100
     335    -6.6      93    0.01    0.01    0.00    0.00       0
     336    -7.9      93    0.00    0.02    0.00    0.00     100
     337    -8.8      92   -0.02    0.01    0.00    0.00      25
     338    -8.6      92   -0.01    0.01    0.00    0.07     100
     339    -7.5      93    0.01    0.02    0.00    0.42     100
     340    -7.1      93   -0.01    0.02    0.00    0.28     100
     341    -6.8      93    0.01   -0.02    0.00    0.03     100
     342    -6.4      94    0.00   -0.03    0.00    0.01     100
     343    -6.1      94    0.03   -0.01    0.00    0.00     100
     344    -6.0      93    0.05   -0.01    0.00    0.03     100
     345    -6.1      92    0.01    0.05    0.00    3.51     100
     346    -5.8      90   -0.06   -0.04    1.68   17.61     100
     347    -5.9      90   -0.04   -0.03    3.14   36.77     100
     348    -5.8      91    0.04    0.03    2.15   35.40     100
     349    -6.0      87   -0.05    0.01    2.78   38.81     100
     350    -6.3      89    0.03    0.03    4.63   39.35     100
     351    -7.6      90    0.03    0.02    5.29   22.08     100
     352    -9.0      92    0.03    0.00    0.00    7.24     100
     353    -9.0      93    0.03   -0.02    0.00    0.00     100
     354    -8.0      94   -0.01   -0.05    0.00    0.38     100
     355    -7.1      94   -0.02    0.04    0.00    0.26     100
     356    -6.4      95   -0.01    0.05    0.00    0.28     100
     357    -6.3      95    0.05   -0.01    0.00    0.01     100
     358    -6.2      95    0.02    0.04    0.00    0.00     100
     359    -6.4      95   -0.04   -0.01    0.00    0.00     100
     360    -6.6      95    0.02    0.03    0.00    0.00     100
     361    -7.0      95   -0.03    0.03    0.00    0.00     100
     362    -6.9      95    0.03    0.02    0.00    0.00     113
     363    -8.1      95    0.02    0.00    0.00    0.00     113
     364    -9.3      94    0.03    0.01    0.00    0.00     113
     365   -10.0      93   -0.01    0.01    0.00    0.00     100
     366   -10.8      92   -0.01   -0.01    0.00    0.00       0
     367   -11.3      93   -0.03    0.00    0.00    0.00       0
     368   -11.7      92    0.02    0.00    0.00    0.36       0
     369   -10.7      93   -0.01   -0.01    0.00   31.81       0
     370    -8.2      92    0.02    0.00  271.81   51.19     113
     371    -5.9      93   -0.01   -0.01  116.73   82.10      50
     372    -4.0      93    0.02    0.01  204.02   93.96      25
     373    -3.5      94    0.00    0.03  452.21   73.38       0
     374    -3.8      94    0.00    0.03   49.62   68.36     113
     375    -5.9      94    0.01    0.01  219.23   38.33     113
     376    -7.2      94   -0.01    0.01    0.00    2.28     100
     377    -7.6      93    0.00    0.00    0.00    0.00     100
     378    -8.5      93    0.00    0.00    0.00    0.00      25
     379    -9.1      95    0.02   -0.01    0.00    0.00     100
     380    -9.7      96    0.01   -0.01    0.00    0.00     100
     381    -9.9      96   -0.02    0.03    0.00    0.00     100
     382    -8.8      96   -0.01    0.03    0.00    0.67     100
     383    -7.4      97   -0.02   -0.01    0.00    1.04     100
     384    -6.8      97    0.03    0.00    0.00    0.62     100
     385    -5.9      97   -0.01   -0.04    0.00    0.36     100
     386    -5.4      97   -0.03   -0.02    0.00    0.30     100
     387    -4.9      97    0.05   -0.01    0.00    0.30     100
     388    -4.5      97   -0.03   -0.01    0.00    0.24     100
     389    -4.1      97   -0.04    0.01    0.00    0.17     100
     390    -4.0      97    0.01    0.03    0.00    0.07     100
     391    -3.8      97   -0.04   -0.01    0.00    0.03     100
     392    -3.6      97   -0.03    0.02    0.00    0.17     100
     393    -3.3      97    0.02   -0.03    0.00    3.38     100
     394    -2.9      97    0.03    0.00    0.88   13.41     100
     395    -2.3      96    0.03    0.00    1.70   28.11     100
     396    -1.9      96    0.04    0.00    1.67   32.25     100
     397    -2.0      95   -0.02   -0.01    1.75   31.93     100
     398    -1.9      95    0.03   -0.01    1.81   25.93     100
     399    -2.2      95    0.03   -0.01    2.91   17.85     100
     400    -2.5      95    0.01   -0.03    0.00    3.53     100
     401    -2.8      94   -0.03    0.02    0.00    0.00     100
     402    -2.9      94    0.00   -0.03    0.00    0.00     100
     403    -2.9      93    0.00   -0.03    0.00    0.00     100
     404    -3.1      93   -0.01   -0.02    0.00    0.00     100
     405    -3.2      93    0.00   -0.03    0.00    0.00     100
     406    -3.7      94    0.02    0.01    0.00    0.00     100
     407    -3.8      96    0.00   -0.03    0.00    0.00     100
     408    -3.7      96   -0.01   -0.03    0.00    0.00     100
     409    -3.4      94    0.01    0.03    0.00    0.00     100
     410    -3.4      94   -0.01   -0.03    0.00    0.00     100
     411    -3.4      94    0.00   -0.04    0.00    0.00     100
     412    -3.4      95    0.04    0.01    0.00    0.00     100
     413    -3.2      95    0.01    0.02    0.00    0.00     100
     414    -2.9      95    0.00    0.04    0.00    0.00     100
     415    -2.8      96    0.01    0.04    0.00    0.00     100
     416    -2.7      96   -0.04    0.02    0.00    0.05     100
     417    -2.5      95   -0.05    0.03    0.00    3.59     100
     418    -1.9      95    0.05    0.02    1.51   17.94     100
     419    -2.0      97    0.04   -0.03    0.84   20.16     100
     420    -2.1      98    0.00   -0.04    0.47   17.51     100
     421    -2.0      98   -0.05    0.00    0.48   17.08     113
     422    -2.1      98    0.04   -0.01    0.59   15.25     100
     423    -2.3      98   -0.01   -0.04    0.56    8.18     100
     424    -2.3      98    0.03   -0.02    0.00    1.20     113
     425    -2.1      98    0.00    0.06    0.00    0.00     100
     426    -2.0      98   -0.04    0.03    0.00    0.00     113
     427    -1.8      99    0.02    0.05    0.00    0.01     113
     428    -1.5      99    0.06    0.03    0.00    0.03     113
     429    -1.3      99   -0.06   -0.04    0.00    0.01     100
     430    -1.1      99   -0.07    0.00    0.00    0.03     100
     431    -0.9      99    0.02    0.06    0.00    0.07     100
     432    -0.8      99   -0.06    0.00    0.00    0.07     100
     433    -0.7      99   -0.02    0.05    0.00    0.01     100
     434    -0.7      99   -0.04   -0.02    0.00    0.01     100
     435    -0.6      99   -0.04    0.01    0.00    0.03     113
     436    -0.5      99   -0.02   -0.04    0.00    0.03     113
     437    -0.5      99   -0.01   -0.04    0.00    0.09     113
     438    -0.2      99    0.05    0.01    0.00    0.07     113
     439    -0.2      99   -0.04    0.02    0.00    0.11     113
     440     0.0      99    0.05    0.00    0.00    0.24     113
     441     0.1      99    0.00   -0.07    0.00    6.03     113
     442     0.3      99   -0.04   -0.05    0.71   12.66     113
     443     0.5      99   -0.07    0.03    0.61   17.60     113
     444     0.9      99    0.06   -0.03    0.98   25.55     113
     445     0.6      99    0.04   -0.04    0.48   17.49     113
     446     0.5      99   -0.05    0.00    0.38   12.54     100
     447     0.4      99    0.03   -0.05    0.37    7.07     100
     448     0.3      99    0.06    0.00    0.00    1.49     100
     449     0.3      99    0.01    0.06    0.00    0.01     100
     450     0.1      99   -0.03   -0.04    0.00    0.00     100
     451     0.0      99   -0.03    0.05    0.00    0.00     100
     452     0.0      99    0.04    0.04    0.00    0.00     100
     453     0.1      99    0.05   -0.03    0.00    0.00     100
     454     0.0      99   -0.04   -0.02    0.00    0.00     100
     455     0.1      99    0.00   -0.05    0.00    0.00     100
     456     0.0      99   -0.04   -0.01    0.00    0.00     113
     457     0.0      99    0.00   -0.04    0.00    0.00     113
     458     0.0      99    0.04    0.00    0.00    0.00     113
     459     0.0      99    0.04    0.01    0.00    0.00     113
     460     0.0      99   -0.03    0.05    0.00    0.00     113
     461     0.1      99   -0.03    0.05    0.00    0.00     113
     462     0.1      99    0.04   -0.05    0.00    0.00     113
     463     0.1      99   -0.02   -0.06    0.00    0.00     100
     464     0.2      99   -0.07   -0.01    0.00    0.09     100
     465     0.4      99    0.04    0.07    0.00    6.90     100
     466     0.6      99   -0.07    0.01    0.72   13.09     100
     467     0.9      99   -0.07    0.01    1.69   29.57     100
     468     1.1      99    0.05   -0.03    0.59   20.18     113
     469     1.5      99    0.05   -0.03    0.38   15.76     113
     470     2.0      99    0.01    0.06    0.64   16.56     113
     471     2.0      99   -0.06   -0.02    0.50    8.58     113
     472     2.1      99   -0.02    0.05    0.00    1.58     113
     473     3.1      99    0.05   -0.02    0.00    0.32     100
     474     3.3      99   -0.02   -0.05    0.00    0.05     100
     475     3.3      99   -0.02    0.04    0.00    0.03     100
     476     3.4      99   -0.05   -0.01    0.00    0.01     100
     477     3.6      99   -0.04    0.04    0.00    0.01     100
     478     3.7      99    0.01    0.06    0.00    0.01     100
     479     3.9      99   -0.01    0.05    0.00    0.00     100
     480     4.1      99    0.05    0.03    0.00    0.00     100
     481     4.1      99    0.07   -0.04    0.00    0.00     100
     482     3.9      98    0.07    0.00    0.00    0.00     100
     483     3.5      98   -0.07    0.04    0.00    0.00     100
     484     2.7      97   -0.07    0.04    0.00    0.00     100
     485     2.5      97    0.07    0.03    0.00    0.00     100
     486     2.8      96   -0.01   -0.08    0.00    0.00     100
     487     3.0      96    0.07   -0.03    0.00    0.00     100
     488     3.1      97   -0.03    0.07    0.00    0.19     100
     489     3.2      97   -0.03    0.08    0.00    3.29     100
     490     3.4      96    0.05   -0.09    0.35    9.44     100
     491     3.7      97   -0.09   -0.05    0.41   15.01     100
     492     3.7      98    0.08   -0.06    0.38   16.57     100
     493     4.4      93   -0.05   -0.09    0.57   19.80     100
     494     3.8      91    0.09   -0.01    2.76   35.04     100
     495     3.2      90   -0.01   -0.07    3.76   24.24     100
     496     2.9      88   -0.06   -0.05    0.00    7.47     100
     497     2.6      89    0.08    0.01    0.00    0.01     100
     498     2.6      89   -0.08   -0.04    0.00    0.00     100
     499     3.3      89   -0.01    0.09    0.00    0.01     100
     500     3.5      94   -0.02   -0.06    0.00    0.00     100
     501     2.9      86    0.10   -0.05    0.00    0.00     100
     502     3.3      88   -0.07   -0.06    0.00    0.00     100
     503     3.8      84   -0.08   -0.06    0.00    0.01     100
     504     4.0      84    0.04   -0.10    0.00    0.00     100
     505     3.9      84    0.03   -0.08    0.00    0.00     100
     506     3.8      88   -0.07   -0.04    0.00    0.00     100
     507     3.6      91   -0.08   -0.04    0.00    0.00     100
     508     3.0      92    0.06    0.05    0.00    0.00     100
     509     2.5      95   -0.03   -0.06    0.00    0.00     100
     510     2.0      98   -0.06   -0.02    0.00    0.00     100
     511     1.0      99   -0.04    0.04    0.00    0.00     100
     512     0.2      99   -0.04    0.04    0.00    0.09     100
     513     0.1      99    0.00    0.01    0.00    2.38     113
     514     0.1      99    0.02    0.01    0.07    4.39     113
     515     0.4      99   -0.04   -0.01    0.25   11.94     100
     516     0.9      99   -0.03    0.04    0.85   25.13     113
     517     1.5      99    0.02    0.07    1.34   30.73     100
     518     1.9      97   -0.08    0.03    1.43   25.93     100
     519     1.9      96   -0.05    0.09    0.29    7.10     100
     520     1.7      97    0.10   -0.02    0.00    1.41     100
     521     1.9      97    0.07   -0.07    0.00    0.15     100
     522     1.8      97   -0.07    0.05    0.00    0.22     100
     523     1.8      98    0.03    0.08    0.00    0.00     100
     524     2.5      98   -0.09    0.05    0.00    0.00     100
     525     3.1      97    0.08   -0.06    0.00    0.00     100
     526     3.2      97    0.02    0.09    0.00    0.00     100
     527     3.2      95   -0.07    0.07    0.00    0.00     100
     528     3.3      95    0.07    0.07    0.00    0.07     100
     529     3.1      94    0.01   -0.10    0.00    0.05     100
     530     3.0      92   -0.09   -0.04    0.00    0.01     100
     531     2.9      91   -0.07   -0.05    0.00    0.00     100
     532     2.7      92    0.07    0.02    0.00    0.00     100
     533     2.3      94    0.04    0.05    0.00    0.00     100
     534     2.0      93   -0.05    0.05    0.00    0.00     100
     535     1.6      93    0.07    0.01    0.00    0.00     100
     536     0.8      97   -0.05    0.00    0.00    0.52     100
     537     1.4      96   -0.06    0.01    0.00   21.04     100
     538     2.3      94    0.05    0.02    4.10   33.45     100
     539     2.9      93   -0.04    0.02    5.33   55.23     100
     540     3.3      93   -0.05    0.01    6.17   67.95     100
     541     3.4      92    0.00   -0.03    4.13   54.56     100
     542     3.2      92   -0.03    0.00    4.91   48.79     100
     543     2.5      94    0.02   -0.03    3.21   24.22     100
     544     2.2      96    0.01   -0.04    0.00    4.32      88
     545     1.9      97   -0.01   -0.01    0.00    0.00     100
     546     1.7      97    0.01    0.03    0.00    0.00     100
     547     1.5      96   -0.02   -0.02    0.00    0.00     100
     548     1.3      97    0.01    0.03    0.00    0.00     100
     549     1.2      97    0.02   -0.01    0.00    0.00     100
     550     1.1      98   -0.01   -0.02    0.00    0.00     100
     551     0.9      97    0.03    0.01    0.00    0.00     100
     552     0.7      96    0.02    0.00    0.00    0.00     100
     553    -0.9      92    0.00   -0.03    0.00    0.00     100
     554    -2.3      95    0.04    0.01    0.00    0.00       0
     555    -2.4      96    0.04    0.01    0.00    0.00       0
     556    -2.1      97   -0.02    0.04    0.00    0.00     100
     557    -1.3      98    0.03   -0.02    0.00    0.26     100
     558    -1.1      97    0.03   -0.03    0.00    0.17     100
     559    -1.0      97    0.05   -0.03    0.00    0.00     100
     560    -1.0      97    0.00    0.05    0.00    0.19     100
     561    -0.7      96   -0.04   -0.01    0.00   11.27     100
     562    -0.4      95   -0.01    0.05    1.46   20.65     100
     563     0.0      95    0.04    0.03    1.64   31.49     100
     564     0.3      96    0.02   -0.05    2.02   39.95     100
     565     0.5      96   -0.04    0.02    1.92   38.08     100
     566     0.6      97   -0.02    0.04    1.55   28.24     100
     567     0.4      97    0.04    0.00    1.54   17.47     100
     568     0.2      97   -0.02   -0.02    0.00    3.65     100
     569     0.1      97    0.03    0.00    0.00    0.00     100
     570     0.0      98    0.02   -0.02    0.00    0.00     100
     571     0.0      99    0.02    0.03    0.00    0.00     100
     572    -0.1      99    0.01   -0.01    0.00    0.00     100
     573    -0.1      99    0.01    0.01    0.00    0.00     100
     574     0.0      99    0.02    0.01    0.00    0.00     100
     575     0.0      99   -0.01    0.01    0.00    0.00     100
     576     0.0      98    0.00    0.01    0.00    0.00     100
     577    -0.1      95    0.00   -0.02    0.00    0.00     100
     578    -0.2      94    0.02   -0.02    0.00    0.00     100
     579    -0.5      94   -0.01    0.00    0.00    0.00     100
     580    -1.0      95    0.00   -0.01    0.00    0.00     100
     581    -1.3      97    0.01   -0.01    0.00    0.00     100
     582    -1.1      96    0.00    0.00    0.00    0.00     100
     583    -1.2      95    0.00   -0.01    0.00    0.00     100
     584    -1.4      95    0.00    0.00    0.00    0.21     100
     585    -1.3      96    0.01   -0.02    3.08   12.83      50
     586    -0.9      88    0.01    0.01    4.24   35.85     100
     587     0.0      82    0.00    0.00   21.66   81.32      13
     588     0.2      83   -0.01    0.01   36.95  100.31      63
     589     0.0      87    0.02    0.02    9.99   79.11     100
     590     0.0      88   -0.03   -0.01    9.73   65.18     100
     591    -0.3      90   -0.02   -0.01    5.37   33.61     100
     592    -0.5      89    0.03   -0.03    0.00    5.04     100
     593    -0.7      89    0.00   -0.03    0.00    0.00     100
     594    -0.9      93    0.02   -0.03    0.00    0.00     100
     595    -1.1      89   -0.06   -0.01    0.00    0.00     100
     596    -1.4      86    0.03   -0.04    0.00    0.00     100
     597    -1.7      87    0.01   -0.03    0.00    0.00     100
     598    -2.5      87   -0.02    0.02    0.00    0.00     100
     599    -2.9      90    0.01    0.02    0.00    0.01     100
     600    -3.4      94   -0.01   -0.02    0.00    0.00     100
     601    -2.4      96    0.01    0.01    0.00    0.40     100
     602    -2.1      96    0.04    0.02    0.00    0.01     100
     603    -2.1      96   -0.03   -0.02    0.00    0.00     100
     604    -2.2      96   -0.04    0.01    0.00    0.00     100
     605    -2.4      96   -0.01    0.05    0.00    0.00     100
     606    -2.9      96   -0.01   -0.04    0.00    0.00     100
     607    -3.6      96    0.04    0.03    0.00    0.00     100
     608    -3.6      97    0.01   -0.04    0.00    0.32     100
     609    -3.7      98    0.01    0.05    1.34    8.78     100
     610    -3.6      97   -0.03    0.03    2.64   29.14     100
     611    -3.1      97   -0.02   -0.04    5.03   56.88     100
     612    -2.9      96    0.01   -0.02    5.47   67.68     100
     613    -2.5      94    0.02    0.04    8.72   78.12     100
     614    -2.7      95   -0.03    0.00    7.99   63.58     100
     615    -3.0      97   -0.01    0.04    8.42   41.09     100
     616    -4.2      98    0.00   -0.02    0.00   12.31     100
     617    -5.6      98    0.00    0.00    0.00    0.00     113
     618    -6.7      97    0.00    0.00    0.00    0.00     113
     619    -7.4      96   -0.01    0.00    0.00    0.00       0
     620    -8.1      95   -0.02    0.00    0.00    0.00       0
     621    -8.5      95    0.00    0.00    0.00    0.00       0
     622    -9.0      94   -0.02    0.01    0.00    0.00       0
     623    -9.2      94    0.02   -0.02    0.00    0.00       0
     624    -9.5      92    0.01    0.03    0.00    0.00       0
     625    -9.6      92    0.00    0.00    0.00    0.00       0
     626   -10.0      95    0.00   -0.03    0.00    0.00       0
     627    -9.0      91    0.00   -0.01    0.00    0.11     100
     628    -7.3      92    0.00    0.00    0.00    1.14     100
     629    -6.2      89   -0.02    0.00    0.00    0.69     100
     630    -5.6      91    0.00    0.02    0.00    0.19     100
     631    -4.6      95    0.04    0.00    0.00    0.60     100
     632    -3.9      95   -0.04    0.00    0.00    1.04     100
     633    -3.1      97   -0.01    0.01    1.31    8.93     113
     634    -2.2      98    0.00    0.01    2.20   27.39     100
     635    -1.6      99   -0.01   -0.01    3.01   45.05     113
     636    -1.0      98    0.01    0.01    3.15   52.52     100
     637    -0.6      98    0.00    0.00    2.35   44.57     113
     638    -0.4      99    0.00    0.00    1.90   33.54     113
     639    -0.6      99    0.00    0.00    1.95   21.89     100
     640    -0.7      99    0.00    0.00    0.00    5.24     100
     641    -0.9      99    0.01   -0.01    0.00    0.05     113
     642    -1.0      99    0.00    0.01    0.00    0.00     113
     643    -1.3      99    0.01   -0.02    0.00    0.00     113
     644    -1.6      99   -0.02    0.02    0.00    0.00     113
     645    -1.6      99    0.02    0.01    0.00    0.00     113
     646    -1.6      98   -0.01   -0.02    0.00    0.00     113
     647    -1.9      98    0.00   -0.04    0.00    0.00     100
     648    -2.3      98   -0.03   -0.02    0.00    0.00     100
     649    -2.7      97   -0.01    0.03    0.00    0.00     100
     650    -3.5      97    0.02   -0.05    0.00    0.00     100
     651    -4.3      96   -0.04    0.06    0.00    0.00     100
     652    -4.3      95    0.06    0.03    0.00    0.00     100
     653    -4.3      95    0.03    0.06    0.00    0.00     100
     654    -4.6      95    0.00   -0.05    0.00    0.00     100
     655    -5.0      96    0.03    0.06    0.00    0.00     100
     656    -5.1      95   -0.03   -0.05    0.00    0.60     100
     657    -4.8      95   -0.04    0.01    1.98   11.26     100
     658    -4.7      95    0.05    0.01    6.81   48.37     100
     659    -4.4      95   -0.01    0.06   18.11   83.83     100
     660    -3.9      95   -0.01    0.07  214.27  115.08      88
     661    -3.5      89   -0.01    0.07  437.85   93.02     100
     662    -3.3      87    0.06    0.05   87.27   94.98     100
     663    -3.7      89    0.06    0.05   29.31   55.12     100
     664    -4.1      91    0.04   -0.07    0.00   12.99     100
     665    -5.2      92    0.05    0.04    0.00    0.01     100
     666    -5.9      94    0.03    0.04    0.00    0.00      25
     667    -6.3      95   -0.03   -0.03    0.00    0.00       0
     668    -6.2      94   -0.01    0.04    0.00    0.00       0
     669    -6.4      95   -0.04   -0.01    0.00    0.00       0
     670    -7.0      94   -0.04    0.01    0.00    0.00       0
     671    -7.1      95   -0.04   -0.01    0.00    0.00       0
     672    -7.9      95   -0.03    0.02    0.00    0.00     100
     673    -6.2      96   -0.03   -0.03    0.00    0.03     113
     674    -5.9      95    0.03    0.00    0.00    0.07     113
     675    -6.3      95    0.01    0.02    0.00    0.00     100
     676    -6.0      96   -0.01    0.02    0.00    0.00     100
     677    -5.4      96   -0.01   -0.03    0.00    0.01     100
     678    -5.2      96    0.03    0.00    0.00    0.00     100
     679    -5.2      96   -0.02    0.00    0.00    0.00     100
     680    -5.2      96   -0.03    0.00    0.00    0.93     100
     681    -5.0      96    0.02    0.00    8.27   22.75     100
     682    -4.2      96   -0.01    0.02    3.25   34.96     100
     683    -3.5      97   -0.02   -0.01    3.17   48.12     100
     684    -2.8      97   -0.01    0.02    2.82   51.59     100
     685    -2.4      97    0.01   -0.02    3.36   55.18     100
     686    -2.5      96    0.00   -0.02    4.72   54.89     100
     687    -2.8      95    0.01    0.02    2.17   24.74     100
     688    -3.3      94    0.01    0.00    0.00    4.25     100
     689    -3.5      94    0.00    0.00    0.00    0.00     100
     690    -3.6      93   -0.02   -0.01    0.00    0.00     100
     691    -4.7      96    0.03    0.01    0.00    0.00     100
     692    -5.6      95    0.02    0.00    0.00    0.00     100
     693    -6.3      94   -0.01    0.02    0.00    0.00     100
     694    -7.8      93    0.00   -0.01    0.00    0.00      13
     695    -8.8      94   -0.02    0.02    0.00    0.00     100
     696    -9.1      95    0.02    0.02    0.00    0.00     113
     697    -9.8      95   -0.03    0.00    0.00    0.00     113
     698   -10.4      94    0.01    0.01    0.00    0.00     100
     699   -11.5      94    0.01    0.01    0.00    0.00     113
     700   -12.0      94   -0.01   -0.01    0.00    0.00     113
     701   -12.5      94   -0.01   -0.01    0.00    0.00     113
     702   -12.9      94    0.02   -0.03    0.00    0.00      88
     703   -12.0      94   -0.02   -0.01    0.00    0.28     113
     704   -12.0      94    0.00   -0.01    0.00    1.57     100
     705   -10.7      95    0.01   -0.01    5.81   21.24     100
     706    -9.1      95    0.00    0.02   24.45   66.04     100
     707    -7.8      96   -0.02   -0.01   46.86   99.66     100
     708    -5.4      96    0.02    0.02  173.89  121.14     100
     709    -3.4      97   -0.03   -0.01  356.35  105.34     100
     710    -2.3      96   -0.03    0.04   22.16   84.68     100
     711    -2.6      97   -0.01    0.04   30.23   59.21      88
     712    -4.3      97    0.02   -0.04    0.00   19.71      38
     713    -6.7      96   -0.04    0.00    0.00    0.00       0
     714    -8.1      96    0.03    0.03    0.00    0.00       0
     715    -9.3      96   -0.04    0.01    0.00    0.00       0
     716   -10.0      95   -0.02    0.02    0.00    0.00       0
     717   -10.8      94   -0.02    0.03    0.00    0.00       0
     718   -11.4      94    0.01   -0.02    0.00    0.00       0
     719   -11.7      91   -0.02   -0.03    0.00    0.00       0
     720   -12.1      89   -0.04   -0.02    0.00    0.00       0
     721   -12.6      87    0.03   -0.01    0.00    0.00       0
     722   -13.0      88    0.02   -0.02    0.00    0.00       0
     723   -13.1      89    0.01    0.00    0.00    0.00       0
     724   -13.6      89    0.00    0.00    0.00    0.00       0
     725   -13.8      87    0.01   -0.01    0.00    0.00       0
     726   -14.2      86    0.01    0.01    0.00    0.00       0
     727   -13.6      93    0.00   -0.03    0.00    0.00       0
     728   -12.7      95    0.00    0.02    0.00    2.37      50
     729   -10.1      95    0.00    0.00    5.49   21.76     113
     730    -8.1      94   -0.01   -0.04    7.09   53.04     100
     731    -6.4      93   -0.01   -0.05   36.53   98.59     100
     732    -4.7      90    0.00    0.03   26.55  106.75      50
     733    -3.2      86   -0.01    0.02  277.54  114.76       0
     734    -2.5      86   -0.02   -0.03  318.19   94.20       0
     735    -2.8      86    0.01    0.02  453.93   55.23       0
     736    -4.9      90    0.01   -0.02    0.00   14.76       0
     737    -7.4      89    0.03    0.00    0.00    0.00       0
     738    -9.0      84    0.00    0.03    0.00    0.00       0
     739   -10.0      84    0.00    0.03    0.00    0.00       0
     740   -10.5      85    0.03    0.01    0.00    0.00       0
     741   -11.5      85    0.00    0.01    0.00    0.00       0
     742   -12.1      91   -0.01    0.00    0.00    0.00       0
     743   -12.4      91    0.01    0.01    0.00    0.00       0
     744   -11.7      95    0.01   -0.01    0.00    0.00       0
     745   -11.3      96    0.02    0.00    0.00    0.01      50
     746    -9.7      95    0.02   -0.01    0.00    0.79     100
     747    -8.0      92    0.02   -0.03    0.00    1.06     100
     748    -6.7      95   -0.02   -0.04    0.00    1.18     113
     749    -6.1      95   -0.04   -0.01    0.00    0.81     113
     750    -5.7      96   -0.04    0.05    0.00    0.67     113
     751    -5.4      96   -0.05   -0.01    0.00    0.46     113
     752    -5.0      96    0.04   -0.03    0.00    1.34     113
     753    -4.1      98   -0.03    0.03    0.64    7.94     113
     754    -2.9      98   -0.01   -0.02    1.82   28.43     113
     755    -1.3      99    0.01   -0.02    2.03   40.98     113
     756     0.1      98   -0.02   -0.02    3.19   57.82     100
     757     0.2      98    0.02   -0.02    1.03   32.49     100
     758     0.2      98    0.01    0.02    1.90   37.51     100
     759     0.2      99   -0.02    0.00    1.65   23.80     100
     760    -0.1      99   -0.02    0.00    0.73    6.33     100
     761    -0.3      99   -0.01   -0.02    0.00    0.38     113
     762    -0.8      99   -0.02   -0.02    0.00    0.07     100
     763    -1.1      98    0.00   -0.03    0.00    0.01     100
     764    -1.5      97    0.01   -0.03    0.00    0.00     100
     765    -1.7      97    0.02   -0.02    0.00    0.00     100
     766    -2.0      95   -0.02    0.00    0.00    0.00     100
     767    -2.9      96   -0.01   -0.02    0.00    0.00     100
     768    -4.9      96    0.03    0.00    0.00    0.00      13
     769    -5.9      97    0.00    0.00    0.00    0.00      38
     770    -6.5      97    0.01   -0.01    0.00    0.00      75
     771    -5.8      95    0.00   -0.01    0.00    0.00     100
     772    -7.0      97    0.00    0.00    0.00    0.00      63
     773    -7.5      96    0.00   -0.01    0.00    0.00      75
     774    -6.6      95    0.01    0.01    0.00    0.00     100
     775    -7.9      96    0.00    0.00    0.00    0.00      25
     776    -8.7      97    0.00    0.01    0.00    0.87      38
     777    -7.0      98    0.00    0.01    9.75   28.99     113
     778    -3.6      97    0.00    0.02   36.14   75.42     100
     779    -2.5      97   -0.02    0.01   18.18   92.59     100
     780    -1.2      97   -0.02    0.01  546.03   89.97     100
     781    -1.0      95    0.05   -0.01  456.81   99.71     100
     782    -1.7      95    0.01   -0.03  374.49   93.32     100
     783    -2.5      96    0.04    0.00  341.79   66.34     100
     784    -3.0      97   -0.01    0.04    7.00   20.02     100
     785    -3.4      98    0.01    0.03    0.00    0.67     100
     786    -3.8      98   -0.02    0.02    0.00    0.00     113
     787    -4.0      97   -0.03   -0.01    0.00    0.00     113
     788    -4.3      97    0.01    0.04    0.00    0.00     100
     789    -4.4      97    0.02    0.02    0.00    0.00     100
     790    -4.5      96    0.01   -0.02    0.00    0.00     113
     791    -4.6      97   -0.02    0.01    0.00    0.00     100
     792    -4.4      96   -0.02    0.01    0.00    0.00     100
     793    -4.4      97   -0.01   -0.01    0.00    0.00     113
     794    -4.3      97    0.02    0.00    0.00    0.00     100
     795    -4.3      97    0.00   -0.02    0.00    0.00     100
     796    -4.2      96   -0.02    0.00    0.00    0.00     100
     797    -4.1      96    0.01    0.01    0.00    0.00     100
     798    -4.2      96   -0.01   -0.02    0.00    0.00     100
     799    -4.4      96   -0.02    0.01    0.00    0.00     100
     800    -4.9      95   -0.02    0.00    0.00    1.92     100
     801    -4.7      94    0.00   -0.03    3.23   19.39     100
     802    -4.6      92    0.00   -0.04   44.91   79.50     100
     803    -4.5      93   -0.01    0.04   54.53  109.68     100
     804    -4.9      88   -0.01   -0.04    5.51   78.49     100
     805    -5.1      88    0.04    0.01    9.47   92.46     100
     806    -5.8      86    0.03   -0.02    5.31   64.91     100
     807    -6.2      87   -0.04   -0.01   43.98   70.55     100
     808    -7.2      89    0.06    0.01   19.55   25.57      75
     809    -7.5      87   -0.02   -0.06    0.00    0.75     100
     810    -7.0      87    0.01   -0.06    0.00    0.00     100
     811    -7.1      86    0.01   -0.07    0.00    0.00     100
     812    -7.3      88    0.02    0.06    0.00    0.00     100
     813    -7.4      88   -0.05   -0.02    0.00    0.00     100
     814    -7.5      89   -0.03   -0.01    0.00    0.00     100
     815    -7.9      90   -0.03   -0.03    0.00    0.00     100
     816    -8.3      91    0.00    0.03    0.00    0.00     100
     817    -8.5      92    0.01   -0.01    0.00    0.00     100
     818    -9.8      92    0.00   -0.03    0.00    0.00     100
     819   -10.4      92    0.02   -0.01    0.00    0.00     100
     820   -10.1      92   -0.01    0.00    0.00    0.00     100
     821    -9.4      92   -0.01   -0.01    0.00    0.00     100
     822    -9.5      92   -0.02    0.02    0.00    0.00     100
     823    -9.3      92    0.01    0.03    0.00    0.00     100
     824    -9.2      93    0.02   -0.02    0.00    5.42     100
     825    -8.3      93    0.03   -0.02   72.44   43.57     100
     826    -7.2      93   -0.04    0.01  191.61   87.39     100
     827    -7.0      91    0.00   -0.03   31.20  104.44     100
     828    -6.2      91   -0.03   -0.03  112.32  132.60     100
     829    -6.5      93    0.02    0.04  242.86  126.41     100
     830    -7.2      93   -0.01    0.06   39.57  102.36     100
     831    -7.9      92    0.04   -0.02    7.52   53.51     100
     832    -9.1      92    0.03    0.01    5.19   19.07     100
     833    -9.7      92    0.00   -0.03    0.00    0.89     100
     834   -10.1      92   -0.04    0.00    0.00    0.00     100
     835   -10.1      92    0.01   -0.04    0.00    0.00     100
     836    -9.9      92   -0.01    0.04    0.00    0.01     100
     837    -9.8      92    0.02   -0.01    0.00    0.00     100
     838    -9.7      92   -0.03   -0.02    0.00    0.00     100
     839    -9.9      91    0.00   -0.02    0.00    0.00     100
     840   -11.1      91    0.01    0.00    0.00    0.00     100
     841   -13.3      90    0.00    0.00    0.00    0.00      63
     842   -14.8      91    0.00   -0.03    0.00    0.00     100
     843   -14.6      91    0.00    0.03    0.00    0.00     100
     844   -11.4      91   -0.03    0.02    0.00    0.05     100
     845   -10.9      92   -0.01    0.04    0.00    0.00     100
     846   -10.6      92   -0.02   -0.02    0.00    0.00     100
     847    -9.9      92    0.02    0.01    0.00    0.00     100
     848    -9.2      92   -0.01    0.00    0.00    4.89     100
     849    -8.7      92   -0.03   -0.01   37.64   42.56     100
     850    -8.1      92    0.00   -0.02  151.77   90.53     100
     851    -6.7      93    0.01    0.00  286.51  113.07     100
     852    -5.9      93    0.01    0.02   61.06  129.36     100
     853    -6.0      93    0.02    0.01  366.66  116.35      75
     854    -5.9      93    0.01   -0.02  690.33   63.61       0
     855    -6.3      93    0.02    0.01  575.74   54.45       0
     856    -7.5      92    0.01    0.01   56.33   33.06       0
     857    -8.9      91    0.00   -0.02    0.00    1.57      13
     858    -9.6      91    0.01    0.01    0.00    0.00     113
     859   -10.2      91   -0.01   -0.01    0.00    0.00       0
     860   -10.9      91    0.01    0.01    0.00    0.00       0
     861   -11.3      91    0.00    0.00    0.00    0.00       0
     862   -11.8      91    0.00    0.01    0.00    0.00       0
     863   -11.2      91    0.00    0.01    0.00    0.00       0
     864   -10.5      90    0.00    0.00    0.00    0.00       0
     865   -10.7      91   -0.01   -0.01    0.00    0.00       0
     866   -11.6      91    0.00    0.02    0.00    0.00       0
     867   -11.6      90    0.01    0.01    0.00    0.00       0
     868   -11.5      90    0.01    0.00    0.00    0.00      38
     869   -11.6      91   -0.01   -0.01    0.00    0.00     100
     870    -9.7      92    0.01    0.02    0.00    0.22     100
     871   -10.0      89   -0.01    0.01    0.00    0.00      25
     872   -11.1      91   -0.01    0.01    0.00    5.44       0
     873    -9.5      91    0.01    0.01   94.16   48.72       0
     874    -8.3      92   -0.02   -0.01  303.48   85.76      13
     875    -7.4      92   -0.01    0.02  295.38  114.48       0
     876    -6.6      92    0.00   -0.02  376.06  119.05     113
     877    -5.9      91    0.00   -0.03  287.56  127.05       0
     878    -5.8      86   -0.01   -0.01  467.57   91.33       0
     879    -6.2      81    0.01   -0.01  655.12   49.25       0
     880    -7.4      83    0.02    0.00   97.83   36.73       0
     881    -9.1      82   -0.01   -0.01    0.00    1.98       0
     882    -9.9      85    0.00    0.00    0.00    0.00       0
     883   -10.7      87   -0.01    0.00    0.00    0.00       0
     884   -11.5      91    0.00    0.00    0.00    0.00       0
     885   -12.0      87    0.00   -0.02    0.00    0.00       0
     886   -12.9      90    0.00    0.00    0.00    0.00       0
     887   -13.8      91    0.01    0.00    0.00    0.00       0
     888   -14.7      90    0.00    0.00    0.00    0.00       0
     889   -15.5      91    0.00    0.00    0.00    0.00       0
     890   -15.0      92    0.00    0.00    0.00    0.00      63
     891   -12.5      91    0.01   -0.01    0.00    0.00     100
     892   -11.4      92   -0.01   -0.01    0.00    0.75     100
     893    -9.7      92   -0.02    0.00    0.00    1.10     100
     894    -9.1      92   -0.01    0.00    0.00    0.65     100
     895    -8.9      93   -0.01    0.01    0.00    0.05     100
     896    -8.2      93   -0.02    0.03    0.00    3.97     100
     897    -7.2      94    0.02   -0.03    3.33   24.18     100
     898    -5.6      93    0.03   -0.02    9.12   67.85     100
     899    -4.7      87    0.03    0.04   14.32   98.00     100
     900    -3.6      83    0.02   -0.04   63.27  134.45     100
     901    -3.4      83   -0.03    0.04  124.54  138.21     100
     902    -4.1      84   -0.02   -0.04  132.76  119.81     100
     903    -4.4      85   -0.02    0.03  413.29   71.42      75
     904    -5.9      86    0.01   -0.02   46.89   36.44      38
     905    -7.4      92    0.00    0.00    0.00    1.88       0
     906    -8.2      93    0.00    0.03    0.00    0.00     100
     907    -8.6      92    0.01    0.03    0.00    0.00     100
     908    -8.9      92    0.01   -0.01    0.00    0.00      25
     909    -9.4      93   -0.01   -0.02    0.00    0.00     100
     910    -8.9      91    0.02   -0.01    0.00    0.00      50
     911    -9.4      91   -0.01    0.01    0.00    0.00       0
     912    -9.7      92    0.01   -0.02    0.00    0.00       0
     913    -9.7      91    0.02    0.02    0.00    0.00       0
     914    -9.7      91   -0.02    0.02    0.00    0.00       0
     915    -9.8      91   -0.02    0.00    0.00    0.00       0
     916    -9.9      92   -0.02    0.02    0.00    0.00     100
     917    -9.4      93    0.00   -0.04    0.00    0.00     100
     918    -8.5      93   -0.02   -0.02    0.00    0.00     100
     919    -8.1      94    0.05    0.01    0.00    0.00     100
     920    -7.4      93   -0.03    0.01    0.00    5.40     100
     921    -7.1      93    0.03   -0.01   15.86   42.78     100
     922    -6.8      93    0.01   -0.03    5.02   55.99     100
     923    -5.9      90   -0.02   -0.03   11.03   95.07     100
     924    -4.7      87   -0.03    0.01   54.90  134.88     100
     925    -4.5      85    0.06    0.01   24.48  119.90     100
     926    -4.7      82   -0.05   -0.02    8.54   85.77     100
     927    -4.9      78   -0.04    0.03   15.11   69.73     100
     928    -5.3      80    0.01   -0.04    3.78   20.68     100
     929    -5.5      77   -0.01    0.03    0.00    1.03     100
     930    -5.5      74    0.05   -0.03    0.00    0.00     100
     931    -5.6      80    0.05    0.02    0.00    0.00     100
     932    -5.9      83   -0.04   -0.01    0.00    0.00     100
     933    -6.2      85    0.01    0.05    0.00    0.00     100
     934    -6.4      88   -0.03    0.03    0.00    0.00     113
     935    -6.7      88    0.04   -0.01    0.00    0.00     100
     936    -6.7      88   -0.02    0.03    0.00    0.00     100
     937    -6.9      89    0.03    0.00    0.00    0.00     100
     938    -7.1      90   -0.03   -0.01    0.00    0.00     100
     939    -7.2      89    0.03   -0.04    0.00    0.00     100
     940    -7.2      88    0.05    0.02    0.00    0.00     100
     941    -7.2      87    0.04   -0.02    0.00    0.00     100
     942    -8.0      90    0.02   -0.03    0.00    0.00     100
     943    -8.0      91   -0.04   -0.01    0.00    0.00     100
     944    -8.1      89   -0.02    0.01    0.00   11.68     100
     945    -7.3      82   -0.02   -0.04   62.58   53.78     100
     946    -6.4      76    0.04   -0.01   52.15   93.99     100
     947    -6.5      80   -0.03    0.03   25.01  111.48     100
     948    -6.5      86   -0.02    0.02   51.08  136.18     100
     949    -6.5      87    0.05    0.02   25.61  122.86     100
     950    -6.2      86    0.02    0.01   49.74  116.61     100
     951    -6.4      82   -0.02    0.03   14.54   71.18     100
     952    -6.8      84   -0.02   -0.02    6.38   28.61     113
     953    -7.1      90    0.03   -0.03    0.00    2.10     100
     954    -7.6      90   -0.03   -0.04    0.00    0.00     100
     955    -8.1      90    0.02    0.04    0.00    0.00     100
     956    -8.5      89    0.03   -0.03    0.00    0.00     100
     957    -8.7      89    0.00    0.03    0.00    0.00     100
     958    -9.1      87    0.02    0.01    0.00    0.00     100
     959    -9.2      86   -0.03   -0.01    0.00    0.00     100
     960    -9.5      86    0.00    0.02    0.00    0.00      25
     961   -10.1      87    0.00    0.02    0.00    0.00      25
     962   -10.3      88    0.00    0.01    0.00    0.00       0
     963   -10.6      89   -0.01   -0.01    0.00    0.00     100
     964   -10.7      90    0.00    0.00    0.00    0.00     100
     965   -11.2      90    0.01   -0.02    0.00    0.00       0
     966   -11.6      90    0.00    0.00    0.00    0.00       0
     967   -11.6      90    0.03    0.01    0.00    0.00       0
     968   -11.3      91   -0.02    0.01    0.00   12.65       0
     969    -9.7      90   -0.01    0.02   24.48   49.87      13
     970    -8.3      91    0.00   -0.03   52.30   96.32       0
     971    -6.3      84    0.01    0.04  280.66  124.96       0
     972    -5.3      80    0.04   -0.03  588.32   96.93       0
     973    -4.7      79    0.05    0.04  667.76   83.83     100
     974    -4.8      78   -0.04   -0.02  683.57   71.13      38
     975    -5.0      67    0.04    0.02  602.08   59.96     100
     976    -5.9      69    0.04   -0.01  190.31   46.43     100
     977    -6.8      74   -0.01    0.04    0.00    3.17     100
     978    -7.5      83    0.00   -0.03    0.00    0.00     100
     979    -7.6      89    0.03    0.03    0.00    0.00     100
     980    -7.5      90    0.00    0.03    0.00    0.00     100
     981    -7.4      92    0.03    0.02    0.00    0.00     100
     982    -7.9      90    0.00   -0.06    0.00    0.00     100
     983    -8.3      91    0.03    0.05    0.00    0.00     100
     984    -8.9      91   -0.01    0.07    0.00    0.00     100
     985    -9.6      91    0.00   -0.05    0.00    0.00     100
     986   -10.0      91    0.01   -0.05    0.00    0.00     100
     987   -10.4      90   -0.01    0.05    0.00    0.00     100
     988   -11.1      91    0.00   -0.04    0.00    0.00     100
     989   -11.3      90    0.03    0.03    0.00    0.00     100
     990   -11.0      90    0.04    0.02    0.00    0.00     100
     991   -11.1      90    0.03    0.01    0.00    0.00     100
     992   -11.1      90    0.03   -0.01    0.00   11.68     100
     993    -9.9      91   -0.03    0.03  251.49   58.46     100
     994    -8.4      91    0.00   -0.04  592.51   68.38     100
     995    -7.9      91    0.02   -0.02  741.07   68.06     100
     996    -7.1      91   -0.02    0.02  785.78   69.29      75
     997    -6.2      75    0.06   -0.01  769.20   70.61      13
     998    -5.8      67    0.02    0.05  710.58   69.03       0
     999    -6.3      73    0.04    0.02  612.03   60.55       0
    1000    -7.6      83    0.01    0.04  244.99   47.48       0
    1001    -9.2      85    0.04   -0.01    0.00    4.09       0
    1002    -9.9      85   -0.01    0.01    0.00    0.00       0
    1003   -10.9      85   -0.01   -0.01    0.00    0.00       0
    1004   -11.2      83   -0.01    0.01    0.00    0.00       0
    1005   -10.7      88    0.00    0.00    0.00    0.00       0
    1006   -11.2      90    0.00    0.00    0.00    0.00       0
    1007   -12.9      88    0.01    0.00    0.00    0.00       0
    1008   -13.9      83   -0.02   -0.01    0.00    0.00       0
    1009   -15.1      84    0.00    0.00    0.00    0.00       0
    1010   -16.1      91    0.00    0.00    0.00    0.00       0
    1011   -16.9      89    0.00    0.00    0.00    0.00       0
    1012   -17.4      89    0.01    0.01    0.00    0.00       0
    1013   -17.9      87   -0.01    0.01    0.00    0.00      25
    1014   -17.9      91   -0.02   -0.02    0.00    0.00     100
    1015   -17.4      90    0.01   -0.02    0.00    0.11     100
    1016   -15.6      91    0.00   -0.02    0.00   12.75     100
    1017   -13.1      90    0.03    0.00   26.21   54.55     100
    1018    -8.4      86   -0.02    0.04  192.41  106.30     100
    1019    -5.0      82   -0.04    0.02  266.12  131.08     100
    1020    -3.7      70   -0.01   -0.04   56.52  144.90      50
    1021    -2.8      60    0.03   -0.05  847.90   61.98       0
    1022    -3.1      62    0.04   -0.03  703.20   71.30       0
    1023    -3.9      69    0.01    0.06  592.28   64.09       0
    1024    -5.2      74   -0.01   -0.03  263.11   49.21       0
    1025    -6.7      76   -0.02   -0.03    0.00    4.66       0
    1026    -7.9      76   -0.04   -0.02    0.00    0.00       0
    1027    -8.0      77    0.03    0.03    0.00    0.00       0
    1028    -9.0      78    0.02    0.00    0.00    0.00       0
    1029    -8.4      77   -0.01    0.02    0.00    0.00       0
    1030    -9.1      77   -0.03    0.01    0.00    0.00       0
    1031   -10.6      76    0.01    0.02    0.00    0.00       0
    1032   -12.0      82   -0.01   -0.01    0.00    0.00       0
    1033   -11.9      88    0.00    0.00    0.00    0.00       0
    1034   -12.0      88    0.00    0.00    0.00    0.00       0
    1035   -13.6      87   -0.01    0.01    0.00    0.00       0
    1036   -14.6      91    0.00    0.00    0.00    0.00       0
    1037   -15.3      87   -0.01    0.00    0.00    0.00       0
    1038   -16.0      88    0.00    0.00    0.00    0.00       0
    1039   -16.1      88    0.01   -0.01    0.00    0.00       0
    1040   -15.4      82    0.02    0.01    0.00   15.64       0
    1041   -12.3      74    0.00    0.03  203.06   64.88       0
    1042    -7.9      57   -0.04    0.01  438.72   88.55       0
    1043    -3.6      47   -0.02    0.05  524.12  101.35       0
    1044    -0.8      35   -0.01   -0.04  881.58   60.67       0
    1045    -0.2      34   -0.04   -0.02  800.48   68.71       0
    1046    -0.2      32    0.03    0.04  745.21   67.14       0
    1047    -1.0      30    0.04    0.03  656.19   59.11       0
    1048    -2.3      34    0.00    0.03  351.74   47.85       0
    1049    -4.2      38    0.00   -0.03    0.00    4.74       0
    1050    -5.1      48    0.01   -0.03    0.00    0.00       0
    1051    -6.1      62    0.00    0.04    0.00    0.00       0
    1052    -9.1      68   -0.05    0.01    0.00    0.00       0
    1053   -10.5      68    0.04    0.00    0.00    0.00       0
    1054   -11.0      70    0.02   -0.04    0.00    0.00       0
    1055   -12.6      72    0.04   -0.01    0.00    0.00       0
    1056   -13.7      76    0.03   -0.05    0.00    0.00       0
    1057   -14.5      65   -0.04    0.05    0.00    0.00       0
    1058   -15.2      81   -0.06   -0.01    0.00    0.00       0
    1059   -15.9      94    0.03    0.02    0.00    0.00       0
    1060   -16.5      84    0.01   -0.05    0.00    0.00       0
    1061   -16.7      85   -0.02   -0.03    0.00    0.00       0
    1062   -17.2      84   -0.03    0.02    0.00    0.00       0
    1063   -17.7      76    0.00    0.05    0.00    0.00       0
    1064   -16.5      66   -0.03    0.02    0.00   18.74       0
    1065   -13.2      63    0.05    0.00  228.09   66.52       0
    1066    -9.0      60    0.01   -0.04  427.18   91.84       0
    1067    -4.2      54    0.03    0.04  454.68  113.06       0
    1068    -0.9      62   -0.05   -0.01  773.80   74.44       0
    1069    -0.3      68    0.06   -0.03  806.10   69.09       0
    1070    -0.2      71   -0.02   -0.05  744.13   68.52       0
    1071    -0.4      73    0.05   -0.02  639.78   62.29       0
    1072    -1.5      77    0.00    0.03  340.70   50.53       0
    1073    -4.6      86   -0.02    0.00    0.00    3.66       0
    1074    -6.7      91    0.00   -0.02    0.00    0.00       0
    1075    -8.4      95   -0.01    0.00    0.00    0.00       0
    1076    -9.7      93   -0.01   -0.01    0.00    0.00       0
    1077   -10.8      93   -0.02    0.01    0.00    0.00       0
    1078   -11.4      92    0.02   -0.01    0.00    0.00      63
    1079   -11.4      87   -0.02    0.01    0.00    0.00      88
    1080   -11.7      76    0.02    0.04    0.00    0.00     100
    1081   -11.9      76    0.03    0.00    0.00    0.00     100
    1082   -12.0      87    0.05    0.00    0.00    0.00      63
    1083   -12.1      91   -0.02    0.05    0.00    0.00      13
    1084   -11.5      82    0.04   -0.03    0.00    0.00       0
    1085   -10.9      72    0.00   -0.05    0.00    0.00     100
    1086   -10.2      66    0.04    0.02    0.00    0.00      63
    1087   -10.1      61    0.05    0.04    0.00    0.56     100
    1088    -9.4      58   -0.05    0.05    0.00   16.71     100
    1089    -6.4      55    0.07    0.02   59.84   67.66     100
    1090    -3.7      57    0.06    0.05   43.94  106.18     100
    1091    -2.6      54    0.02   -0.07    5.43   87.11     100
    1092    -1.9      63    0.07    0.01    3.46   76.89     100
    1093    -1.4      61   -0.02   -0.07    4.84   89.60     100
    1094    -1.4      63    0.06    0.01    4.46   75.90     100
    1095    -1.6      68   -0.06    0.02    3.07   47.81     100
    1096    -1.7      72    0.00   -0.05    2.41   23.64     100
    1097    -1.8      73    0.04    0.03    0.00    3.19     100
    1098    -2.0      74   -0.04    0.02    0.00    0.00     100
    1099    -2.0      73    0.00   -0.05    0.00    0.00     100
    1100    -1.9      71   -0.07    0.01    0.00    0.00     100
    1101    -1.9      69    0.06    0.03    0.00    0.00     100
    1102    -1.9      68    0.06    0.01    0.00    0.00     100
    1103    -1.9      71    0.08    0.02    0.00    0.00     100
    1104    -1.9      75    0.06    0.01    0.00    0.00     100
    1105    -1.9      76    0.00    0.06    0.00    0.00     100
    1106    -1.9      80    0.05    0.01    0.00    0.00     100
    1107    -2.0      81    0.03    0.03    0.00    0.00     100
    1108    -1.9      82    0.00    0.04    0.00    0.00     100
    1109    -1.9      80    0.03    0.03    0.00    0.00     100
    1110    -1.6      81    0.03    0.02    0.00    0.00     100
    1111    -1.6      81    0.01   -0.03    0.00    0.05     100
    1112    -1.5      83   -0.02   -0.03    0.00    6.87     100
    1113    -1.1      86   -0.02   -0.03    1.25   21.29     100
    1114    -0.9      88    0.04   -0.01    1.25   34.07     100
    1115    -0.5      86    0.03    0.02    1.68   49.69     100
    1116    -0.6      86   -0.03   -0.02    1.90   58.16     100
    1117    -0.7      87   -0.01   -0.03    0.83   38.14     100
    1118    -0.7      87   -0.03    0.00    1.23   40.88     100
    1119    -1.0      88    0.00    0.05    0.83   25.69     100
    1120    -1.3      89   -0.04    0.02    0.69   13.28     100
    1121    -1.4      89    0.04   -0.03    0.00    2.37     100
    1122    -1.4      89    0.00   -0.05    0.00    0.00     100
    1123    -1.4      89    0.05   -0.02    0.00    0.00     100
    1124    -1.4      89    0.06   -0.03    0.00    0.00     100
    1125    -1.5      86    0.07    0.03    0.00    0.00     100
    1126    -1.5      85   -0.05   -0.05    0.00    0.00     100
    1127    -1.6      86   -0.07   -0.03    0.00    0.00     100
    1128    -1.9      86   -0.07   -0.04    0.00    0.00     100
    1129    -2.2      90    0.01   -0.07    0.00    0.00     113
    1130    -2.3      94   -0.03    0.04    0.00    0.00     100
    1131    -2.4      95   -0.03    0.05    0.00    0.00     113
    1132    -2.6      94   -0.07    0.00    0.00    0.00     100
    1133    -2.5      94   -0.04   -0.06    0.00    0.00     100
    1134    -2.5      95    0.06    0.01    0.00    0.00     113
    1135    -2.4      95   -0.03   -0.05    0.00    0.07     113
    1136    -2.0      95   -0.02    0.07    0.00    4.81     113
    1137    -1.4      95    0.05    0.01    1.39   23.25     113
    1138    -0.7      93   -0.05   -0.02    2.07   44.80     113
    1139    -0.1      94   -0.02   -0.06    3.19   69.48     100
    1140     0.2      93    0.04   -0.04    2.77   71.25     100
    1141     0.5      89   -0.03   -0.06    3.11   74.46     100
    1142     0.2      89   -0.03    0.05    3.60   70.89     100
    1143    -0.1      87    0.05    0.01    4.77   62.27     100
    1144    -0.5      90    0.03   -0.03    4.48   34.79     100
    1145    -1.1      95    0.03    0.01    0.00    6.88     113
    1146    -1.3      94   -0.04    0.00    0.00    0.00     100
    1147    -1.4      90    0.02    0.06    0.00    0.00     100
    1148    -1.8      85   -0.07    0.04    0.00    0.00      88
    1149    -1.9      82    0.02    0.08    0.00    0.00     100
    1150    -2.0      83   -0.07    0.07    0.00    0.00     100
    1151    -2.1      85   -0.08   -0.02    0.00    0.00     100
    1152    -2.2      85   -0.08   -0.02    0.00    0.00     100
    1153    -2.3      86   -0.03   -0.08    0.00    0.00     100
    1154    -2.4      87    0.05   -0.07    0.00    0.00     100
    1155    -2.4      87   -0.07    0.07    0.00    0.00     100
    1156    -2.5      88   -0.09    0.01    0.00    0.00     100
    1157    -2.7      92   -0.08   -0.06    0.00    0.00     100
    1158    -2.7      92   -0.10    0.04    0.00    0.00     113
    1159    -2.6      92    0.01   -0.12    0.00    0.17     100
    1160    -2.3      95    0.10    0.05    0.00   13.25     100
    1161    -1.9      95    0.11   -0.06    1.34   23.59     100
    1162    -1.3      95   -0.09    0.07    2.30   48.24     100
    1163    -1.1      95   -0.08    0.06    2.11   57.71     100
    1164    -0.9      96    0.10    0.02    1.76   57.93     100
    1165    -0.5      95   -0.03   -0.11    1.39   50.90     100
    1166    -0.3      96    0.10   -0.05    1.85   51.99     100
    1167    -0.3      98    0.10   -0.06    0.79   26.16     100
    1168    -0.4      98    0.01   -0.11    0.39   10.79     100
    1169    -0.4      98   -0.08   -0.06    0.00    1.56     100
    1170    -0.5      99    0.01   -0.11    0.00    0.00     100
    1171    -0.4      99    0.01   -0.11    0.00    0.13     100
    1172    -0.4      99    0.03   -0.10    0.00    0.01     113
    1173    -0.3      99   -0.09    0.01    0.00    0.00     113
    1174    -0.1      99   -0.08   -0.06    0.00    0.00     113
    1175     0.2      99    0.01    0.10    0.00    0.00     113
    1176     0.4      99    0.07    0.04    0.00    0.00     113
    1177     0.5      99   -0.04    0.08    0.00    0.00     113
    1178     0.6      99   -0.02    0.08    0.00    0.00     113
    1179     0.7      99    0.08   -0.04    0.00    0.19     113
    1180     0.8      99    0.07    0.04    0.00    0.63     113
    1181     0.6      99    0.07   -0.04    0.00    0.11     113
    1182     0.5      99    0.01    0.07    0.00    0.00     113
    1183     0.6      99    0.07    0.01    0.00    0.03     100
    1184     0.8      99    0.06    0.01    0.33    4.31     100
    1185     1.2      99    0.05   -0.02    0.90   20.09     113
    1186     1.3      99   -0.03    0.03    1.23   36.22     113
    1187     1.5      99    0.04    0.02    1.55   50.36     113
    1188     1.9      99    0.02    0.03    1.53   54.85     113
    1189     2.2      99    0.02    0.02    1.90   60.38     113
    1190     2.3      99   -0.02    0.02    2.19   57.49     113
    1191     2.2      99    0.03   -0.01    2.17   44.19     113
    1192     1.9      99   -0.03   -0.02    0.98   17.72     113
    1193     1.7      99   -0.03    0.00    0.00    4.58     113
    1194     1.5      99   -0.04    0.02    0.00    0.01     113
    1195     1.5      99    0.02   -0.04    0.00    0.01     113
    1196     1.4      99   -0.01   -0.04    0.00    0.00     113
    1197     1.4      99    0.01   -0.03    0.00    0.00     113
    1198     1.3      99   -0.01    0.03    0.00    0.00     113
    1199     1.3      99    0.04   -0.02    0.00    0.00     113
    1200     1.4      99    0.03   -0.05    0.00    0.00     113
    1201     1.4      99    0.00   -0.05    0.00    0.00     100
    1202     1.3      99    0.04   -0.03    0.00    0.00     100
    1203     1.2      99   -0.03   -0.03    0.00    0.00     100
    1204     1.0      99    0.05   -0.02    0.00    0.00     100
    1205     0.9      99    0.06   -0.04    0.00    0.00     100
    1206     1.5      99    0.08   -0.03    0.00    0.03     113
    1207     1.8      98    0.06    0.02    0.00    0.26     100
    1208     2.3      97   -0.04   -0.06    6.49   19.71     100
    1209     2.9      97   -0.03   -0.07    2.77   36.11     100
    1210     3.6      96   -0.06    0.03    3.72   63.85     100
    1211     4.7      95    0.04   -0.03   17.36  128.62     100
    1212     5.0      96   -0.05   -0.01    8.32  121.50     100
    1213     5.9      95    0.00   -0.06    9.08  122.58     100
    1214     6.1      95   -0.03    0.05   40.36  139.69     100
    1215     5.8      95   -0.06   -0.03    5.38   70.70     100
    1216     5.3      96   -0.05   -0.03    3.87   36.16     100
    1217     3.6      95   -0.06   -0.03    0.00    9.77     100
    1218     2.6      94    0.06    0.02    0.00    0.00     100
    1219     2.2      93    0.01    0.06    0.00    0.00     100
    1220     1.7      93    0.05   -0.04    0.00    0.00     100
    1221     1.5      93    0.07   -0.03    0.00    0.00     100
    1222     1.7      94    0.05   -0.02    0.00    0.05     100
    1223     1.8      94    0.00   -0.06    0.00    0.00     100
    1224     1.5      94    0.07   -0.03    0.00    0.00     100
    1225     1.3      95    0.07   -0.01    0.00    0.00     100
    1226     1.5      95    0.07   -0.03    0.00    0.01     100
    1227     0.8      96   -0.03    0.08    0.00    0.00      63
    1228     0.3      97    0.01   -0.07    0.00    0.00      50
    1229    -0.1      97   -0.05   -0.05    0.00    0.00      50
    1230    -0.4      98    0.02   -0.07    0.00    0.00       0
    1231    -0.2      98    0.02   -0.08    0.00    0.38       0
    1232     0.8      96   -0.07   -0.04    4.39   17.30      25
    1233     1.7      96    0.03    0.06    5.59   52.72      13
    1234     3.5      92    0.04    0.02   84.11  128.93       0
    1235     6.6      87    0.02   -0.06  458.09  127.15     100
    1236     8.6      85    0.05   -0.01  444.51  141.09      88
    1237     8.3      89   -0.06    0.00  124.34  174.55      50
    1238     9.0      88    0.07    0.02   41.17  142.46     100
    1239     8.7      89   -0.02   -0.06   20.25  100.46     100
    1240     6.4      90   -0.01    0.04   35.67   66.45      50
    1241     4.5      91    0.00    0.06    0.00   21.43       0
    1242     2.5      93    0.04    0.01    0.00    0.00       0
    1243     1.3      93    0.01   -0.06    0.00    0.00       0
    1244     0.7      92   -0.04   -0.04    0.00    0.00       0
    1245     0.3      93    0.03   -0.05    0.00    0.00       0
    1246     0.3      93   -0.03    0.05    0.00    0.00       0
    1247    -0.2      94    0.06    0.00    0.00    0.00       0
    1248    -0.5      93    0.02   -0.04    0.00    0.00       0
    1249    -0.9      96    0.01    0.02    0.00    0.00       0
    1250    -1.1      96    0.02   -0.02    0.00    0.00       0
    1251    -1.1      98    0.04    0.00    0.00    0.00       0
    1252    -1.2      99    0.02   -0.03    0.00    0.00       0
    1253    -1.4      98    0.03    0.02    0.00    0.00       0
    1254    -1.5      99    0.01    0.00    0.00    0.00       0
    1255    -1.6      99    0.03   -0.04    0.00    1.46       0
    1256    -0.5      96   -0.07   -0.01   27.84   30.09       0
    1257     1.8      89   -0.06   -0.02  328.68   80.85       0
    1258     5.6      80    0.09   -0.01  576.61   89.17       0
    1259     9.2      76    0.08   -0.01  664.32   94.76       0
    1260    11.3      72   -0.05   -0.01  686.47   99.23       0
    1261    12.3      69    0.04   -0.04  575.57  118.14       0
    1262    12.6      69    0.02    0.01  237.74  153.09      13
    1263    12.4      71    0.02   -0.04  285.39  115.92       0
    1264    10.6      73    0.07   -0.04   79.45   74.79       0
    1265     4.8      77    0.07    0.01    0.00   20.26       0
    1266     3.3      79    0.01   -0.06    0.00    0.00       0
    1267     2.5      83    0.03   -0.04    0.00    0.00       0
    1268     1.9      87    0.01    0.05    0.00    0.00       0
    1269     1.0      87   -0.06    0.03    0.00    0.00       0
    1270     1.2      89   -0.05    0.02    0.00    0.00      38
    1271     1.8      86    0.02   -0.04    0.00    0.00       0
    1272     1.8      88   -0.05    0.00    0.00    0.00      38
    1273     1.9      87   -0.05    0.02    0.00    0.30     100
    1274     2.0      90    0.04   -0.04    0.00    0.00     100
    1275     1.4      91   -0.03   -0.05    0.00    0.00     100
    1276     2.1      93    0.04   -0.04    0.00    0.03     100
    1277     3.2      96   -0.04   -0.02    0.00    0.73     100
    1278     3.8      99    0.05   -0.03    0.00    0.36     113
    1279     3.9      99   -0.02   -0.04    0.00    0.19     113
    1280     3.8      99    0.03    0.03    0.84    8.83     113
    1281     3.8      98    0.05    0.00    4.59   50.89     100
    1282     4.4      93    0.03   -0.03    6.68   89.62     100
    1283     5.4      87    0.04    0.02   21.20  139.75     100
    1284     5.6      87   -0.05   -0.01  128.16  182.26      25
    1285     5.3      87   -0.04   -0.05   23.78  152.83      38
    1286     4.8      89    0.02    0.04    4.81   90.76      63
    1287     4.4      89    0.01   -0.03    5.42   75.62      75
    1288     3.6      96   -0.02   -0.03    6.47   51.16     100
    1289     2.9      99   -0.03    0.00    0.00    9.51     113
    1290     2.5      99   -0.02    0.03    0.00    0.00     113
    1291     2.4      99    0.06    0.00    0.00    0.00     100
    1292     2.6      99    0.03   -0.04    0.00    0.00     113
    1293     2.4      99    0.03    0.03    0.00    0.00     113
    1294     3.1      99   -0.03   -0.05    0.00    0.03     113
    1295     4.4      99   -0.02    0.06    0.00    0.34     113
    1296     4.8      99   -0.02    0.06    0.00    0.01     113
    1297     5.2      99   -0.04    0.06    0.00    0.01     113
    1298     5.6      99    0.02   -0.07    0.00    0.00     100
    1299     6.6      99    0.08   -0.03    0.00    0.01     100
    1300     7.0      98    0.04   -0.08    0.00    0.00     100
    1301     7.0      97   -0.08   -0.01    0.00    0.00     100
    1302     7.0      97   -0.03   -0.06    0.00    0.00     100
    1303     6.9      95   -0.07    0.01    0.00    0.22     100
    1304     6.9      93   -0.04   -0.07    0.59    7.93     100
    1305     7.4      92   -0.03   -0.06    2.11   35.79     100
    1306     8.3      91   -0.06   -0.06    5.65   85.19     100
    1307     9.7      90    0.04    0.05   25.36  145.97     100
    1308     9.8      88    0.03   -0.04   16.07  147.54     100
    1309     9.0      88    0.03   -0.06    3.09   82.90     100
    1310     8.5      91    0.02   -0.06    1.47   51.40     100
    1311     8.0      94   -0.04   -0.06    1.31   38.29     100
    1312     7.7      96    0.01    0.07    0.33   12.21     100
    1313     7.7      97    0.03    0.05    0.14    2.76     100
    1314     7.6      98    0.03    0.06    0.00    0.00     100
    1315     7.2      99   -0.06    0.00    0.00    0.00     100
    1316     7.2      99   -0.07   -0.04    0.00    0.00     100
    1317     7.2      99    0.06   -0.02    0.00    0.00     100
    1318     7.0      99    0.06    0.04    0.00    0.00     100
    1319     7.2      98    0.01   -0.05    0.00    0.00     100
    1320     7.2      96   -0.02    0.06    0.00    0.00     100
    1321     7.4      96    0.02    0.06    0.00    0.00     100
    1322     7.8      95   -0.06    0.01    0.00    0.00     100
    1323     8.1      94    0.00   -0.05    0.00    0.00     100
    1324     7.9      93   -0.04    0.05    0.00    0.00     100
    1325     7.3      94   -0.02    0.05    0.00    0.00      25
    1326     6.8      94    0.06   -0.02    0.00    0.00      50
    1327     6.4      93    0.02    0.06    0.00    1.12      25
    1328     6.9      91    0.02    0.06    6.38   27.77     100
    1329     7.8      88    0.02    0.06   13.67   75.95     100
    1330     9.2      87    0.01   -0.06   13.11  109.56     100
    1331    10.3      85    0.05    0.04   24.87  147.95     100
    1332     9.2      87   -0.02    0.06    3.98   96.55     100
    1333     8.3      91    0.07   -0.01    0.46   32.85     100
    1334     7.6      95    0.01   -0.08    0.38   26.60     100
    1335     7.1      95    0.06    0.01    0.43   22.52     100
    1336     6.7      95   -0.04    0.05    0.58   16.59     100
    1337     6.0      86    0.00   -0.09    0.79    6.70     100
    1338     5.0      89   -0.06   -0.04    0.00    0.54     100
    1339     4.8      89   -0.09   -0.05    0.00    0.00     100
    1340     4.1      90    0.09    0.00    0.00    0.00      63
    1341     4.2      91   -0.11    0.02    0.00    0.00     100
    1342     4.0      91    0.03   -0.11    0.00    0.00     100
    1343     4.0      91    0.07   -0.05    0.00    0.00     100
    1344     3.9      95    0.06   -0.06    0.00    0.00     100
    1345     4.1      95   -0.04   -0.09    0.00    0.00     100
    1346     4.2      95    0.09    0.00    0.00    0.00     100
    1347     4.3      96    0.11   -0.04    0.00    0.00     100
    1348     4.5      95    0.05    0.08    0.00    0.00     100
    1349     4.7      92   -0.06   -0.07    0.00    0.00     100
    1350     4.8      89   -0.03   -0.08    0.00    0.00     100
    1351     4.4      88   -0.08   -0.02    0.00    2.22     100
    1352     4.5      86   -0.07   -0.02   33.24   40.85      38
    1353     5.6      77   -0.06   -0.05  468.89   77.94       0
    1354     7.0      69    0.09    0.00  694.04   79.01       0
    1355     8.1      66   -0.07    0.09  758.30   84.70       0
    1356     8.8      55   -0.08    0.04  777.82   88.34       0
    1357     9.1      52   -0.05    0.08  750.70   91.95       0
    1358     9.1      55    0.04    0.08  706.16   89.86       0
    1359     9.1      56    0.03    0.07  623.48   82.68       0
    1360     8.3      59    0.07    0.03  477.08   66.24       0
    1361     6.7      67   -0.02    0.05  104.97   30.66       0
    1362     5.2      71   -0.02    0.04    0.00    0.30       0
    1363     4.0      72    0.02   -0.01    0.00    0.00       0
    1364     3.3      72    0.05    0.01    0.00    0.00       0
    1365     1.6      68    0.05    0.01    0.00    0.00       0
    1366     2.2      68    0.03    0.04    0.00    0.00       0
    1367     2.0      71    0.02   -0.03    0.00    0.00       0
    1368     0.6      71    0.02    0.02    0.00    0.00       0
    1369    -0.5      72    0.00   -0.02    0.00    0.00       0
    1370    -2.4      77    0.01    0.01    0.00    0.00       0
    1371    -3.5      86    0.00    0.00    0.00    0.00       0
    1372    -4.0      79   -0.01    0.00    0.00    0.00       0
    1373    -4.3      83    0.01    0.01    0.00    0.00       0
    1374    -4.4      80    0.01    0.01    0.00    0.00       0
    1375    -4.1      72   -0.04    0.00    0.00    7.84       0
    1376    -2.6      68   -0.02   -0.03   74.06   47.35       0
    1377     0.7      54    0.00    0.03  422.95   84.73       0
    1378     5.9      52    0.02    0.04  731.28   75.07       0
    1379     8.7      46    0.06   -0.02  697.85   96.45      50
    1380     9.8      45   -0.04   -0.05  510.73  141.33     100
    1381     9.4      47   -0.06    0.01   71.38  185.12     100
    1382     9.2      52    0.00   -0.03   30.28  150.90     100
    1383     8.4      55   -0.01   -0.04   10.74  101.29     100
    1384     6.8      68   -0.01    0.04   80.00   87.20     100
    1385     4.8      83   -0.05   -0.01   31.59   28.27      88
    1386     3.9      91    0.01    0.06    0.00    0.58     100
    1387     3.5      95    0.01   -0.06    0.00    0.00     100
    1388     3.3      96   -0.01    0.06    0.00    0.00     100
    1389     2.9      98   -0.04    0.04    0.00    0.00     100
    1390     2.8      99    0.01   -0.03    0.00    0.00     113
    1391     2.6      99   -0.01   -0.02    0.00    0.00     113
    1392     2.2      99   -0.03    0.01    0.00    0.00       0
    1393     1.7      97    0.00   -0.03    0.00    0.00       0
    1394     1.3      96   -0.02    0.01    0.00    0.00       0
    1395     0.7      95   -0.03    0.01    0.00    0.00       0
    1396     0.4      94    0.02    0.00    0.00    0.00       0
    1397     0.1      91    0.02    0.00    0.00    0.00       0
    1398    -0.3      90    0.01   -0.03    0.00    0.00       0
    1399    -0.9      83   -0.03   -0.04    0.00    4.78       0
    1400    -0.6      76   -0.01   -0.06   10.84   38.18       0
    1401     0.8      68   -0.04    0.02  192.74  105.29       0
    1402     2.4      67    0.01   -0.05  524.30  108.25       0
    1403     6.1      62   -0.01   -0.04  546.27  126.09       0
    1404    10.1      57   -0.01    0.05  779.42   90.49       0
    1405    11.5      49   -0.01   -0.06  715.40  101.06       0
    1406    11.9      47   -0.05    0.01  673.19   98.34       0
    1407    11.3      49   -0.01    0.05  631.80   84.59       0
    1408    10.4      52   -0.03    0.01  490.19   68.87       0
    1409     7.9      74    0.02    0.00  112.02   34.17       0
    1410     5.1      86   -0.02    0.00    0.00    0.24       0
    1411     3.0      84   -0.01   -0.03    0.00    0.00       0
    1412     1.3      79    0.01   -0.05    0.00    0.00       0
    1413    -0.2      87   -0.01   -0.02    0.00    0.00       0
    1414    -0.8      93    0.00    0.02    0.00    0.00       0
    1415    -1.9      94    0.00    0.03    0.00    0.00       0
    1416    -0.9      98   -0.04    0.00    0.00    0.21       0
    1417    -0.3      94    0.00    0.05    0.00    0.24       0
    1418     0.0      97    0.03   -0.02    0.00    0.24       0
    1419     0.0      90    0.01   -0.04    0.00    0.03       0
    1420    -0.3      91    0.03    0.02    0.00    0.00       0
    1421    -0.3      98   -0.05    0.00    0.00    0.00       0
    1422    -0.1      99    0.04   -0.01    0.00    0.00      25
    1423     0.0      99    0.01    0.03    0.00    3.04     113
    1424     0.2      95    0.01    0.04    3.76   27.19       0
    1425     1.2      93   -0.03    0.02    8.26   76.29      88
    1426     2.8      79    0.05   -0.01  392.86  130.01       0
    1427     5.0      69   -0.02   -0.06  777.41   85.35       0
    1428     7.4      72    0.03    0.04  751.08   96.89       0
    1429     8.6      55   -0.03   -0.05  799.12   87.16       0
    1430     8.0      56   -0.05   -0.02  669.88  100.37       0
    1431     7.1      62    0.00   -0.06  605.80   89.93       0
    1432     4.5      79    0.04   -0.04  438.69   75.53       0
    1433     3.3      92   -0.01    0.06    9.79   26.55      63
    1434     3.1      94    0.02    0.05    0.00    0.97     100
    1435     3.1      95    0.06    0.00    0.00    0.00     100
    1436     3.2      96   -0.03   -0.05    0.00    0.00     100
    1437     2.8      98    0.00   -0.04    0.00    0.00     100
    1438     2.7      98   -0.05    0.00    0.00    0.00     100
    1439     2.8      97   -0.03   -0.03    0.00    0.00     100
    1440     2.7      97   -0.02   -0.03    0.00    0.00     100
    1441     2.7      98    0.05    0.04    0.00    0.00     113
    1442     2.8      98    0.01    0.06    0.00    0.00     100
    1443     2.7      98   -0.04   -0.04    0.00    0.00     100
    1444     2.3      99   -0.04   -0.01    0.00    0.00     100
    1445     2.0      99    0.00   -0.01    0.00    0.00      50
    1446     1.5      99    0.00    0.01    0.00    0.00      13
    1447     1.4      99    0.01   -0.02    0.00    3.27       0
    1448     1.6      99    0.02   -0.01    3.15   26.22     113
    1449     2.5      89   -0.01   -0.01    5.21   65.96      13
    1450     3.4      81    0.00   -0.01   12.41  119.32       0
    1451     4.9      68   -0.01   -0.03   57.91  178.04       0
    1452     6.2      63   -0.02    0.00  615.30  125.58       0
    1453     6.7      64    0.04    0.00  771.63   93.12       0
    1454     6.9      63   -0.01   -0.02  733.44   90.47       0
    1455     6.7      64    0.01   -0.03  659.38   83.56       0
    1456     6.0      71    0.01    0.02  518.54   69.86       0
    1457     4.2      87    0.01    0.01  117.96   38.80       0
    1458     1.8      94    0.01   -0.01    0.00    0.73       0
    1459     1.1      96   -0.01    0.02    0.00    0.05       0
    1460     0.9      99    0.00    0.02    0.00    0.03     113
    1461     0.5      99    0.00   -0.02    0.00    0.00     113
    1462     0.2      99    0.01   -0.02    0.00    0.00     113
    1463    -0.1      99   -0.01   -0.01    0.00    0.00     113
    1464    -0.5      99    0.03   -0.01    0.00    0.00     113
    1465    -0.8      99    0.01   -0.02    0.00    0.00     113
    1466    -0.9      99    0.00    0.03    0.00    0.01     113
    1467    -0.5      99   -0.02   -0.01    0.00    0.11     113
    1468    -0.5      99   -0.01    0.00    0.00    0.01     113
    1469    -0.5      99   -0.02    0.00    0.00    0.00     113
    1470    -0.5      99    0.02    0.00    0.00    0.01     113
    1471    -0.6      99   -0.02   -0.01    0.00    2.18     113
    1472    -0.5      99   -0.02    0.01    1.56   19.50     113
    1473    -0.1      99    0.02   -0.02    2.12   43.41     113
    1474     0.5      99    0.02   -0.03    3.40   75.97     113
    1475     1.1      99    0.01   -0.03    2.81   82.35     113
    1476     1.3      99    0.04   -0.03    3.38   97.05     113
    1477     1.4      99    0.04   -0.03    3.57   98.48     100
    1478     1.5      99    0.00    0.04    6.72  119.77     100
    1479     1.5      97    0.05    0.02    5.25   86.82     100
    1480     1.4      96    0.05    0.01    5.05   57.40     100
    1481     1.2      97   -0.03   -0.01    2.44   16.62     100
    1482     1.1      99    0.05    0.05    0.00    0.58     100
    1483     0.7      99   -0.04   -0.04    0.00    0.00     100
    1484     0.6      99   -0.02    0.05    0.00    0.00     113
    1485     0.6      99   -0.04    0.03    0.00    0.00     113
    1486     0.4      99    0.00   -0.04    0.00    0.00     113
    1487     0.3      99    0.04    0.02    0.00    0.00     100
    1488     0.4      99   -0.04    0.03    0.00    0.00     113
    1489     0.4      99   -0.04   -0.06    0.00    0.00     100
    1490     0.1      99    0.04    0.02    0.00    0.00     113
    1491    -0.2      99    0.03   -0.06    0.00    0.00     100
    1492    -0.2      88   -0.03    0.07    0.00    0.00     100
    1493    -0.2      75   -0.02    0.05    0.00    0.00     100
    1494    -0.4      70    0.08   -0.01    0.00    0.00     100
    1495    -0.9      71    0.05    0.05    0.00    5.49      38
    1496    -0.4      66    0.08   -0.01  390.24   53.34       0
    1497     0.2      65   -0.04    0.06  656.65   68.43      38
    1498     0.8      60   -0.07   -0.04  784.55   73.99      38
    1499     1.4      57   -0.02   -0.06  826.25   81.18      38
    1500     1.7      54   -0.01   -0.08  833.84   86.05      63
    1501     2.1      54    0.05    0.07  826.50   86.04       0
    1502     2.2      52   -0.06    0.04  785.89   84.01      13
    1503     2.0      51   -0.02   -0.07  713.12   78.34       0
    1504     1.6      47    0.02   -0.06  575.24   67.52       0
    1505     0.0      56   -0.01   -0.03  147.20   44.30       0
    1506    -2.8      62   -0.01    0.03    0.00    0.73       0
    1507    -4.0      69    0.00   -0.01    0.00    0.00       0
    1508    -2.9      64    0.03   -0.01    0.00    0.00       0
    1509    -2.1      61    0.01   -0.03    0.00    0.00       0
    1510    -2.5      63    0.01   -0.03    0.00    0.00       0
    1511    -2.6      63    0.02    0.04    0.00    0.00       0
    1512    -2.6      65   -0.05    0.00    0.00    0.00       0
    1513    -3.2      67    0.02   -0.03    0.00    0.00       0
    1514    -4.0      70   -0.02   -0.03    0.00    0.00       0
    1515    -4.0      72    0.03   -0.01    0.00    0.00       0
    1516    -3.7      72   -0.05    0.00    0.00    0.00       0
    1517    -3.5      72   -0.02   -0.03    0.00    0.00       0
    1518    -4.3      73    0.02    0.03    0.00    0.00       0
    1519    -3.2      71   -0.03   -0.03    0.00   20.32       0
    1520    -1.8      66   -0.02   -0.04  433.83   53.09       0
    1521    -0.3      62   -0.07    0.03  652.50   70.59       0
    1522     0.7      59    0.05   -0.03  774.68   76.70       0
    1523     1.5      54   -0.03   -0.04  814.18   84.16      13
    1524     2.5      53    0.07   -0.04  816.87   89.86      50
    1525     2.7      46    0.08    0.03  668.89  117.43       0
    1526     3.1      41   -0.07   -0.01  758.45   89.81      13
    1527     3.2      42    0.06   -0.02  692.40   82.77      13
    1528     3.3      46    0.01   -0.02  459.77   81.39       0
    1529     2.0      63    0.00    0.00   48.43   43.62       0
    1530     0.3      60    0.00   -0.03    0.00    1.87       0
    1531    -0.9      69    0.01    0.02    0.00    0.00       0
    1532    -1.6      71   -0.02   -0.02    0.00    0.00       0
    1533    -3.5      73    0.00   -0.02    0.00    0.00       0
    1534    -4.5      70    0.02   -0.01    0.00    0.00       0
    1535    -5.4      83   -0.03    0.01    0.00    0.00       0
    1536    -6.2      91    0.01    0.03    0.00    0.00       0
    1537    -6.8      95   -0.03   -0.01    0.00    0.00      13
    1538    -6.6      99   -0.02    0.04    0.00    0.07     113
    1539    -5.2      98   -0.04    0.03    0.00    0.77     113
    1540    -4.5      99    0.05    0.00    0.00    0.32     113
    1541    -3.7      99   -0.04    0.03    0.00    0.36     113
    1542    -2.8      98    0.00   -0.05    0.00    0.40     100
    1543    -1.9      99   -0.06    0.02    0.00    3.89     113
    1544    -0.8      99   -0.04    0.03    1.53   22.11     113
    1545     0.2      99    0.03   -0.04    2.35   49.18     113
    1546     2.8      97   -0.05    0.00   36.39  151.63     100
    1547     4.9      71    0.04   -0.06  703.92  105.44      63
    1548     5.8      62    0.07    0.05  643.58  126.01      50
    1549     5.4      58   -0.11    0.00  219.42  204.87      13
    1550     4.4      69    0.08   -0.01   25.24  163.01      13
    1551     4.1      72   -0.03   -0.09   17.56  125.56      13
    1552     3.5      79   -0.03    0.07   18.65   87.35       0
    1553     2.8      84   -0.01    0.08    6.75   32.38       0
    1554     2.6      83   -0.01    0.08    0.00    2.06       0
    1555     2.6      87   -0.08    0.02    0.00    0.00      63
    1556     2.7      87    0.04   -0.09    0.00    0.00      50
    1557     2.6      88    0.05    0.09    0.00    0.00      38
    1558     2.7      88   -0.07    0.07    0.00    0.00      63
    1559     2.6      87   -0.07    0.07    0.00    0.00      38
    1560     2.7      87   -0.10    0.03    0.00    0.00     100
    1561     3.2      88    0.10   -0.02    0.00    0.00     100
    1562     3.6      88    0.09    0.06    0.00    0.00     100
    1563     3.8      91   -0.10   -0.01    0.00    0.00     100
    1564     3.2      97    0.04    0.01    0.00    0.00     113
    1565    -1.0      95   -0.02    0.00    0.00    0.00     100
    1566    -1.2      95    0.00    0.00    0.00    0.00     100
    1567    -1.6      84   -0.04   -0.01    0.00    9.01     100
    1568     0.1      68   -0.09    0.03  416.55   58.96       0
    1569     1.4      53   -0.05   -0.12  779.84   58.16       0
    1570     1.5      39   -0.10   -0.11  805.93   74.62       0
    1571     1.5      35    0.10    0.08  857.23   80.27       0
    1572     1.9      34    0.02    0.12  870.90   84.28       0
    1573     2.4      33    0.06    0.09  662.51  121.73       0
    1574     2.0      35   -0.02   -0.10  308.43  176.75       0
    1575     2.0      39   -0.05    0.06  294.30  146.15       0
    1576     1.6      40   -0.05    0.03  240.69  105.37       0
    1577     0.2      44    0.05   -0.02   74.53   50.25       0
    1578    -2.7      48    0.03    0.03    0.00    2.02       0
    1579    -1.7      50   -0.01   -0.04    0.00    0.00       0
    1580    -0.8      49   -0.01   -0.05    0.00    0.00       0
    1581    -1.1      50    0.04   -0.03    0.00    0.00       0
    1582    -1.5      54   -0.02   -0.04    0.00    0.00       0
    1583    -2.2      59    0.03    0.01    0.00    0.00       0
    1584    -3.2      63    0.00    0.02    0.00    0.00       0
    1585    -4.3      66   -0.01   -0.02    0.00    0.00       0
    1586    -4.6      65   -0.01    0.02    0.00    0.00       0
    1587    -4.5      69   -0.01    0.00    0.00    0.00       0
    1588    -4.4      70   -0.02   -0.02    0.00    0.00       0
    1589    -4.6      73    0.02    0.02    0.00    0.00       0
    1590    -4.6      76    0.01   -0.02    0.00    0.00       0
    1591    -3.6      76   -0.02    0.00    0.00   45.40       0
    1592    -2.4      72   -0.02   -0.01  297.73   69.07       0
    1593    -1.2      69   -0.02   -0.02  571.02   86.51       0
    1594     0.4      49    0.02    0.04  723.48   88.92       0
    1595     1.4      37   -0.02    0.03  835.39   84.30       0
    1596     2.1      39   -0.03    0.00  839.65   89.46       0
    1597     2.3      36    0.02    0.02  789.06   96.90       0
    1598     2.7      33    0.02   -0.02  721.34  100.31       0
    1599     2.6      27    0.00    0.03  573.09  106.41       0
    1600     2.3      34    0.01    0.01  221.63  108.98       0
    1601     0.2      47    0.00    0.00   24.22   46.05       0
    1602    -2.3      58    0.00    0.00    0.00    2.65       0
    1603    -3.6      54   -0.01    0.00    0.00    0.00       0
    1604    -4.5      54    0.00    0.02    0.00    0.00       0
    1605    -5.4      65    0.00    0.00    0.00    0.00       0
    1606    -6.3      71    0.01    0.01    0.00    0.00      25
    1607    -7.4      72   -0.02   -0.02    0.00    0.00       0
    1608    -8.1      75    0.02   -0.01    0.00    0.00       0
    1609    -8.6      81   -0.01   -0.03    0.00    0.00       0
    1610    -9.2      83   -0.03   -0.02    0.00    0.00       0
    1611    -9.1      85    0.04    0.00    0.00    0.00      25
    1612    -8.7      88   -0.01   -0.03    0.00    0.00      13
    1613    -8.7      91   -0.03   -0.02    0.00    0.00      50
    1614    -8.4      92    0.01    0.05    0.00    0.00     100
    1615    -7.3      92    0.03   -0.04    0.00   11.35     100
    1616    -4.7      92    0.05    0.00   42.94   71.46     100
    1617    -1.6      91    0.04   -0.05  103.61  131.89     100
    1618     0.7      83    0.03    0.03   30.93  156.05     100
    1619     1.9      82    0.04    0.03   46.71  192.42     100
    1620     1.8      92    0.00    0.05   12.24  168.00     100
    1621     2.3      80   -0.01   -0.04    0.42   37.00     100
    1622     2.8      62    0.07    0.01    0.27   26.76     100
    1623     2.9      57   -0.05   -0.01   72.47  158.02     100
    1624     3.0      60    0.03   -0.02  235.66  110.51     100
    1625     2.1      62   -0.01   -0.03    7.14   37.88     100
    1626     1.0      65    0.02    0.02    0.00    5.95     100
    1627    -0.8      73    0.01    0.01    0.00    0.00     100
    1628    -0.8      78    0.00   -0.01    0.00    0.00     100
    1629    -1.2      86    0.00   -0.01    0.00    0.00      75
    1630    -2.7      91    0.01    0.00    0.00    0.00       0
    1631    -3.2      90   -0.01    0.00    0.00    0.00      13
    1632    -2.9      89   -0.01   -0.01    0.00    0.00     100
    1633    -3.5      88   -0.02    0.02    0.00    0.00     100
    1634    -4.1      85   -0.01   -0.02    0.00    0.00     100
    1635    -4.1      85    0.00    0.00    0.00    0.00     100
    1636    -4.9      87    0.00    0.00    0.00    0.00      13
    1637    -5.9      87    0.02    0.01    0.00    0.00       0
    1638    -5.6      89   -0.01   -0.02    0.00    0.07      50
    1639    -4.5      86   -0.04    0.04    0.00   32.62     100
    1640    -2.5      78    0.06   -0.02  191.96   79.67     100
    1641    -0.8      74    0.02    0.07  402.39  113.20     100
    1642     0.2      73    0.06    0.00   11.88  135.85     100
    1643     1.5      76    0.02   -0.07   50.58  196.81     100
    1644     2.4      76    0.06   -0.01   28.35  195.08      75
    1645     2.8      75    0.07    0.04   32.07  195.66     100
    1646     2.5      75    0.07   -0.02   15.37  158.98     100
    1647     2.3      76    0.04    0.06    4.01   85.51     100
    1648     1.9      76   -0.05   -0.06   14.13   91.17     100
    1649     1.0      78    0.09   -0.02    5.96   37.01     100
    1650     0.3      79   -0.02    0.09    0.00    2.63     100
    1651     0.2      78   -0.08    0.06    0.00    0.00     100
    1652     0.0      80    0.08   -0.08    0.00    0.00     100
    1653    -0.4      79   -0.02   -0.11    0.00    0.00     100
    1654    -0.7      82   -0.08    0.06    0.00    0.00     100
    1655    -0.8      78    0.08   -0.08    0.00    0.00     100
    1656    -0.6      71    0.01    0.12    0.00    0.00     100
    1657    -0.4      69   -0.02    0.12    0.00    0.00     100
    1658    -0.1      68    0.12   -0.03    0.00    0.00     100
    1659    -0.3      71   -0.12   -0.09    0.00    0.00     113
    1660    -0.5      85   -0.12   -0.09    0.00    0.00     113
    1661    -0.9      93   -0.03    0.15    0.00    0.00     100
    1662    -0.8      96   -0.03    0.15    0.00    0.01     113
    1663    -0.3      96    0.12    0.07    0.00    1.65     100
    1664     0.1      95    0.12   -0.07    0.34   12.68     100
    1665     0.5      96   -0.10    0.07    0.68   29.90     100
    1666     0.8      97   -0.03   -0.14    1.17   51.53     100
    1667     0.7      99    0.12    0.03    0.74   47.75     100
    1668     1.0      98   -0.06   -0.11    0.82   53.40     100
    1669     0.7      99   -0.03   -0.11    0.57   43.95     113
    1670     1.1      99    0.11   -0.01    0.77   46.67     100
    1671     1.4      99    0.09   -0.05    0.47   29.99     100
    1672     1.7      99   -0.07    0.05    1.03   31.52     113
    1673     2.0      99   -0.07    0.00    0.73   13.65     113
    1674     2.1      99   -0.03   -0.06    0.00    1.92     113
    1675     2.2      99   -0.05    0.03    0.00    0.99     113
    1676     2.4      99    0.03   -0.04    0.00    2.04     113
    1677     2.7      99   -0.04    0.01    0.00    0.62     100
    1678     3.0      99    0.04   -0.04    0.00    0.22     100
    1679     3.1      99   -0.01    0.08    0.00    0.00     100
    1680     3.2      99    0.06    0.05    0.00    0.01     100
    1681     3.2      99   -0.01    0.09    0.00    0.00     100
    1682     3.2      98    0.02   -0.08    0.00    0.00     100
    1683     3.3      97   -0.01    0.08    0.00    0.05     100
    1684     3.4      95   -0.09   -0.05    0.00    0.05     100
    1685     3.3      93    0.07    0.06    0.00    0.01     100
    1686     3.3      93    0.04    0.06    0.00    0.13     100
    1687     3.3      92   -0.06   -0.06    3.73   13.89     100
    1688     3.9      89    0.02   -0.08   25.57   74.34     100
    1689     4.2      87    0.08   -0.03    8.56   99.69     100
    1690     4.6      83    0.07    0.06   16.16  148.26     100
    1691     4.7      85    0.02   -0.07    9.36  154.98     100
    1692     4.7      86    0.06    0.02    8.33  160.43     100
    1693     5.4      82    0.00    0.07    5.80  140.28     100
    1694     5.4      81   -0.03    0.06   37.18  186.15     100
    1695     3.9      95    0.06    0.03   27.34  147.71     100
    1696     3.1      97   -0.01    0.06   10.49   89.77     100
    1697     2.3      97    0.04   -0.05    7.84   43.94     100
    1698     1.5      98   -0.03   -0.06    0.00    2.79     113
    1699     1.4      99   -0.03    0.02    0.00    0.11     100
    1700     1.5      96   -0.05    0.00    0.00    0.44     113
    1701     1.7      97   -0.04    0.02    0.00    0.30     100
    1702     1.6      98    0.03    0.04    0.00    0.00     100
    1703     1.8      98   -0.05    0.01    0.00    0.00     100
    1704     1.8      98    0.05   -0.02    0.00    0.00     100
    1705     1.9      97   -0.05    0.00    0.00    0.00     100
    1706     2.0      97   -0.03    0.00    0.00    0.00     100
    1707     2.0      99   -0.02    0.02    0.00    0.00     113
    1708     1.8      99   -0.02    0.02    0.00    0.00     100
    1709     1.8      99    0.02    0.02    0.00    0.00     113
    1710     2.0      99   -0.02    0.00    0.00    0.07     113
    1711     1.8      99    0.00    0.03    1.15    8.17     113
    1712     2.7      98    0.01    0.03    2.55   37.09     100
    1713     3.6      95    0.04    0.01    7.71   99.09     100
    1714     4.6      90    0.04    0.00    9.65  136.46     100
    1715     4.8      90   -0.02   -0.04    3.85  110.81     100
    1716     6.0      84    0.00   -0.05   14.02  180.87     100
    1717     4.9      85    0.05    0.00    7.14  153.42     100
    1718     5.6      92   -0.04    0.02   27.67  181.12     100
    1719     5.6      87    0.04    0.03  123.87  172.71      75
    1720     4.7      86    0.04   -0.03   10.92   92.36      25
    1721     2.9      92    0.00    0.02    5.63   40.48     100
    1722     1.8      93    0.01    0.02    0.00    5.79      88
    1723     1.9      93    0.03   -0.03    0.00    0.00     100
    1724     1.4      98    0.02   -0.01    0.00    0.00     113
    1725     0.8      99    0.00    0.02    0.00    0.00     113
    1726     0.8      99   -0.01   -0.01    0.00    0.00     113
    1727     0.6      99   -0.01    0.01    0.00    0.00     113
    1728     0.4      99    0.01    0.02    0.00    0.00     100
    1729     0.4      99    0.02    0.00    0.00    0.00     113
    1730     0.1      99    0.01   -0.03    0.00    0.00     113
    1731     0.2      99    0.01    0.01    0.00    0.00     100
    1732    -0.4      99    0.01    0.02    0.00    0.00     100
    1733    -0.7      99   -0.02    0.01    0.00    0.00     113
    1734    -0.9      99    0.03   -0.01    0.00    0.19     113
    1735    -0.7      99    0.02   -0.01    2.40   12.39     113
    1736     0.1      99   -0.02   -0.01   16.37   74.10     113
    1737     1.8      99    0.02   -0.01  344.97  130.49     113
    1738     4.2      99   -0.04   -0.01  772.12   88.52     113
    1739     4.8      97    0.02   -0.01  409.83  182.73     100
    1740     5.9      84    0.02    0.03  552.61  160.47     100
    1741     6.4      78    0.02   -0.01  112.08  230.55     100
    1742     7.1      84    0.01   -0.01  102.34  209.62     100
    1743     6.7      79    0.02    0.01  502.21  128.95      88
    1744     5.4      84    0.02    0.01   49.65  118.60     100
    1745     3.7      92    0.00   -0.04    0.59   13.80     100
    1746     3.0      98    0.02   -0.04    0.00    4.48     100
    1747     2.6      99   -0.01   -0.04    0.00    0.00     100
    1748     2.2      99    0.03    0.03    0.00    0.00     100
    1749     2.2      99    0.03    0.00    0.00    0.00     113
    1750     2.7      99    0.03   -0.01    0.00    0.01     100
    1751     2.9      98   -0.01    0.03    0.00    0.00     100
    1752     2.8      99   -0.01   -0.02    0.00    0.00     100
    1753     2.7      99    0.00    0.03    0.00    0.00     100
    1754     2.1      99   -0.03    0.01    0.00    0.00     100
    1755     0.4      99    0.00   -0.03    0.00    0.00     113
    1756     0.3      99    0.01   -0.03    0.00    0.00     100
    1757     0.3      99   -0.01    0.02    0.00    0.00     113
    1758     0.4      99    0.01    0.01    0.00    0.58     100
    1759     0.7      99    0.00    0.00    1.28    9.91     100
    1760     1.3      99    0.01    0.01    0.82   22.61     113
    1761     2.6      99    0.00   -0.04    8.04  104.30     100
    1762     3.3      97   -0.03    0.00   32.26  172.33     100
    1763     4.1      94    0.03   -0.02   17.13  180.70     100
    1764     3.6      98    0.05   -0.02   10.80  176.15     100
    1765     3.2      95    0.06   -0.01   17.49  189.45     100
    1766     3.2      96    0.04    0.05    8.49  150.20     100
    1767     3.4      97   -0.01    0.08   24.21  151.54     100
    1768     3.1      92   -0.05   -0.03  414.00  106.20     100
    1769     2.1      91   -0.03    0.06  205.85   69.75     100
    1770     0.9      91    0.03   -0.04    0.00    9.11     100
    1771     0.3      94    0.02    0.01    0.00    0.00      25
    1772    -0.5      94    0.02   -0.02    0.00    0.00       0
    1773    -0.8      91   -0.03    0.01    0.00    0.00       0
    1774    -0.9      95    0.02   -0.02    0.00    0.00       0
    1775    -1.3      96    0.00    0.01    0.00    0.00       0
    1776    -2.3      95   -0.01    0.00    0.00    0.00       0
    1777    -3.3      98    0.00    0.01    0.00    0.00       0
    1778    -3.4      97    0.00    0.00    0.00    0.00       0
    1779    -2.5      98    0.00    0.00    0.00    0.00       0
    1780    -3.0      98    0.00    0.00    0.00    0.00       0
    1781    -4.2      95   -0.01    0.01    0.00    0.00       0
    1782    -4.9      97    0.00    0.00    0.00    0.50       0
    1783    -2.9      97   -0.01    0.01  207.43   35.75       0
    1784     0.4      87    0.02    0.02  454.05   77.12       0
    1785     3.9      85   -0.03    0.00  741.77   75.12       0
    1786     5.4      79   -0.02    0.00  796.78   86.75       0
    1787     6.2      67    0.03   -0.01  824.11   94.82       0
    1788     6.6      58    0.01    0.01  840.98   97.55      75
    1789     7.0      54    0.00   -0.03  370.06  204.08     100
    1790     7.2      56    0.01    0.04   21.07  180.34     100
    1791     6.7      61   -0.01    0.02   24.35  153.80     100
    1792     5.7      58    0.03    0.02  136.74  131.59      75
    1793     3.1      67    0.01   -0.03    3.95   37.78      50
    1794     0.9      78    0.00    0.00    0.00    9.67      25
    1795    -0.4      90    0.00    0.00    0.00    0.00      63
    1796    -1.4      92    0.00    0.00    0.00    0.00     100
    1797    -1.8      90    0.00    0.00    0.00    0.00     100
    1798    -2.1      96    0.00    0.00    0.00    0.00     100
    1799    -2.5      94    0.01   -0.01    0.00    0.00     100
    1800    -2.8      94    0.00    0.00    0.00    0.00     100
    1801    -3.0      95    0.00    0.00    0.00    0.00     100
    1802    -3.8      85    0.00   -0.02    0.00    0.00     100
    1803    -4.3      94    0.00    0.00    0.00    0.00       0
    1804    -5.0      87   -0.01    0.00    0.00    0.00      88
    1805    -5.1      90    0.00    0.00    0.00    0.00     100
    1806    -4.2      95   -0.01    0.01    0.00    1.06     100
    1807    -1.1      88   -0.01   -0.01    4.98   22.61     100
    1808     0.0      92    0.02    0.00   44.89   93.88      38
    1809     1.8      84    0.01   -0.03  323.81  140.96      75
    1810     3.8      72    0.02    0.02  819.49   84.24       0
    1811     5.4      54   -0.01    0.04  836.69   93.80      75
    1812     5.6      49    0.06   -0.01  852.47   96.77     100
    1813     5.8      46   -0.02   -0.06  847.59   96.03       0
    1814     5.8      45   -0.06    0.00  616.09  134.82      50
    1815     5.8      42    0.02    0.04  769.30   84.82      38
    1816     5.2      50    0.01    0.05  282.87  125.23      25
    1817     4.5      50    0.01   -0.02  145.23   75.81      75
    1818     1.9      55    0.00    0.00    0.00   15.59     100
    1819     0.9      62    0.00    0.00    0.00    0.00     100
    1820    -0.9      73    0.00    0.00    0.00    0.00     100
    1821    -2.6      68    0.00    0.00    0.00    0.00      25
    1822    -2.8      74    0.00    0.00    0.00    0.00       0
    1823    -3.6      79    0.00    0.00    0.00    0.00       0
    1824    -4.5      82    0.00    0.00    0.00    0.00       0
    1825    -5.2      82    0.01   -0.01    0.00    0.00       0
    1826    -5.3      85   -0.01    0.01    0.00    0.00      25
    1827    -4.8      79    0.01    0.01    0.00    0.00     100
    1828    -4.9      82    0.00    0.00    0.00    0.00      25
    1829    -5.6      85    0.00    0.00    0.00    0.00      13
    1830    -5.6      85    0.00    0.00    0.00    1.98      25
    1831    -3.4      82   -0.02    0.00  247.73   41.00       0
    1832     0.6      74    0.00   -0.03  560.95   70.33      50
    1833     2.7      62    0.02    0.02  738.63   78.33      25
    1834     3.6      46   -0.06    0.02  727.03  102.06       0
    1835     4.3      45    0.04   -0.05  855.53   92.03      38
    1836     5.1      44   -0.04   -0.04  722.02  124.79      63
    1837     5.2      49   -0.01    0.06  335.30  215.78     100
    1838     5.6      53    0.09   -0.01  331.38  198.17      38
    1839     5.7      56   -0.06    0.05  417.77  151.52     100
    1840     5.2      59   -0.05    0.01  191.07  134.80       0
    1841     4.4      68   -0.01   -0.01  385.40   66.37      13
    1842     1.9      80    0.00    0.00    0.00   17.10      75
    1843    -0.5      77    0.00    0.00    0.00    0.00     100
    1844    -0.6      77    0.00    0.00    0.00    0.00     100
    1845    -0.7      72    0.01   -0.01    0.00    0.00     100
    1846    -0.9      82    0.00    0.00    0.00    0.00     100
    1847    -0.4      91    0.01    0.01    0.00    0.00     100
    1848     0.3      87    0.04    0.00    0.00    0.11     100
    1849     0.4      86    0.06    0.01    0.00    0.00     100
    1850    -0.7      90   -0.04    0.01    0.00    0.00     113
    1851    -1.8      82   -0.04    0.02    0.00    0.00     100
    1852    -2.9      76    0.00    0.03    0.00    0.00      38
    1853    -4.0      78    0.00    0.02    0.00    0.00       0
    1854    -4.4      79    0.01    0.01    0.00    1.87       0
    1855    -3.8      77   -0.03    0.02  226.75   44.42       0
    1856    -2.7      69   -0.03   -0.01  675.40   59.56      13
    1857    -1.5      59    0.02    0.04  746.69   78.45      38
    1858    -1.0      56   -0.06   -0.04  841.23   83.25     100
    1859     0.2      51    0.03   -0.02  731.21  117.22      50
    1860     0.9      43    0.02   -0.03  861.99   97.39      25
    1861     1.7      36   -0.03    0.03  866.79   95.29      13
    1862     1.5      33   -0.05    0.00  769.66  103.53       0
    1863     1.3      39   -0.05    0.00  747.14   90.80       0
    1864     1.2      43    0.02    0.04  631.19   83.32       0
    1865     0.3      42    0.03    0.00  360.11   70.21       0
    1866    -2.1      52    0.00    0.00    0.00    7.31       0
    1867    -3.3      63    0.00    0.00    0.00    0.00      75
    1868    -2.8      59   -0.01   -0.02    0.00    0.03     100
    1869    -1.7      62   -0.01    0.03    0.00    0.52     100
    1870    -1.7      63    0.01    0.02    0.00    0.00     100
    1871    -1.6      64    0.01    0.04    0.00    0.00     100
    1872    -1.5      62   -0.04    0.01    0.00    0.00     100
    1873    -1.5      64   -0.02   -0.03    0.00    0.00     100
    1874    -1.4      70    0.01    0.05    0.00    0.00     100
    1875    -1.2      73    0.00    0.05    0.00    0.00     100
    1876    -0.7      77    0.04    0.02    0.00    0.01     100
    1877    -0.4      81    0.00   -0.05    0.00    0.00     100
    1878     0.2      86    0.05    0.03    0.00    1.10     100
    1879     0.8      90    0.02    0.05    1.60   16.08     100
    1880     1.5      93    0.03    0.05    1.45   34.59     100
    1881     2.0      94    0.03   -0.03    2.43   66.85     100
    1882     2.6      96   -0.01   -0.07    2.24   81.05     100
    1883     2.8      97   -0.01    0.05    1.97   86.86     100
    1884     3.2      98   -0.01    0.05    1.80   87.72     100
    1885     3.2      99   -0.03   -0.05    1.38   75.63     100
    1886     3.3      98    0.06   -0.01    1.37   69.08     100
    1887     3.2      99    0.05   -0.04    1.04   50.63     100
    1888     3.3      99   -0.05    0.05    0.97   36.26     113
    1889     3.4      99   -0.02   -0.05    0.75   18.77     100
    1890     3.5      99   -0.03    0.06    0.00    3.60     113
    1891     3.6      99    0.03    0.06    0.00    0.21     113
    1892     2.6      96    0.01   -0.06    0.00    0.00      75
    1893     1.5      95   -0.02   -0.04    0.00    0.00      13
    1894     1.2      94    0.01   -0.04    0.00    0.00     100
    1895     0.4      95   -0.03    0.05    0.00    0.00      50
    1896     1.2      91   -0.04   -0.01    0.00    0.00      88
    1897     1.8      91   -0.05    0.01    0.00    0.00       0
    1898     2.1      83    0.03   -0.05    0.00    0.00       0
    1899     2.6      81    0.06   -0.02    0.00    0.00       0
    1900     1.8      77    0.06    0.03    0.00    0.00       0
    1901     1.5      63    0.08    0.04    0.00    0.00       0
    1902     1.3      61   -0.01    0.07    0.00    3.35       0
    1903     2.1      55   -0.03   -0.07  189.61   51.10      13
    1904     3.5      48    0.10   -0.03  614.55   69.86      38
    1905     4.8      40   -0.09    0.08  687.18   90.91       0
    1906     5.6      36    0.10    0.05  849.74   84.23       0
    1907     5.9      34    0.06   -0.10  663.53  136.00      25
    1908     6.5      33   -0.08   -0.09  822.44  105.85      25
    1909     6.8      35   -0.05    0.11  395.14  209.12      50
    1910     7.1      36    0.04    0.10  722.48  115.83      63
    1911     7.0      34   -0.01    0.08  552.87  131.09      38
    1912     6.7      39   -0.04    0.05  401.32  119.60      88
    1913     5.4      44   -0.04    0.05  330.00   76.52     100
    1914     3.4      49    0.02    0.03    0.00   19.70      13
    1915     1.2      53    0.02    0.03    0.00    0.00      38
    1916     0.5      59    0.00   -0.03    0.00    0.00       0
    1917    -0.5      58   -0.04    0.00    0.00    0.00      38
    1918    -1.0      58   -0.01   -0.03    0.00    0.00     100
    1919    -1.9      54    0.02   -0.04    0.00    0.00       0
    1920    -2.8      57   -0.02    0.00    0.00    0.00     100
    1921    -3.4      60    0.01    0.00    0.00    0.00     100
    1922    -3.8      58    0.00   -0.02    0.00    0.00     100
    1923    -3.5      58    0.01   -0.01    0.00    0.13     100
    1924    -3.3      60    0.01   -0.02    0.00    0.01     100
    1925    -3.6      58   -0.02   -0.03    0.00    0.00     100
    1926    -3.8      68    0.00   -0.02    0.00    3.90      88
    1927    -2.0      68   -0.02   -0.02   37.82   49.55     100
    1928    -0.2      63   -0.03   -0.03  113.77  115.91      75
    1929     3.1      50   -0.02   -0.06  242.73  164.00     100
    1930     6.5      48   -0.02    0.07  810.77   91.22      13
    1931     7.7      48   -0.05    0.04  824.80  101.00       0
    1932     8.8      44    0.01   -0.06  826.32  106.09       0
    1933     9.3      47    0.01   -0.07  820.45  105.51       0
    1934     9.4      47    0.01   -0.07  732.45  114.73      13
    1935     9.1      47    0.05    0.00  517.00  139.89       0
    1936     9.0      50    0.05   -0.03  484.53  109.61       0
    1937     7.7      56   -0.05   -0.01  436.52   70.04       0
    1938     5.7      69   -0.01   -0.03   18.64   24.14       0
    1939     3.0      79    0.02    0.01    0.00    0.00       0
    1940     1.0      79   -0.03   -0.03    0.00    0.00       0
    1941    -0.4      84   -0.03    0.00    0.00    0.00       0
    1942    -1.5      86   -0.01   -0.01    0.00    0.00       0
    1943    -2.0      90    0.00   -0.02    0.00    0.00       0
    1944    -0.8      92    0.01    0.03    0.00    0.63      63
    1945    -0.1      86   -0.02    0.02    0.00    0.50       0
    1946     0.1      91    0.02    0.00    0.00    0.11       0
    1947     0.2      96   -0.01   -0.02    0.00    0.01       0
    1948     0.3      99    0.02   -0.01    0.00    0.01     113
    1949     0.2      99    0.01    0.03    0.00    0.00       0
    1950     0.6      99   -0.01   -0.03    0.00    3.35     113
    1951     1.6      99   -0.03   -0.01    3.51   28.01     113
    1952     2.6      99    0.02    0.01    5.11   69.66     113
    1953     3.6      98   -0.02    0.03    5.72  107.20     100
    1954     5.2      91   -0.02    0.04    7.53  147.82     100
    1955     7.0      86    0.03    0.02   22.55  207.22     100
    1956     7.1      83    0.00   -0.04    8.95  184.25     100
    1957     5.8      87   -0.05   -0.02    3.49  123.36     100
    1958     5.5      90   -0.03    0.03    2.47   95.51     100
    1959     5.1      92   -0.05    0.00    1.76   68.13     100
    1960     5.2      92    0.02    0.03    1.68   50.14     100
    1961     5.2      91    0.04   -0.01    2.45   36.69     100
    1962     4.9      93   -0.03    0.03    1.38    8.81     100
    1963     4.7      96   -0.03   -0.03    0.00    0.21     100
    1964     4.4      97   -0.04    0.01    0.00    0.00     100
    1965     4.3      97   -0.05   -0.03    0.00    0.00     100
    1966     4.1      96    0.04    0.02    0.00    0.00     100
    1967     4.0      97   -0.03    0.05    0.00    0.00     100
    1968     3.9      97    0.02   -0.04    0.00    0.00     100
    1969     3.7      99   -0.03    0.05    0.00    0.00     100
    1970     3.3      99    0.02    0.06    0.00    0.00     113
    1971     3.2      96   -0.07   -0.03    0.00    0.00     100
    1972     3.2      92    0.03    0.07    0.00    0.00     100
    1973     2.7      93   -0.02   -0.04    0.00    0.00     100
    1974     2.8      92    0.02   -0.07    0.00    4.29     100
    1975     3.5      92    0.00   -0.06    1.83   21.34     100
    1976     4.0      92   -0.04   -0.05    0.71   26.89     100
    1977     4.6      92    0.03    0.06    0.76   40.11     100
    1978     6.0      88    0.07   -0.01    4.00  113.82     100
    1979     7.5      78   -0.04   -0.05   29.82  218.13     100
    1980     7.8      82   -0.06    0.02   33.32  232.82     100
    1981     8.5      83   -0.04   -0.06   21.68  215.36     100
    1982     7.8      84   -0.05    0.05    3.44  113.52     100
    1983     6.9      90    0.03    0.05    3.24   93.33     100
    1984     7.4      89   -0.02    0.06    1.49   48.04     100
    1985     7.6      88    0.06    0.00    1.58   30.31     100
    1986     7.3      88   -0.04   -0.04    0.46    5.30     100
    1987     6.5      92    0.01   -0.04    0.00    0.05     100
    1988     5.8      97   -0.01   -0.04    0.00    0.00     100
    1989     5.4      99    0.01    0.05    0.00    0.00     100
    1990     5.3      99    0.05    0.00    0.00    0.00     113
    1991     5.2      97    0.02    0.05    0.00    0.00     100
    1992     5.0      97    0.03    0.04    0.00    0.00     100
    1993     4.8      96    0.03   -0.02    0.00    0.00     100
    1994     4.5      96    0.02   -0.04    0.00    0.00     100
    1995     4.3      92   -0.05   -0.02    0.00    0.00     100
    1996     3.3      93   -0.01   -0.04    0.00    0.00     100
    1997     2.8      93   -0.03   -0.02    0.00    0.00     100
    1998     2.4      96   -0.03    0.03    0.00    5.15      38
    1999     3.3      95    0.02    0.04    7.38   43.12     100
    2000     4.8      92    0.04    0.03   19.65  103.23     100
    2001     6.4      86    0.04    0.03  202.61  176.06     100
    2002     8.3      73   -0.04    0.05  656.93  126.86      88
    2003     9.2      70   -0.04   -0.06  257.65  238.67     100
    2004     7.9      87    0.00    0.05    5.09  153.93     100
    2005     8.1      80    0.03    0.03   23.08  219.50     100
    2006     8.1      76    0.00    0.05    4.51  131.15     100
    2007     7.4      83    0.05   -0.03    3.50   98.05     100
    2008     6.3      90    0.00    0.05    0.96   39.27     100
    2009     6.0      92    0.00    0.05    2.63   39.98     100
    2010     5.5      95   -0.04    0.03    1.91   11.35     100
    2011     4.8      96    0.00    0.03    0.00    0.15     100
    2012     4.2      98    0.04    0.01    0.00    0.00      25
    2013     4.3      97   -0.01   -0.05    0.00    0.00     100
    2014     4.1      97    0.00    0.03    0.00    0.00      88
    2015     4.1      97   -0.02   -0.02    0.00    0.00     100
    2016     3.6      99    0.00    0.03    0.00    0.00     100
    2017     2.8      97    0.02    0.03    0.00    0.00      25
    2018     2.8      99    0.00   -0.04    0.00    0.00     113
    2019     2.9      99    0.00   -0.04    0.00    0.00     113
    2020     3.1      99   -0.04    0.03    0.00    0.00     113
    2021     3.4      99    0.04   -0.02    0.00    0.01     113
    2022     4.0      99   -0.05   -0.01    0.00    5.65     113
    2023     4.7      99   -0.05   -0.01    3.07   30.26     100
    2024     5.5      98    0.04    0.04    4.95   73.66     100
    2025     6.1      97   -0.04   -0.03    3.45   87.73     100
    2026     7.5      89    0.03   -0.06    3.99  116.52     100
    2027     9.4      78    0.03    0.07   26.31  218.86     100
    2028    10.1      67   -0.02   -0.08  216.92  259.60      88
    2029     7.9      84    0.03   -0.01    1.77   90.90     100
    2030     8.6      78    0.00   -0.05    2.67  102.31     100
    2031     9.0      77    0.00   -0.06    5.00  118.24     100
    2032     8.7      89   -0.03   -0.04    2.47   63.48     100
    2033     8.3      88    0.02   -0.04    1.53   31.34     100
    2034     7.7      87   -0.05    0.00    1.16    9.48     100
    2035     7.4      88    0.05    0.02    0.00    0.15     100
    2036     7.1      89    0.00   -0.06    0.00    0.00     100
    2037     6.7      94    0.00   -0.06    0.00    0.00     100
    2038     6.3      97   -0.05    0.03    0.00    0.00     100
    2039     6.1      95   -0.02    0.05    0.00    0.00     100
    2040     6.1      93   -0.07    0.00    0.00    0.00     100
    2041     5.9      89    0.08    0.02    0.00    0.00     100
    2042     5.1      95    0.05    0.04    0.00    0.00     100
    2043     4.8      95    0.06   -0.03    0.00    0.00     100
    2044     4.8      95   -0.05   -0.06    0.00    0.00     100
    2045     5.2      96   -0.05    0.04    0.00    0.00     100
    2046     5.2      96   -0.04   -0.05    0.00    1.63     100
    2047     5.4      94    0.00   -0.08    0.39   11.38     100
    2048     6.0      93   -0.05   -0.04    0.90   32.55     100
    2049     6.3      94   -0.04    0.05    0.65   39.09     113
    2050     6.6      96   -0.04   -0.05    0.59   45.69     113
    2051     7.4      96    0.03    0.05    1.58   84.11     100
    2052     7.7      95    0.04   -0.03    1.08   73.08     100
    2053     7.5      94   -0.01    0.04    1.57   86.44     100
    2054     5.6      95   -0.02   -0.03    0.35   37.57     100
    2055     3.0      98    0.01   -0.07    0.08   15.57     100
    2056     2.8      98   -0.02    0.07    0.46   27.95     100
    2057     3.2      98   -0.04   -0.05    0.58   19.76     100
    2058     3.6      97   -0.07    0.00    1.73   12.30     100
    2059     3.8      97   -0.06    0.02    0.00    0.65     100
    2060     3.6      95   -0.04    0.07    0.00    0.00     100
    2061     3.5      95   -0.06    0.06    0.00    0.00     100
    2062     3.6      96    0.07    0.03    0.00    0.00     100
    2063     3.4      96   -0.06   -0.03    0.00    0.00     100
    2064     3.4      95    0.05   -0.06    0.00    0.00     100
    2065     3.3      95   -0.05    0.05    0.00    0.00     100
    2066     3.3      95    0.04   -0.05    0.00    0.00     100
    2067     3.3      94   -0.06    0.06    0.00    0.00     100
    2068     3.0      93   -0.05    0.05    0.00    0.00     100
    2069     3.1      93   -0.06   -0.03    0.00    0.00     100
    2070     3.1      90   -0.07   -0.04    0.00    5.30     100
    2071     3.2      89   -0.07    0.01    3.59   35.60     100
    2072     3.6      84    0.05   -0.05    3.67   66.53     100
    2073     4.0      78    0.03    0.08   30.76  165.49     100
    2074     5.5      75    0.00    0.07  132.30  230.14     100
    2075     6.4      72   -0.06    0.00  322.28  233.31     100
    2076     8.0      70    0.06    0.05  340.55  240.28     100
    2077     8.5      88   -0.06   -0.03    2.40  107.48     100
    2078     5.9      96   -0.04    0.05    0.67   52.71     100
    2079     5.2      95   -0.03    0.07    1.25   61.15     100
    2080     5.3      97    0.00    0.07    0.72   35.47     100
    2081     5.2      98    0.08    0.02    0.55   19.78     100
    2082     5.0      98   -0.05    0.04    0.20    4.51     100
    2083     5.0      99   -0.03    0.07    0.00    0.30     100
    2084     5.1      99    0.01   -0.06    0.00    0.00     100
    2085     5.4      99    0.00    0.04    0.00    0.00     100
    2086     5.6      99    0.02   -0.03    0.00    0.00     113
    2087     5.6      99   -0.04   -0.05    0.00    0.00     113
    2088     5.5      97   -0.03   -0.05    0.00    0.00     100
    2089     5.5      97    0.05   -0.01    0.00    0.01     100
    2090     5.5      99   -0.04   -0.01    0.00    0.00     100
    2091     5.8      99    0.04   -0.02    0.00    0.00     100
    2092     6.0      99    0.00   -0.06    0.00    0.00     100
    2093     6.2      99   -0.04   -0.03    0.00    0.00     100
    2094     6.4      99   -0.03   -0.06    0.00    2.77     100
    2095     6.8      98    0.02   -0.07    1.28   22.24     100
    2096     7.0      98    0.05    0.07    1.20   39.05     100
    2097     7.1      98   -0.07    0.01    0.81   44.95     100
    2098     7.3      99   -0.03    0.07    1.00   60.84     100
    2099     7.7      98    0.01    0.07    1.29   77.45     100
    2100     8.0      97    0.04   -0.05    1.97  100.06     100
    2101     8.2      98   -0.02    0.08    2.39  108.22     100
    2102     8.3      98    0.03   -0.07    3.67  123.19     100
    2103     8.5      99    0.05    0.06    3.31   99.92     100
    2104     8.5      99    0.06    0.04    1.84   57.33     100
    2105     8.4      99    0.03    0.06    0.82   24.59     113
    2106     8.2      99    0.05    0.05    0.45    7.07     113
    2107     8.0      99   -0.05   -0.04    0.00    0.15     113
    2108     8.3      99    0.06   -0.03    0.00    0.00     113
    2109     8.1      99   -0.03    0.05    0.00    0.00     113
    2110     8.0      99   -0.04    0.04    0.00    0.00     113
    2111     7.6      99    0.01   -0.06    0.00    0.00     113
    2112     7.4      99   -0.06   -0.03    0.00    0.00     100
    2113     7.2      99    0.00   -0.06    0.00    0.00     100
    2114     7.2      99    0.05   -0.04    0.00    0.00     100
    2115     7.1      99    0.00   -0.07    0.00    0.00     100
    2116     7.3      99   -0.06   -0.01    0.00    0.00     113
    2117     7.3      99   -0.02   -0.07    0.00    0.00     113
    2118     7.2      99    0.07    0.01    0.00    2.00     113
    2119     7.4      99    0.08    0.01    0.57   15.49     113
    2120     8.1      99    0.09    0.00    1.50   44.58     113
    2121     8.8      99   -0.05   -0.02    3.42   92.86     100
    2122     9.8      96    0.07    0.04    5.16  138.63     100
    2123    10.2      97    0.04    0.04    3.03  119.47     100
    2124     9.9      98    0.03    0.04    1.60   91.14     100
    2125     9.5      95    0.06    0.04    1.89   97.46     100
    2126     9.9      92   -0.06    0.00    2.70  106.90     100
    2127    11.2      89    0.02   -0.05    4.36  115.70     100
    2128    12.5      83   -0.04   -0.04   55.88  155.88     100
    2129    12.7      84   -0.06    0.04   47.84   98.95     100
    2130    12.0      89   -0.04    0.06   56.24   40.86     100
    2131    10.4      91    0.02    0.07    0.00    1.53      25
    2132     9.0      92    0.03   -0.06    0.00    0.00      13
    2133     7.8      94   -0.07   -0.03    0.00    0.00     100
    2134     7.2      94    0.05    0.07    0.00    0.00     100
    2135     7.3      95   -0.03    0.08    0.00    0.00     100
    2136     7.5      95   -0.03   -0.06    0.00    0.00     100
    2137     7.5      94    0.05   -0.05    0.00    0.00     100
    2138     7.3      99   -0.05   -0.01    0.00    0.00     100
    2139     6.9      99    0.02    0.05    0.00    0.00     100
    2140     6.7      99    0.01   -0.05    0.00    0.00     113
    2141     6.6      99    0.03   -0.03    0.00    0.03     113
    2142     6.4      99    0.04    0.02    0.00    3.85     113
    2143     6.4      99   -0.01    0.04    0.75   18.44     113
    2144     6.3      99   -0.05    0.02    1.53   45.91     113
    2145     6.6      99   -0.02    0.04    1.79   68.37     113
    2146     7.1      99   -0.05   -0.03    1.78   82.86     113
    2147     7.7      98    0.05    0.00    2.38  107.07     100
    2148     8.1      92   -0.05    0.03    2.96  124.79     100
    2149     8.7      81   -0.03   -0.02   78.23  267.37     100
    2150    10.9      76    0.05   -0.04   60.72  241.15     100
    2151    10.8      77    0.05    0.02   93.55  213.24     100
    2152    11.1      80   -0.01   -0.03   39.32  151.79     100
    2153    10.4      83   -0.02    0.00    9.54   78.40     100
    2154     9.4      86   -0.02    0.01    1.54   14.68     100
    2155     8.7      89    0.00    0.00    0.00    0.36     100
    2156     8.3      91    0.00    0.00    0.00    0.00     100
    2157     7.9      98   -0.05    0.02    0.00    0.00     100
    2158     7.5      99   -0.01    0.05    0.00    0.00     100
    2159     5.0      99   -0.02    0.04    0.00    0.00     100
    2160     4.3      98   -0.03    0.03    0.00    0.00     100
    2161     3.3      99    0.01    0.03    0.00    0.00     113
    2162     2.1      99   -0.02    0.00    0.00    0.00     113
    2163     1.7      99    0.00   -0.02    0.00    0.00     100
    2164     1.5      99   -0.03    0.02    0.00    0.00     100
    2165     1.4      99   -0.03   -0.02    0.00    0.11     113
    2166     1.6      99   -0.02   -0.03    0.00   12.43     100
    2167     1.7      97   -0.03    0.00   12.67   64.34     100
    2168     2.2      87   -0.02    0.00  544.14   99.45      38
    2169     3.7      81    0.02    0.05  819.40   82.54     100
    2170     5.3      78   -0.06   -0.02  819.72  100.05      75
    2171     6.3      64    0.04   -0.01  496.16  197.78     100
    2172     7.3      64   -0.03    0.05  107.15  279.36     100
    2173     7.5      59    0.04    0.01  602.44  172.40       0
    2174     8.1      51   -0.04   -0.04  812.42  107.17       0
    2175     8.7      47    0.01   -0.05  744.94  104.64       0
    2176     8.9      57    0.04    0.01  642.56   98.40       0
    2177     9.2      56    0.02   -0.03  384.23   93.56      13
    2178     8.4      76    0.00    0.00   29.47   41.72       0
    2179     5.9      76    0.02    0.03    0.00    0.81       0
    2180     4.6      81   -0.02    0.04    0.00    0.00       0
    2181     2.5      79    0.03   -0.02    0.00    0.00       0
    2182     1.6      79   -0.01    0.04    0.00    0.00       0
    2183     0.9      81    0.03   -0.01    0.00    0.00       0
    2184    -0.9      91    0.02    0.02    0.00    0.00       0
    2185    -2.2      95   -0.02    0.01    0.00    0.00       0
    2186    -2.6      96   -0.04    0.01    0.00    0.00       0
    2187    -3.2      99    0.03    0.03    0.00    0.38     113
    2188    -1.9      99    0.03    0.01    0.00    1.04     113
    2189    -0.8      99    0.02    0.02    0.00    0.63     113
    2190    -0.2      99    0.02   -0.04    0.00   10.60     113
    2191     0.5      99    0.00   -0.04    4.00   45.10     113
    2192     1.8      93   -0.05    0.02  355.33  128.85     100
    2193     3.8      69   -0.02    0.02  790.35   88.26      25
    2194     6.0      57    0.03    0.03  826.91   99.75     100
    2195     7.9      48   -0.04    0.01  749.53  128.97       0
    2196     8.7      45    0.06   -0.02  755.45  133.06     100
    2197     9.6      49    0.06    0.03  431.66  222.65     100
    2198     9.3      45    0.05   -0.06   63.98  246.64     100
    2199     9.0      46    0.06    0.03  283.65  204.97     100
    2200     8.5      55   -0.01    0.05  324.89  153.64     100
    2201     8.7      48   -0.02    0.07  376.39   96.22      63
    2202     7.5      54   -0.05    0.05   44.85   46.10      63
    2203     5.8      58   -0.04    0.04    0.00    1.26      50
    2204     3.8      56   -0.05    0.04    0.00    0.00     100
    2205     2.1      60    0.00   -0.06    0.00    0.00      50
    2206     2.2      63    0.04    0.04    0.00    0.00       0
    2207     1.7      65    0.00   -0.06    0.00    0.00       0
    2208     1.3      68    0.03    0.05    0.00    0.00       0
    2209     0.9      70    0.06   -0.02    0.00    0.00       0
    2210     0.1      75   -0.02    0.04    0.00    0.00       0
    2211    -0.6      74   -0.07    0.01    0.00    0.00       0
    2212    -1.0      79   -0.02    0.05    0.00    0.00       0
    2213    -1.1      78   -0.06    0.03    0.00    0.05       0
    2214    -1.5      75    0.00   -0.05    5.81   17.60       0
    2215    -0.4      67    0.01    0.07  350.86   78.53       0
    2216     1.4      57    0.03   -0.09  722.77   75.35      13
    2217     3.0      53    0.05    0.04  578.16  132.38      88
    2218     3.9      47   -0.07   -0.04  821.86  101.59      25
    2219     5.0      43   -0.05   -0.06  435.94  217.82      13
    2220     5.7      41    0.06   -0.06  637.27  167.76      13
    2221     6.1      43    0.05   -0.08  598.25  176.24      50
    2222     6.4      44   -0.08    0.03  705.68  133.98      38
    2223     6.7      47    0.03   -0.05  571.06  146.04      13
    2224     7.1      45   -0.01    0.07  515.51  123.84      25
    2225     7.2      47   -0.02    0.04  445.80   90.40       0
    2226     7.1      56    0.03   -0.03   31.22   46.01       0
    2227     5.5      62   -0.01   -0.03    0.00    2.28       0
    2228     3.4      66   -0.01   -0.05    0.00    0.00       0
    2229     2.2      71   -0.03    0.02    0.00    0.00       0
    2230     0.8      75    0.04    0.03    0.00    0.00       0
    2231    -0.8      80    0.00    0.03    0.00    0.00       0
    2232    -2.2      82    0.02   -0.01    0.00    0.00       0
    2233    -2.9      79    0.02   -0.03    0.00    0.00       0
    2234    -3.3      80    0.05   -0.01    0.00    0.00       0
    2235    -3.8      86    0.05    0.02    0.00    0.00       0
    2236    -3.9      89    0.03   -0.05    0.00    0.00       0
    2237    -4.0      93   -0.07   -0.01    0.00    0.46      38
    2238    -3.4      95   -0.01    0.07    9.71   21.78     100
    2239    -1.3      97   -0.05    0.05    2.55   38.50     100
    2240     1.3      98   -0.07    0.01    1.92   55.47     100
    2241     2.5      90   -0.06   -0.06    3.29   97.54     100
    2242     4.3      78   -0.05   -0.04   40.28  226.96     100
    2243     6.4      67   -0.04    0.07  338.36  244.78      13
    2244     7.8      63   -0.04    0.08  530.60  201.18       0
    2245     9.2      63    0.01   -0.09  705.80  146.14      25
    2246     9.8      70   -0.07    0.05  351.69  228.39      75
    2247     8.4      81    0.10    0.02    5.71  138.96     100
    2248     7.1      95   -0.10    0.02    0.83   42.02     100
    2249     5.6      94    0.08    0.05    0.05    6.60     100
    2250     4.7      92   -0.07   -0.04    0.20    6.36     100
    2251     4.5      93    0.09    0.05    0.00    0.44     100
    2252     4.3      94   -0.09    0.07    0.00    0.00     100
    2253     4.3      96   -0.04   -0.11    0.00    0.00     100
    2254     4.1      97   -0.03   -0.09    0.00    0.00     100
    2255     3.7      97   -0.05   -0.07    0.00    0.00     100
    2256     3.3      92   -0.05   -0.09    0.00    0.00     100
    2257     3.2      87   -0.09    0.05    0.00    0.01     100
    2258     2.7      83    0.08    0.05    0.00    0.01     100
    2259     1.8      66   -0.06    0.07    0.00    0.00     100
    2260     0.6      57    0.07    0.00    0.00    0.00      75
    2261    -0.5      59    0.04   -0.05    0.00    0.34      50
    2262    -1.3      77    0.01   -0.05    0.00    0.00     100
    2263    -1.5      55    0.05    0.08  351.15   83.38      63
    2264    -0.7      52   -0.08    0.04  216.84  151.91     100
    2265    -0.6      64    0.01   -0.08  480.43  156.87      75
    2266    -0.3      49   -0.08   -0.01  651.27  143.52     100
    2267     1.0      45    0.02   -0.07  236.15  268.23     100
    2268     1.6      38    0.06    0.05  555.14  195.22      88
    2269     2.3      35   -0.09   -0.06  404.70  235.21     100
    2270     3.2      43    0.06    0.07  417.99  213.94     100
    2271     3.6      52    0.01    0.07   88.90  223.31     100
    2272     3.6      53   -0.05   -0.04  109.30  176.66     100
    2273     4.2      52   -0.04   -0.05  284.53  111.02     100
    2274     4.0      50    0.06    0.03   62.24   54.11       0
    2275     3.0      48   -0.09   -0.01    0.00    3.66       0
    2276     2.5      53    0.02    0.07    0.00    0.00       0
    2277     2.1      60   -0.02    0.06    0.00    0.00       0
    2278     1.2      63    0.05   -0.03    0.00    0.00       0
    2279     0.9      66    0.06    0.00    0.00    0.00       0
    2280     0.5      65    0.04    0.01    0.00    0.00       0
    2281     0.0      70    0.04   -0.01    0.00    0.00       0
    2282    -0.6      68   -0.04    0.01    0.00    0.00       0
    2283    -1.5      67    0.02   -0.03    0.00    0.00       0
    2284    -3.1      67   -0.01   -0.04    0.00    0.00       0
    2285    -3.6      67    0.00   -0.05    0.00    1.28       0
    2286    -3.8      64    0.02    0.04    0.00    0.00      13
    2287    -1.7      59    0.05    0.05  392.25   82.09       0
    2288     1.0      45   -0.07    0.03  770.10   72.13       0
    2289     3.1      42    0.00    0.07  838.28   84.82       0
    2290     4.4      40    0.04   -0.05  903.25   97.08       0
    2291     5.6      34   -0.05   -0.04  870.72  107.89      63
    2292     6.3      36    0.06    0.06  864.53  113.02      63
    2293     7.4      34   -0.07    0.05  945.18  115.13      75
    2294     7.5      36   -0.07    0.05  911.33  102.61      50
    2295     7.0      34   -0.02    0.08  801.31   97.88       0
    2296     6.3      32    0.02    0.06  717.01   90.70       0
    2297     6.2      38    0.05    0.06  543.95   83.16       0
    2298     5.3      50    0.05   -0.02   29.10   51.37       0
    2299     3.8      59   -0.05    0.01    0.00    3.86       0
    2300     2.3      61    0.04    0.03    0.00    0.00       0
    2301     1.0      66    0.01   -0.05    0.00    0.00       0
    2302    -0.6      68    0.05   -0.02    0.00    0.00      38
    2303    -2.0      68   -0.01    0.04    0.00    0.00      88
    2304    -1.7      87   -0.05   -0.01    0.00    0.03     113
    2305     0.0      83   -0.03   -0.03    0.00    0.87     100
    2306     1.1      72   -0.03   -0.04    0.00    0.00     100
    2307     1.6      74   -0.03    0.01    0.00    0.00     100
    2308     1.5      75   -0.02    0.03    0.00    0.00     100
    2309     0.3      73    0.04    0.01    0.00    0.28     100
    2310    -0.7      70    0.02   -0.05    0.00    0.00      13
    2311     0.5      64    0.00   -0.08  387.20   84.85       0
    2312     2.7      57    0.05   -0.06  747.72   76.59       0
    2313     3.9      54    0.03   -0.07  589.09  136.29     100
    2314     4.8      52   -0.05   -0.01  152.14  255.11     100
    2315     5.7      44   -0.06   -0.01  175.08  280.91      88
    2316     6.2      41   -0.07    0.02  277.25  275.47      75
    2317     7.0      39    0.03    0.05  421.39  233.96      63
    2318     7.5      39    0.02   -0.06  518.50  190.03      38
    2319     8.2      40    0.03    0.05  372.07  197.48      63
    2320     7.9      39    0.06   -0.01  443.95  142.94      13
    2321     7.5      40   -0.01    0.05  129.70  123.53       0
    2322     6.4      47    0.00    0.00    6.24   39.16       0
    2323     4.0      65    0.00    0.00    0.00    2.18       0
    2324     1.7      72    0.00    0.00    0.00    0.00       0
    2325    -0.3      65    0.00    0.00    0.00    0.00       0
    2326    -1.9      71    0.01    0.02    0.00    0.00       0
    2327    -2.7      67   -0.01    0.01    0.00    0.00       0
    2328    -2.7      69    0.00   -0.02    0.00    0.00       0
    2329    -3.4      73   -0.01   -0.01    0.00    0.00       0
    2330    -3.4      74   -0.01   -0.01    0.00    0.00      38
    2331    -3.3      78    0.00   -0.01    0.00    0.00      75
    2332    -4.3      83   -0.01    0.01    0.00    0.00       0
    2333    -5.0      84    0.01    0.03    0.00    1.06      63
    2334    -5.0      79   -0.03    0.02    7.23   26.65      38
    2335    -3.4      87   -0.04    0.02  284.19   96.27      50
    2336     1.0      66   -0.05    0.03  732.33   80.18       0
    2337     4.3      57   -0.05    0.06  734.24  105.58      75
    2338     5.6      52   -0.01    0.06  444.22  202.91      63
    2339     6.5      50    0.03    0.07  876.35  109.08      13
    2340     7.3      44   -0.03    0.08  623.74  177.95     100
    2341     6.6      47   -0.08    0.04  730.75  142.96     100
    2342     5.7      51   -0.09   -0.02   72.04  261.68     100
    2343     5.0      57    0.06    0.05    9.49  168.37     100
    2344     4.3      68    0.00    0.06    1.91   66.39     100
    2345     3.7      70   -0.03    0.06    4.30   67.80     100
    2346     3.3      86   -0.06    0.01   17.96   51.32     100
    2347     1.8      96   -0.03    0.06    0.00    3.13     100
    2348     0.8      98    0.06    0.06    0.00    0.00     100
    2349     0.6      99    0.07    0.04    0.00    0.00     100
    2350     0.5      99    0.07   -0.02    0.00    0.00     100
    2351     0.9      99    0.03    0.07    0.00    0.32     100
    2352     2.6      99    0.06   -0.04    0.00    0.03     100
    2353     3.7      99    0.02   -0.10    0.00    0.00     100
    2354     4.0      98   -0.10   -0.06    0.00    0.01     100
    2355     4.1      98   -0.09    0.05    0.00    0.00     100
    2356     3.8      98    0.03   -0.12    0.00    0.00     100
    2357     3.8      97   -0.01    0.11    0.00    0.19     100
    2358     3.8      98   -0.03    0.07    0.06    2.76     100
    2359     2.6      99    0.05    0.03    0.22   13.21     113
    2360     1.4      94    0.09   -0.02   16.35  133.52     100
    2361     3.3      92    0.08    0.04    4.58  121.92     100
    2362     4.4      82    0.08   -0.07  175.21  258.37     100
    2363     6.1      70    0.04    0.12  205.39  281.83     100
    2364     6.6      66    0.10   -0.10   79.57  292.47     100
    2365     6.9      67    0.10   -0.05  262.17  277.48     100
    2366     7.3      65   -0.12   -0.05  154.33  270.81     100
    2367     6.6      68    0.12   -0.01   22.78  198.55     100
    2368     5.8      67   -0.04    0.09   10.91  138.40     100
    2369     5.3      64    0.11   -0.04    8.28   89.60     100
    2370     4.5      67   -0.09   -0.01    4.92   37.58     100
    2371     3.8      70    0.10    0.00    0.00    7.10     100
    2372     3.0      75    0.06   -0.06    0.00    0.00     100
    2373     2.6      75   -0.07   -0.03    0.00    0.00     100
    2374     2.1      74    0.02    0.06    0.00    0.00     100
    2375     1.6      74   -0.01   -0.07    0.00    0.00     100
    2376     1.4      78    0.02    0.06    0.00    0.00      63
    2377     1.1      80   -0.01   -0.07    0.00    0.00      88
    2378     0.8      84    0.06    0.02    0.00    0.00      88
    2379     0.7      87    0.01   -0.06    0.00    0.00     100
    2380     0.5      89   -0.05    0.02    0.00    0.00     100
    2381     0.6      89    0.03    0.03    0.00    2.31      88
    2382     0.2      85    0.06    0.03    0.00    0.00      38
    2383     1.1      78    0.07    0.00   98.49  107.94      88
    2384     2.8      70   -0.02    0.06  510.07  121.44      50
    2385     4.1      62   -0.05   -0.05  819.27   91.41      63
    2386     5.1      60    0.08    0.04  184.03  259.86      88
    2387     5.9      57    0.05   -0.07  489.40  214.45      63
    2388     7.0      50   -0.06    0.02  809.75  126.37     100
    2389     7.2      45   -0.03    0.08  713.26  149.81      63
    2390     8.0      48   -0.08   -0.03  427.28  219.53      50
    2391     7.5      51    0.07    0.05  480.01  177.51     100
    2392     7.0      52   -0.03   -0.06  626.56  111.95      75
    2393     6.6      58   -0.06   -0.01  238.06  124.96      25
    2394     5.6      68    0.02    0.03  153.46   67.15      13
    2395     4.4      77   -0.02   -0.01    0.00    8.32      13
    2396     2.6      83   -0.01    0.01    0.00    0.00       0
    2397     0.1      89    0.01    0.02    0.00    0.00       0
    2398    -1.7      92   -0.02   -0.02    0.00    0.00       0
    2399    -2.2      92   -0.02   -0.01    0.00    0.00       0
    2400    -3.1      95   -0.02    0.00    0.00    0.00       0
    2401    -3.5      95   -0.01    0.02    0.00    0.00       0
    2402    -3.9      97   -0.01   -0.01    0.00    0.00       0
    2403    -3.8      95    0.01   -0.02    0.00    0.00      25
    2404    -3.7      95    0.03    0.01    0.00    0.00      88
    2405    -3.3      92    0.00   -0.04    0.00    1.67     100
    2406    -2.8      92   -0.03   -0.02    3.80   24.51     100
    2407    -1.5      89   -0.04    0.00    2.99   50.36     100
    2408     0.2      85   -0.04    0.02    5.02   99.93     100
    2409     2.2      76   -0.02   -0.02    5.65  138.17     100
    2410     3.8      75    0.06   -0.05    4.50  146.36     113
    2411     4.3      96    0.03    0.02    2.97  131.32     113
    2412     2.5      99    0.04    0.01    1.25   88.91     113
    2413     1.1      99    0.02    0.03    0.55   57.96     113
    2414     0.7      99    0.03    0.04    0.61   56.79     113
    2415     0.9      99    0.04    0.03    0.74   54.15     100
    2416     0.8      99    0.03   -0.04    0.52   36.06     100
    2417     0.7      99    0.02   -0.05    0.30   18.98     113
    2418     0.5      99   -0.04    0.02    0.18    7.73     113
    2419     0.2      99    0.00   -0.03    0.00    0.99     100
    2420     0.2      99    0.00    0.04    0.00    0.00     100
    2421     0.5      99    0.02    0.01    0.00    0.00     100
    2422     0.7      99   -0.04    0.01    0.00    0.00     100
    2423     0.9      99   -0.03    0.00    0.00    0.00     113
    2424     1.1      99    0.03    0.05    0.00    0.01     113
    2425     1.4      99    0.05   -0.03    0.00    0.00     113
    2426     1.6      99   -0.01   -0.06    0.00    0.28     113
    2427     1.8      99    0.04    0.02    0.00    0.07     113
    2428     2.2      99   -0.03    0.06    0.00    0.01     113
    2429     1.5      99    0.02   -0.04    0.00    1.26     100
    2430     1.3      99   -0.01    0.05    2.85   22.48     100
    2431     1.5      97    0.00    0.05    8.07   79.52     100
    2432     2.0      94    0.05    0.03   66.37  167.89     100
    2433     2.9      91   -0.07    0.00   41.83  207.90     100
    2434     3.4      95    0.05    0.03   13.42  207.20     100
    2435     2.6      91   -0.06   -0.01   99.90  291.85     100
    2436     4.1      86   -0.06    0.02   40.17  278.94     100
    2437     4.3      95   -0.08    0.04    5.54  183.06     100
    2438     3.2      90    0.05   -0.03   25.97  239.28     100
    2439     4.7      79   -0.06   -0.03  322.67  216.37     100
    2440     5.5      75    0.03    0.06  135.52  191.69     100
    2441     5.6      75   -0.04    0.04  254.61  127.46     100
    2442     4.6      80    0.00    0.05   11.30   53.70      13
    2443     3.7      86   -0.03    0.01    0.00    7.78     100
    2444     1.9      87   -0.01    0.04    0.00    0.00      75
    2445     1.1      93   -0.02   -0.02    0.00    0.00      75
    2446     0.4      97    0.04   -0.02    0.00    0.00     100
    2447    -0.1      98    0.03    0.03    0.00    0.01     100
    2448     0.3      97    0.00   -0.04    0.00    0.00     100
    2449     0.6      99   -0.04    0.03    0.00    0.00     113
    2450     0.5      99   -0.06    0.02    0.00    0.00     100
    2451     0.5      98   -0.05    0.02    0.00    0.00     100
    2452     0.7      99    0.04   -0.02    0.00    0.00     113
    2453     0.5      99    0.01   -0.03    0.00    1.67     100
    2454     0.5      98    0.01    0.04    2.72   23.10     100
    2455     0.7      97    0.04    0.00    5.00   67.87     100
    2456     1.1      91    0.03    0.07  234.67  170.09     100
    2457     2.5      88    0.05    0.02  181.58  226.35     100
    2458     3.1      97   -0.06    0.02  210.44  263.36     100
    2459     3.4      94   -0.06   -0.07  155.84  295.44     100
    2460     3.5      87   -0.06    0.03  223.15  298.05     100
    2461     3.7      69   -0.05    0.08   93.80  298.11     100
    2462     4.7      66   -0.05    0.04   15.03  221.04     100
    2463     4.7      72    0.05   -0.03   14.32  190.38     100
    2464     5.1      62   -0.04    0.01   41.05  177.65      25
    2465     5.2      80    0.06    0.03  437.11  107.80     100
    2466     4.9      91   -0.01    0.00    2.48   30.34     113
    2467     2.1      93   -0.02   -0.01    0.00    6.72     100
    2468     1.0      90    0.03    0.02    0.00    0.00      13
    2469    -0.3      90    0.00   -0.03    0.00    0.00      75
    2470    -1.2      89    0.02   -0.03    0.00    0.00       0
    2471    -2.4      90    0.04    0.00    0.00    0.00       0
    2472    -3.2      92    0.02   -0.01    0.00    0.00       0
    2473    -3.5      92    0.02    0.01    0.00    0.00       0
    2474    -3.8      93   -0.01    0.01    0.00    0.00       0
    2475    -4.0      95    0.00    0.00    0.00    0.00       0
    2476    -4.0      96    0.00    0.00    0.00    0.00       0
    2477    -4.3      96   -0.01    0.00    0.00    3.15       0
    2478    -3.3      89   -0.02    0.00    4.41   30.78       0
    2479    -0.6      80    0.01   -0.01  392.45   99.66       0
    2480     2.1      67   -0.02   -0.03  776.01   79.89       0
    2481     4.7      54    0.03    0.04  839.45   91.87       0
    2482     5.4      43   -0.01   -0.04  805.76  114.53       0
    2483     6.5      40    0.03   -0.04  913.59  116.24      88
    2484     7.3      38    0.01    0.05  150.27  308.57     100
    2485     7.2      41   -0.02    0.03  165.85  301.79     100
    2486     7.4      39   -0.03    0.02   39.09  256.36     100
    2487     7.6      37    0.03   -0.06  455.92  189.09      38
    2488     7.7      34    0.05   -0.03  181.75  193.75      63
    2489     6.9      38    0.05   -0.01   35.05  124.11      13
    2490     6.6      45   -0.02   -0.01    5.73   47.10       0
    2491     6.1      69    0.00    0.00    0.00    6.87       0
    2492     1.3      71    0.00    0.00    0.00    0.00       0
    2493    -0.9      77    0.00    0.00    0.00    0.00       0
    2494    -1.8      72    0.00    0.00    0.00    0.00      63
    2495    -2.3      64    0.01    0.00    0.00    0.00     100
    2496    -2.2      64    0.00    0.00    0.00    0.00     100
    2497    -2.5      60    0.00    0.00    0.00    0.01     100
    2498    -2.6      79    0.00    0.00    0.00    0.00      13
    2499    -2.8      74    0.00    0.00    0.00    0.00       0
    2500    -3.6      71    0.00    0.00    0.00    0.00       0
    2501    -3.8      63    0.01    0.01    0.00    5.24       0
    2502    -3.4      59    0.01   -0.01   11.16   44.08       0
    2503    -0.5      58   -0.02   -0.01  333.48  108.29       0
    2504     4.4      47    0.01   -0.03  716.02   91.12       0
    2505     6.5      40   -0.03    0.03  790.90  101.05       0
    2506     8.1      38    0.01    0.05  802.56  116.04      38
    2507     8.5      36   -0.02   -0.04  501.77  218.01      63
    2508     9.6      37    0.01    0.06  607.50  191.12     100
    2509     9.5      38   -0.02    0.04  534.21  211.15      63
    2510     9.8      39   -0.03   -0.03  562.80  187.36      63
    2511    10.3      39    0.03   -0.04  431.93  196.43      88
    2512    10.1      40   -0.03    0.05  196.84  194.44      75
    2513     9.2      45   -0.02   -0.02   53.92  132.46     100
    2514     8.2      48   -0.02    0.00   49.85   72.97      13
    2515     7.2      56   -0.02    0.01    0.00   12.09       0
    2516     4.8      64   -0.01   -0.01    0.00    0.00       0
    2517     3.0      66   -0.01    0.00    0.00    0.00       0
    2518     2.1      66    0.01    0.00    0.00    0.00       0
    2519     1.0      67    0.00    0.00    0.00    0.00       0
    2520     0.1      71    0.00    0.00    0.00    0.00       0
    2521    -0.5      70    0.00    0.00    0.00    0.00       0
    2522    -0.7      76    0.00    0.00    0.00    0.00       0
    2523    -1.0      80    0.00    0.00    0.00    0.00       0
    2524    -1.4      83    0.00    0.00    0.00    0.00       0
    2525    -1.6      72    0.00   -0.02    0.00    6.01       0
    2526    -1.7      70    0.00    0.03    9.17   44.15       0
    2527     0.8      59   -0.03   -0.02  359.01  107.67       0
    2528     3.7      52   -0.03    0.02  730.41   89.65       0
    2529     5.3      44   -0.03    0.00  804.43   99.35       0
    2530     7.1      43   -0.04   -0.03  830.29  111.22       0
    2531     8.4      41    0.05   -0.01  852.80  117.89       0
    2532    10.0      33   -0.04   -0.06  845.96  123.16       0
    2533    10.3      34   -0.01   -0.05  823.87  125.12       0
    2534    11.1      37    0.00   -0.05  784.76  124.88      63
    2535    11.9      36   -0.03    0.03  610.34  151.74     100
    2536    11.8      38    0.04   -0.02  565.12  131.48     100
    2537    11.5      42    0.01   -0.02   40.23  129.93     100
    2538    10.3      46    0.02    0.01    4.76   45.39     100
    2539     9.3      46   -0.01    0.02    0.00    7.83     100
    2540     8.4      49    0.00    0.01    0.00    0.00     100
    2541     8.0      52    0.01   -0.01    0.00    0.00     100
    2542     7.6      54   -0.02    0.00    0.00    0.00     100
    2543     7.3      55    0.02    0.01    0.00    0.00     100
    2544     7.1      62   -0.02   -0.01    0.00    0.00     100
    2545     6.5      60   -0.04   -0.03    0.00    0.00     100
    2546     6.2      59    0.04    0.01    0.00    0.00     100
    2547     6.0      63   -0.03   -0.03    0.00    0.00     100
    2548     5.5      62   -0.01    0.06    0.00    0.00     100
    2549     5.0      63   -0.04   -0.03    0.00    7.38     100
    2550     4.5      61    0.02    0.02   27.00   55.52     100
    2551     4.8      51   -0.02    0.03   15.74  101.12     100
    2552     5.9      43    0.03    0.04  200.06  182.76      88
    2553     7.9      42    0.00   -0.05   34.05  212.90     100
    2554     9.7      33   -0.01    0.05   62.48  266.87      88
    2555    10.2      30   -0.06   -0.02  207.18  297.95     100
    2556    12.6      31    0.02   -0.05  647.78  179.92     100
    2557    13.8      35    0.03    0.00  316.71  279.02     100
    2558    13.9      38    0.02   -0.03  308.21  261.08      25
    2559    14.0      39    0.04   -0.01  524.58  175.46     100
    2560    14.6      40    0.00    0.04   99.86  199.92      88
    2561    14.0      42   -0.02   -0.03  101.25  142.99      38
    2562    12.9      45    0.03   -0.02   12.76   62.95     100
    2563    11.7      48    0.02   -0.01    0.00   12.36      63
    2564    10.4      50    0.02    0.04    0.00    0.00     100
    2565     9.4      49    0.04   -0.01    0.00    0.00     100
    2566     8.9      44    0.01   -0.05    0.00    0.00     100
    2567     8.3      45   -0.04    0.01    0.00    0.00       0
    2568     8.1      46    0.04   -0.02    0.00    0.00       0
    2569     7.3      46   -0.02    0.01    0.00    0.00       0
    2570     6.5      54    0.01    0.01    0.00    0.00       0
    2571     5.3      55   -0.01   -0.01    0.00    0.00       0
    2572     4.8      61    0.01   -0.01    0.00    0.00       0
    2573     4.5      64    0.01    0.01    0.00    7.98       0
    2574     4.7      58    0.01   -0.02   16.53   53.50       0
    2575     5.7      53   -0.01    0.02  227.00  125.03       0
    2576     7.4      43   -0.03    0.02  552.37  126.53      50
    2577     9.5      34    0.03   -0.02  661.80  133.44     100
    2578    11.5      28   -0.06    0.00  726.81  137.45       0
    2579    14.0      32   -0.04    0.02  727.28  150.19       0
    2580    16.3      31   -0.05    0.03  704.03  162.59       0
    2581    17.0      30   -0.04    0.01  683.35  166.00     100
    2582    17.0      27    0.02   -0.04  664.33  159.83      63
    2583    17.2      28    0.04    0.01  606.61  154.79       0
    2584    17.2      29    0.01   -0.03  509.54  145.72       0
    2585    16.8      31    0.04    0.01  330.24  130.09       0
    2586    16.1      36   -0.02    0.01   62.58   80.57       0
    2587    15.1      45   -0.01   -0.02    0.00   15.57       0
    2588    11.7      45   -0.03    0.00    0.00    0.00       0
    2589     8.9      48   -0.02    0.02    0.00    0.00       0
    2590     7.4      46    0.03    0.02    0.00    0.00       0
    2591     7.9      45   -0.02    0.02    0.00    0.00       0
    2592     7.1      48    0.00    0.01    0.00    0.00       0
    2593     5.5      54    0.00    0.00    0.00    0.00       0
    2594     4.3      59    0.00    0.00    0.00    0.00       0
    2595     3.2      61   -0.01   -0.01    0.00    0.00       0
    2596     3.0      63    0.00    0.02    0.00    0.00       0
    2597     2.3      67    0.01    0.01    0.00    8.75       0
    2598     2.8      57   -0.01   -0.01    9.67   50.19       0
    2599     5.1      48    0.02   -0.01  325.01  117.86       0
    2600     8.5      40    0.01   -0.04  635.03  111.31       0
    2601    11.7      35   -0.02   -0.04  726.87  118.64       0
    2602    14.4      33    0.00   -0.05  772.88  126.20       0
    2603    15.8      25   -0.05   -0.02  820.43  126.05       0
    2604    16.5      27    0.04    0.01  837.23  126.74       0
    2605    16.9      27    0.04    0.01  829.55  125.85       0
    2606    17.3      26    0.01    0.04  804.80  122.16       0
    2607    17.6      26   -0.03   -0.03  755.17  117.59       0
    2608    17.8      27    0.00   -0.03  645.10  117.61       0
    2609    17.0      30    0.00    0.04  468.71  112.19       0
    2610    16.4      37    0.01    0.01   43.78   79.43       0
    2611    15.5      43    0.02    0.00    2.91   12.10       0
    2612    11.3      47   -0.01    0.01    0.00    0.00       0
    2613     8.2      50   -0.01    0.03    0.00    0.00       0
    2614     6.6      49   -0.01   -0.02    0.00    0.00       0
    2615     5.0      52    0.03   -0.01    0.00    0.00       0
    2616     3.8      58    0.00    0.02    0.00    0.00       0
    2617     2.6      59    0.01    0.02    0.00    0.00       0
    2618     1.4      54    0.00    0.02    0.00    0.00       0
    2619     0.5      59   -0.01    0.03    0.00    0.00       0
    2620    -0.4      58   -0.01   -0.02    0.00    0.00       0
    2621    -1.1      53    0.01    0.02    0.00   10.02       0
    2622    -0.6      47    0.02   -0.01    7.36   48.65       0
    2623     2.3      40    0.00    0.02  421.44  107.97       0
    2624     8.9      34   -0.02   -0.03  744.35   91.24       0
    2625    12.8      32    0.02    0.02  796.66  104.17       0
    2626    14.2      30    0.03   -0.01  827.18  114.76       0
    2627    15.4      30   -0.02   -0.03  843.48  122.14       0
    2628    15.8      26   -0.02    0.01  840.54  126.74       0
    2629    15.4      25    0.00   -0.02  816.87  129.23       0
    2630    17.0      26    0.00    0.03  780.15  128.74       0
    2631    17.4      23   -0.01   -0.01  725.89  125.43       0
    2632    17.7      24   -0.02    0.01  632.92  121.23       0
    2633    17.5      25    0.02    0.00  461.20  114.74       0
    2634    15.9      37    0.03    0.02   48.81   82.30       0
    2635    14.6      45   -0.03    0.02    3.72   14.20       0
    2636    11.5      54   -0.02   -0.02    0.00    0.00       0
    2637     8.6      55    0.00    0.00    0.00    0.00       0
    2638     5.2      56   -0.01    0.03    0.00    0.00       0
    2639     3.1      54   -0.02    0.00    0.00    0.00       0
    2640     1.8      54    0.01   -0.02    0.00    0.00       0
    2641     1.1      63    0.02   -0.02    0.00    0.00      13
    2642     0.6      74   -0.03    0.02    0.00    0.00       0
    2643     0.3      86   -0.05   -0.01    0.00    0.00       0
    2644     0.1      94   -0.03   -0.04    0.00    0.00      75
    2645     0.4      94   -0.04    0.01    0.00    8.62     100
    2646     3.4      87   -0.03    0.06    1.63   24.81     100
    2647     5.4      78   -0.04   -0.05   10.01   99.89     100
    2648     6.5      58    0.02    0.10  126.02  194.93      88
    2649     7.4      71   -0.03    0.07  445.25  192.58     100
    2650     8.2      59    0.08   -0.03  541.86  195.08     100
    2651     9.1      48    0.07    0.03  724.31  153.51     100
    2652     8.9      53   -0.04    0.07  164.17  320.78     100
    2653     8.3      43   -0.10    0.02  504.59  227.93      88
    2654     8.7      46    0.02   -0.09  217.68  286.02     100
    2655     8.2      83    0.11    0.01   11.95  195.45     113
    2656     5.6      94   -0.06    0.05    1.99   77.36     100
    2657     3.6      93    0.11   -0.05    9.13  108.96     100
    2658     3.9      95   -0.02   -0.10    2.79   39.37     100
    2659     3.1      96    0.10   -0.03    2.35   11.73     100
    2660     2.9      96    0.03   -0.12    0.00    0.13     100
    2661     3.0      96   -0.04   -0.14    0.00    0.00     100
    2662     2.8      97   -0.06   -0.10    0.00    0.00     100
    2663     2.6      99    0.12   -0.02    0.00    0.00     100
    2664     1.9      99    0.07    0.08    0.00    0.00     113
    2665     1.1      99    0.11    0.07    0.00    0.00     113
    2666     0.7      99   -0.11   -0.05    0.00    0.00     100
    2667     0.5      99    0.09    0.06    0.00    0.00     100
    2668     0.2      96   -0.08    0.09    0.00    0.00     100
    2669    -0.1      96    0.00    0.09    0.00    4.88     113
    2670     0.1      98    0.07    0.02    1.51   24.63     113
    2671     0.5      96   -0.04   -0.09   13.31  107.38     113
    2672     0.9      91   -0.09    0.04  166.01  196.23     100
    2673     2.1      83   -0.08    0.04  177.14  246.11     100
    2674     3.4      78    0.07    0.03  704.94  147.10     100
    2675     5.1      70    0.06    0.05  463.05  239.75      88
    2676     6.0      53   -0.02    0.12  795.90  138.24      50
    2677     7.5      46   -0.04    0.10  592.57  199.49      63
    2678     8.3      41    0.07   -0.08  807.58  123.39      75
    2679     8.7      39   -0.03   -0.10  232.49  249.82      75
    2680     8.6      36    0.09    0.00  125.57  210.38      75
    2681     8.8      38   -0.03    0.08  146.47  153.29     100
    2682     8.2      44    0.05    0.00    4.47   50.73      63
    2683     6.7      50    0.02   -0.02    3.47   14.76      88
    2684     5.0      60    0.04   -0.01    0.00    0.01      88
    2685     5.0      55   -0.02   -0.03    0.00    0.00     100
    2686     4.0      61    0.02    0.00    0.00    0.00      75
    2687     0.9      62   -0.03    0.01    0.00    0.00      38
    2688     0.4      60    0.04   -0.01    0.00    0.00      88
    2689     2.2      58    0.04   -0.02    0.00    0.00      13
    2690     1.9      61   -0.03    0.00    0.00    0.00       0
    2691     1.5      59   -0.02    0.04    0.00    0.00       0
    2692     1.0      63    0.04    0.02    0.00    0.00       0
    2693     0.6      57    0.05   -0.01    0.00   11.30       0
    2694     0.6      54    0.04   -0.06    5.46   47.92       0
    2695     2.1      52   -0.01    0.08  469.72  106.55       0
    2696     3.7      49    0.01   -0.10  818.90   81.48      25
    2697     4.6      45   -0.04   -0.09  861.27   96.28      13
    2698     5.5      38   -0.10    0.03  834.82  115.40       0
    2699     6.4      32    0.03   -0.08  633.01  184.52       0
    2700     7.5      25    0.03    0.11  777.13  144.01       0
    2701     8.2      20   -0.09   -0.01  879.07  121.63      38
    2702     8.7      23   -0.06    0.01  480.01  221.83      25
    2703     9.3      25   -0.05   -0.03  581.59  166.63      75
    2704     9.7      26    0.04   -0.06  138.12  212.18     100
    2705     8.6      32   -0.02   -0.05   24.84  133.23     100
    2706     7.6      34    0.05    0.02   16.55   75.51     100
    2707     8.1      43    0.00   -0.03    0.00    0.00     100
    2708     6.4      54    0.03    0.00    0.00    0.81     100
    2709     5.0      65   -0.01   -0.03    0.00    0.00     100
    2710     2.8      62   -0.01   -0.02    0.00    0.00     100
    2711     0.7      66    0.02   -0.02    0.00    0.00      38
    2712    -0.2      62   -0.05    0.02    0.00    0.00       0
    2713    -0.9      67   -0.02    0.04    0.00    0.00       0
    2714     0.0      73   -0.03    0.02    0.00    0.00       0
    2715    -0.5      72   -0.02   -0.04    0.00    0.00       0
    2716    -1.1      74    0.01    0.05    0.00    0.00       0
    2717    -1.4      72   -0.03   -0.03    0.00   13.00       0
    2718    -1.3      64   -0.06    0.07    6.72   53.70       0
    2719     0.7      60    0.01    0.07  486.08  105.77       0
    2720     1.9      51    0.08   -0.05  812.49   83.21       0
    2721     3.3      42    0.10    0.03  851.43   98.03      25
    2722     4.3      41    0.09   -0.03  683.50  155.12      50
    2723     5.1      35   -0.05   -0.07  593.84  198.61      75
    2724     5.9      32    0.07   -0.04  620.03  195.78      63
    2725     6.6      29    0.09   -0.03  775.80  142.22      88
    2726     7.5      29   -0.03   -0.09  420.62  240.99     100
    2727     7.4      33   -0.08    0.04   91.44  259.35     100
    2728     7.5      34   -0.01    0.08  145.34  213.79     100
    2729     7.0      34    0.00   -0.07  321.73  141.09      13
    2730     6.4      37   -0.05    0.04    8.34   67.35      25
    2731     5.1      44    0.02    0.02    2.66   14.60     100
    2732     3.2      50   -0.04   -0.02    0.00    0.48       0
    2733     1.1      63    0.02   -0.01    0.00    0.00       0
    2734     1.3      64   -0.05   -0.01    0.00    0.00      25
    2735     0.7      65    0.00    0.04    0.00    0.00      38
    2736     0.1      64   -0.04    0.00    0.00    0.00       0
    2737    -0.2      65    0.04   -0.02    0.00    0.00      25
    2738    -0.3      69   -0.04    0.03    0.00    0.00       0
    2739    -0.7      72    0.01    0.04    0.00    0.00       0
    2740    -1.1      75    0.03   -0.05    0.00    0.00       0
    2741    -1.1      73    0.00    0.06    0.00   13.63       0
    2742    -0.6      71    0.00   -0.08   10.02   61.08       0
    2743     0.7      64    0.07    0.03  476.26  108.82      25
    2744     1.9      57    0.07   -0.04  404.23  167.29      63
    2745     2.5      47   -0.08   -0.05  294.46  233.87     100
    2746     3.1      39   -0.05   -0.07  199.00  288.42     100
    2747     4.3      41    0.06   -0.07  605.11  195.76     100
    2748     5.2      32   -0.04   -0.09  773.39  146.32     100
    2749     5.5      34    0.03   -0.10  847.17  126.06     100
    2750     6.2      35   -0.02   -0.08  228.33  290.57     100
    2751     5.6      36   -0.03   -0.05  364.59  227.00     100
    2752     5.9      35    0.05   -0.06   53.64  204.06     100
    2753     6.3      38   -0.04    0.02  301.63  145.34     100
    2754     5.6      41    0.02   -0.02   23.81   83.22     100
    2755     5.3      46    0.00   -0.02    5.53   22.07     100
    2756     4.3      48    0.03    0.01    0.00    0.19     100
    2757     3.4      59    0.00    0.00    0.00    0.00     100
    2758     2.4      66    0.00    0.00    0.00    0.00     100
    2759     0.4      66    0.00   -0.01    0.00    0.00     100
    2760    -0.5      71    0.01    0.00    0.00    0.00     100
    2761    -1.4      71    0.00    0.01    0.00    0.00       0
    2762    -2.2      69   -0.01    0.01    0.00    0.00       0
    2763    -1.7      78    0.00    0.00    0.00    0.00       0
    2764    -3.1      77   -0.01   -0.01    0.00    0.11       0
    2765    -3.4      76    0.01    0.00    4.27   14.80       0
    2766    -1.9      74   -0.03    0.00   40.49   78.35       0
    2767     1.6      68   -0.03    0.01  509.75  105.23       0
    2768     3.7      57   -0.04   -0.01  799.14   86.86       0
    2769     4.9      42   -0.01   -0.04  862.37   98.28      50
    2770     5.8      36   -0.02   -0.06  824.78  119.23      75
    2771     6.7      37   -0.01    0.05  437.01  253.24      63
    2772     6.9      39   -0.06    0.02  569.28  215.36      75
    2773     7.1      38    0.00   -0.08  508.38  232.14      63
    2774     7.4      32    0.03    0.06  825.49  121.84      50
    2775     7.8      33   -0.04    0.06  765.35  119.93       0
    2776     7.8      36   -0.04    0.06  668.13  118.88       0
    2777     7.6      38    0.04   -0.01  473.06  120.93       0
    2778     7.6      39   -0.02   -0.02   34.59   89.36       0
    2779     8.4      60    0.00    0.00    3.45   18.41       0
    2780     4.3      67    0.00    0.00    0.00    0.34       0
    2781     0.6      62    0.00    0.00    0.00    0.00       0
    2782    -1.0      60    0.00    0.00    0.00    0.00       0
    2783    -1.8      60    0.00    0.02    0.00    0.00       0
    2784    -2.1      69    0.00   -0.01    0.00    0.00       0
    2785    -2.5      76    0.00   -0.01    0.00    0.00       0
    2786    -3.3      78    0.00    0.00    0.00    0.00       0
    2787    -3.8      83    0.00    0.00    0.00    0.00       0
    2788    -4.1      86    0.00    0.00    0.00    0.36       0
    2789    -4.3      89    0.00    0.00    4.26   15.41      75
    2790    -3.4      71    0.00    0.00  358.91   52.00      88
    2791     0.6      50   -0.02   -0.01  730.16   72.32       0
    2792     5.8      44    0.01    0.04  744.04   97.67       0
    2793     8.6      37   -0.03    0.02  757.57  118.14      50
    2794     8.9      36    0.02   -0.03  251.07  282.87     100
    2795     9.8      32   -0.03    0.01  468.92  243.99      88
    2796    10.7      35    0.00    0.04  155.18  331.44     100
    2797    10.7      35    0.00    0.04   92.20  322.29     100
    2798    11.4      37   -0.02    0.04   98.02  301.29     100
    2799    11.6      37   -0.02   -0.04   54.29  253.18     100
    2800    10.8      36    0.02    0.00   62.13  210.30     100
    2801    11.4      36    0.00    0.02   19.72  134.61     100
    2802    10.4      39   -0.01    0.03   19.36   83.73      88
    2803    10.2      44    0.00    0.00    9.99   29.05     100
    2804     7.6      57    0.00    0.00    0.00    0.26     100
    2805     4.3      48   -0.02   -0.01    0.00    0.00     100
    2806     3.3      56    0.00    0.00    0.00    0.00     100
    2807     2.4      65    0.00    0.00    0.00    0.00     100
    2808     3.7      67    0.00    0.00    0.00    0.17     100
    2809     4.2      63    0.00    0.00    0.00    0.00     100
    2810     3.9      59    0.00   -0.01    0.00    0.00     100
    2811     3.1      62    0.01    0.03    0.00    0.00     100
    2812     2.7      56   -0.03    0.01    0.00    0.36     100
    2813     2.4      55    0.02   -0.01    3.95   15.42     100
    2814     2.0      56    0.01    0.02    7.09   60.64     100
    2815     4.0      49    0.01    0.04   17.24  122.86     100
    2816     6.2      47   -0.04    0.00   47.08  195.36     100
    2817     8.5      43   -0.03   -0.04   36.18  234.67     100
    2818    10.5      39   -0.02   -0.04   92.25  295.52     100
    2819    11.3      41   -0.04    0.00   95.03  321.04     100
    2820    12.2      39   -0.02   -0.02   16.87  269.81     100
    2821    11.8      36    0.01    0.02    2.99  148.52     100
    2822    11.5      41    0.03    0.00    1.53   99.36     100
    2823    10.5      48    0.02   -0.01    6.26  174.15     100
    2824    11.1      48   -0.02    0.00    4.09  116.92     100
    2825    10.3      53    0.04   -0.02    4.18   87.82     100
    2826     9.5      56    0.02   -0.02    8.14   72.22     100
    2827     8.6      79    0.01   -0.03    0.91   10.65     113
    2828     7.6      79    0.00    0.00    0.00    0.40     100
    2829     5.7      82    0.03    0.01    0.00    0.00     100
    2830     5.0      87    0.03    0.00    0.00    0.00     113
    2831     4.4      92   -0.02    0.01    0.00    0.00     100
    2832     4.1      92    0.01   -0.01    0.00    0.00     100
    2833     4.1      92    0.00    0.01    0.00    0.00     100
    2834     4.0      93    0.00   -0.01    0.00    0.00     100
    2835     3.7      95   -0.01    0.00    0.00    0.00     100
    2836     2.0      92    0.01   -0.04    0.00    0.30       0
    2837     0.5      87   -0.01    0.03    5.42   19.13       0
    2838     0.7      77   -0.01    0.02  255.35   39.82       0
    2839     4.4      74    0.03    0.02  535.12  105.41       0
    2840     7.0      74   -0.03    0.02  727.46  102.68       0
    2841     8.3      50    0.02    0.04  721.22  128.63       0
    2842     9.1      39   -0.04    0.02  684.57  158.87     100
    2843    11.8      36   -0.01   -0.03  664.86  178.83     100
    2844    11.8      44    0.05   -0.01  190.88  330.68     100
    2845    11.9      43   -0.04   -0.01   14.99  260.60     100
    2846    11.6      46    0.04    0.02    2.55  128.80     100
    2847    10.6      46    0.04    0.02    4.08  143.08     100
    2848     9.3      46    0.02    0.04    1.15   62.90     100
    2849     9.0      53    0.05   -0.01    1.78   58.34     100
    2850     9.4      55    0.03   -0.03    1.86   37.68     100
    2851     8.8      60   -0.02   -0.03    0.00    0.00     100
    2852     7.9      58   -0.03    0.01    0.00    0.00     100
    2853     7.1      64    0.04    0.01    0.00    0.00     100
    2854     5.9      66   -0.02    0.00    0.00    0.00     100
    2855     4.8      69   -0.01    0.01    0.00    0.00     100
    2856     3.6      72    0.01    0.02    0.00    0.00     100
    2857     3.1      74   -0.01   -0.02    0.00    0.00      38
    2858     2.1      74   -0.01   -0.01    0.00    0.00       0
    2859     1.4      75   -0.03    0.00    0.00    0.00       0
    2860     0.9      77    0.02    0.00    0.00    1.06       0
    2861     0.5      74    0.03    0.01    7.34   22.83       0
    2862     1.2      59   -0.03    0.00   11.89   71.51       0
    2863     3.6      47    0.01   -0.04  512.65  110.42       0
    2864     5.5      43   -0.05    0.01  652.98  119.62       0
    2865     7.6      38    0.02    0.04  736.75  125.43       0
    2866     8.8      42   -0.02    0.02  789.50  129.64      38
    2867     9.2      38    0.03    0.04  869.12  124.88      88
    2868    11.0      38    0.02   -0.05  192.09  331.97     100
    2869    10.7      32    0.00    0.03  349.05  288.47     100
    2870    10.6      36   -0.02    0.01   17.68  251.08     100
    2871    11.0      34    0.03    0.03  138.52  271.80     100
    2872    11.0      36    0.01    0.04  106.17  222.91     100
    2873    10.9      32    0.03    0.02  134.49  167.53     100
    2874    10.1      35   -0.01   -0.01   25.65   92.09      50
    2875    10.7      57    0.00    0.00    8.32   32.40     100
    2876     7.2      68    0.00    0.00    0.00    1.04       0
    2877     3.2      61    0.00    0.00    0.00    0.00       0
    2878     1.4      69    0.00    0.00    0.00    0.00      75
    2879     0.0      69    0.00    0.00    0.00    0.00     100
    2880    -0.6      65    0.00    0.00    0.00    0.03     100
    2881    -0.3      64    0.00    0.00    0.00    0.03     100
    2882    -0.1      65    0.00    0.00    0.00    0.00     100
    2883    -0.4      62   -0.01    0.01    0.00    0.00      88
    2884    -1.0      74    0.00    0.00    0.00    1.03      88
    2885    -1.3      72    0.00    0.00    5.57   21.89     100
    2886    -0.7      43   -0.01    0.01  297.12   43.13       0
    2887     4.6      38   -0.02    0.00  606.72   95.98      63
    2888     9.1      33   -0.01    0.02  679.01  114.76      25
    2889    10.5      31    0.00    0.04  822.71  106.93     100
    2890    10.8      30    0.03    0.01  756.55  138.98     100
    2891    12.5      35    0.01    0.00  389.96  274.41     100
    2892    13.4      33    0.03    0.04  250.40  322.21     100
    2893    14.2      36   -0.02   -0.06  162.93  330.40     100
    2894    12.1      52    0.05    0.03  102.99  307.94     100
    2895    10.9      47    0.00    0.03    5.51  167.72     100
    2896    10.6      54   -0.03   -0.01   14.57  177.80     100
    2897    10.5      50   -0.01    0.02   32.29  150.72     100
    2898    10.5      53    0.01   -0.01   36.72   98.31     100
    2899    10.6      67    0.00    0.00    5.68   29.82     100
    2900     9.2      71    0.02    0.01    0.00    2.14     100
    2901     7.5      70    0.02   -0.01    0.00    0.00     100
    2902     5.6      77    0.00    0.00    0.00    0.00     100
    2903     4.2      79    0.00    0.00    0.00    0.00     100
    2904     2.2      80    0.00    0.01    0.00    0.00     100
    2905     0.8      84   -0.01    0.00    0.00    0.00       0
    2906    -0.2      87    0.00    0.00    0.00    0.00      13
    2907    -1.1      88   -0.01   -0.01    0.00    0.00      25
    2908    -1.7      85   -0.01   -0.01    0.00    1.34     100
    2909    -2.1      76    0.00    0.00    7.25   25.46       0
    2910    -0.8      62    0.00   -0.01  338.10   43.22       0
    2911     3.4      57    0.02    0.03  552.44  106.33       0
    2912     8.9      57   -0.03    0.00  674.18  116.71       0
    2913    11.1      52    0.00    0.00  431.39  211.57      38
    2914    11.6      47   -0.01    0.02  282.53  283.55     100
    2915    12.3      51   -0.02    0.02    4.86  190.43     100
    2916    11.5      44   -0.02   -0.01    3.75  172.45     100
    2917    12.3      40   -0.01   -0.01   14.62  262.97     100
    2918    12.7      44   -0.03    0.00   43.60  287.75     100
    2919    12.8      51   -0.03    0.01   55.76  261.20     100
    2920    12.4      51    0.02   -0.01    8.23  159.46     100
    2921    11.3      50    0.01   -0.01    3.50   83.86     100
    2922    10.4      80    0.02   -0.02    2.85   48.92     100
    2923     9.1      86    0.02    0.02    2.21   19.45     100
    2924     8.1      86   -0.02    0.03    0.00    0.22     100
    2925     6.5      92   -0.01    0.01    0.00    0.00     100
    2926     5.8      92   -0.02   -0.02    0.00    0.00     100
    2927     5.6      92    0.00   -0.04    0.00    0.00     100
    2928     5.0      91   -0.02   -0.03    0.00    0.00     100
    2929     4.5      94    0.00    0.02    0.00    0.00     100
    2930     4.1      94    0.01   -0.01    0.00    0.00     100
    2931     4.2      91    0.00    0.00    0.00    0.00     100
    2932     4.2      91   -0.01    0.00    0.00    0.73     100
    2933     3.9      92    0.01   -0.01    1.12   11.02     100
    2934     4.1      84    0.00    0.00    1.89   36.32     100
    2935     4.7      82    0.01   -0.02    4.39   88.52     100
    2936     5.7      66   -0.03    0.00   36.16  197.53     100
    2937     7.6      73   -0.02    0.00  338.54  236.56     100
    2938    10.2      53   -0.01    0.02  444.22  239.44     100
    2939    11.0      84    0.05    0.02   51.94  312.86     113
    2940     8.7      63   -0.06    0.02  430.74  270.95     100
    2941     9.5      71   -0.04   -0.04   31.77  297.42     100
    2942     8.0      86   -0.02    0.01   21.77  263.13     100
    2943     8.6      62   -0.01    0.07   34.80  248.58     100
    2944     8.6      57   -0.06    0.03    8.66  162.54     100
    2945     8.8      54   -0.05    0.03   83.68  169.65     100
    2946     8.6      54   -0.03   -0.05   48.10  104.80     100
    2947     8.4      67    0.02    0.00    0.00    0.00     100
    2948     6.6      82   -0.02    0.03    0.00    3.86     100
    2949     4.8      86    0.04    0.00    0.00    0.00     100
    2950     3.6      88    0.01    0.03    0.00    0.00     100
    2951     3.4      93   -0.02   -0.01    0.00    0.00     100
    2952     1.9      96    0.00    0.02    0.00    0.00     100
    2953     0.2      98    0.04   -0.02    0.00    0.00      25
    2954    -0.3      97   -0.01    0.04    0.00    0.00      25
    2955    -0.2      97   -0.01    0.06    0.00    0.00      50
    2956    -0.1      98   -0.01    0.05    0.00    2.02     100
    2957     0.7      93   -0.04    0.04    5.16   25.00     100
    2958     2.3      93    0.06   -0.01    2.58   43.20     113
    2959     3.2      96    0.02    0.07    0.61   33.86     100
    2960     3.2      97    0.07    0.02    0.98   57.75     100
    2961     3.3      96    0.00    0.07    0.50   50.42     100
    2962     3.4      96   -0.03   -0.05    2.20  120.49     100
    2963     4.3      95    0.04   -0.04    1.97  123.34     100
    2964     5.0      95   -0.05    0.04    1.77  120.03     100
    2965     5.3      96    0.07    0.01    1.24   98.77     100
    2966     5.0      95    0.03    0.07    1.60  104.65     100
    2967     4.9      95   -0.04   -0.06    1.73   96.37     100
    2968     4.9      96   -0.06   -0.02    1.41   72.11     100
    2969     4.8      96    0.03   -0.06    0.31   25.82     100
    2970     4.7      96   -0.01   -0.06    0.35   17.88     100
    2971     4.4      98    0.04    0.02    0.20    6.26     100
    2972     4.4      97    0.04   -0.02    0.00    0.58     100
    2973     4.7      97   -0.03    0.03    0.00    0.00     100
    2974     4.7      98   -0.01   -0.03    0.00    0.00     100
    2975     4.6      98   -0.02   -0.02    0.00    0.00     100
    2976     4.5      96   -0.01   -0.04    0.00    0.00     100
    2977     4.5      97   -0.02    0.01    0.00    0.00     100
    2978     4.4      98    0.02    0.00    0.00    0.00     100
    2979     4.1      99   -0.02    0.00    0.00    0.00     113
    2980     3.9      99    0.00    0.02    0.00    0.56     100
    2981     3.8      98    0.02   -0.02    1.43   13.92     100
    2982     4.3      97   -0.02   -0.02    3.85   53.56     100
    2983     5.4      94    0.01   -0.02    1.15   46.74     100
    2984     6.5      89   -0.02   -0.01    0.00    0.00     100
    2985     8.1      89    0.02    0.02    0.00    0.00     100
    2986     7.9      93    0.03    0.00    2.06  117.24     100
    2987     9.2      93    0.00    0.02   29.84  294.79     100
    2988     8.7      95    0.00   -0.03   27.37  299.48     113
    2989     8.4      95    0.00    0.00    2.28  134.15     100
    2990     7.7      95    0.01    0.02    2.74  137.25     100
    2991     7.3      95   -0.01    0.02   97.43  276.94     100
    2992     8.2      94    0.01    0.03   17.08  187.63     100
    2993     8.3      97   -0.03    0.02   29.73  154.77     100
    2994     7.4      98    0.03   -0.01    0.36   18.37     100
    2995     5.7      99    0.03    0.00    0.32    8.33     113
    2996     4.5      99    0.03   -0.03    0.00    0.89     113
    2997     3.7      99    0.03   -0.03    0.00    0.00     100
    2998     3.2      99    0.01    0.04    0.00    0.00     100
    2999     2.8      99   -0.04   -0.04    0.00    0.00     100
    3000     2.5      99    0.05   -0.01    0.00    0.00     113
    3001     2.2      99   -0.02    0.06    0.00    0.00     100
    3002     1.7      99   -0.04   -0.05    0.00    0.00     100
    3003     1.3      99    0.06   -0.01    0.00    0.00     100
    3004     1.1      99    0.04   -0.04    0.00    1.40     100
    3005     1.2      99   -0.06    0.00    2.35   18.58     100
    3006     1.5      98   -0.03   -0.05    3.52   52.19     100
    3007     2.1      98    0.06    0.01   29.90  146.82     100
    3008     3.1      96    0.03   -0.06   40.07  204.68     100
    3009     3.9      94    0.06   -0.01   20.66  227.92     100
    3010     3.8      95   -0.02    0.05    6.45  204.01     100
    3011     4.1      94   -0.05   -0.02    5.92  213.15     100
    3012     4.3      95    0.07   -0.02    6.77  229.89     100
    3013     4.3      94    0.03    0.06    7.22  229.91     100
    3014     4.8      94    0.05   -0.03   10.41  234.44     100
    3015     5.1      94   -0.01    0.06   90.15  277.19     100
    3016     5.3      95    0.01    0.05   25.01  200.32     100
    3017     4.7      94   -0.04   -0.01   10.41  131.25     100
    3018     4.4      95   -0.02    0.02    9.08   84.21     100
    3019     4.0      96    0.00    0.00    2.73   24.75     100
    3020     3.6      98    0.00    0.00    0.00    1.89     100
    3021     3.1      99    0.00    0.00    0.00    0.00     100
    3022     2.4      99    0.00    0.00    0.00    0.00     100
    3023     1.2      99    0.00    0.00    0.00    0.00     100
    3024     0.3      99    0.00    0.00    0.00    0.00     100
    3025     0.2      99    0.00    0.00    0.00    0.00     100
    3026    -0.5      99    0.00    0.00    0.00    0.00     100
    3027    -1.2      99    0.00    0.00    0.00    0.00     100
    3028    -1.5      99    0.00    0.00    0.00    4.99      88
    3029    -1.3      98    0.00    0.00    0.00    0.00      25
    3030    -0.1      81   -0.01   -0.02  447.20   60.61       0
    3031     3.8      70   -0.01    0.00  717.34   82.92      13
    3032     6.0      71    0.01    0.03  472.37  168.93      88
    3033     7.7      54   -0.01    0.01  518.72  192.50     100
    3034     8.2      63    0.01    0.01   10.89  233.55     100
    3035     7.7      70   -0.02    0.02   73.94  328.68     113
    3036     8.4      56    0.02    0.03   42.94  319.98     100
    3037     8.9      86    0.01   -0.07   31.72  302.12     100
    3038     6.3      85    0.06   -0.02    9.21  229.32     100
    3039     6.5      80   -0.05    0.00   37.45  256.03     100
    3040     7.4      62   -0.02   -0.02  182.92  231.86     100
    3041     7.8      54    0.03   -0.05  158.11  178.18     100
    3042     8.4      63   -0.01    0.03   20.19   98.85      50
    3043     7.9      76    0.00   -0.02    5.37   35.57     100
    3044     6.2      85    0.00    0.00    0.00    3.85     100
    3045     3.9      86    0.00   -0.02    0.00    0.07      88
    3046     2.4      88    0.01   -0.02    0.00    0.00      13
    3047     0.1      92   -0.01    0.02    0.00    0.00       0
    3048    -1.2      92    0.00    0.02    0.00    0.00       0
    3049    -2.0      93    0.01   -0.02    0.00    0.00       0
    3050    -2.5      95    0.02    0.00    0.00    0.00       0
    3051    -2.9      97   -0.01   -0.02    0.00    0.00       0
    3052    -3.4      97    0.00    0.03    0.00    3.76       0
    3053    -2.9      93    0.02    0.01   10.30   36.76       0
    3054    -1.2      87    0.04   -0.01  195.29   61.54      13
    3055     2.5      83    0.01   -0.05  678.40   90.36      38
    3056     6.7      75   -0.04   -0.03  247.26  216.14      50
    3057     7.4      64    0.02    0.04  140.15  275.57     100
    3058     8.0      67   -0.05   -0.03   38.23  285.81     100
    3059     7.7      76    0.06    0.01   22.06  285.60      75
    3060     7.7      67    0.03   -0.01   10.77  259.32      88
    3061     9.1      80   -0.04   -0.02  510.92  242.16     100
    3062    11.3      54    0.06    0.02  306.44  290.10      38
    3063    11.2      45    0.04   -0.06  287.77  261.74      88
    3064    11.1      48   -0.04   -0.03  498.45  170.52      50
    3065    10.7      55   -0.01    0.04  437.24  141.78      75
    3066    10.4      66    0.03    0.01   63.86  115.89     100
    3067     9.0      74   -0.02    0.02    4.74   34.47     100
    3068     7.4      80   -0.02    0.02    0.00    5.53     100
    3069     6.0      83    0.02   -0.01    0.00    0.00     100
    3070     4.6      86   -0.04    0.00    0.00    0.00     100
    3071     3.1      86    0.02   -0.04    0.00    0.00     100
    3072     3.4      83    0.00   -0.05    0.00    0.00     100
    3073     3.5      82   -0.05   -0.02    0.00    0.00     100
    3074     3.5      82    0.05    0.03    0.00    0.00     100
    3075     4.4      77    0.06    0.05    0.00    0.00     100
    3076     4.8      89   -0.05   -0.04    0.00    0.48     113
    3077     4.5      94    0.06   -0.05    0.34    8.01     113
    3078     4.0      96   -0.01   -0.08    0.28   15.61     100
    3079     4.1      97    0.11   -0.03    0.34   26.53     100
    3080     4.8      98    0.01   -0.10    0.63   48.03     100
    3081     5.7      98    0.06   -0.06    0.95   71.48     100
    3082     6.5      98   -0.09   -0.01    1.41   98.87     100
    3083     7.3      98   -0.05    0.07    0.91   85.71     100
    3084     8.1      99    0.05    0.06    0.69   77.12     113
    3085     8.8      99    0.04    0.03    0.47   62.49     113
    3086    10.0      98   -0.06    0.03    2.36  129.66     100
    3087    12.5      96   -0.02   -0.04   13.03  220.08     100
    3088    15.3      89    0.05    0.02   83.14  233.25     100
    3089    17.5      78   -0.04   -0.04  229.42  175.44      75
    3090    17.7      77    0.04    0.01  165.83  121.30      25
    3091    17.2      80    0.05    0.00    4.74   35.42      75
    3092    15.5      85    0.00   -0.04    0.00    4.10      88
    3093    14.5      84    0.02    0.03    0.00    0.00     100
    3094    13.7      89    0.02   -0.01    0.00    0.00     100
    3095    13.1      94   -0.04    0.00    0.00    0.00     100
    3096    11.9      98    0.01    0.05    0.00    0.00     100
    3097    11.9      97   -0.07    0.01    0.00    0.00     100
    3098    12.0      93   -0.05    0.05    0.00    0.00     100
    3099    11.6      91   -0.06    0.05    0.00    0.00     100
    3100    11.9      91   -0.07   -0.05    0.00    1.32     100
    3101    11.8      88    0.01   -0.09    4.10   28.35     100
    3102    11.6      86   -0.08    0.06    5.61   69.97     100
    3103    12.8      85    0.09   -0.01   35.65  156.20      75
    3104    14.9      81    0.00   -0.06   32.28  204.54     100
    3105    16.0      73   -0.02   -0.07  178.80  275.80     100
    3106    18.5      65   -0.05    0.07  539.30  214.88     100
    3107    21.9      60   -0.01   -0.08  228.95  329.10     100
    3108    23.2      58   -0.05    0.05   14.17  274.95     100
    3109    24.1      56    0.05    0.05   84.74  338.20     100
    3110    24.7      45    0.05    0.07  156.28  320.66     100
    3111    24.0      50    0.06    0.00   72.97  278.36     100
    3112    22.7      54   -0.03    0.04    6.15  153.85     100
    3113    21.6      55   -0.05   -0.02    6.07  117.57      75
    3114    21.3      63    0.06   -0.01   13.12   95.66      88
    3115    19.4      70   -0.04    0.01    0.85   15.61     100
    3116    16.5      81    0.03    0.00    0.00    0.42     100
    3117    14.6      87    0.02   -0.03    0.00    0.00     100
    3118    13.5      89    0.01    0.01    0.00    0.00     100
    3119    12.9      90    0.01    0.00    0.00    0.00     100
    3120    12.2      94    0.00    0.00    0.00    0.00     100
    3121    11.6      95   -0.01    0.00    0.00    0.00     100
    3122    11.1      98    0.00    0.01    0.00    0.00      88
    3123    10.6      99    0.00    0.00    0.00    0.00     100
    3124    10.4      99    0.00    0.00    0.00    3.06     100
    3125    10.2      99    0.00    0.00    1.58   18.32     100
    3126    10.7      99    0.00    0.00    0.13   11.07     113
    3127    10.6      99    0.00   -0.02    0.27   24.30     113
    3128    10.7      97    0.05    0.01    0.29   32.85     100
    3129    10.7      98   -0.01    0.04    0.51   52.92     100
    3130    10.4      96   -0.01    0.04    0.24   41.75     100
    3131    10.1      99    0.03    0.04    0.13   33.20     100
    3132    10.1      97    0.05   -0.03    0.45   62.85     100
    3133    10.5      93   -0.07    0.01    5.77  216.71     100
    3134    11.7      90   -0.05    0.04   31.76  287.02     100
    3135    12.5      92    0.02   -0.05    4.80  164.97     100
    3136    12.0      93   -0.06   -0.04    2.20   93.91     100
    3137    11.3      96    0.08   -0.01    3.78   94.31     100
    3138    10.6      96   -0.02    0.07    4.04   65.99     100
    3139     9.9      97   -0.02    0.07    2.12   25.11     100
    3140     9.5      98   -0.06    0.03    0.00    3.48     100
    3141     9.6      98   -0.05    0.02    0.00    0.01     100
    3142     9.8      98    0.00    0.03    0.00    0.00     100
    3143    10.0      98    0.00   -0.04    0.00    0.00     100
    3144    10.1      99    0.04    0.02    0.00    0.00     100
    3145     9.7      99    0.03    0.01    0.00    0.00     113
    3146     9.2      99    0.00    0.02    0.00    0.00     100
    3147     9.1      99   -0.02    0.00    0.00    0.00     100
    3148     9.2      98    0.00    0.02    0.00    8.37      50
    3149     9.3      91    0.01    0.01    0.00    0.00      63
    3150    10.4      78   -0.03    0.04   75.02   57.68     100
    3151    13.5      72    0.04   -0.01   17.55  143.36     100
    3152    14.7      65   -0.01   -0.04    9.55  169.04     100
    3153    16.1      58    0.08   -0.02    6.93  188.71     100
    3154    18.6      59   -0.05   -0.02  293.08  293.18      13
    3155    20.0      53    0.00    0.06  693.93  176.65       0
    3156    22.0      55    0.05   -0.03  687.40  183.73      13
    3157    23.1      53    0.04   -0.02  673.73  185.17      50
    3158    23.5      57    0.00    0.04  478.81  240.59     100
    3159    23.0      62   -0.02    0.05  576.25  184.17      63
    3160    21.9      64    0.00    0.04  430.53  191.16     100
    3161    20.8      67    0.04    0.00  115.57  185.72     100
    3162    19.7      72    0.00    0.02   24.57  108.57     100
    3163    18.4      80    0.00    0.02    6.02   42.88      63
    3164    16.8      82   -0.02    0.01    0.00    4.03      88
    3165    15.0      86    0.00   -0.03    0.00    0.00      75
    3166    13.3      88   -0.03    0.01    0.00    0.00     100
    3167    12.1      91   -0.02   -0.01    0.00    0.00     100
    3168    11.3      93    0.03    0.00    0.00    0.00     100
    3169    10.8      95    0.01    0.04    0.00    0.00     100
    3170    10.6      96    0.01    0.02    0.00    0.00     100
    3171    10.5      96    0.01   -0.01    0.00    0.00     100
    3172    10.5      96   -0.01   -0.02    0.00    3.42     100
    3173    10.6      93    0.03   -0.02    1.66   19.89     100
    3174    11.0      91    0.03    0.00    3.45   57.50     100
    3175    12.4      85    0.03   -0.02    9.41  128.73     100
    3176    14.3      78    0.03    0.02   50.18  219.68     100
    3177    17.3      69    0.00   -0.05  181.69  279.23      38
    3178    18.9      66    0.03   -0.01  668.92  172.85      38
    3179    20.5      65    0.03    0.01  440.38  269.32      75
    3180    21.4      61   -0.04    0.01  572.24  227.25      13
    3181    22.1      51    0.02    0.03  583.84  218.71      25
    3182    22.9      51   -0.02    0.02  209.86  317.34     100
    3183    22.4      82    0.04   -0.03    0.13   27.71     100
    3184    15.2      89    0.00   -0.02    0.01    4.80     100
    3185    13.1      90   -0.02    0.00    0.01    6.01     100
    3186    13.7      91    0.00    0.00    0.11   11.26      63
    3187    13.4      97    0.01   -0.01    1.11   19.18      50
    3188    12.3      90   -0.02    0.00    0.00    4.23       0
    3189    11.3      75    0.01    0.03    0.00    0.00      13
    3190    10.7      56    0.05    0.02    0.00    0.00       0
    3191    10.1      61    0.04    0.00    0.00    0.00      13
    3192     9.0      56    0.01    0.04    0.00    0.00     100
    3193     8.1      62    0.03   -0.01    0.00    0.00     100
    3194     8.2      59    0.01    0.03    0.00    0.00     100
    3195     8.5      67    0.00   -0.02    0.00    0.00     100
    3196     8.6      77    0.00    0.00    0.00    7.07      38
    3197     8.5      69    0.00   -0.02   10.52   44.53      88
    3198     9.3      72    0.00    0.00    4.74   68.06     100
    3199    10.3      64    0.02   -0.02    5.26  107.55     100
    3200    12.2      62    0.00    0.05  297.18  215.18      13
    3201    16.8      57    0.00   -0.05  560.03  185.88      63
    3202    17.5      53   -0.06   -0.03  806.95  132.05       0
    3203    19.5      51   -0.01    0.06  726.47  166.36      63
    3204    21.1      44    0.04   -0.01  495.74  256.82      50
    3205    22.6      44    0.04    0.01  435.23  273.96     100
    3206    22.9      46    0.01   -0.03   78.61  319.53      88
    3207    21.7      57   -0.02    0.03   86.65  286.55     100
    3208    19.4      61   -0.02   -0.02    0.52   46.61     100
    3209    13.7      83    0.04   -0.02    1.22   55.26     100
    3210    12.5      89   -0.06    0.01    1.87   46.85     100
    3211    12.1      98    0.05    0.00    0.57   14.10     113
    3212    11.9      96    0.02    0.08    0.00    3.92     100
    3213    11.2      98    0.07    0.00    0.00    0.00     100
    3214    10.7      98   -0.04    0.04    0.00    0.00     100
    3215    10.3      98    0.00   -0.04    0.00    0.00     100
    3216    10.1      98   -0.03   -0.02    0.00    0.00     100
    3217    10.0      98   -0.04   -0.03    0.00    0.00     100
    3218     9.8      98    0.02   -0.05    0.00    0.00     100
    3219     9.6      98    0.02   -0.05    0.00    0.00     100
    3220     9.4      98    0.02   -0.04    0.00    4.60     100
    3221     9.3      97    0.05   -0.03    1.12   17.28     100
    3222     9.3      96    0.04    0.04    1.53   39.43     100
    3223     9.6      96   -0.05    0.00    0.95   46.52     100
    3224     9.5      97   -0.04    0.04    0.36   37.79     100
    3225     9.6      96    0.00    0.06    1.18   81.80     100
    3226    10.4      98   -0.04    0.01    1.41  101.32     100
    3227    10.9      97    0.00   -0.03    0.80   82.19     100
    3228    10.3      97    0.03    0.04    1.43  112.66     100
    3229    10.2      96    0.04    0.00    0.68   76.63     100
    3230     9.7      95   -0.01   -0.04    2.16  127.13     100
    3231     9.8      96   -0.02    0.05    1.03   78.54     100
    3232     9.0      96   -0.02    0.04    2.13   94.53     100
    3233     8.7      98    0.03    0.00    1.35   58.53     100
    3234     8.2      97   -0.02    0.01    3.84   67.51     100
    3235     8.4      97   -0.01    0.02    0.95   18.55     100
    3236     8.1      98    0.01    0.02    0.00    3.09     100
    3237     7.9      97   -0.03   -0.01    0.00    0.11     100
    3238     7.8      98    0.00   -0.02    0.00    0.00     100
    3239     7.7      98    0.00    0.02    0.00    0.00     100
    3240     7.4      98    0.00   -0.02    0.00    0.00     100
    3241     7.1      97    0.00   -0.02    0.00    0.00     100
    3242     7.1      98   -0.02    0.02    0.00    0.00     100
    3243     7.1      98    0.00   -0.02    0.00    0.00     100
    3244     7.1      98   -0.01   -0.02    0.00    5.56     100
    3245     7.1      96   -0.01    0.01    3.52   31.11     100
    3246     7.8      96   -0.02   -0.01   43.15  112.75     100
    3247     9.7      89   -0.04    0.00   68.16  175.83     100
    3248    10.9      88   -0.02   -0.02  209.68  231.70     100
    3249    12.9      86    0.03   -0.03   71.51  277.90     100
    3250    13.0      81   -0.05    0.02   25.69  279.16     100
    3251    13.7      79    0.04   -0.02   13.45  270.43     100
    3252    14.2      76    0.03   -0.02   25.80  308.10     100
    3253    15.1      93    0.00   -0.01   25.39  301.76     113
    3254    14.7      86   -0.01   -0.01    3.12  152.74     100
    3255    12.6      95   -0.01    0.02    0.89   73.46     113
    3256    11.9      95    0.00    0.00   40.90  226.16     100
    3257    13.3      95   -0.01    0.01   83.65  188.34      75
    3258    12.8      96   -0.01   -0.02    2.92   59.66     100
    3259    11.0      97   -0.01    0.01    0.39   12.17     100
    3260    10.3      98    0.00    0.00    0.00    5.80      88
    3261     9.7      98    0.03    0.01    0.00    0.09      75
    3262     9.5      95    0.03   -0.02    0.00    0.00     113
    3263     8.3      97   -0.02   -0.02    0.00    0.00     100
    3264     7.6      98   -0.01   -0.02    0.00    0.00     100
    3265     6.7      98    0.01    0.00    0.00    0.00     100
    3266     6.2      99   -0.01   -0.02    0.00    0.00     100
    3267     5.5      99    0.03   -0.02    0.00    0.00     100
    3268     5.1      99   -0.01    0.01    0.00    6.37      63
    3269     6.7      97    0.02   -0.01    0.00    0.00     100
    3270     8.9      96    0.01    0.03    5.61   76.60     100
    3271     9.7      94    0.02   -0.02    4.27   99.27     100
    3272    10.9      90    0.03   -0.03    5.44  145.98     100
    3273    11.2      86   -0.02   -0.04    2.92  129.25     100
    3274    12.1      83    0.04    0.02    7.90  225.82      88
    3275    13.1      76   -0.05    0.00   82.49  342.43     100
    3276    14.4      71    0.05   -0.03  351.61  310.37     100
    3277    16.0      60    0.04    0.03  541.45  236.91     100
    3278    16.8      63   -0.05   -0.01  333.12  291.43      38
    3279    15.7      65    0.00   -0.05  167.72  292.22      38
    3280    14.7      60    0.05    0.00   14.29  194.67      63
    3281    14.9      60   -0.04    0.03  606.75  116.55      38
    3282    15.6      66   -0.04    0.02    5.27   80.54      63
    3283    15.5      76   -0.02   -0.01    4.05   39.50       0
    3284    12.8      87   -0.02    0.02    0.00   11.05       0
    3285    10.1      92    0.01   -0.03    0.00    0.00       0
    3286     8.3      95    0.03   -0.01    0.00    0.00       0
    3287     6.7      94   -0.03    0.04    0.00    0.19     100
    3288     7.5      95    0.01   -0.02    0.00    0.01     100
    3289     7.9      97    0.03    0.00    0.00    0.00     100
    3290     7.5      99    0.02   -0.02    0.00    0.01     113
    3291     7.8      96    0.01   -0.02    0.00    0.13     100
    3292     8.1      95    0.02   -0.01    0.00    4.19     100
    3293     8.3      90    0.01    0.01    5.46   40.40     100
    3294     9.3      83    0.01   -0.02   44.99  115.80     100
    3295    10.9      83    0.03    0.01  453.35  141.27     100
    3296    12.8      68    0.02   -0.03  454.50  183.73     100
    3297    13.6      59   -0.01    0.04  143.00  287.58     100
    3298    13.9      64    0.00    0.03  100.52  323.18     100
    3299    14.7      61    0.00   -0.05  425.39  278.23     100
    3300    16.0      56   -0.05    0.03  606.83  216.63     100
    3301    15.2      50   -0.04   -0.02  389.41  292.90      63
    3302    15.6      56    0.05   -0.01  397.57  272.27      50
    3303    15.5      52   -0.03    0.04  639.69  167.98     100
    3304    15.2      53   -0.04    0.01  806.79  101.97      38
    3305    15.5      62    0.01    0.05  202.45  190.05     100
    3306    14.9      64    0.04   -0.03   11.71  102.52      13
    3307    15.5      71    0.04   -0.02    6.35   49.72       0
    3308    13.7      81   -0.02   -0.02    0.00   11.61       0
    3309    10.3      89    0.03    0.00    0.00    0.00       0
    3310     8.7      96    0.01   -0.01    0.00    0.00      38
    3311     7.7      97   -0.02    0.00    0.00    0.00      75
    3312     6.9      97    0.02    0.02    0.00    0.00       0
    3313     5.2      98    0.03    0.02    0.00    0.00       0
    3314     4.0      99    0.03   -0.03    0.00    0.00      63
    3315     4.9      98   -0.05   -0.01    0.00    0.00     100
    3316     4.9      96   -0.02    0.02    0.00    8.57     100
    3317     5.9      92    0.03    0.02    9.17   48.53     100
    3318     7.2      81    0.02    0.03  990.75   54.17      38
    3319     9.1      69    0.06   -0.01  583.33  116.52       0
    3320    10.7      59    0.03   -0.04  746.87  110.90      25
    3321    12.3      57   -0.01   -0.05  858.85  110.38      25
    3322    13.3      54    0.06   -0.02  710.68  161.69      63
    3323    14.2      45    0.01    0.06  593.60  216.55     100
    3324    14.3      52    0.03   -0.08   61.06  344.73     100
    3325    13.6      55    0.01   -0.08  118.19  352.41     100
    3326    13.9      53    0.03   -0.05   15.01  262.95     100
    3327    13.5      61   -0.01    0.06   29.67  260.99     100
    3328    13.5      63   -0.05   -0.02    7.59  172.10     100
    3329    12.6      65   -0.05    0.02    3.50   96.22     100
    3330    12.5      71   -0.01   -0.03    9.04   98.14     100
    3331    12.7      74   -0.04    0.00    0.00    0.00     100
    3332    11.1      82   -0.01    0.00    0.00   11.00      63
    3333     8.9      87    0.00    0.02    0.00    0.00      50
    3334     8.0      90   -0.03    0.01    0.00    0.00       0
    3335     6.9      96    0.02    0.00    0.00    0.00      25
    3336     6.3      95    0.01    0.03    0.00    0.00     100
    3337     6.3      94   -0.03   -0.02    0.00    0.00     100
    3338     6.7      93    0.02   -0.04    0.00    0.00     100
    3339     6.7      92    0.04   -0.01    0.00    0.01     100
    3340     6.7      92    0.02    0.03    0.00    6.90     100
    3341     6.9      91    0.03    0.00    7.75   47.54     100
    3342     7.6      82   -0.01    0.04   54.14  120.54     100
    3343     9.3      80   -0.02    0.03   45.27  173.18     100
    3344     9.7      70    0.05    0.00  247.90  230.26     100
    3345    11.6      61   -0.04    0.03  149.01  289.28     100
    3346    11.3      63   -0.06   -0.01   41.75  301.25     100
    3347    12.3      71    0.04   -0.04    5.42  214.55     100
    3348    11.8      68    0.05    0.01   36.17  325.93     100
    3349    11.3      73   -0.04   -0.05    6.27  230.12     100
    3350    11.1      76    0.00   -0.05    9.23  240.11     100
    3351    11.4      72    0.04    0.06   13.32  230.93     100
    3352    11.3      72   -0.03   -0.05    7.13  169.98     100
    3353    10.8      72   -0.02    0.05    1.86   70.84     100
    3354    10.5      67   -0.04   -0.05    4.91   80.19     100
    3355    11.2      70    0.05    0.04    5.75   49.63      13
    3356    10.6      77   -0.01    0.06    3.77   13.81      25
    3357     7.7      86    0.02   -0.02    0.00    0.30       0
    3358     6.2      89    0.00    0.03    0.00    0.00       0
    3359     4.7      91   -0.01    0.02    0.00    0.00       0
    3360     3.1      93    0.00    0.03    0.00    0.00       0
    3361     1.9      94   -0.02    0.00    0.00    0.00       0
    3362     0.7      97   -0.01    0.03    0.00    0.00       0
    3363     0.2      97    0.01   -0.02    0.00    0.01      13
    3364     0.0      95    0.03    0.00    0.00   11.60       0
    3365     0.2      89    0.03   -0.01    0.00    0.00       0
    3366     3.7      80    0.02    0.05  511.43   66.36      13
    3367     8.8      70   -0.05    0.02  453.04  143.80     100
    3368    10.9      71    0.03   -0.01  174.64  240.69     100
    3369    12.0      68    0.03   -0.01    6.38  190.26     100
    3370    11.3      72    0.01    0.02    6.92  220.31     100
    3371    11.7      87    0.00   -0.02    1.67  120.54     100
    3372    11.6      88    0.01   -0.02    1.45  115.31     100
    3373    10.6      93    0.01    0.00    3.61  177.56     113
    3374    11.9      77   -0.02   -0.01  224.88  322.24     100
    3375    14.4      67   -0.03   -0.02  261.01  281.16     100
    3376    15.0      63    0.06    0.00   34.61  226.61     100
    3377    14.5      80    0.03   -0.02    0.63   41.61     100
    3378    10.4      84   -0.03    0.00    4.20   74.95     100
    3379    10.0      87    0.04    0.02    0.97   21.04     100
    3380     8.9      91    0.03    0.03    1.51    9.01      75
    3381     8.4      91    0.04    0.02    0.00    0.34     100
    3382     7.2      96   -0.03    0.01    0.00    0.07      25
    3383     7.2      97   -0.01    0.02    0.00    0.00      88
    3384     6.9      98    0.00    0.03    0.00    0.00     100
    3385     6.8      99    0.03   -0.01    0.00    0.00     100
    3386     7.2      98    0.03    0.01    0.00    0.00     100
    3387     7.3      98    0.01    0.04    0.00    0.34     100
    3388     7.3      99    0.00   -0.03    0.00   14.59     100
    3389     7.6      97   -0.03    0.02    2.38   28.97     100
    3390     8.3      97    0.03   -0.01    1.73   45.07     113
    3391     8.9      92    0.05    0.00   18.78  155.18     100
    3392    10.7      88    0.02   -0.04   13.13  188.92     100
    3393    11.9      78   -0.01   -0.03  171.83  289.39     100
    3394    14.8      61   -0.04    0.06  109.40  327.71     100
    3395    13.0      55   -0.01    0.06    9.49  256.56      38
    3396    13.5      69    0.04   -0.04   21.82  305.13      75
    3397    15.2      48   -0.07   -0.04   67.78  344.26     100
    3398    17.1      51    0.04   -0.02  199.40  327.74      75
    3399    16.8      51    0.03    0.01  553.84  197.50     100
    3400    16.6      52   -0.01   -0.05  123.07  252.72     100
    3401    15.9      78   -0.03    0.02   84.17  195.60     100
    3402    14.6      80    0.00   -0.04  143.62  140.12     100
    3403    15.8      80   -0.02    0.03    0.00    0.00      25
    3404    13.8      81    0.02   -0.05    4.52   15.89     100
    3405    10.9      90   -0.05    0.02    0.00    0.46     100
    3406     9.8      95    0.05   -0.03    0.00    0.00     100
    3407     9.0      96    0.00   -0.06    0.00    0.00     100
    3408     8.9      96    0.00   -0.05    0.00    0.00     100
    3409     8.9      97    0.05   -0.03    0.00    0.00     100
    3410     8.9      97    0.06    0.01    0.00    0.00     100
    3411     9.0      97   -0.05   -0.04    0.00    0.07     100
    3412     8.9      96   -0.05   -0.04    0.00    3.57     100
    3413     8.9      97    0.04    0.04    0.56   14.33     100
    3414     9.1      97    0.00    0.05    0.86   32.13     100
    3415     9.4      96    0.03   -0.05    1.61   63.58     100
    3416    10.2      91   -0.02    0.06    4.03  129.27     100
    3417    11.3      95   -0.03    0.00    8.24  205.88     100
    3418    11.4      89    0.00   -0.05   10.24  243.60     100
    3419    12.1      93    0.03    0.06    5.32  214.18     100
    3420    11.3      95    0.00   -0.05    4.21  195.88     100
    3421    10.9      93   -0.01   -0.06    9.15  257.08     100
    3422    11.2      96   -0.05    0.02    4.72  191.39     100
    3423    10.8      96    0.04   -0.02    2.92  135.38     100
    3424    10.6      97    0.04    0.01    1.42   80.26     100
    3425    10.5      97    0.03   -0.01    2.58   84.82     100
    3426    11.0      97    0.01    0.04    3.73   72.00     100
    3427    10.3      98    0.03   -0.01    0.64   17.64     100
    3428     9.6      99    0.03    0.03    0.19    3.39     100
    3429     9.1      98    0.04   -0.03    0.00    0.21     100
    3430     8.4      98   -0.05    0.00    0.00    0.00     100
    3431     7.7      98   -0.05    0.01    0.00    0.00     100
    3432     7.3      96    0.05    0.01    0.00    0.00     100
    3433     6.9      97   -0.02   -0.03    0.00    0.00     100
    3434     6.1      98   -0.04   -0.01    0.00    0.00     100
    3435     5.8      98    0.01   -0.04    0.00    0.69     100
    3436     5.7      97    0.01   -0.04    0.00   20.31     100
    3437     5.5      97    0.04    0.03    0.00    0.00     100
    3438     7.1      92   -0.02   -0.04   76.81   66.39     100
    3439     9.6      82   -0.03   -0.02  697.56   96.58      88
    3440    12.2      72    0.03   -0.03  486.96  179.56      88
    3441    13.7      64   -0.04    0.03  839.23  114.02     100
    3442    15.3      59    0.04   -0.02  784.91  140.67      88
    3443    15.6      55    0.01   -0.03  549.89  235.30      63
    3444    16.4      61    0.04    0.02  127.13  363.22     100
    3445    16.8      60   -0.03    0.02   35.92  322.86     100
    3446    17.6      56    0.04    0.01  148.01  335.20     100
    3447    17.4      53   -0.05    0.00   50.90  283.48     100
    3448    17.5      54   -0.03    0.01   19.45  211.20     100
    3449    16.7      58   -0.02    0.00   16.53  162.15     100
    3450    16.1      63   -0.01   -0.02    4.11   76.16     100
    3451    14.8      65   -0.01    0.01    2.01   31.58     100
    3452    13.5      69   -0.02   -0.01    1.30    9.03     100
    3453    12.3      71   -0.01   -0.02    0.00    0.17     100
    3454    10.6      74   -0.03   -0.02    0.00    0.00      75
    3455     8.6      75   -0.04   -0.02    0.00    0.00       0
    3456     7.4      75    0.04   -0.03    0.00    0.00       0
    3457     6.7      73   -0.03    0.00    0.00    0.00       0
    3458     6.8      73   -0.01   -0.04    0.00    0.00       0
    3459     6.6      74   -0.01   -0.04    0.00    0.05       0
    3460     7.0      75   -0.02    0.03    0.00   13.07      38
    3461     8.1      75   -0.04    0.01    4.22   40.25     100
    3462     9.5      80   -0.04    0.02  160.44   57.56     100
    3463    13.4      71    0.03   -0.01    5.24  115.00     100
    3464    11.8      66   -0.03   -0.03  269.43  230.67      88
    3465    15.0      70    0.00    0.02  198.10  288.57     100
    3466    15.3      62    0.04    0.03    6.56  218.83      38
    3467    15.6      66   -0.04   -0.01  190.10  349.75     100
    3468    17.7      74   -0.03   -0.04    3.06  168.03     100
    3469    14.8      87   -0.02    0.01    3.59  178.77     100
    3470    13.8      76   -0.01    0.03    4.19  181.44     100
    3471    12.9      75    0.02    0.05    5.23  181.34     100
    3472    14.2      79   -0.01   -0.05    4.97  149.96     100
    3473    13.9      91   -0.01    0.02    1.38   62.95     100
    3474    12.3      96    0.00    0.03    1.76   50.59     100
    3475    11.0      96   -0.01   -0.04    0.38   14.11     100
    3476     9.9      96   -0.03   -0.01    0.21    3.77     100
    3477     9.4      97    0.03    0.00    0.00    0.17     100
    3478     9.3      97   -0.04    0.02    0.00    0.00     100
    3479     9.2      98    0.01   -0.02    0.00    0.00     100
    3480     9.1      98    0.00    0.02    0.00    0.00     100
    3481     8.9      98    0.00    0.04    0.00    0.01     100
    3482     8.6      98    0.00    0.06    0.00    0.00     100
    3483     7.9      97    0.03   -0.05    0.00    0.11     100
    3484     7.7      96   -0.02    0.03    0.00   11.14     100
    3485     7.7      93    0.00    0.06    5.12   44.91     100
    3486     8.3      92    0.03    0.01   14.77  105.71     100
    3487     9.0      84    0.04    0.02  176.40  190.30      38
    3488    11.7      83    0.03   -0.02  245.50  235.62     100
    3489    13.2      81    0.00    0.03   14.56  232.77     100
    3490    12.4      74    0.01   -0.03    2.10  127.23     100
    3491    12.9      75    0.02    0.02    2.01  133.36     100
    3492    12.9      59    0.00   -0.01   11.14  274.26     100
    3493    14.1      67    0.01    0.01   51.71  338.36     100
    3494    14.5      66    0.00    0.02    8.83  241.48     100
    3495    14.2      86    0.03   -0.01    2.80  133.77     100
    3496    12.3      96   -0.01    0.03    8.89  184.15     113
    3497    11.3      97    0.00    0.06    3.27   96.90     100
    3498    10.3      98    0.03   -0.01    0.28   20.54     100
    3499     9.1      98    0.02    0.00    0.49   16.18     100
    3500     8.4      99    0.00    0.00    0.13    3.16     100
    3501     8.2      99    0.00    0.01    0.00    0.19     100
    3502     8.0      99    0.00    0.00    0.00    0.00     100
    3503     7.8      99    0.00    0.00    0.00    0.00     100
    3504     7.9      99   -0.01    0.00    0.00    0.00     113
    3505     7.9      99    0.02   -0.03    0.00    0.00     113
    3506     7.5      98   -0.02    0.01    0.00    0.00     100
    3507     7.3      98   -0.04    0.00    0.00    0.05     100
    3508     7.0      98    0.01    0.04    0.00    6.17     100
    3509     6.8      96   -0.03    0.01    8.59   54.41     100
    3510     7.2      93   -0.02    0.03   29.42  118.36     100
    3511     7.7      92    0.04    0.03   17.78  157.55     100
    3512     8.4      82   -0.04    0.02   80.78  243.27     100
    3513     9.6      93   -0.03    0.02   13.57  230.46     100
    3514     9.6      90    0.01    0.04   67.69  321.91     100
    3515    10.5      82    0.01   -0.02   25.19  306.97     100
    3516    10.1      82   -0.02    0.01   30.64  323.63     100
    3517    10.7      82   -0.04   -0.02    7.39  246.06     100
    3518    11.4      74   -0.03   -0.04  336.71  297.68     100
    3519    12.8      65   -0.02   -0.05  398.73  249.36      75
    3520    12.2      60    0.05    0.05  257.37  243.65     100
    3521    12.3      59   -0.03    0.04  384.76  170.44      88
    3522    12.6      61    0.03    0.00   41.87  134.57     100
    3523    13.7      65   -0.03    0.00    5.85   55.66     100
    3524    13.1      76    0.01   -0.01    4.39   18.44      88
    3525     8.5      77    0.03   -0.01    0.00    0.32     100
    3526     6.2      77    0.02   -0.01    0.00    0.00     100
    3527     6.4      80   -0.01    0.03    0.00    0.46     100
    3528     8.0      81    0.03    0.02    0.00    0.00     100
    3529     7.8      77   -0.03    0.02    0.00    0.00     100
    3530     7.7      82    0.02   -0.02    0.00    0.00     100
    3531     8.0      86   -0.02   -0.02    0.00    0.00      88
    3532     6.4      85   -0.02    0.01    1.94    9.96      25
    3533     6.4      77    0.03   -0.01    0.00    0.00      25
    3534     9.3      74    0.03    0.00   84.41  133.16     100
    3535    10.3      56    0.06   -0.04  861.67   73.79       0
    3536    12.9      49   -0.02    0.07  785.65  105.44       0
    3537    13.6      50   -0.06   -0.01  819.88  118.16      13
    3538    14.5      45    0.02   -0.06  533.52  226.77     100
    3539    15.5      40    0.04    0.06  164.12  355.01     100
    3540    15.9      43    0.04    0.05   65.17  353.37     100
    3541    16.8      41    0.06   -0.05  104.97  358.25      50
    3542    17.2      38   -0.01   -0.07  536.15  229.77      50
    3543    17.2      44    0.04    0.06  351.13  263.86      88
    3544    17.0      44    0.00    0.05  536.69  175.23     100
    3545    17.4      42    0.05   -0.06  329.13  181.86     100
    3546    17.5      46   -0.07    0.01   12.13  112.42      13
    3547    18.2      49    0.03   -0.05    3.30   42.66       0
    3548    16.9      61    0.00    0.05    3.92   18.02       0
    3549    12.8      69    0.00    0.04    0.00    0.91       0
    3550    10.9      69    0.04    0.00    0.00    0.00       0
    3551     8.9      71   -0.02    0.02    0.00    0.00       0
    3552     7.2      74    0.02    0.02    0.00    0.00       0
    3553     5.7      81    0.02    0.03    0.00    0.00       0
    3554     4.7      89   -0.03    0.02    0.00    0.00       0
    3555     4.0      84   -0.01   -0.01    0.00    1.16       0
    3556     4.5      84    0.00    0.02    5.28   16.61       0
    3557     5.2      95    0.02    0.04    7.92   54.63      13
    3558     6.5      99   -0.01   -0.03   12.05  103.87     113
    3559     8.0      87   -0.02    0.01   21.94  164.10     100
    3560     9.8      72    0.01   -0.01  539.34  168.06       0
    3561    14.0      59   -0.02    0.02  808.02  120.72       0
    3562    17.5      53   -0.01    0.00  821.38  132.77      13
    3563    19.5      47   -0.01    0.03  823.81  141.74      38
    3564    19.3      44    0.01    0.04  823.43  145.47      50
    3565    20.3      36    0.01    0.03  756.86  161.86       0
    3566    20.7      43   -0.03   -0.03  825.83  134.21      50
    3567    21.0      39    0.02    0.03  565.91  197.00      50
    3568    21.5      34    0.01   -0.01  657.95  141.98       0
    3569    21.9      36    0.00   -0.02  438.66  160.86       0
    3570    22.4      40   -0.01    0.02   23.25  126.13       0
    3571    22.2      48    0.01    0.01    3.02   41.35       0
    3572    20.6      53   -0.01   -0.01    3.29   17.05       0
    3573    15.8      74    0.00    0.00    0.00    0.60       0
    3574    12.6      55    0.01    0.02    0.00    0.00       0
    3575    10.4      53   -0.01    0.01    0.00    0.00      13
    3576     9.2      75    0.00    0.00    0.00    0.00       0
    3577     8.2      67    0.02    0.00    0.00    0.00       0
    3578     7.2      61   -0.01    0.00    0.00    0.00      50
    3579     6.2      71    0.00    0.00    0.00    1.20      25
    3580     5.8      67    0.00    0.00    4.02   14.78       0
    3581     5.9      55    0.01   -0.01    3.09   36.77       0
    3582     7.8      52    0.02    0.00   53.64  129.63       0
    3583    15.2      47    0.03    0.00  667.20  104.79       0
    3584    18.9      39    0.00    0.03  745.26  114.74       0
    3585    22.0      38    0.02    0.03  789.95  124.95       0
    3586    23.0      32    0.00    0.03  814.03  134.53      13
    3587    23.5      32   -0.04    0.01  813.55  144.26       0
    3588    24.7      30    0.01    0.02  812.58  148.21       0
    3589    24.3      32   -0.01    0.05  811.64  145.99       0
    3590    24.3      28   -0.01   -0.04  767.35  149.46       0
    3591    25.0      30   -0.03    0.00  705.81  152.18       0
    3592    25.0      32    0.03    0.01  650.65  144.37       0
    3593    24.0      37   -0.03   -0.07  453.44  158.37      13
    3594    23.1      38    0.05   -0.03   26.55  129.45       0
    3595    23.2      42   -0.04   -0.02    3.38   44.21       0
    3596    22.2      46    0.03    0.03    3.74   18.67       0
    3597    17.3      52   -0.02   -0.02    0.00    0.54       0
    3598    13.4      54   -0.02    0.00    0.00    0.00       0
    3599    11.3      56    0.01    0.02    0.00    0.00       0
    3600     9.8      68    0.00    0.00    0.00    0.00       0
    3601     8.6      69    0.02    0.01    0.00    0.00       0
    3602     7.6      79   -0.01   -0.01    0.00    0.00       0
    3603     6.9      70    0.03   -0.01    0.00    0.54       0
    3604     6.4      73   -0.02    0.03    3.34   13.70       0
    3605     6.8      68   -0.04    0.00    3.08   37.08       0
    3606     9.7      64    0.05    0.01   42.96  127.14       0
    3607    16.0      63   -0.01   -0.06  653.07  107.99       0
    3608    18.7      57    0.03   -0.05  737.73  116.72       0
    3609    20.0      50    0.05    0.03  794.27  124.11       0
    3610    20.8      41    0.05    0.05  734.70  156.99       0
    3611    21.9      40   -0.03   -0.07  763.41  158.69      25
    3612    22.7      39   -0.05   -0.04  710.92  181.06      13
    3613    23.3      36   -0.06    0.03  736.10  169.21      13
    3614    24.0      35    0.05    0.04  648.99  189.56      25
    3615    24.9      35    0.06   -0.02  256.84  289.78      38
    3616    24.3      33   -0.01   -0.06  286.42  240.99      38
    3617    23.4      43   -0.02    0.04  252.66  197.02      38
    3618    22.2      45   -0.01    0.04   24.04  128.43      25
    3619    21.2      53    0.01   -0.04    7.45   63.25     100
    3620    20.2      64   -0.03    0.00    0.00    0.00       0
    3621    16.2      71   -0.02   -0.01    0.00    1.03      88
    3622    14.1      77    0.00    0.02    0.00    0.00      88
    3623    13.0      80    0.00    0.00    0.00    0.00      38
    3624    11.8      62   -0.01   -0.01    0.00    0.00       0
    3625    10.7      71    0.00    0.00    0.00    0.00       0
    3626     9.7      74    0.01    0.01    0.00    0.00       0
    3627     8.8      75    0.00    0.01    0.00    0.97       0
    3628     8.0      58    0.01    0.01    3.80   14.80       0
    3629     7.7      61    0.00    0.00    2.85   36.01       0
    3630    10.2      52   -0.02    0.00   56.37  131.60       0
    3631    15.9      42   -0.04   -0.02  646.74  109.59       0
    3632    19.5      37   -0.03    0.04  726.53  119.62       0
    3633    20.8      38    0.02   -0.05  756.94  133.68       0
    3634    21.7      37    0.02    0.04  778.02  144.03       0
    3635    22.6      36    0.03   -0.02  789.38  150.95       0
    3636    24.3      38    0.02    0.02  786.44  155.72       0
    3637    25.0      34   -0.02    0.01  773.57  157.07       0
    3638    25.7      34   -0.03   -0.02  747.67  155.93       0
    3639    26.0      31   -0.02    0.04  696.22  155.71       0
    3640    26.0      30   -0.02    0.01  622.85  152.88       0
    3641    26.0      34    0.01    0.00  467.05  156.67       0
    3642    25.8      34   -0.01    0.01   35.85  136.53       0
    3643    25.3      39    0.00    0.00    3.09   43.25       0
    3644    23.8      57   -0.01    0.00    3.39   18.75       0
    3645    19.1      59    0.00    0.00    0.00    0.42       0
    3646    16.4      62    0.00    0.00    0.00    0.00       0
    3647    15.2      67    0.01    0.00    0.00    0.00       0
    3648    14.0      65    0.00   -0.01    0.00    0.00       0
    3649    13.3      68    0.00    0.01    0.00    0.00       0
    3650    12.6      71    0.00    0.00    0.00    0.00       0
    3651    11.9      69    0.00    0.00    0.00    0.81       0
    3652    11.1      59   -0.01    0.00    4.00   15.35       0
    3653    11.2      55    0.00   -0.01    3.06   37.59       0
    3654    13.9      44    0.00   -0.02   44.80  128.97       0
    3655    18.6      43   -0.02    0.00  603.97  118.87       0
    3656    22.1      39    0.03   -0.02  695.35  127.59       0
    3657    23.8      37   -0.01   -0.02  738.96  138.79       0
    3658    25.4      38   -0.02   -0.02  751.01  152.15       0
    3659    27.0      35   -0.02   -0.02  772.48  156.11       0
    3660    27.0      32    0.01    0.04  769.87  160.97      13
    3661    27.8      31    0.00    0.04  763.13  160.52      13
    3662    27.4      33   -0.07    0.01  739.01  158.90       0
    3663    26.5      29    0.03   -0.07  703.62  153.68       0
    3664    25.5      28    0.02    0.06  639.91  148.47       0
    3665    24.5      33   -0.01   -0.04  514.10  146.78      50
    3666    23.5      43    0.00   -0.01   78.03  148.76       0
    3667    22.8      40    0.01   -0.02    4.68   53.56       0
    3668    20.6      45   -0.04   -0.01    2.18   15.42       0
    3669    18.1      46    0.00   -0.03    0.00    1.38     100
    3670    16.4      46    0.02    0.01    0.00    0.00      63
    3671    15.0      51   -0.01    0.01    0.00    0.00       0
    3672    13.2      65    0.00    0.00    0.00    0.00       0
    3673    11.2      70    0.00    0.00    0.00    0.00      38
    3674     9.6      57    0.00   -0.01    0.00    0.00      63
    3675     8.5      65    0.00    0.01    0.00    0.91     100
    3676     7.8      92    0.00    0.04    3.89   15.34     100
    3677     8.3      94    0.04    0.01    4.59   46.31     100
    3678    10.1      79    0.01   -0.01   44.16  129.29     100
    3679    12.0      65    0.00    0.02  316.32  177.18     100
    3680    14.4      56   -0.02    0.04  351.60  218.13      75
    3681    17.7      53   -0.01    0.02  516.41  208.89       0
    3682    20.6      51   -0.02    0.01  796.50  139.28      38
    3683    20.9      49   -0.03   -0.02  378.96  302.36      25
    3684    22.2      50   -0.03   -0.01  657.23  201.89     100
    3685    23.9      49   -0.01    0.01   99.17  360.84     100
    3686    21.9      50   -0.02   -0.02  130.17  342.46     100
    3687    23.4      47    0.05   -0.01  339.81  270.52      38
    3688    23.8      43    0.04    0.00   15.95  211.35      75
    3689    21.9      51    0.00    0.00    5.11  125.09     100
    3690    15.2      43    0.02    0.01    4.31   83.62      88
    3691    16.6      45    0.01    0.00    4.74   54.47       0
    3692    17.0      52    0.02   -0.02    4.28   22.43       0
    3693    14.8      49   -0.05   -0.02    0.00    1.18       0
    3694    12.8      65   -0.01   -0.06    0.00    0.00       0
    3695    12.3      66    0.02    0.03    0.00    0.01     100
    3696    12.4      63   -0.04   -0.04    0.00    0.00     100
    3697    11.8      65   -0.02    0.02    0.00    0.00       0
    3698     9.9      72    0.04    0.02    0.00    0.00       0
    3699     7.4      76    0.01    0.01    0.00    1.57       0
    3700     6.3      71    0.01    0.04    0.00    0.00      50
    3701     7.1      59    0.03   -0.04    0.00    0.00       0
    3702    11.2      49   -0.02    0.05  592.66   65.43       0
    3703    13.1      44    0.05   -0.07  395.98  162.88       0
    3704    13.8      42   -0.05    0.01  663.20  136.31       0
    3705    15.4      42   -0.03   -0.08  820.36  119.12       0
    3706    17.7      43   -0.04    0.08  833.09  131.32      38
    3707    18.9      42   -0.03   -0.05  594.03  221.29      63
    3708    19.0      42   -0.01   -0.05  624.06  215.08     100
    3709    20.0      43   -0.03   -0.05  296.99  332.52     100
    3710    20.0      47   -0.04   -0.01  142.92  342.75     100
    3711    19.6      48   -0.06    0.03  405.22  251.66     100
    3712    19.2      47    0.00    0.06   79.02  258.82     100
    3713    18.2      47   -0.05    0.01   71.83  205.33     100
    3714    18.3      48   -0.05    0.01   47.58  143.66      63
    3715    17.6      52    0.04    0.01    0.00    0.00     100
    3716    16.9      56    0.03   -0.03    7.49   28.93       0
    3717    15.6      56   -0.05    0.00    0.00    1.44      38
    3718    14.6      62   -0.03   -0.04    0.00    0.00       0
    3719    13.5      66   -0.02   -0.04    0.00    0.00     100
    3720    12.5      71   -0.06    0.01    0.00    0.00     100
    3721    11.7      72    0.06   -0.02    0.00    0.00     100
    3722    11.3      73   -0.04    0.00    0.00    0.00     100
    3723    11.1      74   -0.01   -0.03    0.00    2.24     100
    3724    11.1      76   -0.02    0.03    0.21    3.80     100
    3725    11.4      85   -0.01    0.04    0.41   14.18     100
    3726    10.9      95   -0.01   -0.01    0.60   28.92     100
    3727    10.5      94    0.00   -0.03    1.33   60.72     100
    3728    10.7      95   -0.04   -0.01    0.49   47.18     100
    3729    10.7      94   -0.05    0.00    0.47   55.03     100
    3730    11.0      94   -0.02   -0.04    0.20   40.10     100
    3731    11.4      96    0.01   -0.04    0.36   58.02     100
    3732    11.4      95   -0.01    0.04    1.04  100.50     100
    3733    11.6      96    0.00    0.02    0.73   82.96     100
    3734    11.5      95   -0.02    0.02    1.29  103.66     100
    3735    11.1      95    0.02   -0.01    1.88  112.62     100
    3736    11.0      91    0.00   -0.01    7.51  182.20     100
    3737    12.3      87    0.00   -0.01   14.77  167.70     100
    3738    12.8      81   -0.01   -0.01  148.08   60.06      63
    3739    13.4      89    0.00    0.00    0.00    0.00      88
    3740    11.6      97    0.00    0.00    0.00    0.00       0
    3741     9.8      99    0.00    0.00    0.00    1.67      13
    3742     7.8      99    0.00    0.00    0.00    0.00     100
    3743     6.4      99    0.00    0.00    0.00    0.00     100
    3744     5.3      99    0.00    0.00    0.00    0.00     100
    3745     4.5      99    0.00    0.00    0.00    0.00     100
    3746     4.0      95   -0.02    0.00    0.00    0.00      63
    3747     3.8      98    0.02   -0.02    0.00    1.73      13
    3748     3.6      98   -0.01   -0.02    6.91   21.03      88
    3749     4.4      97    0.01    0.01    2.78   36.93       0
    3750     6.9      84    0.01   -0.03  555.27   61.66      13
    3751    10.9      86    0.02   -0.02  822.81   78.63     100
    3752    13.4      69   -0.03   -0.01  724.76  120.79      88
    3753    15.4      71   -0.03   -0.02  291.45  275.73      13
    3754    15.7      69    0.04   -0.01  673.14  178.49     100
    3755    15.8      74   -0.03    0.05   71.03  351.06      88
    3756    14.9      74   -0.04    0.00  248.06  352.34     100
    3757    16.0      73   -0.04    0.03   30.96  323.48     100
    3758    14.8      84   -0.06   -0.02   24.95  296.19     100
    3759    12.0      95   -0.01    0.03    0.55   61.31     100
    3760    10.7      94   -0.01   -0.05    1.62   89.53     100
    3761    10.6      97   -0.03    0.01    0.57   42.62     100
    3762     9.5      94   -0.03    0.00    0.85   38.11     100
    3763     9.0      90   -0.03    0.00    6.26   63.49     100
    3764     9.2      95    0.00    0.02    0.00    0.00     100
    3765     8.9      95    0.01   -0.03    0.00    1.90     100
    3766     8.4      94   -0.02    0.04    0.00    0.00      13
    3767     7.5      95    0.03    0.02    0.00    0.00      25
    3768     7.3      95    0.01   -0.04    0.00    0.00      13
    3769     7.0      96   -0.02    0.05    0.00    0.00       0
    3770     6.6      97    0.02   -0.04    0.00    0.00      63
    3771     6.6      97    0.00    0.05    0.00    1.01     100
    3772     6.7      96   -0.03   -0.03    5.72   19.97      63
    3773     7.1      94   -0.03   -0.03    7.81   58.52     100
    3774     8.7      93   -0.04   -0.04   31.76  125.73     100
    3775    10.0      90   -0.03   -0.01   21.39  167.39     100
    3776    11.0      76   -0.05   -0.03   34.83  228.23     100
    3777    12.4      74    0.00   -0.06  204.17  293.89     100
    3778    15.2      65   -0.04    0.04  490.22  244.79     100
    3779    16.3      62   -0.02    0.01  296.79  330.22     100
    3780    16.6      53    0.01    0.02   89.68  366.37     100
    3781    17.9      48   -0.02   -0.04   90.96  361.02     100
    3782    17.3      49   -0.01   -0.04   72.06  335.49     100
    3783    17.8      45   -0.03   -0.02  303.29  282.35     100
    3784    17.9      47   -0.01    0.01  373.84  224.57     100
    3785    17.9      65    0.01   -0.03  578.09  134.41     100
    3786    16.7      88    0.01    0.01    1.73   54.37     100
    3787    12.5      90   -0.01   -0.03    0.00    0.00     100
    3788    12.8      90    0.00   -0.03    3.73   22.70       0
    3789    11.6      88    0.03   -0.02    0.00    2.57     100
    3790     9.6      92   -0.02    0.02    0.00    0.00      25
    3791     8.2      93    0.02    0.00    0.00    0.00       0
    3792     6.9      95   -0.03   -0.01    0.00    0.00       0
    3793     6.1      95    0.00   -0.01    0.00    0.00       0
    3794     5.5      94   -0.01    0.01    0.00    0.00       0
    3795     5.1      93   -0.02    0.00    0.00    1.51       0
    3796     4.7      93   -0.01   -0.01    3.86   16.70       0
    3797     4.9      87    0.01   -0.01    3.10   39.35       0
    3798     7.6      71   -0.01    0.00  934.32   57.82       0
    3799    11.8      65    0.00    0.01  645.19  111.31      25
    3800    14.2      62    0.02   -0.02  745.35  115.99     100
    3801    16.6      61   -0.01    0.02  661.53  162.80     100
    3802    18.4      59   -0.01    0.01  467.83  252.94     100
    3803    19.1      54   -0.02    0.00  115.46  360.89     100
    3804    19.7      60    0.01    0.02  111.60  370.06     100
    3805    20.1      51   -0.01    0.00   69.93  354.91     100
    3806    20.0      54    0.00   -0.02    5.17  206.54     100
    3807    19.5      55   -0.02    0.01   46.46  290.40     100
    3808    19.2      62    0.02    0.05   52.54  251.95     100
    3809    18.9      59   -0.01   -0.05   28.66  187.57      13
    3810    18.2      66   -0.03    0.01    5.87   99.53      75
    3811    17.2      70   -0.01    0.01   70.34   57.91     100
    3812    16.9      84    0.00    0.00    4.11   24.21     100
    3813    15.7      91    0.00    0.00    0.00    1.34      13
    3814    13.4      94    0.00    0.00    0.00    0.00       0
    3815    11.8      90    0.00   -0.01    0.00    0.00      75
    3816    11.3      92    0.00    0.00    0.00    0.00      50
    3817    10.3      92    0.00    0.00    0.00    0.00      38
    3818     9.5      93    0.01    0.00    0.00    0.00       0
    3819     8.7      94    0.00    0.00    0.00    1.20       0
    3820     7.9      95   -0.01    0.00    3.53   16.18       0
    3821     7.9      93   -0.02    0.00    2.84   37.86       0
    3822    10.7      83    0.01    0.01  531.87   62.96       0
    3823    14.3      73    0.00    0.02  577.55  125.94     100
    3824    15.7      73   -0.02    0.01  127.97  253.66      50
    3825    18.6      63    0.00    0.00  274.49  280.40      75
    3826    18.7      60   -0.01    0.01  266.79  316.71     100
    3827    20.3      52   -0.02    0.01   24.61  310.81     100
    3828    20.3      57   -0.01    0.03   31.77  330.58     100
    3829    20.8      56   -0.02    0.00    8.21  257.58     100
    3830    20.2      57   -0.03   -0.01    4.37  190.34     100
    3831    20.1      57    0.01    0.04  104.92  310.28      63
    3832    20.9      60   -0.01    0.02    3.59  133.56     100
    3833    19.9      56    0.02   -0.03   87.95  211.50      75
    3834    19.7      56    0.02   -0.02    3.02   72.22      50
    3835    18.1      65   -0.03    0.02    2.00   37.44     100
    3836    17.3      76   -0.01    0.00    4.30   25.16     100
    3837    15.7      82   -0.01    0.00    0.00    2.12      88
    3838    13.5      85   -0.01   -0.01    0.00    0.00     100
    3839    11.5      85    0.00   -0.01    0.00    0.00      25
    3840    10.4      89    0.00    0.00    0.00    0.00      13
    3841     9.8      90    0.00    0.01    0.00    0.00       0
    3842     8.7      92    0.00   -0.01    0.00    0.00       0
    3843     7.6      95    0.00   -0.01    0.00    1.38       0
    3844     7.0      94    0.00    0.02    3.47   16.23       0
    3845     7.0      90    0.01    0.01    3.21   40.38       0
    3846     9.8      82    0.01   -0.02  472.87   60.65       0
    3847    14.3      74    0.02   -0.01  673.62  105.54       0
    3848    16.6      62   -0.02   -0.01  547.45  168.56       0
    3849    18.5      51    0.01    0.04  683.63  155.99      13
    3850    20.7      40   -0.02    0.00  409.50  273.50      25
    3851    22.3      36   -0.01    0.02  281.68  335.23      13
    3852    23.1      35    0.04   -0.02  168.16  369.06      13
    3853    22.9      40   -0.03    0.00  256.03  346.06      25
    3854    23.3      35    0.01   -0.03  309.62  312.22      38
    3855    24.1      33    0.02   -0.02  159.48  310.80     100
    3856    23.8      34    0.02   -0.03  446.09  206.43      50
    3857    23.8      35    0.02   -0.02   81.74  211.09      25
    3858    22.8      37   -0.03    0.00   57.33  150.53      88
    3859    22.4      41   -0.01    0.00    0.00    0.00     100
    3860    21.5      50    0.00    0.00    6.24   30.35       0
    3861    19.4      53    0.00    0.00    0.00    1.32       0
    3862    16.8      58    0.00    0.00    0.00    0.00     100
    3863    14.8      64    0.00    0.00    0.00    0.00     100
    3864    14.4      66    0.02    0.00    0.00    0.00      63
    3865    14.1      68    0.01   -0.01    0.00    0.00      25
    3866    14.0      70   -0.02    0.00    0.00    0.00       0
    3867    13.4      68   -0.03    0.00    0.00    1.38       0
    3868    12.5      61    0.02    0.01    3.08   15.46       0
    3869    12.3      54   -0.03   -0.02    2.62   36.63       0
    3870    13.2      48   -0.03    0.01   53.85  134.97       0
    3871    15.3      44   -0.04   -0.02  687.39  102.75       0
    3872    17.4      44    0.04    0.04  655.29  139.11       0
    3873    18.9      42   -0.02   -0.05  760.67  133.46       0
    3874    21.1      38   -0.06   -0.04  681.06  176.00      88
    3875    22.6      41    0.02   -0.05  543.70  241.80      63
    3876    23.5      45    0.03    0.01  431.13  292.65      13
    3877    24.4      38   -0.01    0.05  379.40  307.30      13
    3878    24.2      38   -0.05    0.01  434.75  271.13      13
    3879    24.8      39    0.02   -0.04  715.76  151.70      13
    3880    24.9      35   -0.03   -0.02  245.97  255.20      13
    3881    23.5      32    0.03    0.03  328.88  190.81       0
    3882    23.2      34   -0.03    0.01  372.03  133.97       0
    3883    21.8      39    0.03    0.00    5.91   64.35      25
    3884    20.4      42   -0.02    0.00    7.09   32.04       0
    3885    18.8      46   -0.02    0.00    0.00    3.51      88
    3886    17.6      47   -0.01   -0.02    0.00    0.00      88
    3887    16.8      49   -0.02    0.01    0.00    0.00     100
    3888    16.0      48   -0.03    0.00    0.00    0.00     100
    3889    15.3      52    0.02    0.01    0.00    0.00     100
    3890    15.1      56    0.02   -0.02    0.00    0.00     100
    3891    14.9      60    0.03    0.00    0.00    1.53      50
    3892    14.4      61    0.00    0.03    5.29   20.32     100
    3893    14.1      62   -0.02    0.01    6.82   57.44       0
    3894    15.0      53    0.02    0.04  282.51   75.42      50
    3895    18.1      52    0.04   -0.02  803.28   81.64     100
    3896    20.3      53   -0.04   -0.01  471.64  189.35     100
    3897    21.2      55    0.01    0.04  134.76  301.22     100
    3898    21.0      57    0.00    0.04   16.80  273.91     100
    3899    21.0      65    0.00    0.03   20.40  302.65     100
    3900    20.5      51    0.01   -0.04   18.69  306.50     100
    3901    21.4      39   -0.05   -0.02   41.56  337.65     100
    3902    22.7      37   -0.04    0.04  305.38  314.02      13
    3903    24.6      41    0.04    0.00  563.05  202.30      88
    3904    24.4      37    0.04   -0.03  414.33  215.82      38
    3905    23.6      38    0.04    0.00  273.61  201.21       0
    3906    22.6      39    0.03    0.01   35.96  143.77       0
    3907    22.0      40    0.02    0.03    0.00    0.00       0
    3908    20.8      47    0.01   -0.02    0.00    0.00       0
    3909    19.4      53    0.01    0.02    0.00    3.67       0
    3910    18.1      55    0.01    0.02    0.00    0.00       0
    3911    17.0      54   -0.02    0.01    0.00    0.00       0
    3912    15.8      56    0.02    0.01    0.00    0.00       0
    3913    15.1      61    0.00    0.02    0.00    0.00       0
    3914    14.5      66    0.01    0.02    0.00    0.00       0
    3915    13.9      73    0.01   -0.01    0.00    2.12       0
    3916    13.6      75    0.00    0.02   10.01   24.84      88
    3917    14.2      74    0.01   -0.03    5.94   54.90     100
    3918    15.5      73    0.01   -0.02    5.51   88.21     100
    3919    16.8      66    0.01   -0.04  489.83  145.17       0
    3920    19.2      63   -0.01    0.04  385.34  211.83      63
    3921    20.8      63    0.07   -0.01  161.38  300.00      88
    3922    22.2      56   -0.05   -0.05   59.55  324.01       0
    3923    22.4      53    0.04    0.05   35.35  327.26     100
    3924    22.7      46    0.04   -0.04  134.38  371.96      38
    3925    23.9      47   -0.03    0.04   94.14  363.41      50
    3926    24.1      45    0.03   -0.03  374.89  292.29      25
    3927    25.6      42    0.01   -0.03  548.88  207.30      13
    3928    26.1      40   -0.03    0.02  567.49  172.44       0
    3929    25.7      39   -0.01   -0.03  411.78  174.47       0
    3930    24.7      41   -0.01    0.03   47.94  149.25       0
    3931    23.6      45    0.00    0.03    3.87   53.01       0
    3932    22.0      53    0.02   -0.01    4.16   26.04       0
    3933    20.2      55   -0.01    0.02    0.00    3.14       0
    3934    18.3      62    0.00    0.00    0.00    0.00       0
    3935    16.7      64    0.00    0.01    0.00    0.00       0
    3936    14.7      67    0.00    0.00    0.00    0.00       0
    3937    13.3      69    0.00    0.00    0.00    0.00       0
    3938    12.1      73    0.00    0.00    0.00    0.00       0
    3939    11.2      75    0.00    0.01    0.00    1.94       0
    3940    11.1      73    0.00    0.01    3.40   16.53       0
    3941    11.2      68   -0.01    0.01    2.52   36.18       0
    3942    13.4      60    0.01   -0.01   29.27  125.69       0
    3943    17.1      52    0.02    0.00  649.47  110.73       0
    3944    18.8      44   -0.04    0.03  746.88  115.76       0
    3945    20.9      43   -0.03    0.00  790.36  125.90       0
    3946    22.0      44   -0.02    0.03  814.64  135.38       0
    3947    23.5      38   -0.03   -0.01  826.94  142.34      13
    3948    24.9      37    0.01   -0.03  818.81  147.95      13
    3949    25.3      37    0.02    0.03  807.99  148.45       0
    3950    25.8      35    0.00   -0.03  768.15  151.27       0
    3951    26.4      35    0.02   -0.01  729.97  147.72       0
    3952    26.3      33    0.01    0.02  654.73  147.38       0
    3953    25.6      33   -0.01    0.02  505.02  153.65       0
    3954    24.9      34   -0.01   -0.02   46.36  149.13       0
    3955    24.5      39    0.01   -0.01    3.14   48.08       0
    3956    24.0      47    0.00    0.00    3.72   24.91       0
    3957    21.4      48    0.02    0.00    0.00    2.92       0
    3958    18.0      48    0.03    0.00    0.00    0.00       0
    3959    15.7      49    0.02    0.03    0.00    0.00       0
    3960    13.7      56    0.01   -0.03    0.00    0.00       0
    3961    11.9      57    0.01   -0.03    0.00    0.00       0
    3962    10.6      69   -0.02   -0.02    0.00    0.00       0
    3963     9.7      62   -0.01   -0.03    0.00    1.81       0
    3964     9.0      58    0.01    0.02    3.41   16.62       0
    3965     8.7      55   -0.01    0.01    2.49   36.00       0
    3966    11.5      48    0.00    0.01   31.33  126.90       0
    3967    16.6      42    0.02    0.02  676.57  105.02       0
    3968    19.4      38   -0.01    0.02  759.75  112.75       0
    3969    22.4      33   -0.02    0.03  809.90  121.54       0
    3970    23.3      33    0.01    0.01  833.62  131.66      13
    3971    25.1      28   -0.01   -0.03  851.07  138.63       0
    3972    25.7      24    0.00   -0.03  852.03  142.29      13
    3973    26.9      22   -0.01    0.03  841.74  141.49       0
    3974    27.4      19   -0.02    0.01  811.10  139.66       0
    3975    27.7      19    0.02    0.00  775.16  134.92       0
    3976    27.7      14    0.00    0.01  688.19  138.14       0
    3977    26.9      19    0.00    0.02  538.63  146.03       0
    3978    26.1      23    0.01    0.00   45.19  149.10       0
    3979    25.8      46    0.00    0.00    1.92   37.83      50
    3980    26.0      49    0.00    0.00    5.52   30.51     100
    3981    22.9      56    0.00    0.00    0.00    5.01     100
    3982    20.7      50    0.00    0.00    0.00    0.00     100
    3983    19.2      54    0.00    0.00    0.00    0.00     100
    3984    18.3      59   -0.01   -0.01    0.00    0.00      63
    3985    16.8      55    0.00    0.00    0.00    0.00     100
    3986    15.5      65    0.00    0.00    0.00    0.00      63
    3987    14.2      62    0.00    0.00    0.00    2.35     100
    3988    13.1      55    0.00    0.00    0.00    0.00     100
    3989    13.7      50    0.00    0.00    4.05   45.75     100
    3990    15.6      46    0.02    0.00   24.79  122.82     100
    3991    19.0      47   -0.04    0.01  588.33  123.83     100
    3992    22.1      50   -0.04    0.02  198.60  249.40      75
    3993    23.5      47    0.03    0.03  549.11  199.33     100
    3994    25.0      46    0.04   -0.03   56.53  322.47     100
    3995    24.3      49   -0.01    0.07   90.76  358.65      75
    3996    24.0      57   -0.02   -0.03  390.02  308.47     100
    3997    24.3      57   -0.03    0.00  182.41  362.85     100
    3998    23.8      59   -0.04   -0.01  276.42  323.01     100
    3999    23.8      58   -0.03    0.05  739.05  145.17      63
    4000    24.3      61    0.00   -0.03  610.81  160.33      13
    4001    23.9      72   -0.03    0.02  477.76  160.46     100
    4002    22.1      69   -0.01   -0.01   65.99  155.30     100
    4003    19.9      75   -0.03    0.02    3.62   51.99     100
    4004    19.8      80   -0.02    0.00    6.14   32.17     100
    4005    19.4      83    0.03    0.00    0.00    3.68     100
    4006    18.1      92   -0.02    0.00    0.00    0.03     100
    4007    17.2      94    0.00    0.01    0.00    0.00     100
    4008    17.0      95    0.01    0.01    0.00    0.00     100
    4009    16.5      94    0.01    0.00    0.00    0.01     100
    4010    16.1      95    0.00    0.00    0.00    0.28     100
    4011    16.1      97   -0.01    0.01    0.00    0.44     100
    4012    16.1      98   -0.01    0.01    0.16    3.61     100
    4013    16.1      99   -0.01    0.01    2.16   33.57     100
    4014    16.4      99    0.00    0.00    1.61   48.16     113
    4015    16.5      99    0.02   -0.01    3.67  101.40     113
    4016    17.3      97   -0.01    0.00    6.46  167.56     100
    4017    19.1      96    0.04   -0.01   10.13  222.55     100
    4018    19.9      93    0.02    0.00    4.29  184.97     100
    4019    19.5      93   -0.01   -0.01    1.87  131.67     100
    4020    19.3      92    0.00    0.00    2.45  154.73     100
    4021    19.5      92   -0.01   -0.01    6.86  246.70     100
    4022    20.5      81   -0.02    0.00    6.50  229.49     100
    4023    21.6      89    0.00    0.00    9.80  230.51     100
    4024    22.4      74    0.02    0.00  237.75  258.68     100
    4025    23.0      79   -0.01   -0.01  192.07  214.23      38
    4026    22.5      77    0.01    0.00   17.74  131.56      88
    4027    22.7      85    0.00    0.00    3.40   50.59      13
    4028    22.4      94    0.00    0.00    3.49   24.72      13
    4029    19.8      97    0.00    0.00    0.00    3.59      88
    4030    17.6      94   -0.01    0.00    0.00    0.00      75
    4031    15.7      95    0.00    0.00    0.00    0.00     100
    4032    14.7      96    0.00    0.00    0.00    0.00      50
    4033    13.9      97    0.00    0.00    0.00    0.00       0
    4034    13.3      97    0.00    0.00    0.00    0.00       0
    4035    12.6      99    0.00    0.00    0.00    2.14       0
    4036    12.0      95    0.00    0.00    3.43   16.72       0
    4037    11.9      91    0.02    0.00    2.69   37.38       0
    4038    14.2      75    0.00    0.00  556.02   64.15       0
    4039    17.4      72    0.01   -0.01  621.16  116.59      13
    4040    19.9      67   -0.02   -0.02  688.77  130.03      38
    4041    21.9      68    0.00    0.00  324.27  268.13     100
    4042    22.6      68    0.01    0.01    5.44  207.83     100
    4043    23.6      59    0.00   -0.03  175.61  359.22     100
    4044    25.3      58   -0.04   -0.02  343.95  324.89     100
    4045    25.0      54   -0.01    0.00  114.41  366.73     100
    4046    24.7      47    0.00    0.02   23.02  295.83     100
    4047    24.7      44    0.00    0.00  166.22  312.56      13
    4048    25.2      46    0.02    0.01  201.63  264.66      13
    4049    25.1      47   -0.01   -0.01  295.07  199.48      25
    4050    26.0      51    0.01    0.01   73.24  157.28       0
    4051    27.0      54    0.00    0.00    0.00    0.00       0
    4052    25.9      61    0.00    0.00    5.69   31.62      50
    4053    20.5      66    0.00    0.00    0.00    5.46     100
    4054    18.0      68    0.00    0.00    0.00    0.00     100
    4055    17.8      70    0.00   -0.02    0.00    0.00      63
    4056    17.1      69    0.02    0.02    0.00    0.00       0
    4057    15.2      72    0.01   -0.03    0.00    0.00       0
    4058    14.2      72   -0.02   -0.02    0.00    0.00     100
    4059    13.7      76    0.00    0.00    0.00    2.04     100
    4060    13.3      72   -0.01    0.01    4.94   19.97       0
    4061    14.4      67   -0.01   -0.01    4.01   45.48       0
    4062    16.9      64   -0.02   -0.02   27.45  124.40       0
    4063    19.7      57    0.04    0.00  512.14  140.09       0
    4064    21.9      52   -0.02   -0.03  642.47  142.24      25
    4065    23.2      49   -0.01   -0.03  711.28  147.23      63
    4066    24.6      46    0.01   -0.03  610.76  200.92     100
    4067    25.2      49    0.00   -0.02   92.73  359.01     100
    4068    25.4      43    0.03    0.00    5.77  235.32      50
    4069    24.7      46    0.03   -0.01  183.96  362.85     100
    4070    26.8      52    0.03   -0.01   28.09  304.55     100
    4071    26.0      55    0.00    0.00    8.97  226.35     100
    4072    23.5      51    0.01    0.02    7.56  186.69      50
    4073    24.6      51   -0.02   -0.01  300.44  198.72       0
    4074    26.5      47   -0.01   -0.02  101.61  160.65       0
    4075    26.6      52    0.01    0.01    0.00    0.00      50
    4076    26.5      50    0.01    0.00    5.95   32.38     100
    4077    23.3      46    0.00    0.01    0.00    4.26     100
    4078    21.9      49    0.01   -0.02    0.00    0.00     100
    4079    20.9      50    0.03   -0.01    0.00    0.00     100
    4080    19.3      56    0.02    0.01    0.00    0.00     100
    4081    18.2      69    0.00    0.00    0.00    0.00     100
    4082    17.7      70    0.00    0.00    0.00    0.00      50
    4083    17.2      67    0.00    0.00    0.00    1.26      88
    4084    16.8      69    0.00   -0.01    2.85   15.19     100
    4085    16.9      71   -0.01   -0.01    4.50   48.07     100
    4086    17.4      71   -0.03    0.01   10.82  106.53     100
    4087    18.1      71    0.02    0.02    9.32  144.88     100
    4088    19.2      71    0.02    0.02   74.88  247.92     100
    4089    21.1      88    0.01   -0.01  136.76  300.86     100
    4090    21.4      97    0.01    0.00    1.87  122.92     113
    4091    18.6      90   -0.01   -0.03    1.45  116.06     100
    4092    18.5      90   -0.01    0.03  137.99  372.27     100
    4093    20.9      85    0.01    0.02   16.20  295.93     100
    4094    21.9      81    0.02   -0.01  262.85  327.02     100
    4095    22.9      81   -0.01   -0.01  263.04  295.92     100
    4096    23.6      90    0.01    0.00    3.60  135.82     100
    4097    20.5      94    0.00    0.00    0.01    5.50     100
    4098    17.7      95    0.00    0.00    0.37   26.48     100
    4099    18.2      96   -0.01    0.01    2.41   43.02     100
    4100    18.5      96    0.00   -0.02    0.98   13.44     100
    4101    17.9      96   -0.01    0.00    0.00    2.86      63
    4102    17.2      95   -0.01   -0.01    0.00    0.00     100
    4103    16.5      94   -0.01   -0.01    0.00    0.00     100
    4104    16.1      95    0.01    0.01    0.00    0.00     100
    4105    16.1      94    0.01   -0.01    0.00    0.00     100
    4106    16.1      96    0.01    0.02    0.00    0.00     100
    4107    15.9      97    0.00    0.00    0.00    1.53     100
    4108    15.8      96    0.00    0.00    1.10    9.44     100
    4109    15.9      96   -0.01    0.00    1.04   23.28     100
    4110    16.3      95   -0.02    0.00    0.62   29.83     100
    4111    16.8      93   -0.02    0.00    1.17   57.53     100
    4112    17.7      91    0.02    0.00    9.03  182.74     100
    4113    19.3      86    0.02   -0.02    4.95  176.49     100
    4114    19.8      86   -0.02    0.00    3.88  175.97     100
    4115    20.2      96    0.00   -0.01    0.58   73.88     100
    4116    19.9      94    0.03    0.01    0.28   52.65     100
    4117    18.2      97    0.00    0.00    0.35   58.27     113
    4118    18.5      95    0.00   -0.02    3.43  170.57     100
    4119    20.1      94   -0.01    0.00   57.61  300.66     100
    4120    21.6      93   -0.01    0.01    5.51  167.46     100
    4121    21.6      94   -0.01    0.02    3.79  112.59     100
    4122    21.1      97   -0.02   -0.02    0.16   17.32     100
    4123    18.7      98   -0.03   -0.03    0.00    0.00     100
    4124    18.9      97   -0.01    0.04    2.17   19.92     100
    4125    17.8      98    0.06   -0.01    0.00    0.62     100
    4126    16.4      99   -0.04    0.02    0.00    0.00     100
    4127    15.4      98   -0.02   -0.02    0.00    0.00     100
    4128    14.5      98   -0.02   -0.04    0.00    0.00     100
    4129    13.2      97   -0.01    0.02    0.00    0.00     100
    4130    13.0      97   -0.02   -0.01    0.00    0.01     100
    4131    13.1      99    0.00    0.02    0.00    0.22     100
    4132    12.8      92   -0.03    0.02    0.14    3.34     100
    4133    12.8      95   -0.02    0.00    0.98   22.58     100
    4134    13.1      97    0.02   -0.01    3.86   73.69     100
    4135    14.3      97    0.02    0.01   22.63  169.10     100
    4136    15.3      95   -0.02   -0.02   13.59  197.94     100
    4137    16.2      89    0.04    0.01  116.49  300.17     100
    4138    17.9      79    0.02    0.05   40.13  309.91     100
    4139    18.8      86   -0.05    0.00    7.56  250.06     100
    4140    17.0      88    0.06    0.01    3.56  185.95     100
    4141    16.4      83    0.03   -0.04    9.49  267.71     100
    4142    17.5      80   -0.03    0.02   13.29  270.71     100
    4143    18.6      88    0.00    0.00   12.34  241.78     100
    4144    16.2      96    0.00    0.04    1.38   84.65     100
    4145    15.6      95    0.02    0.02    1.79   77.71     100
    4146    14.8      95    0.02    0.02    1.46   52.17     100
    4147    14.1      96   -0.03    0.00    1.93   38.65     100
    4148    14.0      96   -0.01   -0.02    1.74   17.92     100
    4149    13.6      97    0.00    0.02    0.00    3.18     100
    4150    13.4      98    0.01    0.00    0.00    0.00     100
    4151    13.4      98   -0.01   -0.02    0.00    0.00     100
    4152    13.2      98    0.01    0.02    0.00    0.00     113
    4153    12.6      99   -0.01    0.03    0.00    0.00     113
    4154    12.4      99   -0.02   -0.01    0.00    0.01     100
    4155    12.6      99   -0.01    0.01    0.00    1.40     100
    4156    12.9      99   -0.01    0.01    1.38   10.45     113
    4157    13.3      99   -0.01    0.00    2.32   34.43     100
    4158    13.6      96   -0.01    0.00    4.49   79.26     100
    4159    14.8      91    0.00   -0.02   81.01  195.40     100
    4160    17.2      84   -0.02   -0.02  724.59  120.31     100
    4161    19.2      80   -0.03    0.00   72.89  292.81     100
    4162    19.6      73   -0.03   -0.02   46.63  315.21      75
    4163    20.1      63    0.03   -0.02  481.86  265.44      75
    4164    21.5      60    0.03    0.02  387.18  309.21      63
    4165    21.8      54   -0.03   -0.02  128.92  367.29      38
    4166    22.1      46    0.04   -0.02   10.34  258.01      63
    4167    22.9      49   -0.01   -0.05  106.66  313.80      50
    4168    22.3      65   -0.01    0.03   55.91  257.98     100
    4169    22.4      64    0.01    0.04  258.83  206.41      38
    4170    23.3      66    0.04   -0.01  119.90  162.04      75
    4171    22.8      74    0.01    0.04    4.22   56.93      25
    4172    21.7      74    0.03   -0.03    4.05   27.22       0
    4173    18.4      79   -0.01   -0.01    0.00    3.58       0
    4174    15.7      78   -0.01    0.00    0.00    0.00       0
    4175    13.6      83   -0.01    0.00    0.00    0.00       0
    4176    12.3      91    0.00    0.00    0.00    0.00       0
    4177    11.3      94    0.00    0.00    0.00    0.00       0
    4178    10.5      95    0.00    0.00    0.00    0.00       0
    4179     9.8      85    0.00    0.00    0.00    1.55       0
    4180     9.4      76    0.00    0.00    4.20   17.93       0
    4181     9.9      80    0.00    0.00    4.23   46.07       0
    4182    12.7      55    0.00    0.00  397.34   60.61       0
    4183    17.1      45   -0.01    0.01  553.29  130.28       0
    4184    19.8      46    0.00    0.01  657.85  137.34       0
    4185    22.0      49    0.01   -0.01  697.10  150.84       0
    4186    23.7      47   -0.01   -0.01  733.64  157.38       0
    4187    24.9      48    0.01    0.02  777.71  154.50      13
    4188    26.0      46    0.04    0.00  778.52  158.63      13
    4189    26.1      43    0.01    0.03  766.23  160.43       0
    4190    27.3      38    0.02   -0.02  733.60  162.32       0
    4191    28.6      41   -0.01   -0.03  688.05  161.24       0
    4192    28.2      34    0.01    0.00  621.51  157.75       0
    4193    27.2      50   -0.03    0.01  443.58  169.31       0
    4194    26.6      57    0.01   -0.05   51.61  153.21       0
    4195    26.5      59    0.01    0.03    3.58   52.59       0
    4196    25.9      67    0.02    0.01    3.81   26.43       0
    4197    22.0      71    0.01   -0.01    0.00    2.97       0
    4198    18.7      76    0.00    0.00    0.00    0.00       0
    4199    16.5      80    0.00    0.00    0.00    0.00       0
    4200    15.1      86    0.00    0.00    0.00    0.00       0
    4201    14.1      85    0.00    0.00    0.00    0.00       0
    4202    13.4      86    0.00    0.00    0.00    0.00      13
    4203    12.8      85    0.00    0.00    0.00    1.59       0
    4204    12.5      86    0.00    0.00    3.58   16.43       0
    4205    12.8      78    0.00    0.00    2.98   38.60       0
    4206    14.9      62   -0.01    0.01  557.48   60.40       0
    4207    20.9      61   -0.01    0.02  603.14  119.29      13
    4208    26.0      59   -0.02    0.00  680.93  131.05      13
    4209    26.6      49    0.02    0.00  651.24  164.95     100
    4210    27.3      45   -0.01    0.01  605.70  201.91     100
    4211    27.8      57    0.01    0.03  284.89  333.83     100
    4212    27.2      41   -0.01   -0.02  302.83  337.84      63
    4213    29.3      41   -0.01    0.01  859.19  139.83      63
    4214    29.2      38   -0.03   -0.02  160.58  346.20      63
    4215    29.1      36    0.01    0.02  333.37  277.66     100
    4216    29.0      39   -0.01    0.00  633.99  154.11      88
    4217    31.2      36   -0.01   -0.03  489.98  158.59       0
    4218    32.1      44    0.00    0.00   36.51  147.18      13
    4219    29.5      64   -0.02    0.00    6.81   70.38      38
    4220    29.4      72    0.01    0.01    4.82   29.66       0
    4221    24.9      82    0.00    0.00    0.00    3.51       0
    4222    22.1      88    0.00    0.00    0.00    0.00       0
    4223    21.0      77    0.05   -0.01    0.00    0.00       0
    4224    19.4      76   -0.03    0.02    0.00    0.00       0
    4225    17.5      74   -0.03    0.02    0.00    0.00       0
    4226    15.7      71   -0.03    0.01    0.00    0.00       0
    4227    14.2      72    0.02    0.02    0.00    1.47       0
    4228    13.2      68    0.01    0.03    3.80   16.72       0
    4229    13.3      67   -0.04    0.01    2.72   36.75       0
    4230    15.2      57    0.00   -0.03   23.35  119.81       0
    4231    20.6      54   -0.02   -0.03  626.67  114.02       0
    4232    25.0      49    0.01    0.05  700.96  125.68       0
    4233    26.7      51    0.03    0.03  737.34  138.63       0
    4234    28.1      56   -0.02   -0.04  671.49  178.10     100
    4235    29.1      52    0.02   -0.05  548.48  238.95      63
    4236    30.5      43   -0.01    0.05  766.61  162.19      63
    4237    31.1      52    0.00    0.02  607.45  219.19      75
    4238    30.9      44   -0.01   -0.03  495.49  249.79      38
    4239    30.7      35    0.01   -0.03  639.57  177.17      13
    4240    31.4      48    0.01    0.00  275.40  252.17       0
    4241    29.3      54   -0.01    0.00   12.60  168.70       0
    4242    26.3      62   -0.01    0.02    5.85  103.12     100
    4243    26.1      69    0.01   -0.01    4.27   57.30      75
    4244    26.8      78    0.00    0.00    4.33   28.11      38
    4245    23.1      86    0.00    0.00    0.00    3.48     100
    4246    20.5      77   -0.01   -0.03    0.00    0.00      75
    4247    19.1      66    0.03    0.00    0.00    0.00      75
    4248    18.6      72    0.00    0.02    0.00    0.07      38
    4249    18.3      65    0.01    0.01    0.00    0.00       0
    4250    16.9      73    0.00    0.00    0.00    0.00       0
    4251    15.7      81    0.00    0.00    0.00    1.16       0
    4252    15.0      70    0.03   -0.02    3.92   16.76       0
    4253    15.1      64    0.02   -0.02    3.72   42.65       0
    4254    16.5      59   -0.02   -0.01   25.56  121.01       0
    4255    21.2      54    0.03   -0.02  521.79  136.21       0
    4256    25.1      51    0.01   -0.01  640.40  141.34       0
    4257    26.5      46   -0.04   -0.01  685.62  153.79       0
    4258    27.6      45   -0.05    0.02  673.48  177.22       0
    4259    28.4      50    0.00   -0.03  558.52  234.82      25
    4260    29.7      45    0.02   -0.05  445.16  286.70      38
    4261    30.6      47   -0.01    0.01  303.21  333.13      75
    4262    30.9      42    0.02    0.00   29.19  306.06      38
    4263    29.7      54    0.00    0.00   11.31  237.72     100
    4264    26.7      63   -0.03    0.01    1.05   74.04      50
    4265    20.6      70   -0.01   -0.04    3.48  108.07      63
    4266    21.7      80    0.00   -0.01    0.71   36.60      75
    4267    20.5      87    0.00    0.00    0.61   21.84     100
    4268    19.1      88   -0.01   -0.01    1.30   15.46     100
    4269    18.3      85    0.00   -0.03    0.00    2.32     100
    4270    17.6      88   -0.02    0.00    0.00    0.00      25
    4271    16.6      89   -0.02    0.03    0.00    0.00       0
    4272    15.8      89    0.02   -0.01    0.00    0.00       0
    4273    15.2      93    0.02    0.03    0.00    0.00       0
    4274    14.6      93    0.03    0.00    0.00    0.00       0
    4275    14.1      95   -0.03    0.03    0.00    1.81      25
    4276    14.0      95    0.03   -0.02   10.82   23.65      38
    4277    14.8      91   -0.04    0.00    0.00    0.00     100
    4278    16.9      87   -0.01   -0.03   55.53   65.49     100
    4279    20.1      78    0.03   -0.02  482.30  144.23      88
    4280    23.2      74   -0.05    0.02   91.16  248.55     100
    4281    23.8      71    0.05    0.00  354.21  257.53     100
    4282    25.6      69    0.06    0.01   47.29  314.35      63
    4283    23.4      71    0.05    0.02  125.67  360.69      75
    4284    25.0      67   -0.03    0.03  150.40  370.47     100
    4285    25.8      65   -0.03   -0.02  115.43  366.12      88
    4286    25.2      68   -0.02    0.03  124.39  347.23     100
    4287    24.9      73   -0.05   -0.01   47.38  294.42     100
    4288    22.5      84    0.04    0.00    3.37  131.54     100
    4289    17.6      89    0.00    0.02    4.76  126.02     100
    4290    17.3      91    0.01    0.01    3.42   79.35     100
    4291    17.2      93    0.00    0.02    1.32   32.06     100
    4292    16.7      94   -0.01   -0.01    1.46   16.36     100
    4293    16.2      96   -0.01    0.00    0.00    6.28     100
    4294    15.6      97   -0.01   -0.01    0.00    0.00     100
    4295    14.5      98    0.00    0.00    0.00    0.00     100
    4296    14.1      99    0.00    0.00    0.00    0.00     100
    4297    13.8      99    0.00    0.00    0.00    0.00      25
    4298    13.4      96   -0.01    0.00    0.00    0.01     100
    4299    12.6      97    0.00    0.00    0.00    1.59      13
    4300    11.3      97    0.00    0.00    0.00    0.00      25
    4301    12.0      92   -0.01   -0.01    7.58   57.04      63
    4302    13.6      89    0.01    0.01  176.43   68.84     100
    4303    17.0      74    0.00   -0.02  294.85  179.70      88
    4304    18.6      61    0.00    0.03  722.75  119.56     100
    4305    19.6      62    0.02   -0.01  235.93  286.01     100
    4306    18.3      59    0.02   -0.04  102.35  333.94     100
    4307    19.7      52   -0.01    0.02  446.77  277.58      38
    4308    20.2      53   -0.02   -0.02  294.24  339.64     100
    4309    20.0      57   -0.02   -0.03  189.49  360.98      75
    4310    20.0      49   -0.03    0.02  799.20  142.29      13
    4311    22.2      51    0.03   -0.02  264.02  295.42     100
    4312    21.2      84    0.00    0.00    4.62  153.63     100
    4313    16.2      87   -0.03    0.01  299.20  199.22     100
    4314    17.7      88    0.03    0.01    6.60  107.54     100
    4315    18.9      85   -0.02    0.01    3.21   49.62      25
    4316    18.2      90    0.00    0.02    2.33   20.52      50
    4317    14.6      92   -0.02    0.00    0.00    5.25      25
    4318    12.4      93   -0.01    0.03    0.00    0.19      25
    4319    12.5      90    0.01   -0.02    0.00    0.00      50
    4320    12.0      94    0.02   -0.02    0.00    0.00     100
    4321    11.9      94   -0.01   -0.03    0.00    0.00     100
    4322    12.1      95   -0.03    0.02    0.00    0.00     100
    4323    12.2      97    0.00   -0.05    0.00    0.67     100
    4324    12.2      98    0.01   -0.03    0.70    6.82     100
    4325    12.2      97    0.01   -0.03    1.49   26.59     100
    4326    12.6      97    0.00   -0.02    1.12   39.06     100
    4327    12.8      92   -0.02   -0.01    6.35  128.43     100
    4328    14.9      84   -0.02    0.02  100.96  248.79     100
    4329    15.7      79    0.04   -0.01  325.43  264.61     100
    4330    17.3      91    0.02   -0.04   20.47  280.38     100
    4331    16.1      93    0.03   -0.02   39.19  329.57     100
    4332    15.8      89    0.04   -0.03  275.23  345.02     100
    4333    16.6      77    0.00   -0.05  185.26  361.41      75
    4334    17.4      81   -0.03    0.05  167.01  344.79      88
    4335    15.9      94   -0.03    0.00    0.65   67.84     113
    4336    13.9      92   -0.04   -0.01   60.55  259.54     100
    4337    15.3      96   -0.01   -0.01   23.77  186.82     100
    4338    13.8      94    0.00   -0.03    2.03   61.29     100
    4339    13.8      94    0.02    0.02    1.89   38.17     100
    4340    13.1      96   -0.03    0.02    0.00    0.00     100
    4341    12.5      97   -0.03   -0.02    0.00    1.71     100
    4342    12.4      96    0.04    0.00    0.00    0.03     100
    4343    12.3      97    0.03    0.03    0.00    0.00     100
    4344    12.3      97   -0.02   -0.04    0.00    0.00     100
    4345    12.4      96   -0.05    0.02    0.00    0.00     100
    4346    12.4      96    0.04   -0.01    0.00    0.00     100
    4347    12.2      96   -0.04    0.01    0.00    0.54     100
    4348    12.3      95   -0.02    0.02    0.70    6.71     100
    4349    12.7      95   -0.02    0.02    0.00    0.00     100
    4350    13.8      89   -0.03    0.04  109.24   63.15     100
    4351    15.1      82    0.04   -0.04  368.07  165.82     100
    4352    16.4      77    0.05   -0.02  301.61  227.04     100
    4353    17.2      78   -0.05    0.04  168.06  295.31     100
    4354    17.5      67   -0.06    0.01  200.11  328.13      88
    4355    18.5      68    0.05    0.05  641.77  201.51      75
    4356    19.1      65   -0.08    0.03  401.71  302.26     100
    4357    18.7      65   -0.06    0.04  240.24  349.89     100
    4358    18.6      67   -0.06    0.01   17.08  281.75     100
    4359    16.4      62    0.00   -0.06   50.58  296.01     100
    4360    16.9      67    0.04   -0.02   41.73  249.21     100
    4361    16.4      73   -0.04    0.00   21.24  183.51     100
    4362    15.6      74    0.03    0.01    4.13   86.81     100
    4363    14.4      81    0.00    0.00    1.43   33.11     100
    4364    14.1      89    0.00    0.00    0.00    0.00      88
    4365    13.1      95   -0.01   -0.02    0.00    0.00      88
    4366    12.7      96   -0.02   -0.01    0.00    0.00     100
    4367    12.6      96   -0.02    0.00    0.00    0.00     100
    4368    12.7      98   -0.02    0.00    0.00    0.00     100
    4369    12.8      98    0.00    0.00    0.00    0.00     100
    4370    13.0      99    0.00    0.00    0.00    0.00      63
    4371    13.2      99    0.01    0.00    0.00    0.00      88
    4372    13.4      99    0.01    0.00    0.00    0.00      75
    4373    13.9      97   -0.01   -0.02    0.00    0.00     100
    4374    14.3      86    0.00   -0.03    0.00    0.00     100
    4375    14.9      80    0.02   -0.04    0.00    0.00     100
    4376    15.3      64    0.02   -0.04    0.00    0.00      50
    4377    15.6      62    0.05    0.04    0.00    0.00     100
    4378    16.2      56    0.06   -0.04    0.00    0.00     100
    4379    16.5      50    0.00   -0.07    0.00    0.00      88
    4380    17.0      50   -0.03    0.07    0.00    0.00     100
    4381    17.0      44    0.06   -0.03    0.00    0.00      63
    4382    17.3      50   -0.04    0.04    0.00    0.00     100
    4383    17.5      50   -0.04    0.07    0.00    0.00     100
    4384    17.3      51    0.00    0.05    0.00    0.00      75
    4385    15.8      51   -0.06   -0.04    0.00    0.00      75
    4386    15.0      53    0.02   -0.04    0.00    0.00      25
    4387    14.3      61    0.04    0.00    0.00    0.00      13
    4388    12.8      68   -0.03   -0.03    0.00    0.00      13
    4389    11.5      76   -0.03    0.01    0.00    0.00      50
    4390    10.9      78    0.02    0.01    0.00    0.00      13
    4391    10.8      83   -0.02    0.01    0.00    0.00       0
    4392    10.3      85    0.02    0.01    0.00    0.00       0
    4393    10.6      86    0.01   -0.02    0.00    0.00       0
    4394    10.6      89    0.00    0.02    0.00    0.00      13
    4395    10.2      92   -0.02   -0.01    0.00    0.00      13
    4396    10.3      85    0.02   -0.01    0.00    0.00       0
    4397    11.2      82   -0.03    0.01    0.00    0.00      13
    4398    11.4      81    0.02    0.02    0.00    0.00      38
    4399    11.6      73    0.03   -0.03   39.09  177.52      75
    4400    12.9      65    0.01   -0.06   66.67  240.56     100
    4401    14.1      64    0.04    0.00  100.65  294.52     100
    4402    14.6      65    0.01   -0.03   46.96  312.11     100
    4403    15.4      59   -0.04   -0.01  264.91  336.89     100
    4404    16.1      57   -0.03    0.01   61.84  355.39     100
    4405    16.3      62    0.01    0.02   61.65  351.10     100
    4406    15.8      61    0.03   -0.03    8.67  247.22     100
    4407    15.5      62    0.05    0.00    5.08  186.45     100
    4408    14.8      71   -0.01    0.02    5.47  166.29     100
    4409    14.5      66   -0.01   -0.03   79.18  213.51     100
    4410    14.7      68    0.02   -0.01   11.87  122.64     100
    4411    14.1      73   -0.01   -0.01    7.11   70.22     100
    4412    13.7      80    0.03    0.01    4.45   27.47     100
    4413    13.1      93    0.03    0.01    0.00    1.92     100
    4414    12.1      97   -0.04    0.04    0.00    0.01     100
    4415    11.9      96    0.00    0.03    0.00    0.00     100
    4416    11.9      97   -0.03   -0.02    0.00    0.00     100
    4417    11.7      98    0.02   -0.02    0.00    0.00     100
    4418    11.7      98    0.01    0.03    0.00    0.00     100
    4419    11.7      99    0.02    0.02    0.00    0.21     100
    4420    12.0      99   -0.01    0.03    0.19    3.33     100
    4421    12.5      98   -0.04    0.00    0.63   16.83     100
    4422    13.3      98    0.03    0.00    0.61   28.44     100
    4423    13.7      98    0.04   -0.01    1.47   62.34     100
    4424    14.0      97    0.04    0.04    1.60   83.41     100
    4425    14.5      97   -0.03    0.03   13.27  230.06     100
    4426    15.4      96   -0.04    0.04    3.00  152.92     100
    4427    15.2      96    0.00    0.04    2.33  145.14     100
    4428    15.3      93   -0.03    0.03    3.70  187.91     100
    4429    16.8      94    0.02   -0.05   15.84  292.84     100
    4430    16.1      94    0.01   -0.02    1.27  104.01     100
    4431    15.5      95    0.02   -0.01    2.01  118.00     100
    4432    15.5      95   -0.01   -0.01    3.46  132.73     100
    4433    15.2      96    0.00    0.02    1.89   79.33     100
    4434    14.8      96    0.01   -0.01    3.58   80.40     100
    4435    14.7      95    0.00    0.00    0.46   18.65     100
    4436    14.4      97    0.00    0.00    1.10   13.66     100
    4437    14.0      97    0.01    0.00    0.00    2.51     100
    4438    13.1      98    0.00    0.00    0.00    0.00     100
    4439    12.7      98    0.01    0.01    0.00    0.00     100
    4440    12.6      98   -0.01   -0.01    0.00    0.00     100
    4441    12.7      98    0.01    0.01    0.00    0.00     100
    4442    12.8      99    0.01    0.01    0.00    0.00     100
    4443    13.0      99   -0.01   -0.01    0.00    0.13     113
    4444    13.2      99   -0.01   -0.01    0.24    3.72     100
    4445    13.4      99   -0.01    0.03    1.08   21.77     100
    4446    13.9      99    0.04    0.01    0.93   34.76     100
    4447    14.3      99    0.05    0.00    0.86   47.81     113
    4448    14.9      98    0.00   -0.05    1.01   66.14     100
    4449    15.3      98   -0.04    0.04    0.62   62.29     100
    4450    15.6      97    0.04    0.04    0.85   81.65     100
    4451    16.2      97    0.04    0.05    1.08   98.97     100
    4452    16.5      96    0.00    0.06    4.58  208.53     100
    4453    17.0      92   -0.05    0.05   18.86  300.97     100
    4454    17.0      86   -0.05    0.04   83.47  340.08     100
    4455    17.3      75   -0.03    0.05   39.42  286.54     100
    4456    17.5      73    0.07    0.01   93.39  266.58     100
    4457    17.3      81   -0.07    0.00   79.62  212.90     100
    4458    15.8      84    0.07   -0.01    6.54  106.02     100
    4459    15.0      90   -0.01    0.05    0.00    0.00      75
    4460    14.3      87   -0.05   -0.04    4.58   27.33      75
    4461    12.8      85    0.05    0.05    0.00    3.82      13
    4462    11.5      87    0.02    0.03    0.00    0.00       0
    4463    10.9      90    0.00   -0.05    0.00    0.00     100
    4464    10.8      92    0.05   -0.01    0.00    0.00     100
    4465    10.3      92   -0.01   -0.04    0.00    0.00     100
    4466    10.6      94    0.05    0.00    0.00    0.00     100
    4467    10.6      95    0.04   -0.03    0.00    1.32     100
    4468    10.2      96    0.03   -0.02    5.87   17.81     100
    4469    10.3      93    0.03    0.04    0.00    0.00     100
    4470    11.2      94    0.00    0.05    6.99   90.77     100
    4471    11.8      86    0.04    0.04   70.86  186.73     100
    4472    12.8      82    0.00    0.05  140.05  246.41     100
    4473    13.7      90   -0.04    0.03   22.83  250.35     100
    4474    12.3      93   -0.03   -0.03   80.96  326.45     113
    4475    12.3      86    0.01   -0.06   63.25  344.42     100
    4476    13.7      90   -0.04   -0.02   39.53  337.43     100
    4477    13.2      91   -0.02   -0.05    5.64  227.94     100
    4478    12.3      96   -0.01   -0.06    2.01  130.07     100
    4479    11.6      98   -0.05    0.02    0.84   76.23     100
    4480    11.8      95   -0.04    0.03    0.94   69.53     100
    4481    12.6      93   -0.03    0.04    7.48  149.11     100
    4482    13.3      93   -0.03   -0.02    3.80   82.36     100
    4483    13.3      90   -0.02   -0.06    4.76   58.78     100
    4484    13.3      88    0.04   -0.05    3.45   23.50     100
    4485    12.9      92    0.02    0.00    0.00    1.83     100
    4486    11.7      93    0.00   -0.03    0.00    0.00     100
    4487    11.1      91   -0.02    0.03    0.00    0.00     100
    4488    11.4      91    0.01    0.03    0.00    0.00     100
    4489    10.5      94    0.02    0.03    0.00    0.00     100
    4490     9.8      91    0.03    0.05    0.00    0.00     100
    4491     9.4      91   -0.04   -0.01    0.00    0.48      25
    4492     8.7      86    0.04   -0.05    2.86   12.32       0
    4493     8.7      85    0.06    0.02    2.69   33.46       0
    4494    10.0      81   -0.08    0.00  521.96   60.68      50
    4495    11.9      74   -0.02   -0.07   83.45  188.21     100
    4496    13.4      80    0.07   -0.01  445.77  189.56     100
    4497    14.4      87    0.01   -0.06   98.18  291.79     100
    4498    12.9      87   -0.03    0.04  107.28  330.54     100
    4499    13.2      72    0.01   -0.06   16.48  288.33     100
    4500    13.3      73   -0.05   -0.01   65.58  355.55     100
    4501    13.6      63   -0.04    0.00   84.59  358.29     100
    4502    15.1      84   -0.02    0.03  187.96  339.72     113
    4503    13.2      76    0.02    0.05  109.27  311.18     100
    4504    13.7      90    0.00    0.02    5.47  165.37     100
    4505    12.8      80   -0.02   -0.04    7.98  151.29     100
    4506    11.8      80   -0.05    0.02  341.04  139.20      63
    4507    11.5      80   -0.02   -0.03    4.44   56.47      75
    4508    11.5      86    0.01   -0.01    5.70   29.69      38
    4509     9.8      88    0.02    0.00    0.00    2.53     100
    4510     8.6      92   -0.01   -0.01    0.00    0.00     100
    4511     8.4      94    0.02    0.02    0.00    0.03     100
    4512     8.1      95   -0.03    0.01    0.00    0.15     100
    4513     8.5      97    0.02   -0.05    0.00    0.01     100
    4514     8.0      95    0.01    0.04    0.00    0.01     100
    4515     8.4      97    0.02    0.04    0.00    0.26     100
    4516     8.7      97    0.04    0.04    0.45    4.83     100
    4517     8.8      95   -0.03    0.04    2.96   34.68     100
    4518     9.1      92   -0.03   -0.03    2.99   60.81     100
    4519     9.6      93    0.03    0.03   28.31  166.97     100
    4520    11.1      83   -0.01    0.07  279.29  227.37     100
    4521    12.1      74    0.07    0.02  266.93  274.68     100
    4522    12.8      74    0.00   -0.05  288.36  304.68     100
    4523    14.3      68    0.03    0.04  443.22  275.72     100
    4524    15.2      62    0.02    0.04  203.70  359.31     100
    4525    15.3      63   -0.02    0.02    6.99  245.38     100
    4526    11.9      66    0.06    0.01   55.95  327.74     100
    4527    14.7      67   -0.03   -0.01  441.47  241.66     100
    4528    16.3      69   -0.03    0.00  477.33  197.54     100
    4529    16.4      62    0.00   -0.02  565.57  138.50      75
    4530    16.7      54   -0.05   -0.02   81.76  155.95      13
    4531    16.0      62    0.01    0.03    4.90   58.93       0
    4532    15.5      72   -0.01    0.00    6.84   31.27       0
    4533    11.8      83    0.00    0.00    0.00    1.71      13
    4534     9.1      89    0.00    0.00    0.00    0.00       0
    4535     7.5      92   -0.01    0.00    0.00    0.00       0
    4536     6.3      96    0.01    0.01    0.00    0.00       0
    4537     5.6      97   -0.02    0.01    0.00    0.00     100
    4538     5.7      97   -0.01   -0.01    0.00    1.12     100
    4539     7.4      97    0.02    0.00    0.00    1.85     100
    4540     8.4      97   -0.01    0.00    3.87   13.80     100
    4541     9.5      92   -0.01    0.00    8.11   52.79     100
    4542    11.0      88    0.00    0.02   21.48  111.02     100
    4543    12.8      81    0.00    0.02   14.27  149.42     100
    4544    14.4      72   -0.02    0.01  578.73  153.51     100
    4545    17.2      60    0.02   -0.02  350.77  253.10      63
    4546    17.1      58   -0.01    0.02  164.15  328.63      63
    4547    17.7      58   -0.04   -0.01  686.43  182.63      38
    4548    18.6      54   -0.03    0.03  328.42  324.99      75
    4549    18.4      55    0.03    0.00  587.35  224.42      63
    4550    18.4      51    0.03   -0.02  246.04  327.26      63
    4551    17.9      57   -0.01    0.03  236.74  298.23     100
    4552    17.8      58   -0.02   -0.01  370.62  226.28     100
    4553    17.6      57   -0.01   -0.03  239.07  205.78     100
    4554    17.7      55   -0.02    0.00  133.66  158.01     100
    4555    18.1      68    0.00    0.00    2.96   45.72       0
    4556    17.7      77    0.00    0.00    3.70   23.34       0
    4557    13.2      87    0.00    0.00    0.00    1.63       0
    4558     9.7      93    0.00    0.00    0.00    0.00       0
    4559     8.0      94    0.00    0.00    0.00    0.00       0
    4560     6.8      93    0.00    0.00    0.00    0.00       0
    4561     6.1      94    0.00    0.00    0.00    0.00      25
    4562     5.4      97    0.00    0.00    0.00    0.00      13
    4563     4.9      97    0.00    0.00    0.00    0.42      75
    4564     4.6      99    0.00    0.00    0.00   11.66      13
    4565     4.8      94    0.00    0.00    2.76   32.65       0
    4566     6.5      69    0.02   -0.01   22.82  111.27       0
    4567    12.7      66   -0.03    0.00  573.27  119.67      50
    4568    16.5      60    0.00   -0.01  646.89  135.11     100
    4569    17.4      54    0.01    0.00  190.70  287.18      75
    4570    17.0      48   -0.02   -0.01  383.63  275.04      38
    4571    17.1      53    0.00    0.00   62.04  341.61     100
    4572    18.3      40    0.01    0.00   43.02  338.91     100
    4573    18.6      51    0.01   -0.02   94.73  359.05      88
    4574    19.2      49    0.01   -0.01   18.11  281.49      88
    4575    18.3      57    0.03    0.00   24.78  267.29     100
    4576    18.1      64   -0.02   -0.01    8.26  188.33     100
    4577    16.6      66   -0.03    0.01    9.11  154.89     100
    4578    15.6      85    0.02   -0.03    2.07   60.20     113
    4579    13.9      85    0.00    0.01    2.14   38.71     100
    4580    14.3      86    0.02    0.00    0.49    8.40     100
    4581    12.6      87    0.01   -0.02    0.00    0.63     100
    4582    11.7      86    0.02   -0.02    0.00    0.00     100
    4583    10.9      88   -0.01   -0.02    0.00    0.00     100
    4584    10.6      91   -0.01   -0.01    0.00    0.00     100
    4585    10.5      94    0.04    0.00    0.00    0.00     100
    4586     9.8      95   -0.02    0.03    0.00    0.00     100
    4587     9.8      94   -0.03    0.00    0.00    0.15     100
    4588     9.0      94   -0.03    0.01    0.00    8.92       0
    4589     8.4      92    0.03    0.01    5.42   44.91      38
    4590    10.1      85    0.00    0.00  296.38   63.88      38
    4591    13.7      74    0.01   -0.05  373.69  158.48     100
    4592    15.7      76    0.01   -0.02  113.18  242.28     100
    4593    16.2      79    0.03   -0.02   13.95  228.41     100
    4594    14.5      79   -0.05   -0.01  252.18  311.94      75
    4595    15.8      74    0.03   -0.01  427.21  280.20     100
    4596    17.3      67    0.05   -0.02  352.47  315.90     100
    4597    17.7      59   -0.04    0.03  342.36  315.78     100
    4598    17.1      60    0.04    0.01  301.41  311.61     100
    4599    17.9      57   -0.03    0.04  313.37  278.83      38
    4600    16.5      60   -0.04    0.01  175.63  263.67      75
    4601    16.7      55    0.05    0.02  133.10  213.78      75
    4602    16.2      66   -0.01   -0.04   98.04  155.66      25
    4603    15.8      76   -0.02    0.01    3.87   51.44      50
    4604    14.8      83    0.02   -0.01    4.37   24.49       0
    4605    13.1      90   -0.02    0.00    0.00    2.00       0
    4606    11.7      93    0.01    0.02    0.00    0.00       0
    4607    10.7      95   -0.02    0.01    0.00    0.00       0
    4608    10.3      96   -0.02   -0.01    0.00    0.00       0
    4609     9.8      97   -0.01   -0.01    0.00    0.00     113
    4610     9.7      98    0.02   -0.01    0.00    0.00      25
    4611     9.2      98    0.00    0.01    0.00    0.19      38
    4612     9.0      97   -0.02    0.00    0.00   11.89       0
    4613     9.4      93   -0.01    0.03    3.45   35.47       0
    4614    10.7      79    0.05   -0.01  457.11   69.15     100
    4615    13.0      73    0.01   -0.05  292.60  171.37     100
    4616    14.2      67    0.00   -0.05  290.13  222.29      75
    4617    15.0      63    0.00    0.04  170.49  288.00      75
    4618    15.4      59    0.05   -0.03  642.38  183.75     100
    4619    16.8      59    0.05   -0.03  299.40  322.48     100
    4620    16.2      62    0.06   -0.05   67.05  353.48     100
    4621    16.3      58   -0.03    0.05  376.07  303.74     100
    4622    16.9      62    0.01   -0.06  450.83  261.92     100
    4623    17.0      56    0.06   -0.05  268.63  289.60      88
    4624    16.7      55    0.01   -0.07  524.64  182.42      88
    4625    16.7      59    0.03    0.05  431.55  167.51      13
    4626    16.8      69   -0.01   -0.04   74.66  152.40     100
    4627    16.0      79    0.05    0.02    2.53   41.39      88
    4628    14.2      86   -0.02   -0.02    3.26   20.79     100
    4629    13.7      88    0.03   -0.01    0.00    2.12     100
    4630    13.0      90    0.04    0.02    0.00    0.00     100
    4631    12.5      91   -0.02   -0.03    0.00    0.00     100
    4632    12.3      92    0.02    0.03    0.00    0.00     100
    4633    12.2      94   -0.03    0.00    0.00    0.00     100
    4634    12.2      95   -0.01   -0.03    0.00    0.00     100
    4635    12.2      95    0.01   -0.01    0.00    0.36     100
    4636    12.3      94    0.02    0.02    0.00    8.76     100
    4637    12.4      89    0.03    0.01    9.43   51.74     100
    4638    13.0      83   -0.03   -0.02    8.57   91.15     100
    4639    13.9      75    0.05   -0.01   67.90  180.28     100
    4640    15.9      66    0.05   -0.02  595.05  147.18      75
    4641    17.3      66    0.05    0.03  381.28  242.02     100
    4642    18.1      65   -0.05   -0.01  301.69  297.91     100
    4643    18.9      59    0.02    0.04  458.31  267.73      75
    4644    19.8      62    0.04    0.02  197.15  357.62     100
    4645    19.8      59   -0.04   -0.02  260.96  339.30     100
    4646    18.7      65   -0.06    0.01  175.02  338.32     100
    4647    17.5      69   -0.05    0.01    7.18  210.27     100
    4648    16.2      75    0.04   -0.01    2.34  107.58     100
    4649    15.1      73   -0.04    0.00    7.77  147.75     100
    4650    16.0      71    0.02    0.00   35.12  140.14     100
    4651    15.7      75    0.03   -0.01    0.00    0.00     100
    4652    15.5      86    0.00    0.00    7.17   29.01     100
    4653    13.7      92    0.00    0.00    0.00    1.47      63
    4654    11.7      94   -0.01    0.00    0.00    0.00     100
    4655    10.2      96   -0.01   -0.01    0.00    0.00     100
    4656     9.8      96    0.01    0.02    0.00    0.00     100
    4657     9.7      91   -0.02    0.01    0.00    0.00     100
    4658     9.5      94    0.02   -0.02    0.00    0.01     100
    4659     9.9      96   -0.01    0.03    0.00    0.79     100
    4660    10.1      98   -0.02   -0.02    0.00    7.97     100
    4661    10.7      97    0.03   -0.01    8.34   49.55     100
    4662    11.8      95   -0.03    0.00    3.69   64.52     100
    4663    12.9      96    0.01   -0.03    2.02   69.93     100
    4664    13.4      96    0.01   -0.02    0.60   49.73     100
    4665    13.3      96    0.03    0.02    2.00  108.52     100
    4666    13.8      95    0.05    0.00    2.00  122.67     100
    4667    14.1      96   -0.05    0.01    0.98   93.03     100
    4668    13.7      94   -0.04   -0.04    0.85   89.42     100
    4669    13.7      96    0.03    0.01    0.47   65.91     100
    4670    13.5      97    0.00    0.04    1.11   95.45     100
    4671    14.2      95    0.04   -0.02    2.67  133.61     100
    4672    14.9      92   -0.03    0.02    5.01  156.07     100
    4673    15.6      93    0.02   -0.01    3.56  105.77     100
    4674    15.8      93   -0.01   -0.03   10.34  114.59     100
    4675    16.0      94    0.01   -0.03    0.00    0.00     100
    4676    15.4      95    0.02   -0.02    3.23   19.84     100
    4677    14.3      97   -0.03   -0.01    0.00    2.08     100
    4678    13.4      97   -0.01    0.03    0.00    0.00     100
    4679    13.3      97    0.03    0.01    0.00    0.00     100
    4680    13.2      98    0.04    0.00    0.00    0.00     100
    4681    12.9      98    0.03    0.01    0.00    0.00     100
    4682    12.6      97   -0.02   -0.02    0.00    0.00     100
    4683    12.4      97   -0.02    0.02    0.00    0.13     100
    4684    12.6      98    0.02   -0.02    0.00    2.66     100
    4685    12.9      99   -0.04    0.00    0.39   11.44     100
    4686    13.1      99    0.00   -0.04    0.35   19.94     100
    4687    13.3      98    0.02   -0.01    1.14   52.37     100
    4688    14.3      94   -0.01    0.02    4.84  138.95     100
    4689    16.3      90   -0.02    0.00   22.83  244.57     100
    4690    17.5      92    0.01    0.02   55.69  310.33     100
    4691    19.0      80    0.00    0.02  303.17  319.43     100
    4692    18.8      73    0.01    0.03  124.66  362.85      88
    4693    17.8      72   -0.01    0.02  428.43  283.31     100
    4694    18.6      70   -0.01   -0.02  108.63  339.02     100
    4695    18.2      74    0.00    0.02   18.41  252.85     100
    4696    17.8      84   -0.02   -0.01    6.34  172.56     100
    4697    17.4      83    0.01    0.01   12.58  162.51     100
    4698    17.2      85    0.02    0.00    6.50  101.47     100
    4699    16.1      83   -0.02    0.02    0.00    0.00     100
    4700    15.3      86    0.00    0.00    5.81   25.81     100
    4701    13.8      93    0.00    0.00    0.00    1.81     100
    4702    12.6      97    0.00    0.00    0.00    0.00     100
    4703    12.2      91   -0.02   -0.01    0.00    0.00     100
    4704    11.6      95    0.00    0.02    0.00    0.00     100
    4705    10.8      96   -0.01    0.01    0.00    0.00     100
    4706    10.2      98    0.00    0.02    0.00    0.00     100
    4707     8.9      99    0.01   -0.01    0.00    0.15     100
    4708     8.7      99    0.02    0.00    0.00    6.29     100
    4709     9.7      98   -0.02   -0.01    0.78   16.01     100
    4710    10.8      98    0.00    0.02    1.26   37.23     100
    4711    12.2      96    0.01    0.02    1.82   65.68     100
    4712    13.1      96   -0.02    0.01    0.92   60.94     100
    4713    13.3      90   -0.02    0.00    2.39  117.64     100
    4714    14.4      82   -0.02   -0.01    8.17  229.02     100
    4715    16.3      75    0.01   -0.03   14.79  278.35     100
    4716    17.5      69   -0.01    0.02   79.83  355.55     100
    4717    18.8      75    0.03   -0.01  133.14  358.21     100
    4718    19.9      69    0.01   -0.03  120.19  339.08     100
    4719    21.1      63    0.01    0.02  367.35  260.72     100
    4720    20.8      65   -0.02   -0.03  340.75  229.80      88
    4721    21.3      71   -0.01   -0.03  345.97  182.81     100
    4722    21.8      75    0.01    0.02  108.97  152.24     100
    4723    21.4      76    0.01   -0.02    0.00    0.00      88
    4724    21.3      91    0.00    0.00   11.76   29.65       0
    4725    17.5      91   -0.01    0.02    0.00    1.12       0
    4726    15.5      93    0.01    0.00    0.00    0.00       0
    4727    14.1      95    0.00    0.00    0.00    0.00       0
    4728    12.9      97    0.01    0.01    0.00    0.00       0
    4729    11.9      98    0.00    0.00    0.00    0.00       0
    4730    11.4      99    0.00    0.00    0.00    0.00       0
    4731    11.0      99    0.00    0.00    0.00    0.07       0
    4732    10.3      99    0.00   -0.02    0.00    9.89      25
    4733    10.0      99    0.01   -0.01    3.95   34.99     113
    4734    11.3      90    0.02    0.01  342.02   58.98       0
    4735    15.5      76   -0.01    0.00  513.68  127.19       0
    4736    17.1      68   -0.02    0.00  389.48  196.58       0
    4737    18.8      72   -0.01    0.03  695.10  144.33      75
    4738    20.5      62   -0.01   -0.02  781.01  137.67      38
    4739    21.0      58    0.03    0.00  795.76  144.54      50
    4740    21.3      59    0.03   -0.02  695.07  182.53     100
    4741    22.9      52    0.03    0.02  798.77  146.78      38
    4742    23.0      47    0.02   -0.03  690.11  172.68       0
    4743    23.2      46    0.02    0.02  697.71  153.66       0
    4744    22.2      49   -0.02   -0.02  580.73  164.00       0
    4745    22.5      50   -0.01   -0.03  503.30  148.61       0
    4746    22.4      55    0.01    0.00   62.72  146.08       0
    4747    22.0      67    0.00    0.00    3.24   44.51       0
    4748    19.8      77    0.00    0.00    1.95   14.09       0
    4749    16.8      87    0.00    0.00    0.00    0.99       0
    4750    14.4      90    0.00    0.00    0.00    0.00       0
    4751    13.6      89    0.00    0.01    0.00    0.00       0
    4752    12.3      90    0.01    0.01    0.00    0.00     100
    4753    11.4      92   -0.02    0.01    0.00    0.00     100
    4754    10.9      91   -0.01   -0.01    0.00    0.00     100
    4755    11.0      92   -0.01    0.01    0.00    0.17     100
    4756    11.1      91   -0.01    0.01    0.00    9.98     100
    4757    11.5      89   -0.01    0.01    0.00    0.00     100
    4758    13.4      84    0.01    0.03    0.00    0.00      25
    4759    16.3      74    0.02    0.01  323.41  161.07       0
    4760    19.0      71   -0.03    0.00  856.25   90.06      75
    4761    22.1      67    0.03   -0.02  140.93  284.73      75
    4762    21.7      66    0.02   -0.02  121.44  323.30     100
    4763    21.0      60    0.01   -0.03   75.32  341.47     100
    4764    21.5      63    0.03    0.00   34.45  324.75     100
    4765    22.2      71    0.02   -0.02   40.76  328.03     100
    4766    21.9      68    0.01   -0.02   58.11  322.87     100
    4767    22.8      66   -0.02    0.01  593.39  186.98     100
    4768    23.6      61    0.01   -0.02  278.89  242.18     100
    4769    23.3      62    0.02    0.01  175.99  206.35     100
    4770    23.0      58   -0.02    0.02  112.13   62.95     100
    4771    24.8      69    0.00    0.01    0.00    0.00      75
    4772    23.5      73    0.01    0.02    0.00    0.00     100
    4773    19.8      80    0.03    0.00    0.00    0.36      88
    4774    16.8      82   -0.01    0.03    0.00    0.00     100
    4775    14.9      83   -0.01    0.03    0.00    0.00      13
    4776    14.2      85    0.02   -0.03    0.00    0.00     100
    4777    14.0      87    0.04    0.00    0.00    0.00      25
    4778    13.7      90   -0.04    0.00    0.00    0.00      13
    4779    13.0      91   -0.01    0.04    0.00    0.63     100
    4780    13.1      87    0.03    0.02    0.00   11.78     100
    4781    13.7      84    0.02   -0.04    5.50   39.62     100
    4782    15.2      82    0.00    0.02    2.98   55.44     100
    4783    17.0      77    0.01    0.00   54.94  170.82     100
    4784    19.1      73   -0.01    0.02   52.71  222.62     100
    4785    20.4      68    0.00   -0.02   65.95  274.59     100
    4786    22.3      65   -0.01   -0.03   51.06  304.31     100
    4787    24.6      55    0.03   -0.01  137.90  348.36     100
    4788    25.3      59   -0.04   -0.04  197.41  353.21     100
    4789    25.8      55   -0.04    0.06   72.47  346.90      50
    4790    23.0      58    0.00   -0.06    6.44  221.99     100
    4791    21.5      61    0.03   -0.02  110.39  303.50     100
    4792    24.3      63    0.02    0.04   34.83  234.46      88
    4793    24.1      70    0.03    0.01    7.18  141.16     100
    4794    22.9      73    0.00    0.02   14.43  118.24     100
    4795    23.1      82    0.00    0.00   16.98   54.53      88
    4796    20.0      83    0.02    0.00    1.62   12.13     100
    4797    17.7      85   -0.01   -0.02    0.00    0.42     100
    4798    17.2      84   -0.03    0.03    0.00    0.00     100
    4799    16.7      87    0.00   -0.04    0.00    0.00     100
    4800    16.4      87    0.02    0.00    0.00    0.00     100
    4801    16.1      88    0.01   -0.01    0.00    0.00     100
    4802    15.7      94    0.02    0.01    0.00    0.00     100
    4803    15.2      97    0.00    0.00    0.00    0.13     100
    4804    15.5      98    0.00    0.01    0.00    5.55     100
    4805    15.6      98    0.00    0.01    0.39   10.49     100
    4806    15.4      96    0.02    0.01    0.79   28.52     100
    4807    14.4      97    0.04    0.02    1.11   50.11     113
    4808    14.5      91   -0.02    0.03    8.80  167.78     100
    4809    15.4      89    0.02   -0.02    4.79  163.49     100
    4810    16.4      76    0.02   -0.02   29.99  284.34     100
    4811    17.3      69    0.03   -0.01   57.22  331.76     100
    4812    18.2      60    0.01   -0.06  248.18  341.44     100
    4813    18.4      59   -0.01    0.06  119.30  354.81     100
    4814    18.9      59    0.04    0.04  675.87  176.47     100
    4815    18.6      56   -0.02   -0.07  610.40  180.39     100
    4816    17.9      59   -0.04   -0.06  421.29  206.46      38
    4817    17.7      64    0.02   -0.04  396.06  169.64     100
    4818    17.7      62    0.03    0.02  118.48  148.50      50
    4819    16.5      70    0.03    0.02    5.31   54.72      38
    4820    15.2      85    0.01   -0.02    3.16   16.32      13
    4821    13.4      89    0.01   -0.01    0.00    1.03      38
    4822    12.3      93   -0.02    0.01    0.00    0.00      38
    4823    11.4      95   -0.02    0.00    0.00    0.00     113
    4824    10.5      96    0.01    0.01    0.00    0.00     100
    4825    10.3      97    0.03    0.01    0.00    0.00     100
    4826    10.2      98    0.01   -0.02    0.00    0.00     100
    4827    10.0      98    0.01    0.02    0.00    0.09     100
    4828    10.2      98    0.00   -0.02    0.00    8.83     100
    4829    10.3      93    0.01   -0.02    0.00    0.00      75
    4830    11.8      81    0.04    0.00    0.00    0.00      75
    4831    13.8      73    0.03    0.04  232.29  170.62     100
    4832    14.7      68    0.01   -0.04  468.07  174.40      88
    4833    15.9      64   -0.02    0.03  404.97  229.35      88
    4834    16.8      60    0.00    0.04  497.32  230.01     100
    4835    17.3      63    0.01    0.06  365.06  295.59     100
    4836    18.4      57   -0.04   -0.04  433.30  281.00     100
    4837    18.0      84   -0.08   -0.07  625.25  205.00      88
    4838    18.0      96   -0.01   -0.02   17.69  273.94     100
    4839    12.2      91   -0.01    0.01    0.95   78.64     100
    4840    12.9      88   -0.01   -0.03   71.83  251.40     100
    4841    14.0      92    0.02   -0.01   34.57  184.90     113
    4842    14.6      95   -0.03   -0.02   44.41  137.01     100
    4843    14.1      91    0.00    0.00    5.01   52.46     100
    4844    12.2      97    0.00    0.00    3.50   16.59      50
    4845    10.0      98    0.00    0.00    0.00    0.36       0
    4846     8.3      97    0.00    0.00    0.00    0.00       0
    4847     7.4      98    0.01    0.01    0.00    0.00       0
    4848     6.9      98    0.01   -0.01    0.00    0.00       0
    4849     6.2      98    0.00   -0.01    0.00    0.00       0
    4850     5.6      97   -0.01   -0.01    0.00    0.00       0
    4851     5.2      97    0.00    0.00    0.00    0.13       0
    4852     5.2      99    0.00    0.00    0.00    8.16       0
    4853     5.4      90    0.01    0.01    5.51   37.23       0
    4854     6.5      87   -0.02   -0.04  490.86   56.85       0
    4855    11.3      76   -0.02    0.01  682.25   91.40       0
    4856    15.7      66   -0.03   -0.01  744.84  105.96       0
    4857    17.2      65   -0.03    0.00  821.79  111.09      38
    4858    18.0      91    0.01    0.00   89.19  316.05     100
    4859    14.1      71    0.01    0.00    8.27  244.21     100
    4860    13.8      61    0.00    0.02  156.62  356.08      75
    4861    16.0      80   -0.01    0.00   78.19  346.33     100
    4862    15.7      72   -0.03    0.01   62.79  321.89     100
    4863    17.5      71   -0.02   -0.01  852.15  115.21     100
    4864    18.3      57    0.08    0.02  554.78  168.44      38
    4865    17.3      54    0.05   -0.04  546.28  135.65       0
    4866    16.8      60    0.03    0.04   88.48  144.58       0
    4867    17.1      65    0.03   -0.02    3.48   43.24       0
    4868    16.4      75    0.01   -0.01    3.79   16.61       0
    4869    11.9      83   -0.02    0.00    0.00    0.17       0
    4870     9.7      94   -0.02    0.00    0.00    0.00      88
    4871     9.9      96    0.00    0.00    0.00    0.03      75
    4872    10.6      97   -0.01    0.01    0.00    0.00     100
    4873    11.0      98    0.01   -0.02    0.00    0.00     100
    4874    10.5      98   -0.01    0.01    0.00    0.00     100
    4875    10.1      99   -0.01    0.01    0.00    0.07     100
    4876    10.0      99    0.01    0.01    0.00    5.31     100
    4877    10.1      99    0.01   -0.01    4.38   32.52     100
    4878    10.4      97    0.01    0.02   12.35   89.29     100
    4879    12.3      92    0.01    0.02   24.89  150.69     100
    4880    14.6      73    0.04    0.00  321.77  206.02     100
    4881    17.4      65    0.00   -0.04  349.08  242.85     100
    4882    17.7      83    0.00   -0.02    7.33  218.20     100
    4883    15.2      86    0.03    0.05   84.15  339.66     100
    4884    16.2      69   -0.03   -0.06   39.67  326.55     100
    4885    17.6      49   -0.08    0.03  719.34  169.63     100
    4886    18.1      50   -0.05   -0.07  817.78  132.68      38
    4887    18.0      46   -0.04   -0.06  764.17  132.04       0
    4888    17.6      47    0.07    0.04  639.94  144.21       0
    4889    17.4      54    0.01   -0.07  525.20  139.56      13
    4890    17.6      56   -0.01   -0.06  172.62  143.98      38
    4891    16.6      69   -0.01    0.01    0.00    0.00      75
    4892    16.1      81    0.00    0.00    4.16   16.68     100
    4893    14.4      86    0.00    0.00    0.00    0.40     100
    4894    12.8      91    0.01    0.01    0.00    0.00     100
    4895    11.1      90    0.01    0.00    0.00    0.00     100
    4896    10.7      90    0.01    0.01    0.00    0.01     100
    4897    11.1      93   -0.02    0.00    0.00    0.15     100
    4898    11.3      96   -0.02   -0.01    0.00    0.15     100
    4899    11.5      96    0.00    0.02    0.00    0.01     100
    4900    11.9      98    0.05   -0.01    0.00    1.62     113
    4901    12.0      98   -0.04    0.00    0.41    9.81     100
    4902    12.2      98    0.00    0.04    0.22   14.31     100
    4903    12.5      97    0.00   -0.02    1.08   48.22     100
    4904    12.7      96   -0.01    0.02    1.54   75.92     100
    4905    12.9      96   -0.03   -0.01    1.20   81.20     100
    4906    13.4      96    0.00    0.03    0.76   73.90     100
    4907    13.4      97   -0.01    0.03    1.39  107.76     100
    4908    13.7      97   -0.02    0.00    0.78   83.57     100
    4909    13.8      97    0.00    0.00    1.35  108.71     100
    4910    14.8      98    0.00    0.02   17.22  270.41     100
    4911    16.4      95   -0.03    0.00   14.83  237.60     100
    4912    15.4      97   -0.01    0.04    5.21  153.43     100
    4913    14.4      95    0.04   -0.01   47.05  188.74     100
    4914    14.4      88    0.00    0.02   15.81  115.39     100
    4915    14.1      89   -0.02    0.01    7.09   57.64      13
    4916    14.8      97    0.00    0.01    3.84   15.34       0
    4917    11.1      99   -0.01   -0.03    0.00    0.50      25
    4918     9.8      95    0.03   -0.01    0.00    0.00       0
    4919     9.3      95   -0.02    0.01    0.00    0.00       0
    4920    10.9      94    0.00   -0.02    0.00    0.00       0
    4921     9.5      90    0.00   -0.02    0.00    0.00       0
    4922     7.8      92    0.01    0.02    0.00    0.00       0
    4923     6.8      96    0.01    0.01    0.00    0.00       0
    4924     6.4      98   -0.01   -0.02    0.00    6.66      88
    4925     7.2      99    0.01    0.02    4.30   30.67     113
    4926     8.7      99    0.01   -0.02    6.62   75.50     100
    4927    10.4      91   -0.02    0.02    8.96  124.09     100
    4928    13.0      84    0.01    0.03  368.16  194.19      88
    4929    15.6      73    0.03    0.01  521.90  191.91      75
    4930    18.1      63    0.02   -0.03  639.69  178.54       0
    4931    18.4      57    0.03    0.01  689.42  175.42      38
    4932    19.3      57   -0.04    0.00  532.84  240.72      88
    4933    19.4      54    0.04    0.00  523.62  241.56     100
    4934    19.6      52   -0.03   -0.01  511.23  232.83      63
    4935    19.7      61    0.02   -0.02  145.25  298.10      75
    4936    19.5      58   -0.02    0.01  148.35  253.44     100
    4937    19.2      65    0.01    0.01   76.22  196.32     100
    4938    18.6      74   -0.01   -0.01   33.72  128.00      38
    4939    18.5      79    0.01   -0.01    6.83   56.09      13
    4940    16.9      84    0.01    0.01    3.08   13.38      13
    4941    13.7      86   -0.02   -0.01    0.00    0.03     100
    4942    12.5      86   -0.04   -0.01    0.00    0.00     100
    4943    12.5      84    0.04    0.02    0.00    0.00     100
    4944    12.4      87    0.02   -0.04    0.00    0.00     100
    4945    13.0      89   -0.05   -0.02    0.00    0.00     100
    4946    12.7      91    0.05   -0.03    0.00    0.00     100
    4947    12.8      92    0.05   -0.03    0.00    0.00     100
    4948    13.7      90    0.00   -0.06    0.00    1.41     100
    4949    13.8      85    0.04    0.07    5.81   34.59     100
    4950    14.7      87    0.07   -0.02    7.90   78.35     100
    4951    15.6      82   -0.09    0.01   49.12  160.84      88
    4952    17.8      84    0.04    0.07    9.00  163.65     100
    4953    18.5      81   -0.04    0.08    6.71  184.50     100
    4954    19.1      80   -0.10    0.01    1.13   89.34     100
    4955    18.2      92   -0.07   -0.05    0.94   88.24     100
    4956    17.5      86   -0.08   -0.02    1.87  128.19     100
    4957    17.9      81   -0.07    0.08    4.40  193.55     100
    4958    19.8      80    0.06   -0.08   35.97  299.05     100
    4959    21.1      92    0.06    0.03    2.56  126.20     100
    4960    17.6      97   -0.02    0.00    0.09   19.77     100
    4961    15.2      97   -0.02    0.01    0.84   48.71     100
    4962    15.2      97    0.00    0.02    0.95   36.74     100
    4963    15.2      97   -0.01   -0.01    1.45   26.34     100
    4964    15.1      96    0.02    0.00    2.99   12.84     100
    4965    14.6      98   -0.01   -0.02    0.00    0.32     100
    4966    14.3      96   -0.01   -0.01    0.00    0.01     100
    4967    14.3      96   -0.01    0.02    0.00    0.00     100
    4968    13.7      97    0.01    0.02    0.00    0.00     100
    4969    13.0      97    0.00    0.02    0.00    0.00     100
    4970    12.8      98   -0.01   -0.01    0.00    0.00     100
    4971    11.9      98   -0.02    0.00    0.00    0.05     100
    4972    12.0      98    0.01    0.02    0.00    6.35     100
    4973    12.8      96   -0.02    0.00    7.50   36.57     100
    4974    13.5      95    0.02    0.00    9.20   80.20     100
    4975    14.8      91   -0.01   -0.01   16.67  137.49     100
    4976    15.6      88   -0.02   -0.01   62.10  217.44     100
    4977    16.8      76   -0.02    0.00  161.84  274.17      50
    4978    18.7      73    0.02    0.02  585.25  195.85      38
    4979    21.0      67   -0.01    0.02  492.55  246.34     100
    4980    20.8      60   -0.01    0.03  381.88  294.82     100
    4981    21.8      59    0.02    0.02  165.52  346.47      63
    4982    21.5      54   -0.03   -0.02  168.87  327.08     100
    4983    21.9      57    0.03    0.01  416.17  237.72     100
    4984    22.4      65    0.01    0.01  541.25  168.57      75
    4985    22.7      61   -0.02   -0.04  542.34  132.58      88
    4986    22.4      66   -0.02    0.00  179.29  138.39       0
    4987    20.8      68    0.02    0.01    0.00    0.00      13
    4988    19.2      75    0.02    0.02    3.36   13.24      50
    4989    14.2      76   -0.03   -0.02    0.00    0.00     100
    4990    12.5      78   -0.04   -0.01    0.00    0.03     100
    4991    12.7      85    0.05   -0.03    0.00    0.54     100
    4992    14.8      92    0.01    0.06    0.00    0.00     100
    4993    14.3      93   -0.05    0.04    0.00    0.00     100
    4994    14.1      93   -0.03    0.06    0.00    0.00     100
    4995    14.0      92    0.04    0.07    0.00    0.00     100
    4996    13.7      93    0.05    0.08    0.00    3.82     100
    4997    13.6      92    0.09    0.01    7.12   35.04     100
    4998    14.3      92   -0.08   -0.03    1.17   31.46     100
    4999    14.7      96   -0.03   -0.09    0.32   25.44     100
    5000    14.6      97    0.04   -0.05    1.22   66.11     100
    5001    14.7      94   -0.03   -0.08    0.35   43.39     100
    5002    15.2      89   -0.07    0.03    1.74  109.93     100
    5003    16.4      89   -0.06   -0.04    1.44  108.36     100
    5004    16.8      87    0.06   -0.03    1.74  122.97     100
    5005    18.1      94   -0.01   -0.06    1.42  110.22     100
    5006    15.0      92    0.02   -0.03   12.57  252.76     100
    5007    16.1      85    0.01   -0.03   12.55  227.17     100
    5008    17.3      79    0.01   -0.03  105.97  249.25     100
    5009    17.7      69    0.04    0.01  144.46  196.59      88
    5010    17.7      74   -0.01    0.02   85.86  136.49     100
    5011    16.5      88   -0.01   -0.02    2.56   33.58      63
    5012    15.2      90    0.00    0.02    2.16   10.32     100
    5013    14.1      95    0.01    0.01    0.00    0.00      50
    5014    12.4      93   -0.02    0.01    0.00    0.00     100
    5015    12.0      97    0.01   -0.01    0.00    0.00     100
    5016    11.5      97    0.00    0.02    0.00    0.00      88
    5017    10.9      97   -0.01   -0.02    0.00    0.00      88
    5018    10.6      98    0.02   -0.01    0.00    0.00     100
    5019    10.6      97   -0.01    0.03    0.00    0.00     100
    5020    10.8      98    0.03   -0.03    0.00    0.75     100
    5021    11.1      97    0.04   -0.01   11.84   38.15     100
    5022    11.7      95   -0.01   -0.03    5.44   59.02     100
    5023    12.6      94   -0.02    0.03    4.84   97.06     100
    5024    12.5      91    0.04    0.00    4.00  118.09     100
    5025    13.4      85    0.00    0.03   34.80  246.13     100
    5026    14.9      90    0.00   -0.02   29.92  275.92     100
    5027    14.3      95    0.03   -0.03    3.14  158.86     100
    5028    13.0      95    0.05   -0.01    1.25  104.17     100
    5029    12.8      97   -0.03   -0.04    1.16   99.21     100
    5030    12.8      96    0.01   -0.04    1.63  111.07     100
    5031    13.8      95    0.04    0.02    4.49  164.25     100
    5032    14.5      91    0.05   -0.04   10.25  184.27     100
    5033    14.0      94   -0.05    0.02    1.95   72.50     100
    5034    13.6      96   -0.06   -0.01    0.68   30.06     100
    5035    13.2      94   -0.03    0.04    0.34   12.07     100
    5036    13.1      95    0.01    0.04    0.00    3.61     100
    5037    12.8      95    0.03    0.04    0.00    0.00     100
    5038    12.3      95    0.04    0.00    0.00    0.00     100
    5039    12.1      98    0.04    0.01    0.00    0.00     100
    5040    11.6      98   -0.03   -0.03    0.00    0.00     100
    5041    11.6      99    0.03    0.01    0.00    0.00     100
    5042    11.6      98   -0.01    0.03    0.00    0.00     100
    5043    11.9      98    0.02    0.03    0.00    0.00     100
    5044    12.1      96    0.04   -0.02    0.00    2.63     100
    5045    12.3      95   -0.02   -0.05    1.60   16.29     100
    5046    12.4      94    0.06   -0.02    1.68   36.63     100
    5047    12.6      94    0.04    0.02    2.90   74.81     100
    5048    13.2      90    0.01    0.05    8.70  158.81     100
    5049    14.4      82   -0.01    0.07    7.87  189.56     100
    5050    14.9      80    0.00   -0.06    5.50  192.12     100
    5051    15.6      78    0.06   -0.04    7.82  234.93     100
    5052    16.0      74    0.07   -0.03   17.38  284.34     100
    5053    16.3      70    0.07   -0.02   74.66  337.06     100
    5054    17.1      74    0.09    0.04  224.87  314.95     100
    5055    17.2      79   -0.04    0.06   17.65  238.90     100
    5056    16.1      81    0.04    0.04    7.32  169.37     100
    5057    15.5      86    0.03    0.05    2.26   77.26     100
    5058    14.4      91    0.02    0.04    1.39   42.50     100
    5059    13.6      93    0.05    0.02    0.17    8.39     100
    5060    13.2      95   -0.03    0.05    0.00    1.12     100
    5061    13.1      94   -0.04    0.03    0.00    0.00     100
    5062    13.3      93   -0.03    0.05    0.00    0.00     100
    5063    13.3      93    0.05    0.02    0.00    0.00     100
    5064    13.3      95    0.02    0.04    0.00    0.00     100
    5065    13.3      96    0.06   -0.01    0.00    0.00     100
    5066    13.2      97   -0.01   -0.04    0.00    0.00     100
    5067    13.1      98   -0.03    0.04    0.00    0.00      50
    5068    13.1      99    0.00    0.04    0.00    3.12      13
    5069    12.9      95   -0.02   -0.03    4.78   27.09      38
    5070    13.3      89    0.03   -0.04   10.59   78.25      25
    5071    15.9      83    0.02    0.03   96.09  163.18      88
    5072    16.5      73   -0.03    0.00   28.69  194.09      50
    5073    17.4      67    0.02    0.04  690.94  138.28      88
    5074    19.2      66    0.01   -0.03  581.63  194.39     100
    5075    20.0      61   -0.02   -0.02  817.78  134.15      25
    5076    21.0      57    0.02    0.02  732.25  163.52      25
    5077    21.7      54   -0.01   -0.01  330.16  304.55      63
    5078    22.2      53   -0.02    0.00  474.28  241.10      63
    5079    22.3      55    0.01    0.03  340.76  255.14      75
    5080    22.8      57   -0.02    0.00  603.98  148.46       0
    5081    22.6      55   -0.01    0.02   26.24  166.99      88
    5082    22.3      55    0.03   -0.02   47.73  125.31      25
    5083    23.2      75    0.00    0.00    2.81   33.00       0
    5084    20.2      81    0.00    0.00    0.00    8.03       0
    5085    15.3      71    0.00    0.00    0.00    0.00       0
    5086    13.4      80   -0.01    0.00    0.00    0.00       0
    5087    12.2      89    0.01    0.00    0.00    0.00       0
    5088    11.2      87    0.02    0.00    0.00    0.00       0
    5089    10.4      85   -0.01    0.02    0.00    0.00       0
    5090     9.9      75   -0.01   -0.02    0.00    0.00       0
    5091     9.4      70   -0.02    0.02    0.00    0.00       0
    5092     9.0      71    0.00   -0.02    0.00    3.49       0
    5093     9.0      74   -0.02    0.02    3.43   22.23       0
    5094     9.9      70   -0.03    0.02  483.14   53.26       0
    5095    14.1      65   -0.05    0.00  538.64  109.87       0
    5096    19.1      57    0.00    0.03  676.22  115.61       0
    5097    22.7      57   -0.03    0.00  752.26  121.58       0
    5098    24.1      56    0.00    0.04  786.17  130.31       0
    5099    24.9      55   -0.03    0.01  759.62  149.06     100
    5100    26.1      54    0.00   -0.02  345.94  302.11      88
    5101    26.1      56    0.00    0.02  229.12  330.41      13
    5102    25.5      53   -0.02    0.02  284.52  298.88      13
    5103    26.7      52   -0.03    0.03  526.57  199.19      75
    5104    26.1      49    0.05   -0.03   59.57  234.51     100
    5105    25.3      53   -0.02   -0.02   28.84  167.89      88
    5106    24.7      60    0.00    0.02   32.96  118.34      25
    5107    23.8      68   -0.02    0.00    3.11   33.91      38
    5108    20.9      78    0.01   -0.01    0.00   10.82       0
    5109    18.4      77    0.00    0.00    0.00    0.00     100
    5110    16.3      83   -0.01   -0.01    0.00    0.00      75
    5111    15.0      83    0.00   -0.02    0.00    0.00     100
    5112    14.1      85   -0.01    0.05    0.00    0.00     100
    5113    13.5      87    0.00   -0.05    0.00    0.00     100
    5114    13.0      88    0.00    0.04    0.00    0.00     100
    5115    12.5      86   -0.01    0.07    0.00    0.00      88
    5116    12.4      86    0.05    0.03    0.00    2.63     100
    5117    13.1      86    0.06    0.03   10.69   32.67      63
    5118    14.5      88    0.06    0.01  182.57   56.90     100
    5119    17.0      88   -0.03    0.02   30.53  143.14     100
    5120    17.5      91   -0.03   -0.02    2.59   93.06     100
    5121    17.4      95    0.02   -0.03    0.87   66.77     100
    5122    17.2      97    0.02   -0.01    0.80   73.20     100
    5123    17.2      95    0.01   -0.01    2.30  134.16     100
    5124    17.4      91   -0.02    0.00    2.95  156.93     100
    5125    16.6      84    0.04   -0.02    3.45  167.65     100
    5126    16.4      93   -0.02   -0.03    1.39  100.84     100
    5127    15.7      92   -0.01    0.03    2.63  123.85     100
    5128    15.6      87    0.00    0.03    4.35  133.90     100
    5129    16.6      84    0.02   -0.02    6.53  125.22     100
    5130    17.1      83    0.02   -0.01   20.17  108.91     100
    5131    17.2      88    0.02    0.00    5.17   42.48     100
    5132    15.9      96    0.01    0.00    0.00    9.08      63
    5133    14.2      95   -0.01   -0.02    0.00    0.01     100
    5134    14.4      94   -0.01   -0.03    0.00    0.00     100
    5135    14.1      94    0.00   -0.03    0.00    0.00      88
    5136    13.4      91   -0.02    0.02    0.00    0.00     100
    5137    11.9      94    0.01    0.02    0.00    0.00     100
    5138    11.0      94   -0.01   -0.02    0.00    0.00     100
    5139    11.1      95   -0.01    0.01    0.00    0.00     100
    5140    11.3      95    0.01   -0.02    0.00    1.71     100
    5141    11.7      93   -0.01    0.02    4.84   24.44     100
    5142    12.1      90    0.00   -0.03    0.00    0.00     100
    5143    13.4      81    0.00   -0.03    7.68  110.93     100
    5144    14.2      73   -0.04   -0.02   78.07  212.53     100
    5145    15.6      68    0.04    0.00   94.35  264.42     100
    5146    16.1      63   -0.02    0.04  270.12  286.55      88
    5147    17.2      63   -0.04   -0.02  103.45  331.15     100
    5148    17.8      64    0.00   -0.06  204.53  336.83     100
    5149    17.7      63   -0.07    0.02    6.31  222.33     100
    5150    17.6      62   -0.07   -0.02  303.11  291.64      88
    5151    18.4      59   -0.06   -0.03  270.62  268.62      38
    5152    18.1      60    0.04   -0.04  222.73  234.16      38
    5153    17.8      59    0.00   -0.04  324.37  167.37     100
    5154    17.6      64   -0.03   -0.01   49.79  121.23      50
    5155    17.6      73    0.02   -0.02    4.74   39.65       0
    5156    15.7      83    0.02    0.01    0.00    7.47       0
    5157    13.0      92    0.00    0.00    0.00    0.00       0
    5158    11.6      94   -0.01    0.00    0.00    0.00       0
    5159     9.8      97   -0.02    0.01    0.00    0.00       0
    5160     8.7      97    0.00   -0.01    0.00    0.00     113
    5161     8.3      97    0.00   -0.02    0.00    0.00     113
    5162     8.1      97    0.01    0.01    0.00    0.30     100
    5163     8.6      99   -0.02    0.01    0.00    0.01     100
    5164     8.9      99   -0.01   -0.01    0.00    1.71     100
    5165     9.5      99   -0.02   -0.01    3.33   19.15     113
    5166    10.6      96    0.00   -0.03    0.00    0.00     100
    5167    12.8      85   -0.02    0.00  246.89  151.11     100
    5168    15.1      72    0.02   -0.03  559.37  140.49      38
    5169    16.2      59    0.03   -0.01  408.44  215.32      50
    5170    16.3      65   -0.03   -0.04  348.65  265.04     100
    5171    18.0      46    0.02   -0.04  774.95  143.15      63
    5172    18.2      49   -0.03    0.05  274.45  319.85      38
    5173    18.4      49    0.04   -0.03  574.31  215.48     100
    5174    18.6      50    0.05    0.01  531.44  217.88      38
    5175    17.6      48    0.00    0.06  158.35  284.77     100
    5176    17.5      47   -0.05    0.00  462.76  181.57      25
    5177    17.4      56    0.01   -0.03  233.74  179.03      63
    5178    16.8      57    0.01   -0.03   64.67  122.73      25
    5179    17.0      67    0.01   -0.02    8.13   47.30       0
    5180    15.3      76    0.00    0.00    0.00    7.09      13
    5181    12.2      82   -0.01    0.00    0.00    0.00      25
    5182     9.7      81   -0.01    0.01    0.00    0.00      75
    5183     8.5      84   -0.01    0.00    0.00    0.00      38
    5184     7.5      85   -0.01    0.00    0.00    0.00      88
    5185     7.1      87    0.01    0.01    0.00    0.00      38
    5186     6.5      91    0.00    0.00    0.00    0.00     100
    5187     6.3      92    0.01   -0.01    0.00    0.03     100
    5188     6.8      92    0.01    0.01    0.00    2.24     100
    5189     7.5      90   -0.01   -0.02    2.83   17.00     100
    5190     8.8      94    0.02    0.03    1.18   28.10     100
    5191     9.9      92    0.03    0.03    4.47   87.60     100
    5192    12.1      95    0.00    0.04    2.00   80.24     100
    5193    12.5      93   -0.06    0.01    1.88   96.10     100
    5194    13.5      91    0.06   -0.02    3.94  159.00     100
    5195    14.8      91    0.00   -0.05    4.15  177.36     100
    5196    15.1      93   -0.03    0.03    0.66   74.23     100
    5197    14.6      81    0.04   -0.03    3.56  168.24     100
    5198    16.3      80   -0.05   -0.01    8.39  225.16     100
    5199    17.3      88    0.03    0.05    1.60   95.55     100
    5200    16.2      96    0.05    0.02    0.87   59.40     100
    5201    14.5      97   -0.04    0.02    0.61   38.48     100
    5202    14.1      97    0.00    0.05    0.61   26.14     100
    5203    14.3      98   -0.02   -0.02    0.44   11.58     100
    5204    14.3      98   -0.01    0.03    0.00    1.19     100
    5205    14.6      99    0.01   -0.02    0.00    0.01     113
    5206    14.8      99   -0.02   -0.01    0.00    0.00     100
    5207    15.2      99   -0.01    0.02    0.00    0.00     100
    5208    15.4      98    0.00    0.03    0.00    0.00     100
    5209    15.4      99   -0.02    0.00    0.00    0.00     100
    5210    15.4      98    0.00    0.03    0.00    0.00     100
    5211    15.4      98   -0.01    0.01    0.00    0.00     100
    5212    15.3      99   -0.01    0.02    0.00    1.79     100
    5213    15.3      98    0.02   -0.02    3.46   17.98     100
    5214    15.4      97   -0.02   -0.02    5.75   60.22     100
    5215    16.4      88   -0.02    0.03   89.41  153.80      50
    5216    19.1      80   -0.01    0.02  628.62  122.81      13
    5217    22.1      65    0.02   -0.01  457.88  199.86       0
    5218    22.7      52    0.01   -0.03  751.01  137.12       0
    5219    24.5      49    0.02   -0.01  759.52  146.60       0
    5220    25.7      49    0.00   -0.03  750.36  154.59       0
    5221    26.2      48    0.03    0.02  743.37  154.87      25
    5222    27.1      50    0.01   -0.03  194.56  311.31     100
    5223    26.8      55    0.00   -0.01   53.20  267.84     100
    5224    26.2      52    0.00   -0.01   65.09  229.04      88
    5225    26.4      51    0.01    0.01  342.35  160.00     100
    5226    27.0      71    0.00    0.00   46.62  115.37     100
    5227    25.6      70    0.00   -0.01    4.31   34.79      88
    5228    21.3      64   -0.03    0.01    0.00    4.08     100
    5229    18.5      64   -0.01   -0.03    0.00    0.00     100
    5230    17.7      67    0.02    0.02    0.00    0.00     100
    5231    17.0      71    0.03   -0.02    0.00    0.00     100
    5232    16.4      75    0.03   -0.03    0.00    0.00     100
    5233    16.3      73    0.01    0.03    0.00    0.00     100
    5234    16.0      72   -0.04   -0.01    0.00    0.00     100
    5235    15.8      67   -0.04    0.00    0.00    0.00     100
    5236    15.6      73    0.04    0.02    0.00    0.52     100
    5237    15.4      73    0.04    0.02    2.08   13.37     100
    5238    15.7      72    0.03   -0.02   11.04   50.44     100
    5239    17.7      66   -0.04   -0.01  330.65  136.44     100
    5240    21.4      61    0.02   -0.03  324.16  188.24     100
    5241    23.1      53   -0.04   -0.01  687.24  134.88      75
    5242    26.3      47   -0.03   -0.01  718.49  145.91       0
    5243    28.0      48   -0.04    0.00  734.61  153.65      13
    5244    29.4      45   -0.01   -0.02  691.72  173.48       0
    5245    29.5      39    0.01    0.02  717.66  162.59       0
    5246    30.4      42    0.00    0.02  684.25  163.64       0
    5247    30.5      43    0.02   -0.01  626.94  163.01       0
    5248    30.6      39   -0.02    0.01  452.98  180.44       0
    5249    29.8      44    0.00   -0.01  406.39  147.36       0
    5250    29.2      55    0.00   -0.01  104.24  121.16       0
    5251    28.6      59    0.01    0.02    3.27   29.44       0
    5252    24.8      67   -0.01    0.01    0.00    2.18       0
    5253    20.0      78   -0.01   -0.02    0.00    0.00       0
    5254    18.1      62   -0.03    0.02    0.00    0.00       0
    5255    16.6      72   -0.01   -0.02    0.00    0.00       0
    5256    16.0      73    0.02   -0.03    0.00    0.00      25
    5257    15.2      72    0.02   -0.03    0.00    0.00      13
    5258    14.5      70    0.03    0.01    0.00    0.00     100
    5259    13.8      75   -0.04    0.02    0.00    0.00      13
    5260    13.2      72    0.03    0.02    0.00    0.65       0
    5261    12.7      70    0.02   -0.01    2.44   13.79      50
    5262    13.1      68    0.03    0.01    0.00    0.00     100
    5263    16.5      61   -0.02    0.03  438.41  119.13     100
    5264    20.7      48   -0.03   -0.01  697.24  106.14      13
    5265    24.1      43   -0.02   -0.01  752.60  117.59       0
    5266    25.5      40    0.01   -0.02  799.91  123.63       0
    5267    26.2      42   -0.01    0.01  800.71  134.38       0
    5268    27.5      42   -0.01    0.00  794.96  140.62       0
    5269    27.9      38    0.00    0.00  715.92  162.55       0
    5270    28.0      39    0.01   -0.03  367.96  267.02     100
    5271    29.0      38    0.01    0.01  575.34  177.71     100
    5272    28.7      36    0.01    0.00  412.64  188.85      63
    5273    28.9      45    0.01   -0.02  449.72  138.00     100
    5274    28.2      51    0.00   -0.01  103.31  119.23      38
    5275    27.4      71    0.00    0.00    3.60   29.84       0
    5276    23.2      70    0.00   -0.01    0.00    2.95       0
    5277    20.2      69    0.00    0.00    0.00    0.00       0
    5278    19.8      76    0.00    0.00    0.00    0.00       0
    5279    17.8      81    0.00    0.00    0.00    0.00       0
    5280    16.1      85    0.00    0.00    0.00    0.00       0
    5281    14.9      86   -0.01   -0.01    0.00    0.00       0
    5282    14.2      85    0.00    0.00    0.00    0.00       0
    5283    13.5      82    0.00    0.00    0.00    0.00       0
    5284    12.8      82    0.00    0.00    0.00    0.77       0
    5285    12.5      79    0.00    0.00    4.93   18.51       0
    5286    13.1      76    0.00    0.00    0.00    0.00       0
    5287    16.3      62    0.00    0.00  437.79  118.01       0
    5288    21.4      56    0.00    0.00  556.00  136.67       0
    5289    25.2      50    0.01    0.01  656.34  141.83       0
    5290    26.7      49    0.00    0.02  694.88  151.74       0
    5291    27.0      47    0.00    0.01  665.95  174.96      13
    5292    27.9      45    0.00    0.02  610.23  201.08      13
    5293    28.8      45    0.00    0.02  392.16  274.89      13
    5294    29.0      49   -0.02    0.00  638.42  177.21      13
    5295    29.2      46   -0.03    0.00  514.80  194.91     100
    5296    28.9      50   -0.01    0.01  298.93  211.99      63
    5297    28.0      53    0.01   -0.02  328.82  157.52      13
    5298    27.7      60    0.02   -0.01  152.47  117.61       0
    5299    27.5      71    0.01   -0.01    4.37   31.72       0
    5300    23.7      76    0.00    0.00    0.00    2.56       0
    5301    20.4      75    0.00   -0.01    0.00    0.00       0
    5302    18.9      76    0.00    0.00    0.00    0.00     100
    5303    17.7      85    0.00    0.00    0.00    0.00      50
    5304    16.4      83    0.00    0.00    0.00    0.00      88
    5305    15.6      88    0.00    0.00    0.00    0.00      50
    5306    14.9      89    0.01    0.05    0.00    0.00      25
    5307    13.8      93   -0.02   -0.05    0.00    0.00       0
    5308    13.1      95   -0.04    0.04    0.00    0.91     100
    5309    14.1      95    0.01    0.06    5.55   18.56      88
    5310    16.2      91   -0.04    0.04    0.00    0.00     100
    5311    18.7      84    0.03    0.05   32.83  133.49      63
    5312    20.1      77    0.04    0.01  301.71  188.25     100
    5313    22.0      74   -0.03   -0.02  432.61  202.38      88
    5314    24.1      73   -0.02   -0.05  459.90  225.36     100
    5315    25.3      72    0.01    0.05  228.14  312.08     100
    5316    27.4      72    0.03    0.05  268.27  313.94      63
    5317    27.5      71    0.04    0.03  268.08  309.90     100
    5318    27.4      70   -0.02    0.03  276.63  289.19      75
    5319    26.3      73    0.01    0.06   17.95  226.25      63
    5320    25.2      77    0.04   -0.03   20.08  191.94      13
    5321    23.8      81    0.04    0.00    0.75   40.51      13
    5322    23.0      80    0.04    0.00   26.49  100.62      38
    5323    23.2      82    0.03    0.05    0.00    0.00      63
    5324    22.4      85   -0.05    0.02    0.00    3.88      50
    5325    20.3      87   -0.05   -0.03    0.00    0.00      75
    5326    18.7      86    0.07   -0.02    0.00    0.00      63
    5327    17.1      87    0.04   -0.06    0.00    0.00       0
    5328    17.3      88    0.03    0.05    0.00    0.00      50
    5329    17.4      85    0.05    0.03    0.00    0.00      88
    5330    17.2      81    0.02   -0.06    0.00    0.00     100
    5331    16.1      73    0.05    0.04    0.00    0.00     100
    5332    14.5      76   -0.05    0.05    0.00    0.11      75
    5333    13.4      79    0.04    0.04    4.33   15.82     100
    5334    13.6      78    0.05    0.03    5.45   53.49     100
    5335    15.4      68   -0.04    0.04   24.52  126.77     100
    5336    18.5      61   -0.05   -0.01   75.54  200.47     100
    5337    20.4      57   -0.01    0.05  304.47  232.18      50
    5338    21.8      56    0.03   -0.04  342.16  258.64       0
    5339    22.9      51   -0.01    0.04  251.25  305.80      38
    5340    24.0      50    0.02    0.01  203.58  326.43      50
    5341    24.9      50    0.01    0.00  508.98  232.77     100
    5342    25.6      57    0.01    0.00  257.07  292.23     100
    5343    26.7      54    0.01   -0.02  382.74  230.09      38
    5344    26.9      60    0.00    0.01  341.69  200.28      75
    5345    26.6      55    0.01    0.01   99.12  172.58     100
    5346    23.9      64    0.00    0.00    7.63   78.72       0
    5347    24.0      69    0.00    0.00    0.00    0.00       0
    5348    21.4      66    0.00   -0.01    0.00    2.76     100
    5349    18.2      74    0.00   -0.01    0.00    0.00      13
    5350    16.6      74   -0.02    0.00    0.00    0.00      13
    5351    15.8      73   -0.03    0.00    0.00    0.00      88
    5352    15.0      74    0.02   -0.05    0.00    0.30      63
    5353    15.3      80   -0.05    0.00    0.00    0.00      13
    5354    14.0      86    0.04   -0.02    0.00    0.00     100
    5355    13.2      88   -0.02   -0.01    0.00    0.00     100
    5356    12.8      88   -0.03    0.00    0.00    0.62     100
    5357    13.3      83   -0.02    0.00    6.44   18.61     100
    5358    14.0      79    0.03    0.01  301.90   48.93     100
    5359    16.1      82    0.03    0.01   72.17  142.20     100
    5360    18.5      67    0.00   -0.06   31.65  181.11     100
    5361    19.6      61    0.03   -0.03  298.34  232.13      63
    5362    21.2      61   -0.02    0.03  622.75  171.97     100
    5363    23.3      58   -0.01   -0.02  389.73  266.24      13
    5364    24.1      56    0.01    0.02  505.27  236.22      25
    5365    24.4      55   -0.01    0.00  318.60  293.65      50
    5366    24.9      58    0.01    0.02  299.47  280.62      38
    5367    25.3      55    0.02    0.01    7.88  190.25     100
    5368    24.6      52   -0.01   -0.01  476.71  168.26     100
    5369    24.9      56   -0.01    0.00  411.35  139.02      25
    5370    24.9      65    0.00    0.00   58.67  106.93      38
    5371    24.4      86    0.00    0.00    4.20   27.71       0
    5372    20.7      88    0.00    0.00    0.00    1.53       0
    5373    18.2      90    0.00    0.00    0.00    0.00       0
    5374    16.5      90    0.00    0.00    0.00    0.00       0
    5375    14.9      90    0.00    0.00    0.00    0.00       0
    5376    13.8      90    0.00    0.00    0.00    0.00       0
    5377    13.1      90    0.00    0.00    0.00    0.00       0
    5378    12.4      89    0.00    0.01    0.00    0.00       0
    5379    11.8      87    0.00    0.00    0.00    0.00       0
    5380    11.3      82    0.00    0.00    0.00    0.36       0
    5381    11.1      81    0.00    0.00    6.31   17.83       0
    5382    11.6      72    0.01    0.00    0.00    0.00       0
    5383    15.1      66    0.01    0.01  545.79   96.47       0
    5384    19.3      63    0.01    0.02  644.13  113.62       0
    5385    21.4      57   -0.02   -0.01  647.59  141.12       0
    5386    23.8      57    0.01   -0.01  653.58  161.58      13
    5387    24.3      56    0.03    0.00  750.42  145.34      13
    5388    25.3      54    0.04   -0.01  746.22  151.83      13
    5389    25.7      55    0.02   -0.04  560.08  212.77      50
    5390    25.5      53    0.02    0.03  473.23  228.01      50
    5391    25.6      53    0.03    0.00  643.40  152.83      75
    5392    25.8      53    0.01    0.02  549.39  149.43      38
    5393    25.8      59   -0.02   -0.02  411.96  137.33      13
    5394    25.4      66   -0.01   -0.01  105.19  109.27     100
    5395    24.7      72   -0.01    0.02    6.45   32.32      50
    5396    21.5      84    0.00    0.00    0.00    1.87      25
    5397    18.7      86    0.00    0.00    0.00    0.00      75
    5398    17.0      87    0.00    0.00    0.00    0.00      63
    5399    15.9      87    0.00    0.00    0.00    0.00     100
    5400    15.2      90    0.00    0.00    0.00    0.00     100
    5401    14.5      86    0.01    0.01    0.00    0.00      38
    5402    13.7      76   -0.01    0.01    0.00    0.00      63
    5403    13.0      74    0.00    0.01    0.00    0.00      38
    5404    12.5      79    0.00    0.01    0.00    0.07       0
    5405    11.9      78    0.01   -0.01    0.00   12.25      75
    5406    12.3      70    0.00   -0.01    0.00    0.00      13
    5407    14.9      58    0.00    0.00  374.86  120.60      13
    5408    19.8      52    0.00   -0.01  639.76  113.70       0
    5409    22.2      46   -0.02    0.02  726.64  120.05       0
    5410    23.7      47    0.02    0.02  762.30  129.47       0
    5411    25.4      42    0.02    0.00  780.33  136.34       0
    5412    25.9      32    0.01   -0.03  777.00  142.16       0
    5413    26.7      37   -0.02    0.02  755.21  146.41       0
    5414    26.4      41    0.00   -0.02  712.35  149.72       0
    5415    26.9      42    0.01   -0.03  666.46  145.34       0
    5416    26.8      45   -0.02    0.02  580.34  140.77       0
    5417    26.4      48    0.03   -0.01  435.51  131.72       0
    5418    25.8      52    0.00   -0.02   69.06  104.41       0
    5419    25.7      74   -0.01    0.01    3.09   21.79       0
    5420    20.6      81    0.00    0.00    0.00    0.50       0
    5421    17.1      81    0.00    0.00    0.00    0.00       0
    5422    15.4      83    0.00    0.00    0.00    0.00       0
    5423    14.2      87    0.00    0.00    0.00    0.00       0
    5424    13.2      89    0.00    0.00    0.00    0.00       0
    5425    12.6      89    0.00    0.00    0.00    0.00       0
    5426    12.0      84    0.00    0.00    0.00    0.00       0
    5427    11.5      87    0.00    0.00    0.00    0.00       0
    5428    11.0      86    0.00    0.00    0.00    0.17       0
    5429    10.7      88    0.00    0.00    0.00   13.56       0
    5430    11.2      74    0.00    0.01    9.17   57.82       0
    5431    13.9      60    0.00    0.00  371.23  119.67       0
    5432    18.6      57    0.01   -0.02  630.41  114.80       0
    5433    22.7      48   -0.01    0.01  695.48  127.10       0
    5434    24.6      48   -0.02    0.01  743.49  133.84       0
    5435    26.5      43   -0.01    0.00  771.63  138.10       0
    5436    27.4      37   -0.02    0.00  764.80  145.03       0
    5437    28.1      41    0.00   -0.04  758.47  144.80      25
    5438    27.8      41    0.02    0.01  722.13  146.04      38
    5439    28.2      39    0.00   -0.04  664.58  144.95      38
    5440    28.2      37    0.00   -0.03  579.86  139.71      38
    5441    27.6      52    0.03    0.05  427.06  131.56       0
    5442    26.5      57    0.02   -0.02   70.66  102.49       0
    5443    25.9      74    0.00    0.00    3.36   21.61       0
    5444    21.7      78    0.00    0.00    0.00    0.65       0
    5445    18.1      81    0.00    0.00    0.00    0.00       0
    5446    16.3      83    0.00    0.00    0.00    0.00       0
    5447    15.1      81    0.00    0.00    0.00    0.00       0
    5448    14.1      81    0.00    0.00    0.00    0.00       0
    5449    13.2      82    0.00    0.00    0.00    0.00       0
    5450    12.6      84    0.00    0.01    0.00    0.00       0
    5451    12.0      83    0.00    0.00    0.00    0.00       0
    5452    11.5      80    0.00    0.00    0.00    0.07       0
    5453    11.0      85    0.00    0.00    0.00   12.19       0
    5454    11.2      79    0.00    0.00    6.55   51.72       0
    5455    13.6      57    0.00    0.00  315.49  125.28       0
    5456    18.8      49    0.00    0.00  691.16  101.37       0
    5457    23.2      44    0.03    0.00  728.45  118.24       0
    5458    25.5      37    0.02    0.00  769.10  126.50       0
    5459    26.6      36    0.00    0.02  785.79  133.74       0
    5460    26.7      33   -0.01    0.00  783.07  139.29       0
    5461    27.8      42   -0.01   -0.02  765.85  142.01       0
    5462    28.7      40   -0.02    0.00  723.04  145.00      13
    5463    28.2      38    0.00   -0.02  680.26  139.68       0
    5464    28.1      38   -0.03   -0.03  586.75  136.88      38
    5465    28.1      43   -0.02    0.01  416.24  131.71       0
    5466    27.9      55    0.00    0.00   67.37   99.95       0
    5467    26.4      74    0.00    0.00    2.66   18.29       0
    5468    21.3      73    0.00    0.00    0.00    0.26       0
    5469    18.5      72    0.00    0.00    0.00    0.00       0
    5470    16.8      83    0.00    0.00    0.00    0.00       0
    5471    16.1      87    0.00    0.00    0.00    0.00       0
    5472    15.6      89    0.01    0.02    0.00    0.00       0
    5473    14.5      87    0.01   -0.01    0.00    0.00       0
    5474    13.6      81    0.02   -0.03    0.00    0.00       0
    5475    12.8      79    0.01   -0.02    0.00    0.00       0
    5476    12.1      74    0.00   -0.02    0.00    0.03       0
    5477    11.7      67    0.01   -0.01    0.00   11.96       0
    5478    12.0      74    0.00    0.00    6.99   51.53       0
    5479    14.5      61    0.00    0.00  206.33  134.44       0
    5480    19.0      49    0.00    0.00  325.62  174.15       0
    5481    23.1      47   -0.01   -0.01  536.18  167.28       0
    5482    26.0      44   -0.01    0.01  410.22  232.17      13
    5483    26.6      49    0.02    0.00  341.74  274.21       0
    5484    26.8      44    0.00   -0.02  495.86  234.18      13
    5485    27.3      40    0.00   -0.01  592.44  197.60      13
    5486    29.3      38    0.01   -0.02  548.31  199.12       0
    5487    29.7      42   -0.02   -0.01  394.10  218.29       0
    5488    29.3      48    0.00    0.00   55.51  206.39       0
    5489    27.3      49    0.00    0.00   16.52  130.31       0
    5490    25.9      58    0.00    0.00   69.50   98.03       0
    5491    24.9      66    0.00    0.00    0.00    0.00       0
    5492    21.0      63   -0.03    0.01    0.00    0.52      13
    5493    18.7      64    0.02   -0.01    0.00    0.00     100
    5494    17.3      70    0.00   -0.02    0.00    0.00      88
    5495    16.6      80   -0.01   -0.02    0.00    0.00      13
    5496    15.9      75   -0.02    0.03    0.00    0.00     100
    5497    15.7      78    0.02    0.01    0.00    0.00      25
    5498    15.4      76    0.02   -0.03    0.00    0.00      88
    5499    15.2      77    0.03    0.00    0.00    0.00      63
    5500    14.8      68   -0.01    0.02    0.00    0.01     100
    5501    14.8      68    0.02   -0.02    0.00    5.59     100
    5502    15.4      76    0.00    0.00    2.14   28.84     100
    5503    16.5      79   -0.01    0.03    2.62   58.01     100
    5504    17.7      77   -0.02   -0.03    6.44  127.29     100
    5505    20.7      52   -0.01   -0.03   15.36  194.93     100
    5506    22.9      47    0.00    0.03   24.71  244.51      50
    5507    25.0      39    0.03    0.00  739.01  145.50      38
    5508    27.7      36   -0.04    0.00  532.86  220.30       0
    5509    27.7      43    0.01    0.02  426.49  252.46      25
    5510    29.4      44    0.00    0.02  243.82  283.70      13
    5511    28.1      45    0.01   -0.02  249.26  249.32       0
    5512    28.0      58    0.00    0.00   67.87  208.31      75
    5513    27.3      65    0.00    0.01   68.83  154.52     100
    5514    25.8      68    0.00    0.00    6.86   66.15     100
    5515    24.0      84    0.00    0.00    2.68   16.12     100
    5516    22.1      93    0.00    0.00    0.00    0.19     100
    5517    20.1      88    0.01   -0.01    0.00    0.00     100
    5518    18.0      91    0.00   -0.01    0.00    0.00     100
    5519    16.3      87   -0.01   -0.01    0.00    0.00     100
    5520    15.2      91    0.00   -0.02    0.00    0.00      63
    5521    14.4      94   -0.01    0.02    0.00    0.00      50
    5522    14.0      96   -0.02   -0.02    0.00    0.03     100
    5523    14.0      98    0.00    0.00    0.00    0.00     100
    5524    13.6      99    0.00    0.00    0.00    0.67      75
    5525    14.7      99    0.00   -0.01    0.00   19.99     113
    5526    16.1      99   -0.02   -0.02    0.00    0.00     113
    5527    17.9      99    0.00   -0.02    9.50   97.45     100
    5528    19.0      96   -0.01    0.01   16.14  154.38     100
    5529    19.9      87    0.00   -0.02   73.58  236.86     100
    5530    21.7      71    0.00    0.02   38.54  258.15      13
    5531    23.0      75   -0.02    0.00   60.30  296.67     100
    5532    21.6      68    0.00    0.06   90.45  317.11     100
    5533    18.8      72   -0.04   -0.03    3.12  147.19     100
    5534    17.9      58    0.03   -0.02  122.18  294.93      13
    5535    20.3      66    0.00    0.04   53.16  246.11      50
    5536    20.4      79    0.00    0.01    7.39  145.80     100
    5537    20.4      84    0.01   -0.01    4.80   90.45     100
    5538    20.0      87    0.02    0.01   79.32   94.53      63
    5539    20.8      94    0.00    0.00    0.00    0.00      63
    5540    18.3      95    0.00   -0.03    0.00    1.06     100
    5541    16.4      90   -0.01   -0.01    0.00    0.00      88
    5542    15.2      94    0.01    0.02    0.00    0.05      63
    5543    15.0      96    0.01   -0.01    0.00    0.00      25
    5544    14.1      98    0.02    0.00    0.00    0.17      63
    5545    14.6      98    0.02    0.00    0.00    0.15       0
    5546    14.9      99   -0.01    0.01    0.00    0.00      38
    5547    14.6      99    0.00    0.01    0.00    0.00     100
    5548    13.7      99    0.00    0.00    0.00    0.00     100
    5549    13.5      99    0.00   -0.01    0.00   10.69     100
    5550    13.7      98    0.01    0.00    6.60   46.91      50
    5551    14.9      85    0.00    0.03  246.93  126.01      13
    5552    18.3      76   -0.02   -0.02  699.94   96.41       0
    5553    21.4      70   -0.02   -0.01  466.05  182.03       0
    5554    22.0      72    0.02    0.02  209.94  274.57      50
    5555    22.8      74    0.01    0.03   34.21  276.62      75
    5556    23.2      68   -0.03   -0.02   67.29  308.80      63
    5557    24.6      55    0.01   -0.03  223.26  304.13     100
    5558    25.1      67   -0.01    0.02  126.52  293.15     100
    5559    25.0      68   -0.01    0.02   28.60  226.32     100
    5560    24.4      70   -0.02    0.01    4.43  116.71     100
    5561    22.8      85    0.01   -0.01    1.04   41.88     100
    5562    20.1      93    0.02   -0.02    0.29   13.44     100
    5563    18.0      95    0.00   -0.02    0.81    7.85     100
    5564    17.4      97    0.02   -0.01    0.00    0.11     100
    5565    16.7      96    0.01   -0.02    0.00    0.00     100
    5566    16.2      97    0.04   -0.04    0.00    0.00     100
    5567    15.9      97   -0.01   -0.06    0.00    0.00     100
    5568    15.8      97    0.00   -0.08    0.00    0.00     100
    5569    15.8      97   -0.05   -0.06    0.00    0.00     100
    5570    15.8      97   -0.06    0.02    0.00    0.00     100
    5571    15.8      98    0.06    0.03    0.00    0.00     100
    5572    15.9      99   -0.05   -0.02    0.00    0.01     100
    5573    16.0      99    0.03   -0.03    0.00    3.69     113
    5574    16.3      99    0.01   -0.02    1.63   23.32     113
    5575    16.9      99    0.04   -0.02    4.11   69.53     100
    5576    18.1      96   -0.01    0.07    7.53  129.77     100
    5577    19.8      88   -0.08    0.01   60.62  229.68     100
    5578    21.4      82   -0.05    0.04   19.58  231.91     100
    5579    21.9      83   -0.03   -0.06    2.85  136.36     100
    5580    20.9      92   -0.06   -0.04    0.56   63.14     100
    5581    19.1      93   -0.06    0.02    1.53  102.18     100
    5582    19.2      96   -0.07    0.01    0.55   57.43     100
    5583    18.7      95    0.00   -0.08    1.24   75.66     100
    5584    19.4      90    0.07   -0.04  101.93  207.51     100
    5585    21.5      90   -0.04    0.05  348.57  132.90      13
    5586    22.0      94   -0.05   -0.03    4.95   53.59       0
    5587    21.0      93   -0.06   -0.02    0.97    7.97     100
    5588    20.2      95   -0.03    0.04    0.00    0.28     100
    5589    19.8      96    0.03    0.00    0.00    0.00     100
    5590    18.5      97   -0.04    0.00    0.00    0.00      63
    5591    17.1      96    0.01   -0.03    0.00    0.00     100
    5592    17.2      95    0.01   -0.04    0.00    0.03     100
    5593    17.8      97    0.00    0.05    0.00    0.00      88
    5594    17.1      98   -0.04    0.00    0.00    0.00     100
    5595    16.5      97    0.01    0.03    0.00    0.00     100
    5596    16.2      97    0.02    0.02    0.00    0.00     100
    5597    15.7      98   -0.03    0.02    0.00    5.80      63
    5598    15.5      94   -0.04    0.00   10.95   50.23     100
    5599    17.5      90   -0.02    0.03   83.77  126.49     100
    5600    19.1      84    0.04    0.00   93.64  185.07     100
    5601    21.0      76   -0.02    0.03   95.37  235.78     100
    5602    21.3      72    0.05    0.01  146.45  277.63      75
    5603    21.9      68    0.01    0.04   58.36  290.84     100
    5604    22.0      86    0.03    0.00  216.88  306.76     100
    5605    22.2      92    0.03    0.01  136.17  310.30     100
    5606    20.9      88   -0.01    0.03   66.40  279.75      75
    5607    21.6      82   -0.02   -0.03   20.30  211.75      25
    5608    21.2      75   -0.03    0.04  115.59  206.15     100
    5609    21.4      85   -0.02    0.01   65.46  145.12      50
    5610    19.7      95    0.00   -0.03   20.87   74.76     100
    5611    17.0      94    0.02    0.00    0.00    0.00      38
    5612    15.7      95    0.01    0.01    0.00    0.30      13
    5613    14.2      96    0.02    0.00    0.00    0.00       0
    5614    13.0      96    0.01   -0.02    0.00    0.00       0
    5615    12.2      97    0.02   -0.01    0.00    0.00      38
    5616    12.0      97    0.02   -0.02    0.00    0.00      38
    5617    11.8      98   -0.01    0.01    0.00    0.00      13
    5618    11.4      98   -0.03    0.02    0.00    0.09     100
    5619    12.5      98    0.01    0.02    0.00    0.00     100
    5620    13.0      97    0.03   -0.01    0.00    0.00     100
    5621    12.9      97   -0.01   -0.03    0.00    7.08     100
    5622    13.2      96    0.03    0.01    5.73   40.87     100
    5623    14.5      93    0.02    0.02  132.68  126.68     100
    5624    16.8      84    0.01   -0.03  281.50  171.81      88
    5625    17.2      86    0.01   -0.01   49.28  221.62     100
    5626    17.4      80    0.02    0.02    8.38  195.23     100
    5627    17.0      81   -0.02   -0.01    6.08  194.66     100
    5628    17.9      79   -0.02   -0.01   56.30  298.62     100
    5629    19.0      65   -0.04   -0.03  168.13  306.64     100
    5630    18.6      69    0.00    0.04  152.84  286.75     100
    5631    18.5      88    0.02   -0.01  113.27  251.30     100
    5632    17.0      87   -0.03    0.06  190.92  201.29     100
    5633    16.6      92    0.02    0.03   45.44  137.62     100
    5634    15.9      85    0.02    0.03  231.84   83.65     100
    5635    15.6      89    0.02    0.00    5.16   16.48      50
    5636    14.3      93   -0.01    0.00    0.00    0.05     100
    5637    13.7      92   -0.01    0.01    0.00    0.00      50
    5638    12.3      93    0.01   -0.01    0.00    0.00     100
    5639    11.6      93    0.01    0.01    0.00    0.00      25
    5640    11.1      93    0.00   -0.02    0.00    0.00      50
    5641    10.8      95   -0.02    0.02    0.00    0.00      25
    5642    10.0      96    0.01    0.01    0.00    0.00      38
    5643     9.8      96    0.00    0.02    0.00    0.00      25
    5644     9.8      95   -0.02    0.00    0.00    0.00       0
    5645     9.2      93    0.02   -0.01    0.00    6.97       0
    5646     9.6      90    0.02    0.01    5.41   38.56      25
    5647    10.7      81    0.00   -0.04  225.05  120.80      25
    5648    12.9      75    0.01   -0.04  340.86  160.98      75
    5649    14.3      73    0.03   -0.01  358.88  201.96     100
    5650    15.5      66   -0.02    0.03   51.49  258.86     100
    5651    15.3      57   -0.04    0.00   71.58  292.75     100
    5652    15.9      53    0.05   -0.05  223.74  302.03     100
    5653    16.7      50    0.05    0.05  500.34  220.54      38
    5654    16.4      54    0.06    0.02  450.61  220.14      50
    5655    16.6      51   -0.02    0.06  646.79  140.51      13
    5656    15.9      56    0.02    0.05  357.60  174.34      75
    5657    15.8      60    0.03    0.03  578.14   92.60      63
    5658    15.2      70    0.01    0.01   74.22   82.30       0
    5659    14.5      82    0.00    0.00    0.00   11.46       0
    5660    11.3      83    0.00    0.01    0.00    0.00       0
    5661     8.6      86    0.00    0.01    0.00    0.00      25
    5662     7.4      87   -0.01    0.00    0.00    0.00      38
    5663     6.4      91    0.01    0.01    0.00    0.00       0
    5664     5.9      92   -0.01    0.01    0.00    0.00       0
    5665     5.7      94    0.02   -0.01    0.00    0.00       0
    5666     5.1      94    0.02   -0.01    0.00    0.00       0
    5667     4.7      91    0.01    0.00    0.00    0.00      50
    5668     4.6      93   -0.01   -0.01    0.00    0.00      75
    5669     4.6      94    0.00    0.01    0.00    6.63      38
    5670     5.2      87    0.02    0.00    4.33   33.48      25
    5671     6.9      81   -0.01   -0.02  276.81  114.62     100
    5672    11.5      70   -0.03   -0.03  603.73  110.49      63
    5673    13.7      64    0.01   -0.04  575.97  148.53      13
    5674    15.5      59   -0.03    0.01  436.75  214.29      63
    5675    15.2      58    0.03   -0.02  481.41  221.23      75
    5676    16.0      52   -0.03    0.00  448.46  239.91      63
    5677    17.0      52    0.04    0.00  365.83  260.62     100
    5678    16.8      51   -0.03    0.02  450.67  218.60      50
    5679    17.5      54   -0.03   -0.04  632.39  143.14      75
    5680    17.1      55    0.03   -0.04  338.33  175.91     100
    5681    16.3      64   -0.01    0.00  219.45  139.02      75
    5682    15.7      74    0.00    0.00   67.37   79.22     100
    5683    14.6      76    0.00    0.00    0.00   13.35     100
    5684    11.8      80    0.00    0.00    0.00    0.00     100
    5685    10.3      81   -0.01    0.01    0.00    0.00     100
    5686     9.5      85    0.00    0.02    0.00    0.00     100
    5687     9.0      87    0.02   -0.02    0.00    0.00     100
    5688     8.8      88    0.03    0.00    0.00    0.00     100
    5689     8.8      85    0.00   -0.03    0.00    0.00     100
    5690     8.7      84   -0.04    0.05    0.00    0.00     100
    5691     9.7      80    0.03    0.05    0.00    0.00     100
    5692    10.1      85    0.04   -0.03    0.00    0.00     100
    5693    10.4      90    0.03    0.03    0.00    1.10     100
    5694    10.4      96    0.03    0.01    0.43   10.28     100
    5695    10.4      97   -0.02   -0.02    0.37   19.46     100
    5696    11.0      98    0.02   -0.01    0.63   38.00     100
    5697    11.4      96   -0.02    0.01    1.53   75.44     100
    5698    12.5      95   -0.02    0.00    1.11   75.73     100
    5699    12.8      96    0.02   -0.01    0.65   63.52     100
    5700    13.0      96   -0.02    0.00    3.71  156.20     100
    5701    14.3      95    0.00    0.02    3.85  156.17     100
    5702    14.4      94    0.01    0.02    2.12  108.10     100
    5703    14.1      90   -0.02   -0.02    0.68   53.62     100
    5704    13.4      88    0.00    0.02    1.86   71.06     100
    5705    13.2      90    0.01   -0.02    1.80   49.85     100
    5706    12.9      91   -0.01   -0.01    1.46   25.32     100
    5707    12.4      91    0.00   -0.01    0.00    2.20     100
    5708    12.1      92   -0.01   -0.01    0.00    0.00     100
    5709    11.9      93    0.00    0.00    0.00    0.00     100
    5710    11.6      95    0.00   -0.01    0.00    0.00     100
    5711    11.8      94    0.00   -0.01    0.00    0.00     100
    5712    11.8      92   -0.01    0.01    0.00    0.00     100
    5713    11.6      92    0.00    0.00    0.00    0.00     100
    5714    11.6      95    0.00    0.00    0.00    0.00      88
    5715    11.6      97    0.00    0.00    0.00    0.00     100
    5716    11.4      97    0.00    0.00    0.00    0.00     100
    5717    11.5      97    0.01    0.00    0.00    4.52     100
    5718    11.7      92    0.01    0.01    8.13   40.21     100
    5719    12.3      79   -0.02    0.01   65.22  115.01      25
    5720    14.0      68    0.00    0.03  444.33  138.41      63
    5721    16.5      63    0.01   -0.03  162.88  227.94      88
    5722    16.6      54    0.01    0.01  511.64  190.55       0
    5723    18.0      50    0.00   -0.02  457.63  225.97      38
    5724    19.6      43   -0.01    0.02  395.03  253.52      50
    5725    19.4      49   -0.02    0.01  559.17  197.62     100
    5726    19.5      49    0.00    0.00   81.73  274.22     100
    5727    19.0      69    0.00    0.00   10.80  181.52     100
    5728    18.6      58    0.00    0.00   22.47  165.15     100
    5729    18.2      54    0.02   -0.02  195.61  135.99     100
    5730    18.2      79    0.00    0.00    8.29   54.08     100
    5731    15.2      88    0.00    0.00    0.00    8.64     100
    5732    13.3      89    0.00    0.00    0.00    0.00      88
    5733    12.6      87    0.00    0.00    0.00    0.00      50
    5734    11.5      93    0.00    0.00    0.00    0.00      75
    5735    10.0      93    0.00    0.00    0.00    0.00     100
    5736     8.8      91    0.00    0.00    0.00    0.00     100
    5737     7.8      85    0.00   -0.02    0.00    0.00      63
    5738     6.8      81    0.01   -0.02    0.00    0.00       0
    5739     6.2      90   -0.02    0.02    0.00    0.00       0
    5740     5.6      85    0.03   -0.01    0.00    0.00       0
    5741     5.2      81    0.01    0.03    0.00    4.15       0
    5742     5.2      78    0.01    0.04    4.90   32.13       0
    5743     7.3      80    0.03    0.02  280.80  108.97       0
    5744    11.2      75   -0.03   -0.02  704.57   88.72     100
    5745    15.3      76    0.00    0.02  313.30  205.08     100
    5746    16.1      75   -0.02    0.02    5.06  157.55     100
    5747    17.1      68    0.02    0.04    3.66  147.71     100
    5748    17.4      60    0.03    0.00   77.99  297.94     100
    5749    19.0      76    0.02   -0.05   40.21  273.74     100
    5750    17.9      91    0.03   -0.01    4.28  150.47     100
    5751    15.7      88   -0.03    0.00    4.92  140.09     100
    5752    14.9      86    0.04    0.03    4.04  101.68     100
    5753    14.1      91    0.01   -0.04    4.44   75.13     100
    5754    13.0      91    0.03    0.00    2.08   28.22     100
    5755    12.3      90    0.02   -0.02    0.00    3.33     100
    5756    11.9      91    0.01    0.01    0.00    0.00     100
    5757    11.7      92   -0.02    0.00    0.00    0.00     100
    5758    11.6      93    0.00    0.00    0.00    0.00     100
    5759    10.9      90    0.00   -0.02    0.00    0.00     100
    5760    10.4      91    0.00   -0.01    0.00    0.00     100
    5761    10.8      91    0.01   -0.01    0.00    0.00     100
    5762    10.7      93    0.00    0.01    0.00    0.00     100
    5763    11.1      96    0.01    0.01    0.00    0.00     100
    5764    11.5      97    0.00   -0.02    0.00    0.00     100
    5765    11.8      97    0.02    0.00    0.00    0.93     100
    5766    11.8      98    0.00    0.02    0.30    7.77     100
    5767    11.8      98    0.01   -0.01    0.32   17.28     100
    5768    12.1      98    0.02   -0.01    2.43   71.56     100
    5769    12.7      98   -0.03    0.00    5.31  135.96     100
    5770    13.8      96    0.01    0.03   35.81  239.76     100
    5771    14.7      95   -0.01   -0.01    1.75  101.87     100
    5772    13.9      92    0.01    0.00    0.54   59.09     100
    5773    13.5      96    0.00    0.03    0.52   56.75     100
    5774    13.8      97   -0.02   -0.01    1.97  101.94     100
    5775    13.6      96   -0.01    0.03    1.59   79.42     100
    5776    13.5      98   -0.02   -0.03    7.77  131.86     100
    5777    13.7      98    0.03    0.03    2.37   54.12     100
    5778    13.3      99    0.02    0.02    4.71   40.74     100
    5779    13.0      99   -0.02   -0.01    0.00    5.32     100
    5780    12.4      99    0.00    0.02    0.00    0.00     100
    5781    11.9      99   -0.01   -0.01    0.00    0.00     100
    5782    11.3      99    0.00   -0.01    0.00    0.00     100
    5783    10.5      99    0.01   -0.01    0.00    0.00     100
    5784     9.7      99    0.00   -0.02    0.00    0.00     100
    5785     9.6      99   -0.01   -0.03    0.00    0.26     113
    5786    10.4      99   -0.02    0.00    0.00    0.00     113
    5787    10.1      99    0.00    0.00    0.00    0.00     113
    5788     9.8      99    0.00    0.00    0.00    0.00     113
    5789     9.3      99    0.00    0.00    0.00    2.82     113
    5790     8.7      99    0.00    0.00    4.24   27.76     100
    5791     9.3      99    0.00    0.00  230.12  109.39     113
    5792    11.7      99    0.00    0.00  290.94  158.66      75
    5793    14.5      90    0.01   -0.01  275.74  208.52     100
    5794    17.5      79    0.01    0.00  441.33  206.12     100
    5795    16.8      80   -0.03    0.01  286.92  267.99     100
    5796    17.0      69    0.02   -0.01  117.09  299.92     100
    5797    17.4      68    0.00    0.03  284.01  273.04      38
    5798    18.2      63    0.00    0.03  827.57  108.62     100
    5799    19.6      70    0.00    0.04  418.75  190.19      63
    5800    18.6      74    0.01   -0.04  252.98  178.44     100
    5801    17.8      87    0.01   -0.02  219.88  126.91      25
    5802    15.5      88    0.01    0.00    5.02   40.45     100
    5803    14.1      96    0.00    0.00    0.00    8.41       0
    5804    11.4      99    0.00    0.00    0.00    0.00       0
    5805    10.2      98    0.00    0.00    0.00    0.00       0
    5806     9.9      99    0.00    0.00    0.00    0.00       0
    5807     9.9      99    0.00    0.00    0.00    0.00       0
    5808     9.0      99    0.00    0.02    0.00    0.00       0
    5809     8.6      99   -0.02    0.03    0.00    0.00       0
    5810     8.7      96   -0.01    0.04    0.00    0.00       0
    5811     8.4      95   -0.01    0.03    0.00    0.00       0
    5812     7.7      96   -0.04   -0.01    0.00    0.00       0
    5813     7.1      93   -0.03    0.00    0.00    2.61       0
    5814     6.8      91    0.01   -0.03    3.38   23.86       0
    5815     8.0      88   -0.02    0.04  310.52  100.89      13
    5816     9.8      73    0.00   -0.06  742.47   79.72      25
    5817    11.3      74    0.07   -0.01  651.12  124.11      25
    5818    12.1      65   -0.03    0.06  590.59  163.43      38
    5819    13.2      58   -0.08    0.01  850.31  111.25       0
    5820    14.2      57   -0.07    0.01  838.22  117.06       0
    5821    15.2      50    0.05   -0.03  826.03  116.85      38
    5822    15.4      51    0.04    0.05  788.62  115.54      25
    5823    15.4      52   -0.05    0.02  745.32  108.91      13
    5824    16.1      59   -0.01   -0.03  680.91   98.12       0
    5825    15.9      55    0.02    0.03  290.92  118.09       0
    5826    14.7      75    0.00    0.00   49.60   62.21       0
    5827    12.8      90    0.00    0.00    0.00    3.31       0
    5828     8.9      87    0.00    0.00    0.00    0.00       0
    5829     7.2      89    0.00    0.00    0.00    0.00       0
    5830     6.0      89    0.00    0.00    0.00    0.00       0
    5831     5.2      89    0.00    0.00    0.00    0.00       0
    5832     4.5      94    0.00    0.00    0.00    0.00       0
    5833     4.3      91    0.00    0.00    0.00    0.00       0
    5834     3.8      93    0.00    0.00    0.00    0.00       0
    5835     4.1      92    0.00    0.00    0.00    0.00       0
    5836     4.1      97    0.00    0.00    0.00    0.00       0
    5837     4.0      96    0.00    0.00    0.00    2.45       0
    5838     3.8      90   -0.01    0.01    3.71   23.93       0
    5839     6.0      86   -0.02    0.00  358.85   94.44       0
    5840    10.5      82    0.00   -0.03  723.94   81.87       0
    5841    13.3      69   -0.02   -0.01  739.78  103.46       0
    5842    15.1      67    0.03    0.03  781.73  112.53      63
    5843    16.1      67   -0.03   -0.01  686.96  149.64      63
    5844    16.9      59    0.02    0.05  438.21  232.82      50
    5845    17.8      61   -0.02    0.01  421.56  232.96      63
    5846    18.6      62    0.00    0.00  447.36  208.23     100
    5847    19.0      50    0.02    0.01  337.36  204.37      13
    5848    18.9      54    0.02   -0.01  278.47  170.36      38
    5849    18.4      61    0.00    0.00  455.29   96.43       0
    5850    18.0      73    0.00    0.00   47.75   59.44       0
    5851    15.6      77    0.00    0.00    0.00    3.08       0
    5852    11.9      77    0.00    0.01    0.00    0.00       0
    5853    10.6      80    0.02   -0.01    0.00    0.00       0
    5854     9.9      80    0.01   -0.03    0.00    0.00       0
    5855     9.2      78   -0.01    0.02    0.00    0.00       0
    5856     8.6      76    0.02    0.02    0.00    0.00       0
    5857     7.8      76    0.01    0.01    0.00    0.00       0
    5858     7.0      84   -0.01    0.00    0.00    0.00       0
    5859     6.3      91    0.00    0.00    0.00    0.00       0
    5860     6.0      95    0.00    0.00    0.00    0.00      38
    5861     6.1      91   -0.01   -0.01    0.00    2.26      13
    5862     6.6      84    0.00    0.02    0.00    0.00      38
    5863     8.6      83   -0.02    0.00  144.19  107.34       0
    5864    11.7      79    0.02   -0.01  543.44  112.42      63
    5865    14.5      73   -0.03   -0.02  322.32  195.00     100
    5866    15.8      61    0.01   -0.03  346.59  225.39      75
    5867    17.0      66    0.02    0.02  532.92  195.02      88
    5868    18.5      55    0.01   -0.02  548.93  197.11     100
    5869    18.3      57    0.02    0.01  150.04  287.66     100
    5870    18.6      63    0.00   -0.02   49.57  249.64     100
    5871    18.4      69    0.00    0.02  125.75  229.07     100
    5872    18.2      71    0.00    0.01    8.67  128.36     100
    5873    17.5      73   -0.01   -0.01    5.52   75.54     100
    5874    16.6      84    0.00    0.00    8.65   43.29     100
    5875    15.4      91    0.00    0.00    0.00    4.23     100
    5876    14.2      92    0.00    0.00    0.00    0.00     100
    5877    13.7      95    0.00    0.00    0.00    0.00      25
    5878    12.7      96    0.00    0.00    0.00    0.00       0
    5879    12.0      95    0.00    0.00    0.00    0.00       0
    5880    10.7      97    0.00    0.00    0.00    0.00       0
    5881     9.8      98    0.00    0.00    0.00    0.00       0
    5882     9.0      99    0.00    0.01    0.00    0.00       0
    5883     8.0      99   -0.01   -0.01    0.00    0.00      13
    5884     7.4      99    0.00    0.00    0.00    0.00      25
    5885     6.9      99    0.01    0.00    0.00    1.49       0
    5886     6.5      99    0.00    0.00    4.20   23.23       0
    5887     7.4      99   -0.01    0.01  284.78   97.71       0
    5888    11.3      88   -0.01   -0.01  693.18   85.12      13
    5889    15.7      79    0.01    0.02  711.51  107.72      38
    5890    18.3      71    0.04    0.01  764.34  114.88      63
    5891    18.9      73    0.03    0.00  473.01  211.52     100
    5892    18.8      63    0.01    0.01  474.33  218.83     100
    5893    19.7      65    0.00    0.02   10.17  210.71     100
    5894    19.2      64    0.00   -0.02   40.34  241.64     100
    5895    20.2      68    0.04    0.01  104.21  225.60     100
    5896    18.6      72    0.00    0.02    9.15  128.10     100
    5897    17.2      79    0.00    0.00   21.66  101.16      75
    5898    16.7      83   -0.01    0.00   44.17   53.87     100
    5899    15.4      84    0.01    0.02    0.00    2.84     100
    5900    14.5      88   -0.01    0.03    0.00    0.00     100
    5901    13.9      89   -0.04    0.02    0.00    0.00     100
    5902    13.5      87    0.03   -0.03    0.00    0.00     100
    5903    13.3      89   -0.03   -0.01    0.00    0.00     100
    5904    13.3      92    0.04    0.05    0.00    0.00     100
    5905    13.2      96    0.05    0.00    0.00    0.00     100
    5906    13.1      98   -0.03   -0.03    0.00    0.00     100
    5907    12.9      99   -0.02    0.00    0.00    0.00     100
    5908    13.0      98    0.00   -0.02    0.00    0.00     100
    5909    13.3      97    0.00    0.03    0.00    0.71     100
    5910    13.2      96   -0.03    0.00    6.40   26.39     100
    5911    13.6      95    0.03   -0.02    5.99   65.95     100
    5912    14.1      91    0.01   -0.04    3.00   73.90     100
    5913    14.6      78   -0.05    0.05  310.98  193.60     100
    5914    16.0      73   -0.04    0.03  121.22  253.58     100
    5915    16.5      84    0.05    0.01   99.13  277.84     100
    5916    15.8      83   -0.01    0.04    7.87  201.52     100
    5917    15.8      72    0.06    0.04  248.61  270.48     100
    5918    16.5      75   -0.04    0.04   88.78  257.94     100
    5919    16.7      66    0.02   -0.03   80.37  220.00      75
    5920    16.3      65    0.02    0.03   96.10  173.73       0
    5921    16.0      73   -0.01    0.00   94.24  116.42      13
    5922    15.3      87    0.00    0.01    5.80   34.84     100
    5923    14.2      93    0.01   -0.01    0.00    0.00     100
    5924    12.8      94    0.00   -0.02    0.00    0.00     100
    5925    12.5      93    0.00   -0.01    0.00    0.00     100
    5926    12.3      90    0.02    0.00    0.00    0.00     100
    5927    12.1      89    0.01    0.00    0.00    0.00     100
    5928    12.1      93   -0.02    0.01    0.00    0.00     100
    5929    11.9      94   -0.02   -0.01    0.00    0.00      63
    5930    11.3      95   -0.01    0.01    0.00    0.01     100
    5931    11.2      96    0.02    0.02    0.00    0.00      75
    5932    10.9      97   -0.01    0.01    0.00    0.00     100
    5933     9.7      98    0.00   -0.02    0.00    0.89      63
    5934     8.9      98   -0.03   -0.01    0.00    0.00     100
    5935     9.7      95    0.01   -0.01    7.22   68.80     100
    5936    11.4      94    0.01   -0.02   15.82  128.32     100
    5937    12.2      92    0.02    0.01    4.65  119.62      88
    5938    13.5      92    0.02   -0.01  248.03  240.16     100
    5939    14.5      74   -0.03    0.02  507.30  198.60      38
    5940    15.2      79    0.03   -0.01   33.06  257.26     100
    5941    15.3      84   -0.03    0.04   61.98  270.26      88
    5942    13.9      80    0.00   -0.04   51.26  243.92     100
    5943    13.5      80   -0.02   -0.02  391.02  184.83     100
    5944    14.7      73   -0.02   -0.03  427.34  137.69     100
    5945    14.5      81    0.03    0.00   65.35  110.79      75
    5946    13.0      86   -0.02   -0.01   27.43   45.83      75
    5947    12.2      90   -0.01   -0.01    0.00    2.63      38
    5948    11.0      91   -0.01   -0.02    0.00    0.00      38
    5949    10.2      93    0.02    0.01    0.00    0.00       0
    5950     9.8      94   -0.02    0.00    0.00    0.00      88
    5951     9.4      94    0.01   -0.01    0.00    0.00      63
    5952     9.3      95    0.01    0.01    0.00    0.00      38
    5953     9.1      96   -0.01    0.02    0.00    0.00      38
    5954     9.3      95    0.02    0.01    0.00    0.00      75
    5955     8.8      95   -0.01    0.01    0.00    0.00     100
    5956     8.5      96   -0.02    0.00    0.00    0.09     100
    5957     8.8      98    0.02    0.00    0.00    0.79     100
    5958     8.8      96   -0.03   -0.01    9.99   26.82     100
    5959     9.5      95   -0.02   -0.02   77.04   97.12     100
    5960    11.2      92   -0.03    0.02  418.85  127.71     100
    5961    13.1      90   -0.02    0.02   98.09  208.15      88
    5962    13.4      74   -0.01    0.04  307.81  226.95      88
    5963    14.7      92   -0.06   -0.01  436.86  217.29     100
    5964    14.1      91    0.03    0.00  308.68  259.43     113
    5965    14.3      86   -0.03   -0.01  108.98  278.23     100
    5966    14.2      74    0.04    0.02  273.64  240.05      88
    5967    15.7      74   -0.03    0.03  218.85  213.15     100
    5968    13.8      87   -0.01    0.02   23.85  145.11      63
    5969    13.4      86    0.02    0.01  264.19  105.67     100
    5970    12.8      91   -0.02    0.00    3.80   25.48      88
    5971    11.8      94   -0.01    0.02    0.00    3.23     100
    5972    10.5      95    0.01    0.01    0.00    0.00      88
    5973     9.7      95   -0.02    0.01    0.00    0.00     100
    5974     9.7      96   -0.02    0.00    0.00    0.00     100
    5975     9.4      95   -0.02    0.01    0.00    0.00     100
    5976     8.8      96   -0.01   -0.02    0.00    0.24     100
    5977     9.4      96    0.01    0.00    0.00    0.05     100
    5978     9.3      97    0.00    0.00    0.00    0.00      63
    5979     8.4      99    0.00    0.00    0.00    0.00       0
    5980     7.6      99    0.01    0.01    0.00    0.15       0
    5981     7.5      97    0.01    0.00    0.00    0.58       0
    5982     6.3      95   -0.02   -0.01    0.00    0.00       0
    5983     6.6      93   -0.03   -0.01   57.31   92.68       0
    5984     8.8      79   -0.02   -0.02  568.13  101.78       0
    5985    12.5      77   -0.03    0.01  731.58   99.94       0
    5986    14.1      63   -0.05   -0.02  750.21  114.80      38
    5987    15.5      60    0.01   -0.06  813.91  112.11      38
    5988    16.9      62   -0.03    0.01  763.22  128.02      63
    5989    18.1      58   -0.04   -0.01  790.43  118.52      50
    5990    17.9      60   -0.04   -0.05  239.36  243.88      38
    5991    16.3      61   -0.02   -0.05  568.40  141.02      38
    5992    15.8      68    0.02    0.04  275.87  156.33      75
    5993    14.7      77   -0.03    0.00   15.87   87.51     100
    5994    13.8      81    0.01    0.01    3.55   23.25     100
    5995    13.0      85    0.01    0.01    0.00    0.73     100
    5996    12.4      85    0.02    0.00    0.00    0.00     100
    5997    12.0      87    0.02    0.01    0.00    0.00     100
    5998    11.7      83    0.02   -0.02    0.00    0.00     100
    5999    11.4      87    0.01    0.02    0.00    0.00     100
    6000    11.3      94   -0.03    0.00    0.00    0.00     100
    6001    11.1      96   -0.03    0.03    0.00    0.00     100
    6002    11.1      98   -0.03    0.02    0.00    0.00     100
    6003    11.5      98    0.03   -0.02    0.00    0.00     100
    6004    12.0      98    0.02   -0.03    0.00    0.00     100
    6005    12.5      98    0.00   -0.03    0.00    0.05     100
    6006    13.0      99    0.00    0.05    0.08    2.51     113
    6007    13.5      98   -0.02   -0.05    0.37   15.25     100
    6008    14.0      91    0.05   -0.07    2.13   59.28     100
    6009    14.4      85    0.03   -0.08   31.07  182.23     100
    6010    14.6      77    0.09   -0.02  102.03  244.18     100
    6011    15.0      73    0.09    0.01  220.29  263.65     100
    6012    15.4      69    0.07    0.08  214.81  274.11     100
    6013    16.1      65   -0.10    0.00  187.73  271.13      88
    6014    16.0      73    0.03   -0.08  391.95  209.67      88
    6015    16.5      73   -0.08    0.00  111.43  213.60     100
    6016    16.4      75    0.07    0.08  119.72  164.50     100
    6017    15.8      78   -0.06    0.02  105.43  106.08     100
    6018    14.9      81    0.01    0.08    3.87   22.80     100
    6019    14.3      82   -0.02   -0.07    0.00    0.69     100
    6020    13.9      83    0.05    0.02    0.00    0.00     100
    6021    13.7      83    0.03    0.06    0.00    0.00     100
    6022    13.6      84   -0.03    0.06    0.00    0.00     100
    6023    13.4      89    0.01   -0.04    0.00    0.00     100
    6024    12.6      90    0.01    0.02    0.00    0.00      38
    6025    12.4      88    0.02    0.03    0.00    0.00      75
    6026    12.7      93    0.02    0.00    0.00    0.00     100
    6027    12.8      94    0.01   -0.02    0.00    0.00     100
    6028    12.9      94   -0.02    0.00    0.00    0.00     100
    6029    13.0      94   -0.04    0.00    0.00    0.11     100
    6030    13.0      96    0.05    0.00    0.94    7.85     100
    6031    13.0      99    0.03   -0.04    0.56   18.42     100
    6032    13.7      99    0.05   -0.02    0.53   29.32     100
    6033    15.3      98   -0.06   -0.01    0.85   49.70     100
    6034    16.4      98    0.03    0.05    0.80   57.66     100
    6035    16.5      97    0.07    0.02    0.43   46.63     100
    6036    16.3      88   -0.08   -0.05   12.60  214.38     100
    6037    16.8      76    0.07   -0.02  298.87  249.49      88
    6038    16.7      77    0.08    0.03  456.77  191.58     100
    6039    16.6      79    0.00   -0.07  168.58  210.41     100
    6040    16.1      80   -0.04   -0.05   74.82  158.04     100
    6041    15.3      80    0.03   -0.07   75.88  101.36     100
    6042    14.2      81    0.09    0.01   11.86   31.44     100
    6043    13.2      83   -0.03   -0.08    0.00    1.04     100
    6044    12.8      83    0.06   -0.07    0.00    0.00     100
    6045    12.6      83   -0.04    0.07    0.00    0.00     100
    6046    12.5      83   -0.02    0.08    0.00    0.00     100
    6047    12.3      87   -0.02   -0.06    0.00    0.00     100
    6048    11.9      86   -0.02    0.06    0.00    0.00     100
    6049    11.4      86    0.05    0.05    0.00    0.00     100
    6050    10.9      86    0.02   -0.06    0.00    0.00      50
    6051    10.1      86    0.04    0.01    0.00    0.00       0
    6052     9.0      86    0.02   -0.04    0.00    0.00       0
    6053     8.4      86   -0.04    0.01    0.00    0.21       0
    6054     8.0      84    0.04   -0.03    5.67   18.17       0
    6055     8.9      76   -0.05    0.00  239.97   87.32       0
    6056    10.7      62   -0.04    0.06  650.23   84.81      13
    6057    11.9      57    0.05   -0.04  731.99   97.10      13
    6058    12.7      53   -0.05   -0.04  779.23  105.86      25
    6059    13.6      51    0.04   -0.02  636.14  154.80      13
    6060    14.7      52   -0.03   -0.04  272.33  259.41      88
    6061    14.7      51    0.00   -0.06  318.99  242.86      38
    6062    14.9      52   -0.06    0.00  566.83  161.18       0
    6063    14.9      53   -0.01    0.05  450.47  162.06      13
    6064    14.4      59   -0.05    0.02  228.76  153.94      13
    6065    13.2      66    0.01   -0.03  276.22   94.33      13
    6066    12.2      74    0.00    0.00   16.97   30.74       0
    6067    10.1      80    0.01    0.01    0.00    0.13      75
    6068     7.1      84    0.00    0.02    0.00    0.00     100
    6069     6.0      85    0.00   -0.01    0.00    0.00     100
    6070     5.1      86   -0.01   -0.01    0.00    0.00      63
    6071     4.7      91    0.00   -0.02    0.00    0.00      75
    6072     4.9      93   -0.01   -0.01    0.00    0.00      63
    6073     5.3      94   -0.02    0.00    0.00    0.00     100
    6074     5.5      93    0.01   -0.01    0.00    0.00     100
    6075     5.5      92    0.02    0.00    0.00    0.01     100
    6076     5.4      93    0.00    0.02    0.00    0.00     100
    6077     5.6      92   -0.01   -0.02    0.00    0.58     100
    6078     6.3      91   -0.02    0.01    2.68   12.12     100
    6079     6.7      87    0.01   -0.02   43.06   82.08     100
    6080     8.5      80   -0.03   -0.03  210.64  144.66     100
    6081    12.1      74   -0.03    0.02  133.20  199.41      75
    6082    13.8      75    0.02   -0.02   61.92  229.69     100
    6083    14.2      60    0.05    0.03   63.29  254.80     100
    6084    14.9      74    0.03    0.02   95.62  272.08     100
    6085    15.2      70    0.01    0.03    9.21  192.81     100
    6086    15.2      74   -0.01    0.04   11.07  182.99     100
    6087    15.2      73   -0.04   -0.01    5.67  128.25     100
    6088    14.8      81    0.04    0.00    2.76   68.28     100
    6089    14.5      92    0.02   -0.03    1.04   26.45     100
    6090    13.4      94    0.00    0.04    0.08    2.59     100
    6091    12.4      93    0.02    0.00    0.00    0.00     100
    6092    11.9      90   -0.04    0.00    0.00    0.00     100
    6093    11.7      92   -0.03   -0.02    0.00    0.00     100
    6094    11.7      94   -0.03   -0.01    0.00    0.00     100
    6095    11.6      94    0.01   -0.03    0.00    0.00     100
    6096    11.7      95    0.00    0.02    0.00    0.00     100
    6097    11.7      96    0.03   -0.01    0.00    0.00     100
    6098    11.7      96    0.00   -0.04    0.00    0.00     100
    6099    11.8      97   -0.03    0.00    0.00    0.00     100
    6100    11.7      97    0.00   -0.03    0.00    0.00     100
    6101    11.7      97    0.01    0.04    0.00    0.05     100
    6102    12.0      97   -0.01   -0.04    0.55    5.32     100
    6103    12.2      97   -0.01   -0.04    0.44   15.26     100
    6104    12.3      97    0.04    0.00    0.60   29.86     100
    6105    12.5      96    0.02    0.03    0.89   49.22     100
    6106    12.6      97   -0.01   -0.04    1.36   72.83     100
    6107    12.9      97    0.04    0.01    1.06   71.37     100
    6108    12.8      96    0.02    0.01    1.79   95.74     100
    6109    12.3      96   -0.01    0.03    1.63   89.05     100
    6110    12.2      95   -0.02    0.02    3.10  111.63     100
    6111    12.3      95    0.02    0.04    4.67  115.05     100
    6112    12.3      90   -0.05    0.02  123.81  153.69      88
    6113    12.5      88    0.06    0.00   36.10   86.11      75
    6114    11.9      90    0.05    0.00    5.85   20.55      50
    6115    11.1      94   -0.03    0.02    0.00    0.52      13
    6116    10.2      94    0.00    0.02    0.00    0.00      38
    6117    10.1      94    0.00   -0.03    0.00    0.00      13
    6118     9.7      95    0.02    0.02    0.00    0.00       0
    6119     9.6      94   -0.01   -0.03    0.00    0.00      88
    6120     9.6      95    0.03    0.01    0.00    0.00     100
    6121     9.6      95   -0.02    0.03    0.00    0.00      38
    6122     9.6      93    0.01   -0.03    0.00    0.00     100
    6123     8.8      94   -0.03    0.01    0.00    0.00     100
    6124     8.1      94   -0.02   -0.03    0.00    0.00     100
    6125     8.7      95   -0.04    0.00    0.00    0.11     100
    6126     9.8      94   -0.01    0.04    0.00   12.16     100
    6127    10.2      94   -0.02    0.02   12.03   64.43     100
    6128    11.5      91   -0.01    0.04    5.26   86.13     100
    6129    12.0      92    0.04   -0.01    3.65   97.64     100
    6130    12.5      95    0.04   -0.01    2.95  105.91     100
    6131    12.2      95    0.04    0.00    3.34  124.78     100
    6132    12.2      96   -0.03    0.02    2.38  109.36     100
    6133    12.3      97    0.00    0.03    1.37   80.86     100
    6134    12.8      98    0.03   -0.01    0.99   62.76     100
    6135    13.3      98   -0.03   -0.04    0.83   48.32     100
    6136    14.0      98   -0.03    0.03    0.85   36.81     100
    6137    14.2      98   -0.04   -0.03    1.05   25.03     100
    6138    14.2      99   -0.02   -0.04    0.47    5.40     100
    6139    14.2      99    0.02   -0.04    0.00    0.09     100
    6140    14.2      99    0.02    0.04    0.00    0.00     100
    6141    14.2      98   -0.04   -0.05    0.00    0.00     100
    6142    14.2      98   -0.07    0.01    0.00    0.00     100
    6143    14.2      98   -0.05   -0.05    0.00    0.00     100
    6144    14.1      99    0.03    0.04    0.00    0.00     100
    6145    14.2      99    0.04    0.03    0.00    0.00     100
    6146    14.2      99    0.04   -0.03    0.00    0.00     100
    6147    14.3      98    0.07    0.01    0.00    0.00     100
    6148    14.4      98    0.00   -0.05    0.00    0.00     100
    6149    14.6      98    0.04    0.03    0.00    0.00     100
    6150    14.5      99   -0.01   -0.04    0.00    2.70     100
    6151    14.6      99   -0.03   -0.03    0.30   11.91     100
    6152    14.6      99    0.00    0.03    0.48   26.09     100
    6153    14.6      99    0.03    0.02    0.82   46.10     100
    6154    14.9      99    0.03    0.03    0.86   56.94     100
    6155    15.2      97   -0.02    0.02    1.16   73.46     100
    6156    15.7      95   -0.03    0.02    1.33   81.36     100
    6157    16.5      92    0.00   -0.04    3.53  127.96     100
    6158    17.2      91    0.03   -0.02    3.40  114.28     100
    6159    17.3      90    0.03    0.00    4.76  113.04     100
    6160    17.5      92   -0.01   -0.02    5.37   89.64     100
    6161    17.5      94    0.03    0.00    4.81   51.30     100
    6162    16.5      97   -0.01    0.03    6.40   18.77      63
    6163    15.1      97    0.00    0.02    0.00    0.00      75
    6164    14.7      97   -0.02   -0.02    0.00    0.00      38
    6165    14.6      96   -0.01   -0.02    0.00    0.00       0
    6166    13.8      97    0.02   -0.01    0.00    0.00       0
    6167    13.2      97    0.00    0.02    0.00    0.00       0
    6168    12.8      98    0.01    0.01    0.00    0.00       0
    6169    12.7      99    0.01    0.01    0.00    0.00      63
    6170    12.4      99   -0.01   -0.01    0.00    0.17     113
    6171    12.6      99   -0.01    0.01    0.00    0.03     113
    6172    12.7      99    0.00    0.00    0.00    0.03     113
    6173    12.9      99    0.00   -0.02    0.00    0.17     113
    6174    13.1      99    0.01    0.00    0.00   10.41     113
    6175    13.1      99    0.01    0.00    4.21   43.10     113
    6176    13.7      99   -0.02    0.00    5.24   83.38     113
    6177    14.5      97    0.02    0.01    7.48  130.64     100
    6178    15.0      90    0.03    0.01    8.42  162.68     100
    6179    16.8      85   -0.02    0.00    5.64  158.50     100
    6180    17.4      80    0.00    0.02   37.78  240.93      13
    6181    18.6      75    0.00   -0.02  469.18  195.21      25
    6182    19.9      80    0.01   -0.02  482.25  174.10      25
    6183    20.5      80    0.00    0.00  465.07  149.06      25
    6184    21.5      81    0.00   -0.02  348.79  127.18      25
    6185    21.0      87    0.00   -0.01  188.76   85.58      13
    6186    19.0      98    0.00    0.00    4.29   14.63       0
    6187    15.4      99    0.00    0.00    0.00    0.00       0
    6188    13.4      95    0.01    0.00    0.00    0.00       0
    6189    12.3      93   -0.01    0.01    0.00    0.00       0
    6190    11.5      91   -0.01    0.01    0.00    0.00       0
    6191    10.7      93    0.01    0.01    0.00    0.00       0
    6192    10.0      92   -0.01   -0.01    0.00    0.00       0
    6193     9.3      95   -0.01    0.01    0.00    0.00       0
    6194     9.1      96    0.01   -0.01    0.00    0.00       0
    6195     8.7      98   -0.03    0.01    0.00    0.00     113
    6196     8.8      99    0.00   -0.02    0.00    0.42     113
    6197     9.7      97   -0.02    0.00    0.00    0.26       0
    6198    10.5      99    0.04   -0.03    0.00    6.12     113
    6199    11.0      99    0.00    0.02    1.00   20.59     113
    6200    11.8      99    0.02    0.01    3.21   64.50     113
    6201    12.6      95   -0.04    0.01    7.52  129.33     100
    6202    13.8      93    0.05   -0.01    2.65   97.53     100
    6203    15.0      88   -0.06    0.00    5.04  148.62     100
    6204    15.9      81   -0.04    0.03    5.08  154.48      88
    6205    16.5      76    0.01    0.08   67.75  246.91     100
    6206    16.8      70   -0.08    0.07   60.70  221.64      75
    6207    14.1      60   -0.03   -0.09  333.38  171.45     100
    6208    13.2      58   -0.02    0.08  409.21  116.64     100
    6209    13.1      59   -0.08   -0.02  331.72   74.56       0
    6210    12.3      63    0.00   -0.07    0.00    8.53      13
    6211    10.1      64   -0.06    0.03    0.00    0.00      75
    6212     9.0      70   -0.01    0.06    0.00    0.00      13
    6213     8.9      65   -0.02   -0.06    0.00    0.00       0
    6214     8.5      66    0.00   -0.08    0.00    0.00       0
    6215     8.3      71    0.07   -0.02    0.00    0.00       0
    6216     7.4      75    0.01   -0.05    0.00    0.00       0
    6217     6.8      75   -0.01   -0.04    0.00    0.00       0
    6218     6.4      76    0.03    0.04    0.00    0.00       0
    6219     5.2      77    0.02    0.03    0.00    0.00       0
    6220     4.2      80    0.01   -0.04    0.00    0.00       0
    6221     4.1      83   -0.03    0.03    0.00    0.00       0
    6222     3.9      86    0.02   -0.02    0.00   14.47       0
    6223     4.6      79   -0.02    0.04  165.44   75.66       0
    6224     6.4      74   -0.06    0.01  426.74  108.33       0
    6225     8.0      70    0.03   -0.05  585.57  118.54       0
    6226     9.3      68   -0.04   -0.01  702.38  116.16       0
    6227    10.6      60   -0.05   -0.04  764.82  114.04       0
    6228    12.0      58    0.07   -0.01  694.67  135.80       0
    6229    12.9      51    0.06    0.02  624.17  150.28       0
    6230    13.3      52   -0.04   -0.06  348.41  200.25      13
    6231    13.7      52    0.05    0.01  221.57  184.77       0
    6232    13.5      54   -0.02   -0.03  526.70   97.55       0
    6233    13.1      63   -0.02   -0.02  344.22   71.09       0
    6234    12.2      67   -0.02    0.02    0.00   23.89       0
    6235     9.0      69    0.03    0.00    0.00    0.00       0
    6236     6.5      78   -0.02    0.03    0.00    0.00       0
    6237     5.2      83   -0.03   -0.01    0.00    0.00       0
    6238     3.9      86   -0.02   -0.02    0.00    0.00       0
    6239     3.0      87    0.01   -0.03    0.00    0.00       0
    6240     2.2      87    0.02    0.01    0.00    0.00       0
    6241     1.6      94    0.00   -0.01    0.00    0.00       0
    6242     1.5      97    0.03   -0.02    0.00    0.00       0
    6243     1.0      99    0.03    0.01    0.00    0.00      63
    6244     1.0      99    0.02    0.01    0.00    1.32     113
    6245     2.6      99   -0.03    0.00    0.00    1.34     113
    6246     3.9      99   -0.01   -0.02    0.00    8.87     100
    6247     4.9      98    0.03   -0.03    5.41   44.75     100
    6248     6.7      89    0.01   -0.04   23.61  113.31     100
    6249     9.8      81   -0.06   -0.01  203.59  180.74     100
    6250    12.0      73   -0.03    0.04  345.93  196.46      13
    6251    13.6      67    0.01    0.05  596.22  155.52       0
    6252    14.4      67   -0.05    0.02  688.90  136.14       0
    6253    15.3      67    0.05    0.00  666.78  137.71       0
    6254    15.6      68    0.02    0.04  646.42  129.27       0
    6255    16.0      72    0.05    0.01  534.61  129.37       0
    6256    15.8      78    0.05    0.02  388.19  114.82       0
    6257    14.9      87    0.02    0.02  136.22   77.95       0
    6258    13.7      92   -0.01   -0.04    0.00   14.19      38
    6259    12.6      96   -0.03   -0.02    0.00    0.00      50
    6260    11.8      98   -0.05   -0.01    0.00    0.01     100
    6261    12.0      97    0.00   -0.03    0.00    0.07     100
    6262    12.3      98    0.01   -0.01    0.00    0.00     100
    6263    12.2      99    0.00    0.00    0.00    0.00     113
    6264    12.0      99   -0.01    0.01    0.00    0.00     113
    6265    11.6      99    0.01   -0.01    0.00    0.00     113
    6266    11.3      99    0.00   -0.01    0.00    0.00     113
    6267    11.2      99   -0.01   -0.01    0.00    0.00     113
    6268    11.1      99    0.00    0.00    0.00    0.00     113
    6269    11.0      99    0.00    0.00    0.00    0.01     113
    6270    11.0      99    0.01   -0.01    0.00    5.40     113
    6271    11.1      99   -0.01    0.00    2.60   30.27     113
    6272    11.6      99    0.00   -0.01    4.16   69.69     113
    6273    12.4      99    0.01    0.01    4.04   95.66     113
    6274    12.9      99    0.01    0.00    4.40  121.27     100
    6275    14.1      93   -0.01   -0.01    4.75  140.26     100
    6276    15.6      87    0.00    0.00   52.31  241.05     100
    6277    17.5      85    0.01    0.00  101.09  246.00     100
    6278    17.7      86    0.01    0.01  326.81  199.91     100
    6279    18.1      85    0.01    0.01  148.76  184.50     100
    6280    17.6      86    0.00    0.00  127.07  133.99      38
    6281    15.8      93    0.00    0.00   41.32   68.91       0
    6282    14.4      96    0.00    0.01    0.00   11.32       0
    6283    12.6      97    0.00    0.00    0.00    0.00     100
    6284    11.4      99   -0.02   -0.02    0.00    0.00      88
    6285    11.1      98   -0.01    0.02    0.00    0.00       0
    6286    10.6      98   -0.01    0.02    0.00    0.00       0
    6287     9.4      99    0.01   -0.01    0.00    0.19     113
    6288    10.0      99    0.01    0.00    0.00    0.89     100
    6289    11.3      99    0.02    0.02    0.00    0.13     113
    6290    11.3      99    0.00    0.00    0.00    0.11     113
    6291    11.6      99    0.00    0.00    0.00    0.09     113
    6292    11.7      99   -0.01    0.02    0.00    0.00     113
    6293    11.7      99    0.00    0.00    0.00    0.00     113
    6294    11.6      99    0.01   -0.01    0.00    2.23     100
    6295    11.5      99    0.00    0.01    1.05   18.76     100
    6296    11.7      99    0.01   -0.01    2.39   52.11     100
    6297    12.3      99    0.00    0.02    3.12   83.15     100
    6298    13.0      95    0.01   -0.01    3.73  110.74     100
    6299    13.7      91    0.02    0.01    3.97  127.08     100
    6300    14.0      92    0.01    0.02    1.03   67.72     100
    6301    13.3      93   -0.02    0.00    2.16   94.46     100
    6302    14.0      90   -0.04   -0.01    1.83   78.38     100
    6303    14.2      87    0.03   -0.02    2.70   78.38     100
    6304    14.7      88   -0.01    0.03    3.12   60.62     100
    6305    14.2      89    0.02    0.02    1.26   21.30     100
    6306    13.7      89   -0.03    0.02    0.00    3.49     100
    6307    13.1      95    0.01   -0.01    0.00    0.00     100
    6308    12.6      95    0.00   -0.01    0.00    0.00     100
    6309    12.0      96    0.01   -0.01    0.00    0.00     100
    6310    11.5      97   -0.01    0.01    0.00    0.00     100
    6311    11.3      97    0.00   -0.02    0.00    0.00     100
    6312    11.3      97    0.00    0.02    0.00    0.00     100
    6313    11.3      97    0.00   -0.02    0.00    0.00     100
    6314    11.5      98    0.02    0.01    0.00    0.01     100
    6315    11.7      98    0.03   -0.02    0.00    0.00     100
    6316    11.7      98   -0.02   -0.02    0.00    0.00     100
    6317    11.7      98    0.02    0.01    0.00    0.00     100
    6318    11.8      95    0.04    0.02    0.00    4.30     100
    6319    11.9      94    0.03    0.02    1.38   20.78     100
    6320    12.3      89   -0.01    0.03    1.66   42.74     100
    6321    12.9      89   -0.03    0.01    3.80   90.39     100
    6322    13.7      84   -0.02   -0.02    4.79  123.74     100
    6323    14.4      84    0.00   -0.04    5.42  146.62     100
    6324    15.0      84   -0.04   -0.02    8.40  176.55     100
    6325    15.1      80   -0.04   -0.02   17.24  196.50     100
    6326    15.0      83    0.03   -0.01   16.99  176.33     100
    6327    14.2      87   -0.01   -0.04    3.37   85.97     100
    6328    13.1      90    0.02    0.03    1.82   45.41     100
    6329    12.5      92   -0.03    0.01    0.73   15.63     100
    6330    12.1      90    0.02    0.01    0.00    3.52     100
    6331    12.0      91    0.03    0.00    0.00    0.00     100
    6332    11.7      91   -0.03    0.00    0.00    0.00     100
    6333    11.3      93    0.00   -0.03    0.00    0.00     100
    6334    11.3      93   -0.02   -0.02    0.00    0.00     100
    6335    11.4      93   -0.04   -0.01    0.00    0.00     100
    6336    11.4      95    0.03    0.00    0.00    0.00     100
    6337    11.4      93   -0.02   -0.03    0.00    0.00     100
    6338    11.5      91    0.02   -0.02    0.00    0.00     100
    6339    11.5      89    0.03    0.02    0.00    0.00     100
    6340    11.1      89    0.01    0.03    0.00    0.00     100
    6341    10.5      90    0.02    0.02    0.00    0.00     100
    6342    10.4      89    0.02   -0.01    0.00    7.41     100
    6343    10.5      87    0.02   -0.01    8.23   45.56     100
    6344    11.4      83   -0.03   -0.02    7.54   85.10     100
    6345    12.3      78    0.03   -0.01  198.08  172.42      75
    6346    13.9      70    0.03   -0.02  758.13   99.13     100
    6347    15.0      66   -0.02   -0.02  778.89  106.14       0
    6348    17.0      61    0.01    0.03  786.66  108.30       0
    6349    17.7      59    0.00   -0.04  738.94  115.10       0
    6350    17.8      61   -0.03    0.00  698.38  111.95       0
    6351    17.4      64    0.02    0.02  571.38  115.04       0
    6352    16.7      69    0.00   -0.03  456.99   96.77       0
    6353    15.6      83    0.00    0.01  153.24   66.09       0
    6354    13.9      92    0.00    0.00    0.00    6.52       0
    6355    11.7      95    0.01    0.01    0.00    0.00       0
    6356     9.5      95    0.00   -0.01    0.00    0.00       0
    6357     8.3      91    0.01   -0.01    0.00    0.00       0
    6358     7.6      84    0.02   -0.01    0.00    0.00       0
    6359     7.2      87   -0.01   -0.02    0.00    0.00       0
    6360     6.8      85    0.03    0.00    0.00    0.00       0
    6361     6.3      91   -0.03    0.00    0.00    0.00       0
    6362     6.2      92   -0.01    0.03    0.00    0.00       0
    6363     6.4      96   -0.03    0.00    0.00    0.00       0
    6364     5.9      96    0.03    0.01    0.00    0.00       0
    6365     6.1      98    0.02   -0.01    0.00    0.00       0
    6366     6.0      98    0.03    0.01    0.00    9.13       0
    6367     6.7      96    0.00    0.04   93.05   62.11       0
    6368     8.4      84    0.01    0.04  376.37  103.75       0
    6369    11.1      77   -0.04   -0.01  452.09  134.43       0
    6370    14.5      75    0.03   -0.02  542.80  144.99       0
    6371    16.9      66   -0.01   -0.04  603.44  146.69       0
    6372    18.5      56   -0.04    0.00  677.52  132.94       0
    6373    18.9      53   -0.01    0.03  692.56  124.80       0
    6374    19.6      55    0.01    0.04  651.16  120.93       0
    6375    19.8      61    0.01    0.03  565.31  114.37       0
    6376    19.0      71    0.01    0.02  325.69  109.76       0
    6377    17.8      82   -0.02    0.01   71.90   61.49       0
    6378    15.6      83    0.03    0.01    0.00    2.28      25
    6379    13.5      82    0.01   -0.05    0.00    0.00       0
    6380    11.4      83    0.02   -0.04    0.00    0.00       0
    6381    10.4      84   -0.03   -0.03    0.00    0.00       0
    6382     9.8      85   -0.04   -0.04    0.00    0.00       0
    6383     9.4      88    0.04    0.03    0.00    0.00      25
    6384    10.6      91    0.05    0.00    0.00    0.00      38
    6385    10.5      93   -0.05    0.04    0.00    0.00      25
    6386     9.7      93   -0.02    0.08    0.00    0.00      13
    6387    10.4      91   -0.01    0.07    0.00    0.00       0
    6388    11.6      90    0.08   -0.02    0.00    0.00      25
    6389    11.6      88    0.05    0.05    0.00    0.00     100
    6390    12.1      87   -0.02    0.08    0.00    4.72      75
    6391    12.6      81    0.06    0.06   38.78   55.16     100
    6392    13.9      73    0.07   -0.07   22.37  101.04     100
    6393    15.0      74   -0.06    0.04    5.26  101.88      75
    6394    16.3      91    0.01    0.04    2.78   91.63     100
    6395    15.2      95    0.03    0.03    0.50   43.91     100
    6396    14.8      88    0.02   -0.04   50.90  228.53     100
    6397    16.2      75    0.05    0.00  318.72  211.68     100
    6398    17.0      66    0.01    0.03  512.58  150.11      50
    6399    16.6      69    0.02   -0.03  355.88  148.46      63
    6400    16.2      73    0.02    0.02  133.07  119.56      50
    6401    15.0      77    0.03    0.00   27.99   52.61       0
    6402    13.7      85    0.01    0.03    0.00    5.77       0
    6403    11.5      90    0.00   -0.03    0.00    0.00       0
    6404     9.3      91    0.00    0.03    0.00    0.00       0
    6405     7.7      90    0.01    0.03    0.00    0.00       0
    6406     7.0      93   -0.03    0.00    0.00    0.00      13
    6407     6.6      96   -0.05    0.00    0.00    0.00      13
    6408     6.0      97    0.00   -0.04    0.00    0.00       0
    6409     5.8      98   -0.04    0.02    0.00    0.00       0
    6410     6.0      98   -0.05    0.02    0.00    0.00      13
    6411     6.3      98    0.03   -0.04    0.00    0.00      38
    6412     6.0      96    0.06   -0.01    0.00    0.00     100
    6413     6.2      95   -0.03   -0.03    0.00    0.00     100
    6414     6.4      91    0.00   -0.04    0.00    3.78     100
    6415     6.6      88    0.02   -0.03    5.04   34.08     100
    6416     7.8      85    0.00    0.01    8.38   82.65      75
    6417    10.1      82    0.00    0.00    5.76  105.07     100
    6418    11.7      80   -0.01    0.00    3.09   95.33      75
    6419    12.5      79    0.01   -0.01    4.99  135.06     100
    6420    13.5      75   -0.02   -0.01    3.97  125.03     100
    6421    14.0      77    0.03   -0.02    4.03  121.42     100
    6422    14.2      76    0.03   -0.03    1.78   72.52     100
    6423    13.9      75    0.04    0.01    1.34   50.97     100
    6424    13.8      91    0.01    0.03    0.11   10.35     100
    6425    12.2      92    0.04   -0.01    0.10    4.79     100
    6426    11.8      94    0.02   -0.02    0.00    0.56     100
    6427    11.8      94   -0.03    0.01    0.00    0.00     100
    6428    12.0      97    0.04    0.03    0.00    0.00     100
    6429    12.0      98   -0.02   -0.03    0.00    0.00     100
    6430    11.7      98    0.00   -0.03    0.00    0.00     100
    6431    12.0      98    0.01   -0.03    0.00    0.03     100
    6432    12.7      98    0.01    0.02    0.00    0.00     100
    6433    13.3      99    0.01   -0.02    0.00    0.00     100
    6434    13.7      97   -0.04    0.04    0.00    0.00     100
    6435    13.7      98   -0.04    0.00    0.00    0.00     100
    6436    13.1      98    0.02    0.04    0.00    0.00     100
    6437    12.9      98   -0.03    0.05    0.00    0.00     100
    6438    12.8      98    0.00   -0.06    0.00    1.30     100
    6439    12.8      97    0.02    0.04    2.03   20.92     100
    6440    13.1      96   -0.02    0.05    3.94   59.57     100
    6441    13.7      94    0.02   -0.03    4.05   87.18     100
    6442    14.4      94    0.02    0.01    3.80  104.29     100
    6443    14.5      88    0.01   -0.01    1.85   81.79     100
    6444    14.6      83   -0.01    0.01    4.41  130.17     100
    6445    15.4      83    0.00   -0.02   10.70  170.35     100
    6446    16.1      80   -0.02    0.02  197.73  201.15      63
    6447    16.2      83    0.02   -0.02  141.48  164.94     100
    6448    16.3      88    0.02   -0.02    7.34   77.30     100
    6449    15.5      92    0.01   -0.02    0.94   13.87     100
    6450    14.9      95   -0.03   -0.01    0.00    1.83     100
    6451    14.8      95    0.00   -0.03    0.00    0.00     100
    6452    14.8      92    0.02   -0.01    0.00    0.00     100
    6453    15.3      93   -0.04    0.00    0.00    0.00     100
    6454    15.6      93    0.05    0.00    0.00    0.00     100
    6455    15.4      95    0.03   -0.02    0.00    0.00     100
    6456    15.2      96   -0.03   -0.01    0.00    0.00     100
    6457    15.1      98    0.04    0.00    0.00    0.00     100
    6458    15.0      99   -0.02   -0.04    0.00    0.00     113
    6459    14.7      99   -0.03    0.00    0.00    0.00     113
    6460    14.2      99    0.02    0.02    0.00    0.00     113
    6461    13.9      99   -0.01    0.03    0.00    0.00     113
    6462    13.7      99   -0.04   -0.01    0.00    2.14     113
    6463    13.7      99    0.05   -0.01    0.67   11.63     113
    6464    13.7      99   -0.01    0.04    1.48   36.06     113
    6465    13.9      99   -0.04   -0.01    1.48   52.28     100
    6466    14.2      99   -0.03   -0.02    4.37  110.39     100
    6467    15.2      97   -0.04   -0.03    7.39  154.73     100
    6468    15.7      87   -0.03   -0.01   15.46  187.17     100
    6469    16.0      88   -0.03    0.03  519.35  160.67     100
    6470    16.6      91    0.04   -0.02  465.64  154.15     100
    6471    16.1      93    0.01   -0.04  152.81  161.87     100
    6472    15.4      94    0.04   -0.03   69.43  107.36     100
    6473    14.5      95   -0.03    0.03    6.95   34.42     100
    6474    14.0      95   -0.05   -0.01    0.00    3.25     100
    6475    13.8      95   -0.03    0.04    0.00    0.00     100
    6476    13.8      96    0.04   -0.02    0.00    0.00     100
    6477    13.7      96   -0.03   -0.02    0.00    0.00     100
    6478    13.6      95   -0.02   -0.01    0.00    0.00     100
    6479    13.3      94    0.04   -0.01    0.00    0.00     100
    6480    12.8      94   -0.03   -0.01    0.00    0.00     100
    6481    12.6      95   -0.04    0.02    0.00    0.00     100
    6482    12.5      96   -0.02    0.00    0.00    0.00     100
    6483    12.4      97   -0.02    0.01    0.00    0.00     100
    6484    12.2      97    0.01   -0.01    0.00    0.00     100
    6485    11.9      98   -0.03   -0.01    0.00    0.00     100
    6486    11.9      99    0.03    0.00    0.00    1.98     100
    6487    11.9      99    0.01   -0.02    2.15   19.80     100
    6488    12.1      96   -0.01    0.03    3.65   55.06     100
    6489    12.7      91    0.02    0.01   14.18  126.42     100
    6490    14.0      84   -0.03   -0.03   76.73  195.71     100
    6491    16.0      82   -0.02    0.01  486.47  167.04      88
    6492    17.4      87    0.02    0.00  491.89  171.73     100
    6493    18.4      87    0.02    0.00  211.04  218.96     100
    6494    17.8      89    0.01    0.01    5.68  123.14     100
    6495    16.8      91    0.00   -0.02    2.02   59.34     100
    6496    16.0      92    0.00   -0.01    2.22   42.07     100
    6497    15.5      94   -0.01    0.01    0.27    6.64     100
    6498    14.8      96   -0.01    0.00    0.00    0.42     100
    6499    14.6      97    0.00    0.00    0.00    0.00     113
    6500    14.0      97    0.00    0.00    0.00    0.00     100
    6501    13.6      98    0.01    0.01    0.00    0.00     100
    6502    13.5      98   -0.02    0.02    0.00    0.00     100
    6503    13.5      97    0.02    0.01    0.00    0.00     100
    6504    12.6      96    0.00   -0.02    0.00    0.00     100
    6505    12.1      96    0.02    0.00    0.00    0.00     100
    6506    11.5      96   -0.01   -0.02    0.00    0.00     100
    6507    11.4      97   -0.03    0.00    0.00    0.00     100
    6508    10.3      98   -0.01    0.02    0.00    0.00     113
    6509     8.6      99    0.00   -0.02    0.00    0.00     113
    6510     7.4      99    0.02    0.00    0.00    3.37     113
    6511     6.8      99    0.02   -0.02   95.44   48.84     113
    6512     7.8      99    0.01    0.02  489.36   80.16     113
    6513    10.3      70    0.00    0.03  652.19   90.64       0
    6514    13.5      67   -0.01   -0.03  712.00  100.75       0
    6515    16.4      64    0.03    0.02  419.58  180.19      25
    6516    16.4      56    0.02    0.02   56.09  218.61      88
    6517    16.4      62    0.00   -0.02  131.39  221.25     100
    6518    16.9      60    0.00    0.00  142.06  196.04     100
    6519    16.4      69    0.00    0.00   17.44  126.91     100
    6520    16.4      78    0.00    0.00    9.95   76.75     100
    6521    14.6      88    0.00    0.00    3.84   23.27     100
    6522    12.7      89    0.01   -0.02    0.00    0.79      63
    6523    10.6      80    0.02    0.01    0.00    0.00     100
    6524    10.6      80   -0.03    0.00    0.00    0.00     100
    6525    10.7      80    0.02   -0.03    0.00    0.05     100
    6526    10.9      83   -0.05   -0.01    0.00    0.00     100
    6527    11.2      87    0.00    0.03    0.00    0.00     100
    6528    11.5      89    0.02   -0.04    0.00    0.00     100
    6529    10.7      92   -0.03    0.02    0.00    0.00     100
    6530    10.0      94   -0.01    0.05    0.00    0.00      63
    6531     9.2      96   -0.01   -0.02    0.00    0.00      75
    6532     9.1      98   -0.03    0.02    0.00    0.00      88
    6533     8.9      99    0.04   -0.01    0.00    0.00     113
    6534     8.9      99    0.03    0.03    0.00    3.54     113
    6535     9.4      99    0.02    0.04    7.01   31.53     113
    6536    10.0      99    0.03   -0.03   15.68   84.41     113
    6537    11.0      99    0.00   -0.06    4.73   88.61     100
    6538    11.7      88   -0.02    0.05    4.92  112.75     100
    6539    12.8      85   -0.05   -0.04    3.73  110.62     100
    6540    13.3      82    0.01    0.03    5.33  136.47     100
    6541    14.9      78    0.02    0.04   83.51  214.77     100
    6542    15.4      75    0.04    0.00   63.31  185.76     100
    6543    15.6      80    0.01   -0.02   55.40  145.62      88
    6544    15.5      83    0.01    0.01  184.76  100.95      50
    6545    14.8      90   -0.01    0.00   27.29   37.06       0
    6546    11.7      95   -0.01    0.02    0.00    0.60       0
    6547     9.6      91    0.02    0.01    0.00    0.00       0
    6548     8.4      94    0.00    0.02    0.00    0.00       0
    6549     7.7      92    0.02    0.02    0.00    0.00       0
    6550     7.1      95    0.00    0.03    0.00    0.00       0
    6551     6.4      93   -0.03    0.03    0.00    0.00       0
    6552     6.1      94    0.03   -0.04    0.00    0.00       0
    6553     6.0      97    0.05   -0.01    0.00    0.00     100
    6554     5.6      99   -0.03   -0.04    0.00    0.13     113
    6555     6.4      99   -0.05    0.03    0.00    1.24     113
    6556     8.0      99   -0.05   -0.01    0.00    0.13     113
    6557     8.2      99    0.03   -0.01    0.00    0.00     100
    6558     8.4      94    0.04    0.00    0.00    1.08     100
    6559     8.9      91    0.01    0.00    2.22   17.45     100
    6560     9.6      86   -0.01    0.02  146.28  103.51     100
    6561    11.2      83   -0.01   -0.03   51.07  145.08     100
    6562    12.5      80   -0.04   -0.01   39.67  176.28     100
    6563    13.6      81    0.00    0.03    8.11  151.47     100
    6564    14.4      86    0.01   -0.01    2.99  101.44     100
    6565    14.1      90    0.01    0.01    1.62   72.01     100
    6566    13.9      86    0.00    0.02    1.02   50.53     100
    6567    13.9      85    0.02    0.00    5.13   88.67     100
    6568    14.2      87   -0.02   -0.01    4.78   56.34     100
    6569    13.8      89    0.02   -0.01    1.85   13.93     100
    6570    13.2      87   -0.02   -0.02    0.00    0.38     100
    6571    13.1      88   -0.02   -0.01    0.00    0.00     100
    6572    12.9      87   -0.02   -0.02    0.00    0.00     100
    6573    12.4      88    0.03    0.00    0.00    0.00     100
    6574    12.2      88   -0.01   -0.02    0.00    0.00     100
    6575    12.1      89   -0.03    0.01    0.00    0.00     100
    6576    12.1      90    0.02   -0.01    0.00    0.00     100
    6577    12.0      91    0.02    0.02    0.00    0.00     100
    6578    11.8      91    0.03    0.01    0.00    0.01     100
    6579    11.9      92   -0.03   -0.01    0.00    0.01     100
    6580    12.2      93   -0.02   -0.01    0.00    0.00     100
    6581    12.2      92    0.02    0.00    0.00    0.03     100
    6582    12.2      90    0.00   -0.03    0.00    0.83     100
    6583    12.7      87    0.03   -0.02   69.45   41.18     100
    6584    13.7      87   -0.01    0.02  339.79   89.67     100
    6585    15.0      83    0.01   -0.03  313.05  137.96     100
    6586    15.9      83    0.02    0.00   21.97  160.37     100
    6587    15.8      79    0.03    0.02    2.65   91.31     100
    6588    15.5      79   -0.01    0.03    6.46  145.08     100
    6589    16.1      80   -0.01    0.02   10.96  158.98     100
    6590    16.3      74    0.01   -0.03   69.06  181.77     100
    6591    16.8      76   -0.01   -0.03  206.36  144.87      13
    6592    16.7      79    0.03    0.02  203.08   94.41      13
    6593    16.3      82    0.02   -0.03   31.51   32.25       0
    6594    14.9      87   -0.02    0.01    0.00    1.88      13
    6595    14.1      85   -0.02    0.02    0.00    0.00     100
    6596    13.2      81    0.02    0.03    0.00    0.00     100
    6597    13.2      82    0.03    0.01    0.00    0.00     100
    6598    13.2      88   -0.03   -0.01    0.00    0.00     100
    6599    13.0      93    0.01   -0.02    0.00    0.00     100
    6600    12.8      93    0.02   -0.01    0.00    0.00     100
    6601    12.3      92    0.01    0.03    0.00    0.00     100
    6602    12.1      95    0.01   -0.03    0.00    0.00     100
    6603    12.6      95   -0.01    0.03    0.00    0.00     100
    6604    12.3      95    0.02    0.00    0.00    0.00     100
    6605    11.9      94   -0.01    0.01    0.00    0.05     100
    6606    12.2      93    0.02   -0.02    0.00    0.50     100
    6607    12.5      92   -0.01   -0.02    0.51    7.42     100
    6608    12.5      92    0.02    0.01    0.18   11.09     100
    6609    12.9      92    0.02   -0.02    3.10   68.65     100
    6610    13.9      88    0.03   -0.01    4.77  106.82     100
    6611    14.4      86    0.03    0.00    4.06  111.21     100
    6612    14.7      87    0.02   -0.03    2.93   98.03     100
    6613    14.9      87    0.00    0.02    1.20   60.54     100
    6614    14.4      90    0.00   -0.04    5.26  110.15     100
    6615    14.7      89    0.02   -0.02    3.67   72.34     100
    6616    14.2      89   -0.03   -0.01    0.93   23.65     100
    6617    13.9      90   -0.03    0.03    0.34    5.15     100
    6618    13.6      89    0.02   -0.02    0.00    0.01     100
    6619    13.4      85   -0.02   -0.05    0.00    0.00     100
    6620    13.1      89    0.01    0.03    0.00    0.00     100
    6621    13.0      91    0.03    0.00    0.00    0.00     100
    6622    12.9      91    0.03   -0.03    0.00    0.00     100
    6623    13.1      93    0.04   -0.02    0.00    0.00     100
    6624    13.2      94    0.00    0.05    0.00    0.00     100
    6625    13.4      94   -0.03    0.03    0.00    0.00     100
    6626    13.6      95   -0.02    0.02    0.00    0.00     100
    6627    13.7      96    0.02   -0.03    0.00    0.00     100
    6628    13.6      98    0.01    0.03    0.00    0.00     100
    6629    13.6      98    0.03   -0.03    0.00    0.00     100
    6630    13.6      98    0.04    0.03    0.00    0.24     100
    6631    13.8      98    0.01    0.05    0.13    3.58     100
    6632    14.2      95    0.01   -0.03    0.20   11.25     100
    6633    14.8      94    0.03    0.03    0.82   34.95     100
    6634    15.4      93    0.01   -0.03    0.48   33.73     100
    6635    15.7      94    0.00    0.03    0.34   32.27     100
    6636    15.8      97    0.00    0.03    0.16   22.70     100
    6637    15.4      97   -0.01    0.01    0.04   11.38     100
    6638    15.0      98   -0.03   -0.01    0.10   14.89     113
    6639    14.2      98    0.03   -0.02    0.06    9.20     100
    6640    13.0      97    0.01   -0.03    0.32   13.51     100
    6641    12.8      98    0.00    0.00    0.15    3.12     100
    6642    12.2      99    0.00    0.01    0.00    0.05     100
    6643    12.0      99    0.01    0.01    0.00    0.00     100
    6644    11.9      99    0.01    0.00    0.00    0.05     100
    6645    12.2      99   -0.02   -0.01    0.00    0.01     100
    6646    12.2      98   -0.01   -0.02    0.00    0.00     100
    6647    11.9      98    0.02   -0.01    0.00    0.00     100
    6648    11.5      99    0.01   -0.03    0.00    0.00     113
    6649    10.2      99   -0.04    0.01    0.00    0.00      75
    6650     9.6      98   -0.01    0.02    0.00    0.09     100
    6651     9.4      99   -0.02    0.02    0.00    0.00     100
    6652     8.9      99    0.03    0.00    0.00    0.03     113
    6653     8.8      99   -0.03    0.02    0.00    0.00     113
    6654     7.6      99   -0.01    0.06    0.00    1.08     113
    6655     7.5      99    0.02   -0.05    8.73   25.07     113
    6656     8.6      99    0.03    0.04  207.13   92.33     100
    6657     9.9      94    0.03   -0.04  470.02  110.28     100
    6658    12.0      93   -0.06    0.02  403.07  151.73      75
    6659    13.3      89    0.01    0.06   43.21  190.91     100
    6660    13.6      79    0.00   -0.05  280.83  200.22     100
    6661    14.5      77   -0.02    0.01  188.85  202.55      50
    6662    14.9      74    0.02    0.00  686.29   96.34       0
    6663    15.2      81    0.00    0.00  373.71  119.09       0
    6664    14.3      85    0.01   -0.01  265.61   82.58       0
    6665    13.7      91    0.01    0.01   40.47   27.46       0
    6666    11.7      93    0.01    0.01    0.00    0.00       0
    6667    11.1      95    0.01    0.01    0.00    0.00       0
    6668    10.7      96   -0.01    0.01    0.00    0.00     100
    6669    10.2      97   -0.01    0.00    0.00    0.00     100
    6670     9.5      98   -0.01   -0.01    0.00    0.00     100
    6671     9.3      98   -0.01   -0.02    0.00    0.00     100
    6672     9.9      97   -0.01    0.01    0.00    0.05     100
    6673    10.6      97   -0.02    0.00    0.00    0.00     100
    6674    10.5      97    0.01   -0.01    0.00    0.09     100
    6675    10.7      98    0.00    0.00    0.00    0.03     100
    6676    11.0      97   -0.01    0.01    0.00    0.09     100
    6677    11.2      97    0.01    0.01    0.00    0.01     100
    6678    11.2      97    0.03   -0.01    0.00    0.38     100
    6679    11.3      97    0.00   -0.02    2.82   14.51     100
    6680    11.9      94    0.03    0.01    0.57   18.25     100
    6681    11.6      94    0.00   -0.04    1.07   38.61     100
    6682    11.8      90    0.01   -0.02    1.70   61.55     100
    6683    12.1      89    0.03    0.00    5.12  119.98     100
    6684    13.1      90   -0.01   -0.02    2.83   92.91     100
    6685    12.8      87   -0.03    0.01    3.43   97.44     100
    6686    13.4      77    0.03    0.02   34.62  158.32      88
    6687    14.0      79    0.01   -0.03  287.63  126.59     100
    6688    13.8      85   -0.02   -0.02  137.22   84.49      75
    6689    12.8      90   -0.03    0.00   11.11   21.82      63
    6690    10.4      94    0.03   -0.03    0.00    0.00     100
    6691     9.6      96   -0.03   -0.05    0.00    0.22     100
    6692    10.7      98   -0.03    0.05    0.00    0.00     100
    6693    10.6      99    0.01   -0.05    0.00    0.00     100
    6694    10.8      98    0.00   -0.04    0.00    0.00     100
    6695    11.0      98    0.01    0.04    0.00    0.00     100
    6696    11.0      98   -0.02    0.02    0.00    0.00     100
    6697    11.1      97   -0.01    0.03    0.00    0.00     100
    6698    10.9      97    0.03    0.01    0.00    0.00     100
    6699    10.4      97   -0.04    0.00    0.00    0.00     100
    6700    10.3      97    0.02    0.04    0.00    0.00     100
    6701    10.1      99   -0.03   -0.02    0.00    0.01     113
    6702    10.4      99    0.00    0.06    0.00    0.46     100
    6703    10.7      98    0.01    0.06    0.66    6.59     100
    6704    11.0      96    0.00   -0.05    0.72   19.98     100
    6705    11.2      93    0.02   -0.05    2.31   55.46     100
    6706    11.7      90    0.05   -0.01    3.12   81.96     100
    6707    12.5      87   -0.01    0.04    4.28  108.52     100
    6708    13.3      86    0.04    0.01   27.29  181.56     100
    6709    14.4      92   -0.02   -0.02    5.22  118.25     100
    6710    14.0      93   -0.01   -0.01   69.81  168.29     100
    6711    14.1      90   -0.03   -0.01   21.84  112.11     100
    6712    13.2      94   -0.03    0.02    2.57   34.15     100
    6713    11.7      95    0.00    0.03    0.00   24.26     100
    6714    11.0      96   -0.02    0.01    0.00    0.09     100
    6715    10.9      96    0.01   -0.02    0.00    0.00     100
    6716    10.7      97    0.03    0.00    0.00    0.00     100
    6717    10.6      98   -0.01   -0.02    0.00    0.00     100
    6718    10.5      98    0.01   -0.03    0.00    0.00     100
    6719    10.3      99   -0.03    0.01    0.00    0.00     100
    6720    10.3      98    0.01    0.03    0.00    0.00     100
    6721    10.2      97    0.03    0.00    0.00    0.00     100
    6722    10.3      97   -0.03    0.01    0.00    0.00     100
    6723    10.2      97    0.00   -0.04    0.00    0.00     100
    6724    10.3      97   -0.02    0.00    0.00    0.00     100
    6725    10.1      97    0.01   -0.02    0.00    0.00     100
    6726    10.4      95    0.02    0.03    0.00    0.34     100
    6727    10.5      96    0.00    0.03    2.18   11.39     100
    6728    10.6      96    0.03    0.01    4.67   48.85     100
    6729    11.1      94    0.01    0.04    5.48   83.39     100
    6730    11.8      94   -0.03    0.02    3.17   81.50     100
    6731    12.2      93    0.02    0.02   31.53  176.51     100
    6732    13.2      89    0.02   -0.01   23.44  175.31     100
    6733    13.4      91    0.02   -0.03   44.00  181.83     100
    6734    13.5      94   -0.05   -0.03    3.03   77.44     100
    6735    11.9      97   -0.03    0.03    0.83   31.26     100
    6736    11.0      97    0.03   -0.02    0.72   17.58     100
    6737    10.5      97   -0.04   -0.02    0.00    4.98     100
    6738    10.1      98   -0.02   -0.02    0.00    0.00     100
    6739     9.4      97    0.00   -0.04    0.00    0.00     100
    6740     9.2      97   -0.04    0.01    0.00    0.00     100
    6741     9.0      97   -0.03    0.04    0.00    0.00     100
    6742     8.9      98    0.01   -0.02    0.00    0.00     100
    6743     8.8      99   -0.03    0.00    0.00    0.00     100
    6744     8.8      99   -0.02    0.00    0.00    0.00     100
    6745     8.9      99    0.02    0.01    0.00    0.00     100
    6746     8.9      99    0.01    0.04    0.00    0.00     100
    6747     8.9      97    0.00    0.04    0.00    0.00      88
    6748     8.3      97    0.03   -0.01    0.00    0.00      13
    6749     6.9      97    0.01    0.02    0.00    0.00       0
    6750     6.5      97   -0.03    0.00    0.00    0.30      25
    6751     6.4      93   -0.04    0.00   38.28   27.12       0
    6752     6.9      86   -0.05    0.05  301.68   77.83       0
    6753     8.5      75    0.00   -0.07  582.10   87.35       0
    6754    10.3      70   -0.01    0.07  688.28   92.99      38
    6755    11.7      72    0.03   -0.07  510.73  141.93      88
    6756    11.1      78   -0.01    0.03  114.63  203.29     100
    6757    11.0      70   -0.05    0.02  264.71  183.52     100
    6758    12.0      73    0.04    0.02  559.37  112.78      88
    6759    12.1      76   -0.03   -0.02   89.61  126.02     100
    6760    11.9      83   -0.01   -0.02  121.53   75.76      75
    6761    10.0      89    0.03    0.00    0.00   17.89      63
    6762     9.0      89    0.00   -0.03    0.00    0.00     100
    6763     8.6      90    0.01    0.04    0.00    0.00     100
    6764     8.3      93   -0.04   -0.01    0.00    0.00     100
    6765     7.8      93   -0.01    0.04    0.00    0.00     100
    6766     7.8      95    0.04    0.03    0.00    0.00     100
    6767     7.8      96    0.01    0.03    0.00    0.00     100
    6768     8.0      97   -0.01   -0.05    0.00    0.00     100
    6769     7.9      98   -0.01   -0.05    0.00    0.00     100
    6770     7.8      98    0.06   -0.03    0.00    0.00     100
    6771     7.6      98   -0.01   -0.05    0.00    0.00     100
    6772     7.7      98    0.01    0.06    0.00    0.00     100
    6773     7.7      98   -0.04   -0.03    0.00    0.00     100
    6774     7.8      98    0.00   -0.05    0.00    0.01     100
    6775     7.9      98    0.05   -0.01    0.00    6.89     100
    6776     8.1      98    0.00    0.02    0.18    9.21     100
    6777     8.0      96   -0.01   -0.01    0.48   24.18     113
    6778     7.5      96   -0.01    0.01    3.71   85.41     100
    6779     8.4      94   -0.05   -0.01    1.19   55.35     100
    6780     8.1      95   -0.02    0.01    1.69   68.22     113
    6781     8.5      91   -0.01    0.00   13.12  147.57     100
    6782     9.5      89    0.00    0.01   24.76  141.46      88
    6783     9.7      96    0.00   -0.03    4.20   66.42      38
    6784     9.4      89    0.00    0.02  108.88   72.68     100
    6785     9.0      97   -0.02   -0.02    0.00    9.97       0
    6786     6.4      99    0.03    0.02    0.00    0.00     113
    6787     5.6      99    0.00   -0.03    0.00    0.13     100
    6788     6.1      98    0.04   -0.01    0.00    0.03     100
    6789     6.0      98   -0.03   -0.03    0.00    0.00     113
    6790     6.1      99   -0.01   -0.02    0.00    0.00     100
    6791     5.9      98    0.02    0.01    0.00    0.00     100
    6792     5.7      99   -0.01    0.03    0.00    0.01      38
    6793     5.0      99    0.05    0.00    0.00    0.00     113
    6794     4.0      99   -0.02   -0.04    0.00    0.05     113
    6795     3.9      99    0.05    0.03    0.00    0.19     113
    6796     4.5      99    0.02    0.04    0.00    0.11     113
    6797     5.4      99   -0.03    0.04    0.00    0.03     113
    6798     6.0      99    0.05    0.01    0.00    0.22     113
    6799     6.2      99   -0.04    0.00    0.00    7.93     113
    6800     6.5      99    0.05    0.00    3.20   37.20     113
    6801     7.2      99    0.03    0.02   10.37   95.85     100
    6802     8.4      97   -0.03    0.00   44.28  155.48     100
    6803    10.0      96    0.02    0.00    3.83   97.39     100
    6804     9.2      93   -0.01    0.02    5.91  124.70     100
    6805     9.8      94    0.01    0.03   35.20  169.45     100
    6806    10.5      94   -0.01    0.01  195.75  160.14     100
    6807     9.6      95   -0.01   -0.01   85.93  120.09     100
    6808     9.7      97    0.01    0.02   21.63   58.82      63
    6809     8.9      97    0.01    0.00    0.00    9.37     100
    6810     8.0      98    0.01    0.01    0.00    0.00     100
    6811     7.8      99    0.00   -0.01    0.00    0.00     100
    6812     7.6      99    0.00   -0.02    0.00    0.00     113
    6813     7.2      99   -0.01    0.00    0.00    0.00     100
    6814     6.2      99    0.00    0.01    0.00    0.00     113
    6815     5.4      99    0.00    0.00    0.00    0.00      75
    6816     4.7      99    0.00    0.00    0.00    0.00     100
    6817     4.4      98   -0.02    0.00    0.00    0.00     100
    6818     4.3      98    0.01    0.00    0.00    0.00     100
    6819     4.1      97    0.00    0.00    0.00    0.00     100
    6820     3.9      96    0.00    0.00    0.00    0.00     100
    6821     4.1      96    0.01   -0.02    0.00    0.00     100
    6822     3.5      98   -0.02    0.02    0.00    0.34     100
    6823     3.4      98    0.02   -0.01    0.00   18.26     100
    6824     4.3      96    0.03    0.01   92.78   76.74      75
    6825     5.8      89    0.00   -0.03    0.68   27.49     100
    6826     6.1      89    0.01   -0.03    6.66  109.00     100
    6827     7.6      87   -0.03   -0.01  225.06  183.45      75
    6828    10.1      81    0.02    0.02  401.82  162.70     100
    6829    11.9      76   -0.03    0.01   37.56  168.38     100
    6830    12.1      83    0.05    0.01  721.27   80.69     113
    6831    13.6      94   -0.01    0.00  465.83   91.59     100
    6832    12.7      96    0.01    0.00  455.83   52.38     100
    6833    10.0      96   -0.02    0.01    0.00   10.87     100
    6834     6.6      97   -0.02    0.00    0.00    0.07      13
    6835     4.8      95   -0.03   -0.01    0.00    0.00      13
    6836     4.4      93    0.01    0.02    0.00    0.00      50
    6837     3.9      98    0.02    0.01    0.00    0.00       0
    6838     3.0      99   -0.01    0.00    0.00    0.00       0
    6839     2.2      98   -0.01    0.01    0.00    0.00      13
    6840     1.8      99    0.00   -0.02    0.00    0.00       0
    6841     1.2      99    0.01    0.00    0.00    0.00       0
    6842     0.8      99    0.02    0.00    0.00    0.00       0
    6843     0.6      98    0.00   -0.01    0.00    0.00       0
    6844     1.1      99    0.00    0.00    0.00    0.00      75
    6845     1.5      99    0.00    0.00    0.00    0.00      13
    6846     1.3      99    0.00    0.01    0.00    0.62       0
    6847     1.0      99    0.00    0.00    0.00   50.23       0
    6848     1.6      99    0.01   -0.01  353.91   65.85       0
    6849     4.0      93    0.02    0.01  601.95   78.60       0
    6850     7.8      90    0.02    0.02  680.53   89.14      13
    6851    10.3      87   -0.01   -0.01  458.48  144.57      38
    6852    10.7      77    0.00   -0.02  366.48  166.85      50
    6853    11.0      75    0.00   -0.02  658.83  104.12      63
    6854    11.4      73    0.02    0.04  721.50   79.31      38
    6855    11.2      78    0.02    0.01  624.09   70.38       0
    6856    10.4      83    0.00    0.00  463.78   49.70      50
    6857     9.0      90   -0.01   -0.01    0.00   17.09      13
    6858     6.8      87    0.00   -0.02    0.00    0.07      63
    6859     5.9      85   -0.01    0.01    0.00    0.00     100
    6860     5.1      87    0.00   -0.02    0.00    0.00     100
    6861     3.8      89    0.00   -0.02    0.00    0.00      88
    6862     3.4      90   -0.02   -0.01    0.00    0.00     100
    6863     4.0      92    0.01   -0.01    0.00    0.00     100
    6864     4.4      94   -0.02    0.00    0.00    0.00     100
    6865     4.4      97    0.01    0.00    0.00    0.00     100
    6866     4.0      99   -0.01   -0.02    0.00    0.00       0
    6867     3.4      99   -0.03    0.02    0.00    0.00      88
    6868     2.7      99   -0.03    0.02    0.00    0.00     100
    6869     2.4      98   -0.03   -0.04    0.00    0.00     100
    6870     3.0      98   -0.03    0.03    0.00    0.15     100
    6871     2.9      97    0.00    0.03    0.00   31.39     100
    6872     3.3      92   -0.04    0.03  574.00   47.90      75
    6873     4.4      80   -0.05    0.00  581.04   79.79      75
    6874     5.7      78    0.02    0.04  576.72  105.12     100
    6875     6.7      76    0.07    0.01  216.48  179.28     100
    6876     7.6      75    0.01   -0.05  359.29  165.81     100
    6877     7.9      75    0.03    0.07   25.42  154.93     100
    6878     7.5      77   -0.02   -0.06    4.40   83.80     100
    6879     7.1      79    0.06    0.03    2.95   50.75     100
    6880     6.7      79   -0.05   -0.02    2.50   25.41     100
    6881     6.5      79   -0.01   -0.05    0.00    5.74     100
    6882     6.2      77    0.05    0.04    0.00    0.03     100
    6883     6.1      76   -0.06   -0.02    0.00    0.00     100
    6884     6.0      77   -0.06    0.03    0.00    0.00     100
    6885     5.8      77    0.05   -0.03    0.00    0.00     100
    6886     5.7      79   -0.03    0.03    0.00    0.00     100
    6887     5.6      87    0.05   -0.03    0.00    0.00     100
    6888     5.3      82   -0.06    0.03    0.00    0.00     100
    6889     5.0      81    0.05    0.02    0.00    0.00     100
    6890     4.8      78    0.00   -0.06    0.00    0.00     100
    6891     4.4      76    0.05    0.04    0.00    0.00     100
    6892     4.2      77    0.02   -0.06    0.00    0.00     100
    6893     3.9      82   -0.03   -0.04    0.00    0.00     100
    6894     3.3      88    0.03    0.03    0.00    0.21     100
    6895     2.7      89    0.03   -0.02    0.00   20.04      75
    6896     2.8      86    0.03   -0.04  417.83   57.54       0
    6897     4.1      83   -0.01   -0.04  628.10   72.32      50
    6898     5.8      79   -0.04   -0.01  689.91   85.00     100
    6899     7.1      71    0.03    0.00  787.02   80.66      50
    6900     7.7      67   -0.01    0.05  697.29   99.59      38
    6901     8.5      66    0.04   -0.03  697.95   94.09       0
    6902     9.2      70   -0.01    0.04  643.32   88.63       0
    6903     9.5      72   -0.02   -0.03  579.94   72.19       0
    6904     9.0      87   -0.02   -0.03  384.34   49.96       0
    6905     7.7      94    0.00    0.03    0.00    0.00       0
    6906     5.6      97    0.01   -0.02    0.00    0.03       0
    6907     4.0      98    0.00    0.00    0.00    0.00       0
    6908     2.8      99    0.00    0.00    0.00    0.00       0
    6909     2.1      99    0.00    0.00    0.00    0.00       0
    6910     1.3      99    0.00    0.00    0.00    0.00       0
    6911     0.3      99    0.00    0.00    0.00    0.00       0
    6912    -0.4      99    0.01    0.01    0.00    0.00       0
    6913    -0.9      97   -0.01   -0.01    0.00    0.00       0
    6914    -1.4      98   -0.01   -0.01    0.00    0.00       0
    6915    -1.9      97    0.00    0.00    0.00    0.00       0
    6916    -1.8      99    0.00    0.00    0.00    0.00      38
    6917    -1.9      99    0.02    0.00    0.00    0.00     100
    6918    -1.2      99   -0.01    0.01    0.00    0.05     113
    6919     2.9      99   -0.02    0.00    0.00    8.05     100
    6920     3.6      97    0.03    0.02    5.70   42.01     100
    6921     4.4      94    0.01    0.01  391.02   99.22     100
    6922     6.5      91   -0.02   -0.01   35.31  139.79     100
    6923     7.3      85    0.00    0.02   26.05  153.86     100
    6924     8.2      82    0.03    0.03   55.88  175.59     100
    6925     8.8      77   -0.03    0.01    5.08  102.00     100
    6926     8.9      77    0.00   -0.02    6.44   96.59     100
    6927     9.0      81    0.00    0.01    5.43   65.09     100
    6928     8.6      80    0.00    0.00    1.06   15.10     100
    6929     7.9      77    0.01    0.00    0.00    2.20     100
    6930     7.2      85    0.00    0.00    0.00    0.00     100
    6931     6.4      87    0.00    0.00    0.00    0.00      88
    6932     4.4      93    0.00    0.00    0.00    0.00       0
    6933     3.2      97    0.00    0.00    0.00    0.00       0
    6934     1.6      97    0.00    0.00    0.00    0.00     100
    6935     0.4      97   -0.01    0.01    0.00    0.00     100
    6936     0.4      98    0.00    0.00    0.00    0.00      25
    6937     1.0      99    0.00    0.00    0.00    0.00       0
    6938    -0.1      99    0.00    0.00    0.00    0.00       0
    6939    -1.2      99    0.00    0.00    0.00    0.00       0
    6940    -1.9      99    0.00    0.00    0.00    0.00       0
    6941    -2.3      99    0.00    0.00    0.00    0.00       0
    6942    -2.6      99    0.00    0.00    0.00    0.15       0
    6943    -2.8      99    0.00    0.00    0.00    0.00       0
    6944    -2.1      92   -0.01    0.01  478.58   49.75       0
    6945     0.0      84   -0.01    0.03  622.06   70.18       0
    6946     3.4      70   -0.03    0.02  705.29   80.05       0
    6947     6.7      69    0.04   -0.03  722.80   88.99       0
    6948     8.3      69   -0.04    0.03  577.14  119.57      25
    6949     8.7      76   -0.02    0.03    9.47  124.34     100
    6950     8.7      76    0.01   -0.03   55.70  138.30     100
    6951     9.0      77   -0.04    0.01    3.67   52.28     100
    6952     8.3      85   -0.02    0.03    0.89   13.19     100
    6953     7.7      95   -0.01   -0.03    0.00    1.61     100
    6954     7.1      98   -0.02    0.03    0.00    0.00     100
    6955     6.8      99   -0.03    0.01    0.00    0.00     100
    6956     7.6      99    0.01   -0.02    0.00    0.00     100
    6957     8.2      99    0.02   -0.02    0.00    0.00     100
    6958     8.3      99    0.01   -0.02    0.00    0.00     100
    6959     6.9      97   -0.03   -0.02    0.00    0.00     100
    6960     6.0      98    0.02   -0.01    0.00    0.00     100
    6961     6.4      96    0.05    0.02    0.00    0.00     100
    6962     6.2      90   -0.01   -0.05    0.00    0.00     100
    6963     5.5      85   -0.04    0.01    0.00    0.00     100
    6964     4.7      86    0.04    0.01    0.00    0.00       0
    6965     3.6      86    0.03   -0.02    0.00    0.00       0
    6966     2.6      88   -0.01    0.04    0.00    0.09       0
    6967     1.9      80    0.03    0.04    0.00    0.00       0
    6968     1.9      73   -0.03    0.01  555.80   42.94       0
    6969     3.0      62    0.01   -0.06  674.78   62.59       0
    6970     4.6      55   -0.04   -0.06  753.66   71.74       0
    6971     6.2      53   -0.07    0.05  782.15   78.14       0
    6972     7.1      48    0.03   -0.07  786.63   80.37       0
    6973     7.7      48    0.07   -0.02  604.95  106.23       0
    6974     7.8      50    0.00    0.06  587.75   92.26       0
    6975     7.9      52   -0.01   -0.05  626.94   61.89       0
    6976     7.4      60   -0.03   -0.02  249.42   48.53       0
    6977     5.9      64    0.03   -0.01    0.00    5.24       0
    6978     3.5      67    0.04    0.02    0.00    0.00       0
    6979     2.2      68    0.03    0.03    0.00    0.00       0
    6980     2.2      65   -0.03    0.02    0.00    0.00       0
    6981     1.1      67   -0.01    0.03    0.00    0.00       0
    6982    -0.5      71   -0.03    0.00    0.00    0.00       0
    6983    -2.2      76    0.01   -0.02    0.00    0.00       0
    6984    -3.0      76    0.01    0.01    0.00    0.00       0
    6985    -3.5      77    0.00    0.00    0.00    0.00      25
    6986    -3.8      75    0.00    0.00    0.00    0.00       0
    6987    -3.8      77    0.00    0.00    0.00    0.00      13
    6988    -3.9      76    0.00    0.00    0.00    0.00      88
    6989    -3.7      77    0.00    0.00    0.00    0.00       0
    6990    -3.7      75    0.00    0.00    0.00    0.05       0
    6991    -3.7      65    0.00   -0.01    0.00   18.46       0
    6992    -3.3      56    0.00   -0.02  222.03   59.35       0
    6993    -1.6      48   -0.01   -0.02  403.82   91.76      13
    6994     1.4      47    0.03    0.00  491.11  110.21       0
    6995     5.6      48    0.01   -0.02  599.12  108.09       0
    6996     7.6      49   -0.01    0.05  563.89  118.68       0
    6997     8.2      48    0.02   -0.03  505.34  121.86       0
    6998     8.6      53   -0.02    0.02  469.92  107.61       0
    6999     8.6      59    0.00   -0.02  245.41   95.78       0
    7000     8.3      77    0.00    0.00  151.26   47.97       0
    7001     5.7      86    0.00    0.00    0.00    4.70       0
    7002     2.6      86    0.01   -0.01    0.00    0.00       0
    7003     1.4      85    0.01    0.00    0.00    0.00      25
    7004     0.2      88    0.00    0.00    0.00    0.00      13
    7005    -0.9      91    0.00    0.00    0.00    0.00      50
    7006    -1.5      86    0.00   -0.01    0.00    0.00     100
    7007    -0.8      87    0.02   -0.02    0.00    0.34     100
    7008     0.1      87    0.00   -0.03    0.00    0.44     100
    7009     1.0      87   -0.05    0.02    0.00    0.32     100
    7010     1.5      89    0.05    0.04    0.00    0.21     100
    7011     2.1      94    0.05    0.04    0.00    0.24     100
    7012     2.7      97   -0.05   -0.04    0.00    0.17     100
    7013     3.1      98   -0.07    0.03    0.00    0.11     100
    7014     3.4      99    0.05   -0.03    0.00    0.32     113
    7015     4.6      99    0.00    0.06    0.00    1.87     113
    7016     5.4      99   -0.01   -0.06    0.88   14.40     113
    7017     6.3      99   -0.06    0.05    1.85   38.24     100
    7018     7.0      98   -0.02    0.06    1.66   48.87     100
    7019     7.8      95    0.06   -0.01    3.31   79.37     100
    7020     8.9      91   -0.02    0.06    6.91  116.07     100
    7021     9.8      87   -0.06    0.00    3.38   78.25     100
    7022     9.6      85    0.03   -0.05    2.12   52.17     100
    7023     9.2      86   -0.03   -0.06    0.81   22.87     100
    7024     8.6      91   -0.05    0.06    0.76   10.36     100
    7025     7.9      90   -0.05    0.07    0.00    0.26     100
    7026     7.5      89   -0.02   -0.08    0.00    0.00     100
    7027     7.4      87   -0.03    0.07    0.00    0.00     100
    7028     7.5      87    0.04   -0.07    0.00    0.00     100
    7029     7.6      90   -0.03   -0.06    0.00    0.00     100
    7030     7.6      92    0.04    0.03    0.00    0.00     100
    7031     7.4      93    0.04    0.03    0.00    0.00     100
    7032     7.4      97    0.00   -0.06    0.00    0.00     100
    7033     7.5      98   -0.03    0.01    0.00    0.00     100
    7034     7.7      99    0.03   -0.01    0.00    0.00     100
    7035     8.1      99    0.03    0.03    0.00    0.00     113
    7036     8.3      99    0.02   -0.02    0.00    0.00     113
    7037     8.5      99    0.04    0.01    0.00    0.01     113
    7038     8.9      99    0.00    0.04    0.00    0.03     100
    7039     9.3      99    0.05   -0.02    0.00    1.04     100
    7040     9.8      99    0.02   -0.03    0.10    4.76     113
    7041    10.1      99    0.01    0.03    0.20   12.26     113
    7042    10.6      99    0.00   -0.03    0.29   20.07     113
    7043    11.0      99   -0.02   -0.03    0.32   24.53     100
    7044    11.2      99    0.01   -0.03    0.40   28.63     113
    7045    11.1      99    0.03   -0.01    0.54   31.04     100
    7046    11.0      98   -0.03    0.03    1.01   35.46     100
    7047    11.1      98   -0.04   -0.02    0.56   18.50     100
    7048    11.1      99    0.00   -0.06    0.20    5.06     113
    7049    10.9      99   -0.05   -0.04    0.00    0.21     113
    7050    10.7      99    0.04    0.06    0.00    0.00     113
    7051    10.7      99    0.05    0.05    0.00    0.00     100
    7052    10.7      99    0.03    0.06    0.00    0.00     100
    7053    10.8      99   -0.05    0.04    0.00    0.00     100
    7054    10.9      99    0.06   -0.03    0.00    0.00     100
    7055    10.7      99    0.05   -0.03    0.00    0.00     100
    7056    10.6      99    0.01    0.07    0.00    0.00     100
    7057    10.6      99    0.00   -0.05    0.00    0.01     100
    7058    11.2      98    0.02   -0.05    0.00    0.09     100
    7059    12.0      98    0.00   -0.04    0.00    0.00     100
    7060    12.1      98   -0.03   -0.02    0.00    0.00     100
    7061    12.1      98    0.05    0.08    0.00    0.00     100
    7062    11.8      99   -0.10   -0.01    0.00    0.00     100
    7063    11.1      99   -0.08   -0.03    0.00    1.67     100
    7064    10.7      99   -0.07   -0.03    0.44    9.31     113
    7065    10.5      97    0.06    0.02    3.75   51.69     100
    7066    11.1      98    0.00    0.05    2.43   56.85     100
    7067    11.2      99    0.01    0.05    0.77   37.33     113
    7068    11.6      97    0.05    0.02    1.54   54.82     100
    7069    12.0      97   -0.05    0.03    0.77   36.43     100
    7070    11.9      97    0.05    0.02    0.27   18.07     100
    7071    11.8      95   -0.01    0.07    0.89   22.56     100
    7072    11.7      97    0.01   -0.06    1.06   10.59     100
    7073    11.4      97    0.04   -0.05    0.00    0.46     100
    7074    10.8      95    0.05   -0.03    0.00    0.00     100
    7075    10.3      96   -0.05   -0.03    0.00    0.00     100
    7076    10.1      96    0.04    0.03    0.00    0.00     100
    7077    10.1      95    0.00   -0.06    0.00    0.01     100
    7078    10.0      95   -0.06   -0.01    0.00    0.03     100
    7079    10.0      97   -0.03    0.05    0.00    0.00     100
    7080     9.8      97   -0.04   -0.03    0.00    0.00     100
    7081     9.4      96    0.05   -0.05    0.00    0.00     100
    7082     9.1      97   -0.01   -0.06    0.00    0.00     100
    7083     9.0      97   -0.06    0.01    0.00    0.00     100
    7084     8.9      96   -0.01    0.06    0.00    0.00     100
    7085     8.8      96    0.06    0.00    0.00    0.00     100
    7086     8.3      95   -0.04    0.01    0.00    0.00     100
    7087     7.9      96    0.03   -0.02    0.00    2.88     100
    7088     7.8      95    0.04   -0.01   40.16   47.07     100
    7089     8.4      93   -0.04   -0.01   87.39   99.16     100
    7090     9.1      84   -0.01    0.05   64.56  132.65     100
    7091     9.5      82   -0.04   -0.04  147.62  160.42     100
    7092    10.0      75    0.01    0.04   53.98  157.53     100
    7093    10.2      78    0.03   -0.01  404.93  129.79       0
    7094    10.6      75    0.00    0.05  459.08  100.97      50
    7095     9.5      79    0.03   -0.02   19.65   73.57      63
    7096     9.0      87    0.01   -0.01    3.79   18.70     100
    7097     8.5      91    0.00    0.01    0.00    0.77     100
    7098     7.8      93    0.00   -0.02    0.00    0.00     100
    7099     6.7      94    0.01    0.01    0.00    0.00     100
    7100     6.1      95    0.02   -0.03    0.00    0.00     100
    7101     5.9      96   -0.04    0.01    0.00    0.05     100
    7102     6.3      98    0.00   -0.05    0.00    0.42     100
    7103     7.2      99    0.00   -0.05    0.00    0.03     100
    7104     7.5      99    0.06    0.00    0.00    0.05     113
    7105     7.8      99   -0.04    0.04    0.00    0.00     100
    7106     8.2      99    0.04   -0.03    0.00    0.05     100
    7107     8.7      98   -0.05    0.04    0.00    0.05     100
    7108     9.2      97    0.03    0.02    0.00    0.00     100
    7109     8.9      96   -0.04   -0.01    0.00    0.00     100
    7110     8.7      97   -0.01   -0.03    0.00    0.00     100
    7111     8.5      97    0.04    0.01    0.00    1.77     100
    7112     8.5      98   -0.02   -0.02    0.73   11.01     100
    7113     8.6      96   -0.01   -0.04    5.16   57.60     100
    7114     8.8      95   -0.02   -0.02    8.63   95.65     100
    7115     9.5      89   -0.04    0.02   69.79  152.94     100
    7116    10.0      90   -0.02   -0.04   82.54  161.05     100
    7117    10.5      87    0.03    0.00  161.76  153.24     100
    7118    10.8      86   -0.01    0.03  109.66  126.64     100
    7119    10.5      91    0.02    0.01  132.17   86.52      75
    7120     9.7      96    0.02    0.00   14.06   27.08      75
    7121     8.4      97   -0.02   -0.01    0.00    0.34      13
    7122     7.2      98   -0.03    0.00    0.00    0.00      63
    7123     6.6      98    0.04   -0.01    0.00    0.00     100
    7124     6.6      99    0.03   -0.03    0.00    0.09     100
    7125     6.6      99   -0.05    0.03    0.00    0.00     100
    7126     6.6      99   -0.03    0.05    0.00    0.05     100
    7127     7.2      98    0.05    0.02    0.00    0.07     100
    7128     7.8      97    0.06   -0.02    0.00    0.00     100
    7129     8.1      98   -0.06   -0.01    0.00    0.00     100
    7130     8.6      99    0.06   -0.04    0.00    0.00     100
    7131     8.9      97    0.08    0.06    0.00    0.00     100
    7132     9.3      98   -0.09    0.02    0.00    0.00     100
    7133     9.7      99   -0.08    0.02    0.00    0.00     100
    7134    10.0      99   -0.07   -0.07    0.00    0.50     113
    7135    10.5      99    0.07    0.05    0.00    5.42     100
    7136    10.9      99   -0.01    0.09    1.26   13.72     100
    7137    11.2      98   -0.01    0.09    0.34   14.65     100
    7138    11.4      97   -0.07    0.07    0.24   16.91     100
    7139    11.5      97   -0.07   -0.04    0.26   20.90     100
    7140    11.4      98   -0.07    0.00    0.17   17.52     100
    7141    11.3      97   -0.05   -0.06    0.10   12.60     100
    7142    11.2      97    0.00   -0.06    0.12   11.45     100
    7143    11.0      97    0.00   -0.06    0.03    3.83     100
    7144    10.6      97   -0.06    0.00    0.00    0.09     100
    7145    10.3      97   -0.02   -0.04    0.00    0.00     100
    7146    10.1      97   -0.01    0.05    0.00    0.00     100
    7147     9.9      98    0.04    0.02    0.00    0.00     100
    7148     9.8      98    0.03   -0.02    0.00    0.00     100
    7149     9.7      98    0.03   -0.01    0.00    0.00     100
    7150     9.7      98    0.02    0.03    0.00    0.00     100
    7151     9.7      98    0.00   -0.03    0.00    0.00     100
    7152     9.7      98    0.01   -0.04    0.00    0.00     100
    7153     9.6      98   -0.06    0.00    0.00    0.00     100
    7154     9.3      98    0.01   -0.04    0.00    0.00     100
    7155     8.9      98   -0.03   -0.01    0.00    0.00     100
    7156     8.2      98    0.04   -0.01    0.00    0.00     100
    7157     7.9      98    0.03   -0.03    0.00    0.05     100
    7158     8.2      98   -0.01    0.04    0.00    1.83     100
    7159     8.0      97   -0.04    0.02    0.00    0.00     100
    7160     8.2      98    0.04   -0.01    7.53   30.36     100
    7161     8.9      97   -0.04    0.02    4.34   50.30     100
    7162     9.5      97    0.04   -0.03    3.07   59.24     100
    7163    10.1      96    0.04    0.02    4.95   87.78     100
    7164    10.9      94   -0.05    0.01    3.85   80.69     100
    7165    11.2      93   -0.04    0.01    4.63   82.56     100
    7166    11.1      93   -0.03   -0.03    2.09   45.85     100
    7167    10.6      96    0.05   -0.03    0.31   11.92     100
    7168    10.0      97    0.00   -0.06    0.00    0.09     100
    7169     9.6      98   -0.06    0.00    0.00    0.00     100
    7170     9.5      97    0.00    0.06    0.00    0.00     100
    7171     9.1      97   -0.04    0.05    0.00    0.00     100
    7172     8.9      97   -0.05   -0.04    0.00    0.00     100
    7173     8.9      98    0.05    0.00    0.00    0.00     100
    7174     8.8      98    0.01    0.03    0.00    0.00     100
    7175     8.4      97   -0.02   -0.02    0.00    0.00     100
    7176     8.5      98    0.00   -0.03    0.00    0.00     100
    7177     8.3      98   -0.02    0.03    0.00    0.00     100
    7178     8.0      97    0.04    0.00    0.00    0.00     100
    7179     7.9      97    0.01   -0.02    0.00    0.00     100
    7180     7.8      97   -0.01   -0.04    0.00    0.00     100
    7181     7.3      97   -0.02    0.03    0.00    0.00     100
    7182     6.7      97   -0.05   -0.03    0.00    1.10     100
    7183     6.8      96   -0.01   -0.07    0.00    9.50     100
    7184     7.3      96    0.01   -0.07    3.19   19.17     100
    7185     7.7      97   -0.07   -0.01    1.11   25.03     100
    7186     7.9      95   -0.07    0.04    1.74   43.89     100
    7187     8.3      94   -0.02   -0.06    3.98   77.54     100
    7188     8.7      92    0.02    0.07    3.77   78.55     100
    7189     9.0      94    0.06   -0.04    2.96   65.07     100
    7190     8.5      95    0.06   -0.05    0.37   18.88     100
    7191     8.1      96    0.02   -0.08    0.16    8.36     100
    7192     7.8      95    0.01    0.07    0.00    0.20     100
    7193     7.6      97   -0.06   -0.01    0.00    0.00     100
    7194     7.1      95    0.01    0.05    0.00    0.00     100
    7195     7.1      98    0.00   -0.06    0.00    0.00     100
    7196     7.0      96   -0.02   -0.05    0.00    0.00     100
    7197     6.8      96    0.01    0.05    0.00    0.00     100
    7198     6.7      97   -0.02    0.06    0.00    0.00     100
    7199     6.9      98    0.05   -0.04    0.00    0.00     100
    7200     7.1      98    0.06   -0.04    0.00    0.00     100
    7201     7.3      98    0.00   -0.07    0.00    0.00     100
    7202     7.4      98    0.00    0.07    0.00    0.00     100
    7203     7.4      98    0.06   -0.02    0.00    0.00     100
    7204     7.5      97   -0.06    0.06    0.00    0.00     100
    7205     7.4      97   -0.06   -0.06    0.00    0.00     100
    7206     7.6      98   -0.09    0.02    0.00    0.46     100
    7207     7.8      98    0.05   -0.04    0.00    7.49     100
    7208     8.1      98   -0.06    0.03    6.03   24.85     100
    7209     8.5      98   -0.01    0.04    8.70   62.68     100
    7210     9.5      97    0.03   -0.05  126.37  125.54     100
    7211    10.7      93   -0.05    0.03  265.29  140.16     100
    7212    11.2      88   -0.04    0.04   52.73  145.08     100
    7213    10.9      86   -0.05   -0.03  144.51  143.39     100
    7214    10.9      89    0.03   -0.05   28.14  101.79      63
    7215     9.9      93   -0.04   -0.03    1.19   21.67     100
    7216     9.0      94   -0.04   -0.03    0.00    0.08      88
    7217     8.8      94    0.04   -0.01    0.00    0.00     100
    7218     8.8      95    0.03    0.06    0.00    0.00     100
    7219     7.6      91   -0.02    0.07    0.00    0.00     100
    7220     6.8      96   -0.01    0.05    0.00    0.00     113
    7221     6.1      97   -0.04    0.04    0.00    0.00     113
    7222     6.3      98    0.04   -0.03    0.00    0.00     100
    7223     6.5      98   -0.02   -0.05    0.00    0.00     100
    7224     6.2      98    0.01    0.06    0.00    0.00     100
    7225     5.8      98   -0.05   -0.03    0.00    0.00     100
    7226     6.0      98    0.00    0.06    0.00    0.00     100
    7227     6.4      98    0.05    0.04    0.00    0.01     100
    7228     6.6      99    0.04   -0.03    0.00    0.01     100
    7229     7.0      98   -0.03   -0.04    0.00    0.00     100
    7230     7.1      98    0.02    0.03    0.00    1.22     100
    7231     7.2      98    0.02   -0.03    0.00    0.00     100
    7232     7.5      98    0.03    0.00    5.97   23.40     100
    7233     7.9      97    0.02   -0.01    7.91   59.54     100
    7234     8.9      95   -0.01   -0.01   29.86  108.13     100
    7235    10.0      91   -0.02    0.01   63.22  139.55     100
    7236    10.3      88    0.01    0.00   95.24  149.93      88
    7237    10.4      87    0.02   -0.01  151.80  140.78     100
    7238     9.5      79    0.00   -0.02    7.95   79.08     100
    7239     8.5      89    0.02    0.02    5.65   45.26     100
    7240     7.0      96    0.01    0.01    0.00    0.00      75
    7241     4.8      98   -0.01   -0.02    0.00    0.00       0
    7242     4.3      99    0.01   -0.02    0.00    0.07      88
    7243     4.8      99   -0.01   -0.02    0.00    0.11     113
    7244     5.1      99   -0.01   -0.02    0.00    0.05     113
    7245     5.0      99    0.01    0.02    0.00    0.00     113
    7246     5.1      99    0.00    0.02    0.00    0.00      63
    7247     4.9      99   -0.01    0.02    0.00    0.00     100
    7248     4.3      99   -0.02   -0.01    0.00    0.00     113
    7249     4.4      99    0.00    0.02    0.00    0.05     113
    7250     4.6      99    0.00    0.02    0.00    0.00     113
    7251     4.4      99   -0.01   -0.01    0.00    0.01     113
    7252     4.6      99   -0.01    0.02    0.00    0.03     113
    7253     4.7      99    0.03    0.01    0.00    0.03     113
    7254     4.9      99    0.00    0.03    0.00    2.78     113
    7255     5.0      99    0.00   -0.05    0.00    9.21     113
    7256     4.6      99    0.02   -0.04    5.89   21.90     113
    7257     5.4      99    0.03   -0.04    3.30   39.40     113
    7258     6.2      99   -0.03    0.05    2.72   51.60     113
    7259     7.1      99    0.05    0.01    3.37   67.85     113
    7260     7.8      99    0.04    0.03    2.00   54.65     100
    7261     8.3      99    0.00    0.04    2.05   51.48     100
    7262     8.4      99    0.03   -0.01    1.02   29.46     100
    7263     8.1      98    0.04    0.00    0.13    6.78     100
    7264     7.5      97   -0.04    0.01    0.00    0.03     100
    7265     7.2      97    0.04    0.02    0.00    0.00     100
    7266     7.0      98   -0.06    0.02    0.00    0.00     100
    7267     6.7      97    0.05    0.05    0.00    0.00     100
    7268     6.8      98   -0.06    0.02    0.00    0.00     100
    7269     6.9      99   -0.06   -0.04    0.00    0.00     100
    7270     6.9      99    0.06   -0.03    0.00    0.00     100
    7271     7.1      99    0.01    0.07    0.00    0.00     100
    7272     7.2      99    0.09    0.02    0.00    0.00     100
    7273     7.3      99   -0.08   -0.03    0.00    0.00     100
    7274     7.5      99   -0.02    0.07    0.00    0.00     100
    7275     7.8      99   -0.06    0.01    0.00    0.01     100
    7276     8.0      99    0.01   -0.07    0.00    0.01     100
    7277     8.2      99   -0.05   -0.01    0.00    0.03     100
    7278     8.4      99   -0.04   -0.02    0.00    1.57     100
    7279     8.0      99   -0.04   -0.01    0.00    0.00     100
    7280     8.7      98   -0.04    0.00   78.25   32.16     100
    7281     9.4      96   -0.01    0.04  179.26   80.95     100
    7282     9.9      93    0.03   -0.02   84.00  116.20      75
    7283    10.2      86    0.03    0.02  328.99  126.44      63
    7284    11.1      84   -0.03    0.01  335.97  131.00      38
    7285    11.9      84    0.01    0.03  247.44  130.47      25
    7286    11.6      87    0.03    0.00   55.16  103.64      50
    7287    10.8      95   -0.02    0.03    1.42   21.44     100
    7288    10.2      98    0.02   -0.01    0.00    0.00     100
    7289    10.1      99   -0.04    0.02    0.00    0.00     100
    7290    10.1      99    0.06    0.01    0.00    0.00     100
    7291    10.2      99   -0.08   -0.03    0.00    0.00     113
    7292    10.1      99   -0.03   -0.06    0.00    0.00     113
    7293    10.0      99   -0.04   -0.07    0.00    0.00     113
    7294    10.1      99    0.03    0.08    0.00    0.00     100
    7295    10.0      99   -0.08   -0.01    0.00    0.00     100
    7296    10.0      99    0.08    0.04    0.00    0.00     100
    7297    10.2      99    0.06   -0.06    0.00    0.00     100
    7298    10.6      99    0.09    0.02    0.00    0.00     113
    7299    10.9      99    0.09   -0.01    0.00    0.00     100
    7300    10.9      97   -0.06   -0.06    0.00    0.00     100
    7301    10.8      97    0.08   -0.03    0.00    0.00     100
    7302    10.7      96   -0.07   -0.06    0.00    0.17     100
    7303    10.7      97   -0.04    0.10    0.00    4.66     100
    7304    10.7      98    0.09   -0.01    2.62   12.90     100
    7305    10.8      98    0.02   -0.08    1.57   25.81     100
    7306    10.9      98   -0.02   -0.06    0.81   27.18     100
    7307    10.7      96    0.06    0.01    3.91   70.55     100
    7308    11.0      95    0.03   -0.06   11.85  108.83     100
    7309    11.3      93   -0.01   -0.05   21.25  111.50     100
    7310    10.7      93    0.00    0.05    5.18   62.80      88
    7311    10.0      95   -0.06   -0.01    0.09    5.26     100
    7312     9.5      95   -0.04    0.04    0.00    0.01     100
    7313     9.3      96   -0.06   -0.03    0.00    0.00     100
    7314     9.1      96   -0.03   -0.07    0.00    0.00     100
    7315     9.0      94   -0.01   -0.09    0.00    0.00     100
    7316     9.1      94   -0.01   -0.08    0.00    0.00     100
    7317     9.1      96   -0.07   -0.04    0.00    0.00     100
    7318     9.1      99   -0.10    0.02    0.00    0.01     100
    7319     9.6      99   -0.06   -0.06    0.00    0.03     100
    7320    10.4      99    0.07   -0.05    0.00    0.13     100
    7321    11.4      98   -0.02    0.10    0.00    0.00     100
    7322    11.7      97    0.07    0.07    0.00    0.00     100
    7323    11.9      98    0.08   -0.06    0.00    0.00     100
    7324    12.2      98   -0.01    0.11    0.00    0.00     100
    7325    12.5      99   -0.05    0.09    0.00    0.01     100
    7326    13.7      97    0.12    0.06    0.00    0.13     100
    7327    14.2      96    0.12    0.03    0.00    2.14     100
    7328    14.5      96   -0.04    0.11    1.30    8.80     100
    7329    14.2      97   -0.04    0.10    1.27   22.52     100
    7330    14.2      96   -0.08   -0.08    1.43   35.27     100
    7331    14.2      96   -0.07   -0.07    1.89   48.47     100
    7332    14.2      97    0.10    0.02    1.15   39.53     100
    7333    14.1      97    0.02   -0.11    0.92   32.76     100
    7334    14.0      97    0.06    0.08    0.19   11.98     100
    7335    14.0      96   -0.11    0.02    0.05    3.68     100
    7336    13.7      97    0.07    0.06    0.00    0.02     100
    7337    13.5      95    0.03   -0.11    0.00    0.00     100
    7338    13.3      96    0.02    0.09    0.00    0.00     100
    7339    13.0      96   -0.01    0.09    0.00    0.00     100
    7340    12.0      97   -0.04    0.08    0.00    0.00     100
    7341    10.1      95    0.02    0.06    0.00    0.00     100
    7342     9.3      96   -0.07   -0.03    0.00    0.00     100
    7343     8.9      94   -0.06    0.05    0.00    0.00     100
    7344     8.8      94   -0.01    0.06    0.00    0.15     100
    7345     8.9      95    0.05   -0.01    0.00    0.00     100
    7346     8.9      94    0.07   -0.01    0.00    0.00     100
    7347     8.7      94    0.06   -0.01    0.00    0.00     100
    7348     8.6      95   -0.06   -0.01    0.00    0.00     100
    7349     8.6      95   -0.06   -0.04    0.00    0.00     100
    7350     8.6      96   -0.06    0.03    0.00    0.24     100
    7351     8.6      95   -0.03   -0.04    0.00    0.00     100
    7352     8.4      96   -0.04    0.03    9.93   21.66     100
    7353     8.5      96    0.05   -0.01   14.56   58.48     100
    7354     8.8      94    0.06    0.02    9.40   80.01     100
    7355     9.3      95    0.02    0.05   10.11   97.47     100
    7356     9.4      94   -0.05    0.00   33.21  124.07     100
    7357     9.9      91    0.01    0.04   32.49  114.32     100
    7358     9.7      91   -0.04    0.01    8.44   71.81     100
    7359     9.2      93    0.02    0.03    0.85   14.93     100
    7360     8.4      96    0.03    0.01    0.00    0.00     100
    7361     6.8      97   -0.01   -0.04    0.00    0.00     100
    7362     6.7      97   -0.02   -0.04    0.00    0.00     100
    7363     6.8      97   -0.03    0.03    0.00    0.00     100
    7364     5.8      97   -0.03    0.01    0.00    0.00     100
    7365     5.4      99   -0.03    0.02    0.00    0.00     100
    7366     4.7      97    0.01   -0.03    0.00    0.00      88
    7367     3.9      99    0.04    0.00    0.00    0.01     100
    7368     4.7      98   -0.03    0.03    0.00    0.00     100
    7369     5.0      97   -0.05    0.00    0.00    0.00     100
    7370     4.9      97    0.03   -0.05    0.00    0.00     100
    7371     5.0      97    0.05    0.05    0.00    0.00     100
    7372     5.0      97   -0.05    0.00    0.00    0.00     100
    7373     5.0      98    0.06   -0.02    0.00    0.00     100
    7374     5.0      98    0.01    0.01    0.00    0.24     100
    7375     4.9      97    0.01    0.01    0.00    0.00     113
    7376     4.7      99    0.00    0.02    0.00   39.90     100
    7377     5.8      98    0.01   -0.04   79.41   70.68     100
    7378     6.9      95   -0.03   -0.06  429.44   88.19     100
    7379     8.2      93    0.04    0.04  158.82  130.74     100
    7380     9.2      89   -0.04    0.07  292.81  127.21     100
    7381     9.0      85    0.05    0.04   91.79  124.84     100
    7382     8.2      86    0.03   -0.03    0.66   21.19      75
    7383     7.1      95    0.00    0.05    0.56   11.66      88
    7384     6.8      95    0.01    0.05    0.00    0.03     100
    7385     7.1      95   -0.08    0.02    0.00    0.00     100
    7386     7.0      94   -0.06    0.03    0.00    0.00     100
    7387     6.3      95    0.00   -0.03    0.00    0.00      50
    7388     5.7      96    0.04    0.00    0.00    0.00     100
    7389     5.7      97    0.04    0.02    0.00    0.00      88
    7390     5.9      96   -0.03    0.01    0.00    0.00      88
    7391     5.9      95   -0.01   -0.04    0.00    0.00     100
    7392     5.6      94   -0.01   -0.05    0.00    0.00      75
    7393     5.0      94    0.04    0.01    0.00    0.00     100
    7394     5.5      93    0.01   -0.06    0.00    0.00      25
    7395     6.0      87   -0.07    0.04    0.00    0.00     100
    7396     6.8      87   -0.08   -0.05    0.00    0.00     100
    7397     7.7      88   -0.08    0.08    0.00    0.01     100
    7398     8.3      89    0.09   -0.07    0.00    0.01     100
    7399     8.7      88   -0.12    0.00    0.00    5.65     100
    7400     8.7      93    0.10   -0.07    0.00   16.53     100
    7401     8.8      93    0.02    0.12    1.65   23.32     100
    7402     9.1      93   -0.09   -0.05    0.99   27.64     100
    7403     9.5      95    0.08    0.07    1.08   34.83     100
    7404     9.9      94    0.10    0.08    0.66   28.59     100
    7405    10.4      93   -0.10   -0.03    0.74   27.80     100
    7406    11.1      91   -0.10   -0.03    1.14   27.16     100
    7407    11.2      92    0.02    0.08    0.09    4.56     100
    7408    11.0      92    0.05   -0.07    0.00    0.05     100
    7409    11.0      93    0.06    0.02    0.00    0.00     100
    7410    11.0      93    0.03   -0.06    0.00    0.00     100
    7411    11.0      93   -0.03   -0.05    0.00    0.00     100
    7412    11.0      93    0.03   -0.05    0.00    0.00     100
    7413    11.1      93   -0.02   -0.07    0.00    0.00     100
    7414    11.1      92   -0.06    0.03    0.00    0.00     100
    7415    10.8      92    0.04    0.07    0.00    0.00     100
    7416    10.3      93   -0.02   -0.07    0.00    0.00      50
    7417     9.9      93    0.07    0.01    0.00    0.00      38
    7418     9.6      93   -0.03    0.05    0.00    0.00       0
    7419     9.4      92   -0.05    0.02    0.00    0.00       0
    7420     9.6      94   -0.01   -0.07    0.00    0.00       0
    7421     9.2      95    0.01   -0.06    0.00    0.00       0
    7422     9.0      95   -0.04    0.00    0.00    0.17       0
    7423     8.6      95    0.03    0.04    0.00    0.00       0
    7424     8.7      95   -0.04   -0.02    0.00   48.98       0
    7425    10.1      89    0.01   -0.04  679.87   37.70       0
    7426    11.8      86   -0.01   -0.03  556.39   71.25       0
    7427    13.0      85    0.01    0.05  554.11   86.64       0
    7428    14.0      84   -0.02   -0.04  478.09  100.96       0
    7429    14.6      80   -0.04    0.03  439.45   97.56       0
    7430    14.5      83   -0.01    0.04  126.58   95.52       0
    7431    12.7      85    0.04   -0.02    1.41   17.09       0
    7432    10.8      91    0.05    0.01    0.00    0.00       0
    7433     9.4      94   -0.02    0.04    0.00    0.00     113
    7434     8.5      96   -0.05    0.00    0.00    0.00     100
    7435     7.6      97    0.04    0.02    0.00    0.00     100
    7436     8.4      95   -0.03   -0.05    0.00    0.00     100
    7437     8.9      95    0.05    0.00    0.00    0.00     100
    7438     8.8      95   -0.04   -0.02    0.00    0.00     100
    7439     8.8      95    0.04   -0.04    0.00    0.00     100
    7440     8.7      94   -0.03    0.04    0.00    0.00     100
    7441     8.8      96    0.04    0.01    0.00    0.00     100
    7442     8.6      98    0.02    0.06    0.00    0.00     100
    7443     8.5      99   -0.04    0.03    0.00    0.00     113
    7444     8.5      99   -0.01   -0.05    0.00    0.00     113
    7445     8.4      99    0.03    0.04    0.00    0.00     100
    7446     8.4      99   -0.03    0.00    0.00    0.07     113
    7447     8.4      99   -0.01   -0.03    0.00    5.77     113
    7448     8.5      99    0.03    0.03    0.00   15.74     113
    7449     8.8      99   -0.03    0.03    2.65   27.58     113
    7450     9.0      99    0.00    0.05    1.79   35.35     100
    7451     9.3      99    0.04    0.00    1.82   43.40     100
    7452     9.6      98    0.02   -0.04    2.85   56.74     100
    7453    10.0      97   -0.01   -0.04    3.93   61.12     100
    7454    10.0      95    0.05    0.02    3.32   43.93     100
    7455     9.7      96    0.01   -0.04    0.04    2.68     100
    7456     9.4      96   -0.02   -0.05    0.00    0.00     100
    7457     8.9      98   -0.02    0.04    0.00    0.00     100
    7458     8.8      97   -0.05    0.02    0.00    0.00     100
    7459     8.5      97    0.04    0.02    0.00    0.00     100
    7460     8.3      96    0.05    0.00    0.00    0.00     100
    7461     8.0      94   -0.04    0.00    0.00    0.00     100
    7462     8.0      95   -0.05   -0.02    0.00    0.00     100
    7463     8.2      96   -0.04   -0.04    0.00    0.00     100
    7464     8.3      95   -0.05   -0.03    0.00    0.00     100
    7465     8.2      95   -0.05   -0.03    0.00    0.00     100
    7466     8.2      95   -0.03   -0.04    0.00    0.00     100
    7467     8.0      97   -0.02    0.04    0.00    0.00     100
    7468     7.3      98   -0.02    0.03    0.00    0.00     100
    7469     6.8      99    0.01   -0.02    0.00    0.09     100
    7470     7.0      98    0.02    0.01    0.00    0.22     100
    7471     7.0      99    0.00    0.00    0.00    7.94     113
    7472     7.1      99   -0.01   -0.01    0.00   21.09     113
    7473     7.7      99   -0.02   -0.02    8.34   44.25     113
    7474     8.3      99    0.01   -0.01    4.56   54.85     113
    7475     8.7      97    0.02   -0.01    2.95   54.04     100
    7476     9.1      94   -0.01    0.02    1.79   44.35     100
    7477     9.2      95    0.00   -0.02    5.52   70.85     100
    7478     9.5      93   -0.02   -0.01    3.81   45.90     100
    7479     8.4      93    0.00   -0.02    0.28    7.10     100
    7480     6.7      97    0.02    0.02    0.00    0.00      13
    7481     6.7      98   -0.01   -0.02    0.00    0.00     100
    7482     6.5      98   -0.01    0.02    0.00    0.00     100
    7483     6.4      93   -0.01    0.02    0.00    0.00     100
    7484     6.5      94   -0.01   -0.01    0.00    0.00     100
    7485     6.6      92   -0.01   -0.03    0.00    0.00     100
    7486     6.5      91    0.03    0.00    0.00    0.00     100
    7487     6.6      90   -0.02    0.00    0.00    0.00     100
    7488     6.5      91    0.02    0.00    0.00    0.00     100
    7489     6.3      90    0.02   -0.01    0.00    0.00     100
    7490     6.3      88    0.00   -0.01    0.00    0.00     100
    7491     6.2      90   -0.02    0.00    0.00    0.00     100
    7492     6.1      89    0.01   -0.01    0.00    0.00     100
    7493     6.1      90   -0.02    0.00    0.00    0.00     100
    7494     6.1      89    0.00    0.01    0.00    0.17     100
    7495     6.1      89    0.00    0.01    0.00    8.41     100
    7496     6.2      87    0.01   -0.01    0.00   23.62     100
    7497     7.4      83    0.00    0.00    9.52   44.07     100
    7498     8.2      82    0.00    0.00    9.41   70.15     100
    7499     8.6      83    0.00    0.02    4.89   68.03     100
    7500     8.5      83    0.00   -0.02    2.99   56.08     100
    7501     8.2      81    0.00    0.00    1.84   40.45     100
    7502     7.8      86    0.00   -0.02    0.91   22.06     100
    7503     7.2      84    0.00    0.00    0.03    2.39     100
    7504     6.6      88   -0.01   -0.01    0.00    0.00     100
    7505     6.4      88    0.02    0.01    0.00    0.00     100
    7506     5.8      88    0.02    0.01    0.00    0.00     100
    7507     5.5      90   -0.01   -0.03    0.00    0.00     100
    7508     5.3      90    0.00   -0.04    0.00    0.00     100
    7509     5.2      93    0.02   -0.03    0.00    0.00     100
    7510     5.1      93    0.02    0.00    0.00    0.00     100
    7511     4.9      97    0.00    0.00    0.00    0.00     100
    7512     5.0      97    0.00    0.00    0.00    0.07     100
    7513     5.4      97    0.00   -0.01    0.00    0.13     100
    7514     5.7      96   -0.02    0.01    0.00    0.07     100
    7515     6.0      95   -0.03    0.02    0.00    0.00     100
    7516     6.1      96    0.00    0.03    0.00    0.00     100
    7517     6.0      97    0.00   -0.03    0.00    0.00     100
    7518     5.9      98    0.03   -0.02    0.00    0.05     100
    7519     6.0      98    0.03   -0.02    0.00    3.23     100
    7520     6.1      96    0.04    0.01    0.00   13.45     100
    7521     6.4      93    0.04    0.01    2.68   24.96     100
    7522     6.9      93    0.03   -0.03    3.83   48.06     100
    7523     7.7      91    0.03    0.00    2.80   50.75     100
    7524     7.8      90   -0.03    0.02    0.31   17.78     100
    7525     7.7      91    0.01    0.03    0.25   14.68     100
    7526     7.5      89    0.00   -0.04    0.14    8.49     100
    7527     7.4      90    0.00   -0.03    0.01    1.05     100
    7528     7.3      89   -0.03    0.01    0.00    0.00     100
    7529     7.2      89   -0.02    0.05    0.00    0.00     100
    7530     6.9      89   -0.04    0.00    0.00    0.00     100
    7531     6.7      89   -0.02   -0.03    0.00    0.00     100
    7532     6.7      89   -0.01    0.02    0.00    0.00     100
    7533     6.5      87   -0.02   -0.02    0.00    0.00     100
    7534     6.5      88    0.02    0.01    0.00    0.00     100
    7535     6.5      89   -0.01    0.00    0.00    0.00     100
    7536     6.4      88    0.03    0.01    0.00    0.00     100
    7537     6.3      90   -0.02   -0.02    0.00    0.00     100
    7538     6.2      90    0.00    0.02    0.00    0.00     100
    7539     6.0      91   -0.02   -0.02    0.00    0.00     100
    7540     5.9      92   -0.01    0.03    0.00    0.00     100
    7541     5.9      92    0.00   -0.03    0.00    0.00     100
    7542     5.9      94    0.02   -0.01    0.00    0.00     100
    7543     5.8      95   -0.02   -0.01    0.00    1.83     100
    7544     5.7      95   -0.01   -0.02    0.00    9.29     100
    7545     5.9      95   -0.01    0.02    0.68   12.18     100
    7546     5.8      93   -0.01    0.04    0.40   15.39     100
    7547     5.7      94    0.02    0.02    0.53   21.83     100
    7548     6.0      93   -0.02    0.00    0.40   20.01     100
    7549     6.0      92    0.02    0.02    0.20   12.89     100
    7550     6.0      93    0.00    0.03    0.07    5.93     100
    7551     5.8      93    0.01    0.02    0.00    0.57     100
    7552     5.7      94    0.01    0.03    0.00    0.00     100
    7553     5.6      95    0.02    0.00    0.00    0.00     100
    7554     5.4      95    0.04    0.00    0.00    0.00     100
    7555     5.2      96    0.03   -0.03    0.00    0.00     100
    7556     5.0      96   -0.03   -0.01    0.00    0.00     100
    7557     5.0      95    0.01    0.03    0.00    0.00     100
    7558     4.9      93    0.00    0.04    0.00    0.00     100
    7559     5.0      93    0.03    0.02    0.00    0.00     100
    7560     4.9      91    0.04   -0.03    0.00    0.00     100
    7561     4.7      92    0.04   -0.03    0.00    0.00     100
    7562     4.5      93   -0.01    0.04    0.00    0.00     100
    7563     4.5      96    0.01   -0.04    0.00    0.00     100
    7564     4.5      94   -0.03   -0.02    0.00    0.00     100
    7565     4.6      94    0.02   -0.04    0.00    0.00     100
    7566     4.7      96   -0.03   -0.02    0.00    0.00     100
    7567     4.8      97   -0.04   -0.01    0.00    2.14     100
    7568     4.9      97    0.01    0.03    0.00   11.25     100
    7569     5.1      97    0.04    0.02    2.39   21.84     100
    7570     5.4      97   -0.04    0.02    1.47   28.60     100
    7571     5.6      96    0.05   -0.01    0.72   24.91     100
    7572     5.7      95   -0.02   -0.05    0.35   18.28     100
    7573     5.7      95   -0.03   -0.03    0.33   16.23     100
    7574     5.7      96    0.02   -0.02    0.19    9.42     100
    7575     5.5      97    0.03   -0.03    0.01    1.04     100
    7576     5.4      97    0.06    0.02    0.00    0.00     100
    7577     5.3      97    0.04    0.04    0.00    0.00     100
    7578     5.0      97    0.04    0.04    0.00    0.00     100
    7579     4.8      98    0.01    0.06    0.00    0.00     100
    7580     4.6      97    0.02   -0.05    0.00    0.00     100
    7581     4.6      98    0.01    0.05    0.00    0.00     100
    7582     4.5      98   -0.02   -0.05    0.00    0.00     100
    7583     4.4      99   -0.03   -0.06    0.00    0.00     100
    7584     4.4      99    0.03   -0.04    0.00    0.00     113
    7585     4.5      99    0.06    0.02    0.00    0.00     113
    7586     4.6      99    0.01    0.06    0.00    0.00     100
    7587     4.7      99    0.01    0.05    0.00    0.00     100
    7588     4.8      99   -0.04    0.04    0.00    0.00     100
    7589     5.0      99    0.02    0.03    0.00    0.00     113
    7590     5.0      99    0.05    0.02    0.00    0.00     113
    7591     5.1      99   -0.04   -0.02    0.00    3.23     113
    7592     5.3      99   -0.02    0.04    0.00   12.12     113
    7593     5.7      99    0.00   -0.04    0.75   11.88     113
    7594     5.9      99    0.01    0.05    0.68   19.02     113
    7595     6.0      99   -0.02   -0.05    1.61   36.48     113
    7596     6.6      99   -0.01   -0.04    1.08   31.54     113
    7597     6.8      99    0.03    0.03    0.37   16.83     113
    7598     6.8      99    0.04   -0.01    0.09    6.50     113
    7599     6.7      99   -0.04   -0.01    0.01    1.09     113
    7600     6.5      99   -0.04   -0.01    0.00    0.00     100
    7601     6.3      99   -0.01    0.05    0.00    0.00     100
    7602     6.3      99    0.04   -0.02    0.00    0.00     100
    7603     6.1      99    0.06    0.01    0.00    0.00     113
    7604     6.1      99   -0.04    0.01    0.00    0.00     113
    7605     6.3      99   -0.01    0.04    0.00    0.01     113
    7606     6.7      99    0.04   -0.04    0.00    0.00     113
    7607     6.8      99    0.05    0.02    0.00    0.00     100
    7608     6.8      98    0.01   -0.06    0.00    0.00     100
    7609     6.8      98    0.06   -0.02    0.00    0.00     100
    7610     6.8      98   -0.04   -0.06    0.00    0.00     100
    7611     6.8      98   -0.04   -0.04    0.00    0.00     100
    7612     6.9      99   -0.07    0.01    0.00    0.00     100
    7613     7.0      99   -0.04   -0.01    0.00    0.00     100
    7614     7.0      99   -0.02    0.00    0.00    0.00     100
    7615     6.5      98    0.00   -0.01    0.00    0.00     100
    7616     5.5      99   -0.01    0.01    0.00    0.00      50
    7617     6.5      99    0.00    0.02    7.26   34.02     113
    7618     6.1      99   -0.02   -0.01    6.81   57.25     100
    7619     7.3      97    0.00    0.03    7.27   73.26     100
    7620     8.1      96   -0.02   -0.01   10.97   85.48     100
    7621     8.5      96   -0.01    0.02    8.48   73.56     100
    7622     8.2      96   -0.01    0.01    2.70   33.56      63
    7623     7.2      98    0.00   -0.03    0.05    2.25     100
    7624     6.3      98   -0.02    0.02    0.00    0.00     100
    7625     5.9      99    0.01   -0.03    0.00    0.00     100
    7626     5.9      99    0.00    0.05    0.00    0.00     113
    7627     5.6      99    0.03   -0.03    0.00    0.00     113
    7628     5.7      99   -0.02   -0.03    0.00    0.00     100
    7629     5.2      99    0.04   -0.02    0.00    0.00     100
    7630     5.0      99   -0.01   -0.06    0.00    0.00     113
    7631     5.0      99   -0.06   -0.02    0.00    0.00     100
    7632     5.4      99   -0.07    0.05    0.00    0.00     100
    7633     5.7      98    0.03    0.07    0.00    0.00     100
    7634     5.7      97   -0.06   -0.05    0.00    0.00     100
    7635     5.9      97   -0.02    0.08    0.00    0.01     100
    7636     6.3      99    0.07   -0.04    0.00    0.13     113
    7637     7.1      99    0.07   -0.04    0.00    0.05     113
    7638     7.6      99   -0.02   -0.08    0.00    0.01     113
    7639     8.1      99    0.03    0.08    0.00    1.10     113
    7640     8.6      99    0.06   -0.06    0.00    7.88     113
    7641     9.3      99   -0.05    0.07    1.69   16.35     113
    7642     9.8      99   -0.06   -0.06    1.23   24.40     100
    7643    10.2      99    0.06    0.05    3.89   54.29     100
    7644    10.8      97    0.05   -0.06    2.64   47.42     100
    7645    10.9      96    0.08    0.02    0.94   25.90     100
    7646    10.8      96   -0.07   -0.03    0.36   11.98     100
    7647    10.6      96    0.01   -0.09    0.01    1.08     100
    7648    10.2      96   -0.07    0.05    0.00    0.00     100
    7649    10.2      97    0.09   -0.05    0.00    0.00     100
    7650    10.2      97   -0.03    0.08    0.00    0.00     100
    7651    10.2      98    0.08   -0.04    0.00    0.00     100
    7652    10.2      97   -0.02    0.09    0.00    0.00     100
    7653    10.1      96   -0.02    0.09    0.00    0.00     100
    7654     9.9      96   -0.02   -0.09    0.00    0.00     100
    7655     9.7      96   -0.07    0.06    0.00    0.00     100
    7656     9.7      96   -0.07   -0.05    0.00    0.00     100
    7657     9.7      95    0.10    0.01    0.00    0.00     100
    7658     9.7      95   -0.08    0.06    0.00    0.00     100
    7659     9.5      96   -0.05    0.07    0.00    0.00     100
    7660     9.1      97   -0.03    0.10    0.00    0.00     100
    7661     9.0      97    0.06    0.05    0.00    0.00     100
    7662     8.8      96   -0.04    0.06    0.00    0.00     100
    7663     8.5      95    0.07    0.00    0.00    1.81     100
    7664     8.0      95    0.07    0.02    0.00    0.00     100
    7665     8.0      95   -0.07    0.04    3.80   23.36     100
    7666     8.1      94    0.06    0.04    8.28   57.69     100
    7667     8.5      92    0.02    0.07    4.37   56.39     100
    7668     8.3      93    0.01    0.06    0.54   21.30     100
    7669     7.7      97   -0.05   -0.05    0.23   12.69     100
    7670     7.8      98    0.05   -0.04    0.10    6.27     100
    7671     8.1      98    0.00   -0.06    0.03    1.63     100
    7672     8.3      98    0.00    0.05    0.00    0.00     100
    7673     8.7      97   -0.01   -0.05    0.00    0.00     100
    7674     8.8      97   -0.04    0.05    0.00    0.00     100
    7675     8.9      97    0.06    0.01    0.00    0.00     100
    7676     8.9      98    0.06   -0.02    0.00    0.00     100
    7677     8.9      97    0.04    0.00    0.00    0.00     100
    7678     8.6      96   -0.03   -0.03    0.00    0.00     100
    7679     8.5      97    0.01    0.04    0.00    0.00     100
    7680     8.5      98    0.05    0.00    0.00    0.00     100
    7681     8.6      98   -0.01   -0.04    0.00    0.00     100
    7682     8.5      97   -0.05    0.03    0.00    0.00     100
    7683     8.2      97    0.03   -0.05    0.00    0.00     100
    7684     7.8      96   -0.05    0.02    0.00    0.00     100
    7685     7.5      97    0.02   -0.04    0.00    0.00     100
    7686     7.5      97   -0.03   -0.03    0.00    0.00     100
    7687     7.4      96   -0.02   -0.04    0.00    2.16     100
    7688     7.6      96   -0.05    0.01    0.00    0.00     100
    7689     7.9      95    0.06   -0.02    5.81   27.57     100
    7690     8.2      96    0.04   -0.04    3.62   39.58     100
    7691     8.4      96   -0.06   -0.04    1.09   27.81     100
    7692     8.5      98    0.04    0.06    0.72   24.02     100
    7693     8.4      98   -0.04    0.08    0.25   13.03     100
    7694     8.4      98   -0.05   -0.07    0.08    5.40     100
    7695     8.7      98   -0.02   -0.07    0.00    0.38     100
    7696     9.1      99    0.06    0.01    0.00    0.05     100
    7697     9.9      99    0.05    0.06    0.00    0.01     113
    7698    10.5      99    0.05    0.06    0.00    0.00     113
    7699    10.6      99    0.01   -0.08    0.00    0.00     100
    7700    10.6      98    0.07    0.04    0.00    0.00     100
    7701    10.6      99   -0.06    0.04    0.00    0.00     100
    7702    10.6      99    0.07   -0.03    0.00    0.00     100
    7703    10.6      99    0.09    0.00    0.00    0.00     100
    7704    10.6      99    0.05   -0.05    0.00    0.00     100
    7705    10.6      99   -0.06    0.04    0.00    0.00     100
    7706    10.6      99    0.00    0.06    0.00    0.00     100
    7707    10.7      99    0.02   -0.05    0.00    0.00     100
    7708    10.7      99   -0.08    0.00    0.00    0.00     100
    7709    10.6      99    0.08    0.01    0.00    0.00     100
    7710    10.7      99   -0.05    0.05    0.00    0.00     100
    7711    10.9      99    0.02   -0.06    0.00    0.62     100
    7712    11.1      99   -0.04    0.06    0.00    3.17     100
    7713    11.2      99    0.03    0.06    0.86   10.07     113
    7714    11.3      98    0.05   -0.06    1.33   23.52     100
    7715    11.4      98   -0.03    0.06    1.86   35.59     100
    7716    11.2      97    0.05   -0.06    0.95   27.07     100
    7717    10.7      97   -0.09    0.00    0.47   17.32     100
    7718    10.3      97    0.03   -0.08    0.18    8.02     100
    7719     9.8      98    0.07    0.03    0.01    0.73     100
    7720     9.5      96    0.09   -0.02    0.00    0.00     100
    7721     9.5      97    0.02   -0.08    0.00    0.00     100
    7722     9.4      96   -0.06    0.08    0.00    0.00     100
    7723     8.9      98    0.09    0.02    0.00    0.01     100
    7724     8.7      94    0.11   -0.06    0.00    0.00     100
    7725     8.5      95   -0.05   -0.09    0.00    0.00     100
    7726     8.3      98    0.10    0.02    0.00    0.00     100
    7727     8.5      97   -0.05   -0.10    0.00    0.00     100
    7728     8.8      98   -0.05   -0.09    0.00    0.00     100
    7729     9.1      99    0.02   -0.10    0.00    0.00     100
    7730     9.6      98   -0.04    0.09    0.00    0.00     100
    7731     9.2      95   -0.13    0.06    0.00    0.00     100
    7732     7.5      92    0.09   -0.02    0.00    0.01     100
    7733     6.8      92   -0.08   -0.05    0.00    0.24     100
    7734     7.3      88    0.10    0.01    0.00    0.01     100
    7735     7.4      87    0.07   -0.09    0.00    1.03     100
    7736     7.5      93    0.03   -0.08    0.00    4.48     100
    7737     7.3      94   -0.02    0.10    1.96   14.52     100
    7738     7.4      91    0.06    0.07    8.89   54.55     100
    7739     5.8      92   -0.13    0.02   10.04   72.23      88
    7740     3.3      94    0.04   -0.09   36.75   95.14     100
    7741     2.6      84    0.06   -0.03  111.94   95.34      38
    7742     2.3      85   -0.05    0.01    1.14   19.44      88
    7743     1.0      88    0.09    0.01    0.00    0.19     100
    7744    -0.3      79   -0.07   -0.03    0.00    0.00      50
    7745    -0.8      76    0.06    0.03    0.00    0.00       0
    7746    -0.9      73   -0.04    0.07    0.00    0.00       0
    7747     0.0      76    0.03    0.07    0.00    0.00      25
    7748     0.5      73    0.08   -0.03    0.00    0.00      50
    7749     1.2      63    0.00    0.07    0.00    0.00      75
    7750     1.4      69    0.00    0.06    0.00    0.00      88
    7751    -0.2      67   -0.01    0.05    0.00    0.00       0
    7752    -0.5      74   -0.03   -0.03    0.00    0.00       0
    7753    -0.5      68    0.02    0.03    0.00    0.00       0
    7754    -0.4      65    0.01    0.04    0.00    0.00      13
    7755    -0.8      66    0.02    0.01    0.00    0.00     100
    7756    -1.3      68   -0.01   -0.02    0.00    0.00     100
    7757    -2.4      72    0.04   -0.02    0.00    0.00      75
    7758    -3.2      77    0.01   -0.05    0.00    0.00       0
    7759    -2.2      77   -0.02    0.05    0.00    4.64       0
    7760    -2.0      71    0.03    0.02    0.00    0.00       0
    7761     0.6      67   -0.03   -0.03  637.83   23.19       0
    7762     2.2      64   -0.03   -0.04  103.65   74.57       0
    7763     3.1      60    0.02   -0.04  526.59   69.80       0
    7764     3.8      55    0.03    0.03  283.82   97.20       0
    7765     4.1      55   -0.04   -0.02  162.67   93.76       0
    7766     3.6      63   -0.03    0.03   10.45   50.48       0
    7767     0.9      75    0.01    0.01    0.01    0.80       0
    7768    -1.9      85    0.01    0.00    0.00    0.00       0
    7769    -2.9      83    0.02    0.00    0.00    0.00       0
    7770    -3.4      81    0.01   -0.02    0.00    0.00       0
    7771    -3.8      79    0.02   -0.01    0.00    0.00       0
    7772    -3.8      84    0.02    0.00    0.00    0.19       0
    7773    -3.1      84    0.02    0.01    0.00    0.73     100
    7774    -2.2      78   -0.02   -0.03    0.00    0.03     100
    7775    -1.8      81   -0.01   -0.05    0.00    0.11     100
    7776    -1.4      89    0.04    0.02    0.00    0.01     100
    7777    -0.8      91    0.02   -0.05    0.00    0.24     100
    7778     0.6      89    0.02    0.04    0.00    0.28     100
    7779     1.4      90    0.06    0.04    0.00    0.09     100
    7780     2.4      96    0.06   -0.04    0.00    0.07     100
    7781     3.1      98    0.06   -0.05    0.00    0.15     100
    7782     4.2      99   -0.03   -0.08    0.00    0.00     100
    7783     4.5      97    0.07    0.07    0.00    0.28     100
    7784     4.8      98    0.09    0.05    0.00    3.99     100
    7785     5.2      98   -0.08   -0.03    0.66    7.74     100
    7786     5.5      98   -0.09   -0.03    0.27    9.90     100
    7787     6.0      98    0.01   -0.10    0.53   18.11     100
    7788     6.5      98    0.04   -0.08    0.23   12.82     100
    7789     6.9      98    0.05    0.07    0.14    8.94     100
    7790     7.1      98    0.08   -0.03    0.11    5.72     100
    7791     7.4      98    0.05   -0.08    0.00    0.36     100
    7792     8.4      99    0.06    0.02    0.00    0.00     100
    7793     8.3      94    0.07   -0.05    0.00    0.00     113
    7794     7.4      95    0.06   -0.02    0.00    0.00     100
    7795     7.3      91    0.05    0.07    0.00    0.00     100
    7796     7.1      90    0.05   -0.05    0.00    0.00      88
    7797     6.9      90    0.05    0.04    0.00    0.00      88
    7798     6.3      90    0.06    0.02    0.00    0.00      88
    7799     6.1      92    0.05   -0.03    0.00    0.00     100
    7800     5.8      94    0.00   -0.05    0.00    0.00     100
    7801     5.9      93   -0.04   -0.06    0.00    0.00     100
    7802     5.4      94    0.05   -0.01    0.00    0.00      50
    7803     5.3      96    0.01    0.06    0.00    0.00     100
    7804     5.2      93    0.03   -0.04    0.00    0.00     100
    7805     5.7      94    0.07    0.03    0.00    0.00     100
    7806     5.7      92    0.04   -0.10    0.00    0.00     100
    7807     4.7      94    0.05    0.07    0.00    1.01     100
    7808     4.4      94    0.07    0.02    0.00    0.00     100
    7809     4.5      94   -0.01   -0.07   14.45   27.38     100
    7810     5.0      92    0.01   -0.07   59.92   68.12     100
    7811     6.2      90   -0.03   -0.06   94.51   92.67     100
    7812     6.7      87   -0.06   -0.02   53.46   94.54     100
    7813     6.8      89    0.07    0.02    2.92   39.93     100
    7814     6.3      92    0.06    0.08    0.53   12.36     100
    7815     6.9      86    0.10    0.04    0.01    0.72     100
    7816     7.5      85    0.02    0.13    0.00    0.00     100
    7817     7.4      83    0.11    0.05    0.00    0.00     100
    7818     7.4      84    0.00   -0.09    0.00    0.00     100
    7819     7.1      82    0.10    0.01    0.00    0.00     100
    7820     7.0      83   -0.07   -0.02    0.00    0.00     100
    7821     6.8      84   -0.05    0.08    0.00    0.00     100
    7822     6.7      84   -0.05    0.09    0.00    0.00      88
    7823     6.7      85   -0.06    0.06    0.00    0.00     100
    7824     6.3      85    0.06   -0.07    0.00    0.00     100
    7825     6.3      85   -0.08   -0.05    0.00    0.00     100
    7826     6.4      84    0.02    0.09    0.00    0.00      50
    7827     6.5      82   -0.06    0.06    0.00    0.00      88
    7828     6.2      85    0.09    0.04    0.00    0.00      88
    7829     6.0      87    0.08   -0.03    0.00    0.00     100
    7830     5.9      88   -0.06   -0.04    0.00    0.00     100
    7831     5.8      88    0.01    0.05    0.00    1.83     100
    7832     5.8      86   -0.04   -0.05    0.00    0.00     100
    7833     6.2      85   -0.08    0.00   18.18   27.11     100
    7834     6.6      85    0.03   -0.07   47.26   64.77     100
    7835     7.2      82    0.07   -0.03   51.93   86.43     100
    7836     7.5      78    0.07    0.02  172.37   98.23      88
    7837     7.3      74    0.05    0.07   33.35   79.33      25
    7838     6.6      79    0.07   -0.01    4.97   36.67       0
    7839     5.5      83    0.07    0.01    0.01    0.66       0
    7840     4.5      86   -0.02   -0.05    0.00    0.00       0
    7841     3.3      86    0.03   -0.03    0.00    0.00       0
    7842     3.5      90    0.02    0.03    0.00    0.00       0
    7843     2.8      91    0.04   -0.03    0.00    0.00      50
    7844     2.6      92    0.03   -0.03    0.00    0.03      88
    7845     2.7      92    0.01   -0.05    0.00    0.36      13
    7846     3.7      96   -0.01    0.04    0.00    0.32      63
    7847     5.1      96   -0.01   -0.04    0.00    0.07     100
    7848     5.9      96   -0.04   -0.03    0.00    0.00     100
    7849     5.9      96    0.03    0.05    0.00    0.00     100
    7850     6.2      94    0.06    0.00    0.00    0.00     100
    7851     6.4      94    0.02   -0.05    0.00    0.00     100
    7852     6.1      95   -0.06    0.00    0.00    0.00     100
    7853     5.8      97    0.01    0.06    0.00    0.00     100
    7854     6.0      98    0.05    0.04    0.00    0.00     100
    7855     6.2      98    0.07    0.00    0.00    0.30     100
    7856     6.5      98    0.02   -0.07    0.00    4.13     100
    7857     7.0      98   -0.06   -0.03    1.45    9.87     100
    7858     7.6      99   -0.05    0.05    1.29   19.94     100
    7859     8.1      99    0.04    0.05    0.93   22.55     100
    7860     8.4      99    0.06   -0.03    0.94   24.38     100
    7861     8.7      99   -0.05    0.04    0.12    7.99     100
    7862     8.9      99    0.03   -0.05    0.02    2.45     100
    7863     8.9      99    0.00   -0.07    0.00    0.12     100
    7864     9.0      99    0.01   -0.06    0.00    0.00     113
    7865     8.9      99    0.05   -0.05    0.00    0.00     113
    7866     8.9      99   -0.01   -0.05    0.00    0.00     100
    7867     8.9      99   -0.01    0.04    0.00    0.00     100
    7868     8.9      99   -0.01   -0.04    0.00    0.00     100
    7869     8.8      99   -0.04   -0.01    0.00    0.00     100
    7870     8.6      99    0.01    0.05    0.00    0.00     100
    7871     8.4      98    0.05   -0.03    0.00    0.00     100
    7872     8.3      98    0.06    0.02    0.00    0.00     100
    7873     8.1      98    0.04   -0.05    0.00    0.00     100
    7874     8.0      97   -0.03   -0.04    0.00    0.00     100
    7875     7.9      98   -0.02    0.04    0.00    0.00     100
    7876     7.9      97    0.05    0.02    0.00    0.00     100
    7877     7.8      97    0.05    0.02    0.00    0.00     100
    7878     7.6      97    0.00   -0.06    0.00    0.00     100
    7879     7.3      95    0.02   -0.07    0.00    0.67     100
    7880     7.0      95   -0.05   -0.05    0.00    0.00     100
    7881     6.8      95    0.05   -0.05   10.44   22.68     100
    7882     6.9      95    0.01    0.08    7.60   45.11     100
    7883     7.0      93    0.07    0.04    2.47   35.92     100
    7884     7.0      94   -0.02    0.08   70.10   92.42     100
    7885     7.7      92   -0.05    0.04    5.04   49.56     100
    7886     7.2      94    0.03    0.05    0.03    2.90     100
    7887     6.7      97    0.04    0.06    0.00    0.04     100
    7888     6.6      98   -0.02    0.06    0.00    0.00     100
    7889     6.5      96    0.04    0.03    0.00    0.00     100
    7890     6.4      95   -0.05    0.04    0.00    0.00     100
    7891     6.2      96   -0.04   -0.03    0.00    0.00     100
    7892     5.9      98   -0.03    0.04    0.00    0.00     100
    7893     5.7      99   -0.01   -0.05    0.00    0.00     113
    7894     5.5      99    0.03   -0.03    0.00    0.00     113
    7895     5.5      99    0.00    0.06    0.00    0.00     113
    7896     5.6      99   -0.01   -0.05    0.00    0.00     113
    7897     5.6      99   -0.02    0.06    0.00    0.00     113
    7898     5.7      99   -0.01   -0.06    0.00    0.00     113
    7899     6.0      99    0.02    0.05    0.00    0.00     113
    7900     6.0      99    0.03   -0.05    0.00    0.00     100
    7901     6.1      99    0.04    0.01    0.00    0.00     100
    7902     6.3      99   -0.03    0.02    0.00    0.03     100
    7903     6.6      99    0.00    0.01    0.00    0.75     100
    7904     6.7      99    0.03   -0.02    0.00    7.45     100
    7905     6.7      99   -0.03   -0.05   11.50   22.89     113
    7906     6.8      99    0.03   -0.01   19.72   53.28     100
    7907     7.0      99   -0.01    0.05   96.52   86.25     100
    7908     7.3      97    0.03    0.04  162.70   93.82     100
    7909     7.0      97   -0.04    0.02   64.26   81.38      38
    7910     6.0      96    0.03    0.00    6.43   38.76      75
    7911     4.4      97    0.02   -0.04    0.00    0.49      88
    7912     2.3      98    0.04    0.00    0.00    0.00     100
    7913     0.8      99   -0.02   -0.02    0.00    0.00     100
    7914    -0.2      99   -0.01   -0.02    0.00    0.00      13
    7915    -1.0      99    0.00   -0.03    0.00    0.00      13
    7916    -1.5      99    0.01    0.01    0.00    0.00     113
    7917    -1.8      99   -0.01    0.01    0.00    0.00     113
    7918    -2.3      99    0.01   -0.02    0.00    0.00      50
    7919    -2.1      99   -0.01    0.01    0.00    0.00     113
    7920    -2.1      99    0.00    0.00    0.00    0.00     113
    7921    -2.8      99    0.01    0.01    0.00    0.03     113
    7922    -2.6      99    0.02    0.00    0.00    0.00     113
    7923    -3.3      99    0.00    0.00    0.00    0.00     113
    7924    -2.9      99   -0.01   -0.01    0.00    0.01     113
    7925    -2.4      99    0.00    0.01    0.00    0.05      50
    7926    -2.2      99   -0.02    0.00    0.00    0.00       0
    7927    -2.5      99    0.00    0.00    0.00    0.99       0
    7928    -2.6      99    0.00    0.00    0.00    0.00      13
    7929    -1.9      99    0.00    0.00   20.57   25.22     113
    7930    -1.2      99    0.00    0.00   11.16   46.96     113
    7931    -0.7      99    0.00    0.00    5.78   52.65     113
    7932    -0.1      99    0.00    0.00    4.09   48.04     113
    7933    -0.1      99    0.00    0.00    2.61   34.70      75
    7934    -0.5      99    0.00    0.00    0.47   10.45       0
    7935    -0.9      99    0.00    0.00    0.00    0.39     113
    7936    -1.1      99    0.00    0.00    0.00    0.00     113
    7937    -1.4      99   -0.01   -0.01    0.00    0.00       0
    7938    -1.5      99    0.00    0.00    0.00    0.00       0
    7939    -2.5      99    0.00    0.00    0.00    0.01       0
    7940    -2.4      99   -0.01    0.00    0.00    0.00       0
    7941    -2.7      99   -0.01    0.00    0.00    0.00     113
    7942    -3.5      98    0.00    0.00    0.00    0.07     113
    7943    -3.0      98    0.00    0.00    0.00    0.05       0
    7944    -3.6      98    0.00    0.00    0.00    0.00       0
    7945    -3.7      99    0.00    0.00    0.00    0.00       0
    7946    -3.6      98    0.00   -0.03    0.00    0.05     113
    7947    -3.1      99    0.02    0.01    0.00    0.09     113
    7948    -2.6      98   -0.02    0.00    0.00    0.03     113
    7949    -2.7      98    0.02    0.00    0.00    0.00     113
    7950    -3.3      99    0.00    0.00    0.00    0.01     113
    7951    -3.2      99    0.00    0.00    0.00    0.58     113
    7952    -3.8      99    0.02    0.00    0.00    9.40     100
    7953    -2.4      99    0.02    0.02   16.84   24.13     100
    7954    -1.2      99    0.01    0.01    4.30   32.72     100
    7955    -0.8      99   -0.01    0.02    2.24   32.44     100
    7956    -1.0      99    0.02    0.00    2.68   38.42     100
    7957    -1.1      99    0.01    0.01    0.93   20.50     100
    7958    -1.3      98    0.01   -0.01    0.13    5.40     100
    7959    -1.4      98    0.00    0.00    0.00    0.32     100
    7960    -1.4      98   -0.01    0.02    0.00    0.00     100
    7961    -1.3      98    0.01    0.01    0.00    0.00     100
    7962    -1.5      98   -0.02    0.00    0.00    0.00     100
    7963    -1.4      98   -0.01   -0.01    0.00    0.00     100
    7964    -1.3      97    0.01    0.01    0.00    0.00     100
    7965    -1.1      97    0.00    0.00    0.00    0.00     100
    7966    -1.1      97    0.01    0.00    0.00    0.00     100
    7967    -1.2      96   -0.02    0.00    0.00    0.00     100
    7968    -1.2      96    0.00    0.02    0.00    0.00     100
    7969    -1.4      96    0.00    0.03    0.00    0.00     100
    7970    -1.6      97   -0.02    0.00    0.00    0.00     100
    7971    -1.7      96    0.01    0.02    0.00    0.00     100
    7972    -1.8      97   -0.02    0.02    0.00    0.00     100
    7973    -1.8      97    0.00   -0.03    0.00    0.00     100
    7974    -1.7      97    0.00   -0.03    0.00    0.00     100
    7975    -1.7      97   -0.02    0.01    0.00    0.40     100
    7976    -1.7      98    0.02    0.00    0.00    5.69     100
    7977    -1.6      98    0.01   -0.02    0.00   15.70     100
    7978    -1.2      97   -0.02    0.02    2.37   23.80     100
    7979    -0.8      97    0.00    0.00    1.70   27.80     100
    7980    -0.4      97    0.01    0.01    0.91   22.15     100
    7981    -0.2      97    0.00    0.01    0.36   12.67     100
    7982    -0.3      98   -0.01    0.01    0.04    3.07     100
    7983    -0.5      97    0.00    0.02    0.00    0.04     100
    7984    -0.7      99    0.00    0.00    0.00    0.00     100
    7985    -0.8      99    0.01    0.00    0.00    0.00     100
    7986    -0.7      99   -0.02   -0.01    0.00    0.00     100
    7987    -0.8      99   -0.02   -0.01    0.00    0.00     100
    7988    -0.8      99    0.00    0.01    0.00    0.00     100
    7989    -1.0      99    0.01   -0.02    0.00    0.00     100
    7990    -1.1      98    0.01    0.02    0.00    0.00     100
    7991    -1.1      97   -0.01    0.00    0.00    0.00     100
    7992    -1.0      98    0.00    0.01    0.00    0.00     100
    7993    -1.0      98    0.01    0.01    0.00    0.00     100
    7994    -1.0      97   -0.02    0.00    0.00    0.00     100
    7995    -0.9      97   -0.02    0.00    0.00    0.00     100
    7996    -0.8      99   -0.02    0.01    0.00    0.00     100
    7997    -0.8      99    0.02   -0.02    0.00    0.00     100
    7998    -0.6      99   -0.02   -0.04    0.00    0.00     113
    7999    -0.6      99    0.03    0.04    0.00    0.28     113
    8000    -0.4      99   -0.03    0.00    0.00    4.15     113
    8001    -0.1      99   -0.04   -0.01    0.00   13.43     100
    8002     0.1      99   -0.04    0.01    0.75   13.17     100
    8003     0.5      99    0.02   -0.04    0.42   13.69     100
    8004     0.6      99    0.02    0.05    0.23   11.14     100
    8005     0.6      99   -0.06   -0.02    0.26   10.61     100
    8006     0.8      99    0.05   -0.01    0.03    2.54     100
    8007     0.7      99   -0.03    0.05    0.00    0.07     100
    8008     0.7      99   -0.03    0.05    0.00    0.00     113
    8009     0.7      99   -0.02   -0.06    0.00    0.00     113
    8010     0.5      99    0.06    0.00    0.00    0.00     113
    8011     0.2      99   -0.05   -0.03    0.00    0.00     113
    8012     0.0      99   -0.07    0.02    0.00    0.00     100
    8013     0.0      99   -0.03   -0.06    0.00    0.00     100
    8014     0.0      99    0.06    0.01    0.00    0.00     100
    8015     0.1      99   -0.03   -0.06    0.00    0.00     100
    8016     0.1      99    0.06    0.00    0.00    0.00     100
    8017     0.1      99   -0.03   -0.05    0.00    0.00     100
    8018     0.2      99    0.03   -0.05    0.00    0.00     100
    8019     0.2      99   -0.03   -0.05    0.00    0.00     100
    8020     0.2      99    0.04   -0.02    0.00    0.00     100
    8021     0.2      99   -0.03   -0.02    0.00    0.00     100
    8022     0.0      99    0.04    0.02    0.00    0.00     100
    8023     0.0      99   -0.05    0.02    0.00    0.24     100
    8024     0.0      99   -0.04   -0.01    0.00    6.49     100
    8025     0.3      99    0.03   -0.03    0.00   31.56     100
    8026     1.2      99    0.03    0.00   10.80   42.29     100
    8027     1.6      99   -0.01    0.01    7.13   53.38     100
    8028     1.6      99    0.00    0.00    2.57   36.03     113
    8029     1.6      99    0.00    0.00    4.51   42.78     100
    8030     1.7      99   -0.01    0.00    0.89   13.30     113
    8031     1.1      99    0.03   -0.02    0.00    1.24     113
    8032     0.6      99    0.01   -0.01    0.00    0.85     100
    8033     0.6      99    0.00    0.01    0.00    0.95     100
    8034     0.8      99    0.02   -0.02    0.00    0.89     100
    8035     0.7      99    0.01    0.00    0.00    0.48     100
    8036     0.6      99    0.00    0.00    0.00    0.05     100
    8037     0.6      99    0.00    0.02    0.00    0.01     100
    8038     0.6      99    0.04   -0.01    0.00    0.01     100
    8039     0.3      99   -0.01    0.02    0.00    0.00     100
    8040    -1.0      99   -0.01    0.01    0.00    0.00     100
    8041    -1.6      99    0.00   -0.03    0.00    0.00       0
    8042    -1.7      99    0.00    0.02    0.00    0.00      63
    8043    -1.7      98    0.00   -0.04    0.00    0.00      50
    8044    -1.9      97    0.00   -0.04    0.00    0.00     100
    8045    -2.0      97    0.00   -0.03    0.00    0.36     100
    8046    -1.1      97    0.03    0.02    0.00    0.32     100
    8047    -0.6      97    0.02   -0.02    0.00    0.44     100
    8048    -0.3      97    0.02   -0.03    0.00    7.28     100
    8049    -0.1      95   -0.02   -0.01    0.00   20.28     100
    8050     0.3      96   -0.04    0.00    6.26   35.59      88
    8051     0.9      97   -0.05    0.00    4.58   43.14     100
    8052     1.2      98   -0.03    0.03    1.50   27.18     100
    8053     1.1      98   -0.02    0.03    0.80   17.97     100
    8054     1.1      98    0.03   -0.04    0.16    5.49     100
    8055     0.9      99    0.03   -0.04    0.00    0.17     100
    8056     0.7      97   -0.03    0.03    0.00    0.00     100
    8057     0.2      96   -0.04    0.05    0.00    0.00     100
    8058     0.5      98    0.00   -0.07    0.00    0.00     100
    8059     0.6      98    0.03   -0.07    0.00    0.00     100
    8060     0.7      96    0.07   -0.04    0.00    0.00     100
    8061     0.9      96    0.01   -0.09    0.00    0.01     100
    8062     0.8      97   -0.02    0.09    0.00    0.00     100
    8063     0.7      98    0.01   -0.09    0.00    0.00     100
    8064     0.9      97    0.01    0.08    0.00    0.00     100
    8065     1.0      98    0.07   -0.04    0.00    0.00     100
    8066     1.0      98    0.01   -0.10    0.00    0.00     100
    8067     0.9      98    0.01    0.11    0.00    0.00     100
    8068     0.6      97    0.08   -0.05    0.00    0.00     100
    8069     0.5      97   -0.02   -0.09    0.00    0.00     100
    8070     0.4      97   -0.02   -0.10    0.00    0.00     100
    8071     0.4      97   -0.09    0.03    0.00    0.28     100
    8072     0.5      97    0.07    0.07    0.00    2.78     100
    8073     0.6      96   -0.08    0.06    0.00   11.31     100
    8074     0.8      94   -0.10   -0.01    2.11   20.39     100
    8075     0.6      95    0.08   -0.04    0.77   17.60     100
    8076     0.7      94   -0.08   -0.06    0.67   18.01     100
    8077     0.9      88    0.07    0.01    0.08    5.51     100
    8078     0.7      84   -0.07    0.05    0.03    2.20     100
    8079     0.5      86    0.06    0.00    0.00    0.01     100
    8080     0.6      88    0.02    0.08    0.00    0.00     100
    8081     0.4      91   -0.06    0.06    0.00    0.00     100
    8082     0.2      96    0.06   -0.05    0.00    0.00     100
    8083    -0.1      97    0.07   -0.05    0.00    0.00     100
    8084    -0.1      98   -0.05    0.05    0.00    0.00     100
    8085     0.0      99   -0.02   -0.06    0.00    0.00     100
    8086    -0.1      99    0.03   -0.05    0.00    0.00     100
    8087    -0.1      99    0.04   -0.05    0.00    0.00     100
    8088    -0.1      99   -0.03    0.06    0.00    0.00     100
    8089    -0.1      99    0.06   -0.03    0.00    0.00     100
    8090    -0.1      99   -0.06    0.02    0.00    0.00     100
    8091    -0.1      99    0.07   -0.04    0.00    0.00     100
    8092    -0.1      99    0.05    0.03    0.00    0.00     100
    8093    -0.1      98   -0.05   -0.01    0.00    0.00     100
    8094    -0.2      98   -0.06   -0.01    0.00    0.00     100
    8095     0.0      97   -0.02   -0.05    0.00    0.07     100
    8096     0.3      98    0.05   -0.02    0.00    3.47     100
    8097     0.5      98   -0.05    0.01    0.00    9.11     100
    8098     0.7      97    0.04   -0.02    0.97   13.56     100
    8099     0.9      96    0.04    0.03    0.91   18.81     100
    8100     1.1      97   -0.01    0.04    0.24   10.65     100
    8101     1.1      96    0.04    0.00    0.28   10.38     100
    8102     1.3      97   -0.01    0.03    0.10    4.28     100
    8103     1.4      98    0.00   -0.02    0.00    0.82     100
    8104     1.6      98   -0.01   -0.01    0.00    0.22     100
    8105     1.7      99    0.01    0.01    0.00    0.11     100
    8106     1.8      99    0.01   -0.02    0.00    0.01     100
    8107     1.9      99    0.01    0.02    0.00    0.01     100
    8108     2.1      99   -0.03    0.02    0.00    0.00     100
    8109     2.2      99    0.00   -0.03    0.00    0.00     100
    8110     2.1      99    0.00    0.04    0.00    0.01     100
    8111     2.3      99    0.00   -0.03    0.00    0.00     100
    8112     2.3      99    0.04   -0.03    0.00    0.00     100
    8113     2.5      99   -0.06   -0.01    0.00    0.00     100
    8114     2.6      99   -0.04    0.05    0.00    0.00     113
    8115     2.6      99   -0.07   -0.01    0.00    0.00     113
    8116     2.6      99   -0.04    0.02    0.00    0.00     100
    8117     2.6      99   -0.03    0.05    0.00    0.00     100
    8118     2.2      99    0.03    0.02    0.00    0.00     100
    8119     0.4      99   -0.01   -0.02    0.00    0.01      13
    8120     0.5      99    0.02   -0.01    0.00    6.61     113
    8121     1.1      99   -0.01   -0.02    0.00   18.45     100
    8122     2.0      99    0.00   -0.01    6.17   32.99     100
    8123     2.4      98    0.01   -0.01    8.12   52.04     100
    8124     3.2      98    0.01   -0.02    4.56   45.33      88
    8125     3.3      98    0.03   -0.01    0.50   13.68     100
    8126     3.5      98   -0.03    0.02    0.14    4.96     100
    8127     3.8      97    0.00   -0.03    0.00    0.03     100
    8128     4.2      97    0.02   -0.03    0.00    0.00     100
    8129     4.4      97   -0.02   -0.03    0.00    0.00     100
    8130     4.6      97   -0.05    0.00    0.00    0.00     100
    8131     4.7      98    0.05    0.00    0.00    0.00     100
    8132     4.8      98    0.05    0.03    0.00    0.00     100
    8133     5.2      97    0.03    0.01    0.00    0.00     100
    8134     4.9      94   -0.04    0.00    0.00    0.00     100
    8135     4.5      95    0.01    0.03    0.00    0.00     100
    8136     4.0      96   -0.02   -0.01    0.00    0.00     100
    8137     3.8      96    0.01   -0.01    0.00    0.00     100
    8138     3.6      97    0.02   -0.02    0.00    0.00     100
    8139     3.7      97   -0.01    0.00    0.00    0.00     100
    8140     3.6      98   -0.01    0.02    0.00    0.00     100
    8141     3.5      98    0.00   -0.02    0.00    0.00     100
    8142     3.2      98    0.00    0.00    0.00    0.00     100
    8143     2.9      99   -0.01    0.00    0.00    0.01     100
    8144     2.9      99    0.00    0.00    0.00    4.97     100
    8145     3.1      99    0.00    0.02    0.00   18.93     100
    8146     3.6      99   -0.01   -0.02    2.06   18.84     100
    8147     3.8      99    0.00    0.02    1.59   24.07     100
    8148     4.3      99    0.02    0.02    0.81   19.03     113
    8149     4.8      99   -0.03   -0.02    0.24    9.37     113
    8150     4.9      99    0.01    0.03    0.02    1.83     113
    8151     5.2      99   -0.03    0.05    0.00    0.02     100
    8152     5.5      99    0.05    0.04    0.00    0.00     113
    8153     5.8      99   -0.07    0.04    0.00    0.00     100
    8154     6.0      99   -0.01   -0.07    0.00    0.00     100
    8155     6.3      98   -0.06    0.06    0.00    0.00     100
    8156     6.4      99    0.02    0.07    0.00    0.00     100
    8157     6.4      99   -0.04   -0.09    0.00    0.00     100
    8158     6.3      99   -0.05    0.06    0.00    0.00     100
    8159     6.3      98    0.02    0.08    0.00    0.00     100
    8160     6.3      96    0.02    0.09    0.00    0.00     100
    8161     6.3      96   -0.07   -0.03    0.00    0.00     100
    8162     6.1      98    0.03   -0.03    0.00    0.00     100
    8163     5.9      99   -0.08    0.02    0.00    0.00     100
    8164     5.7      99    0.00    0.07    0.00    0.00     100
    8165     5.6      98    0.06   -0.02    0.00    0.00     100
    8166     5.5      98   -0.07    0.02    0.00    0.00     100
    8167     5.5      98    0.08   -0.03    0.00    0.03     100
    8168     5.5      98   -0.02    0.07    0.00    2.08     100
    8169     5.3      98    0.01   -0.06    0.00    6.59     100
    8170     5.1      98    0.03    0.06    0.43    8.45     100
    8171     5.1      98    0.08   -0.03    0.46   12.81     100
    8172     5.1      97    0.07    0.05    0.42   13.57     100
    8173     5.0      97   -0.06   -0.06    0.15    7.31     100
    8174     4.8      97    0.03   -0.06    0.03    2.20     100
    8175     4.7      96    0.06    0.07    0.00    0.01     100
    8176     4.6      96    0.05   -0.07    0.00    0.00     100
    8177     4.5      97   -0.01   -0.09    0.00    0.00     100
    8178     4.3      98   -0.03   -0.07    0.00    0.00     100
    8179     4.2      98   -0.04    0.07    0.00    0.00     100
    8180     4.0      99    0.06   -0.08    0.00    0.00     100
    8181     3.9      99    0.02    0.09    0.00    0.00     100
    8182     3.9      98   -0.01   -0.07    0.00    0.00     100
    8183     3.9      98   -0.05    0.05    0.00    0.00     100
    8184     3.9      99    0.06    0.02    0.00    0.00     100
    8185     3.9      99    0.01    0.06    0.00    0.00     100
    8186     3.9      98    0.05   -0.04    0.00    0.00     100
    8187     3.9      97    0.05   -0.04    0.00    0.00     100
    8188     4.0      97   -0.07   -0.01    0.00    0.00     100
    8189     4.1      97    0.04   -0.02    0.00    0.00     100
    8190     4.0      97   -0.04   -0.02    0.00    0.00     100
    8191     3.8      97    0.04    0.03    0.00    0.00     100
    8192     3.5      98   -0.02   -0.02    0.00    2.02     100
    8193     3.3      97   -0.05    0.03    0.00    7.59     100
    8194     2.9      98   -0.03    0.03    0.82   11.45     100
    8195     2.5      99    0.01    0.00    0.52   13.44     113
    8196     2.0      99   -0.01   -0.03    0.13    7.52     100
    8197     1.1      99   -0.04   -0.02    0.14    7.14     113
    8198     0.4      99   -0.02    0.04    0.01    1.53     100
    8199     0.6      99    0.03   -0.01    0.00    0.03     100
    8200     0.9      99    0.04    0.01    0.00    0.05     100
    8201     1.0      99    0.05   -0.04    0.00    0.07     100
    8202     1.2      98    0.02    0.06    0.00    0.00     100
    8203     1.2      98    0.06    0.00    0.00    0.00     100
    8204     1.1      98   -0.03    0.05    0.00    0.00     100
    8205     1.3      99   -0.03    0.06    0.00    0.00     113
    8206     1.3      99   -0.05    0.02    0.00    0.00     113
    8207     1.5      99    0.02   -0.05    0.00    0.00     113
    8208     1.6      99   -0.03   -0.04    0.00    0.00     113
    8209     1.7      99   -0.03   -0.03    0.00    0.00     113
    8210     1.8      99   -0.01    0.04    0.00    0.00     113
    8211     1.8      99    0.02    0.03    0.00    0.00     113
    8212     1.9      99   -0.06    0.01    0.00    0.00     113
    8213     2.1      99    0.03   -0.02    0.00    0.00     113
    8214     2.2      99    0.02    0.04    0.00    0.00     113
    8215     2.4      99    0.04    0.01    0.00    0.05     100
    8216     2.5      99    0.04   -0.03    0.00    1.90     100
    8217     2.6      99    0.04   -0.03    0.00   12.82     100
    8218     2.9      98    0.03    0.00    0.52    8.91     100
    8219     2.8      97   -0.01   -0.06    0.32   10.43     100
    8220     2.9      97   -0.04    0.01    0.53   15.01     100
    8221     3.0      97    0.03    0.04    0.13    6.82     100
    8222     3.0      99   -0.03    0.04    0.01    0.96     100
    8223     2.9      99    0.05   -0.02    0.00    0.00     100
    8224     2.9      99   -0.03    0.04    0.00    0.00     100
    8225     2.9      99   -0.05   -0.04    0.00    0.00     100
    8226     2.9      99   -0.02    0.07    0.00    0.00     100
    8227     2.8      99   -0.06    0.06    0.00    0.00     100
    8228     2.7      99    0.09    0.03    0.00    0.00     100
    8229     2.6      98   -0.10   -0.02    0.00    0.00     100
    8230     2.4      98    0.07   -0.09    0.00    0.00     100
    8231     2.2      98    0.05   -0.06    0.00    0.00     100
    8232     2.2      98    0.02    0.09    0.00    0.00     100
    8233     2.2      98    0.05   -0.07    0.00    0.00     100
    8234     2.2      97    0.07    0.02    0.00    0.00     100
    8235     2.2      97    0.04    0.08    0.00    0.00     100
    8236     2.3      97   -0.03   -0.08    0.00    0.00     100
    8237     2.3      97   -0.05    0.05    0.00    0.00     100
    8238     2.3      97   -0.04   -0.04    0.00    0.00     100
    8239     2.3      96    0.02    0.06    0.00    0.03     100
    8240     2.2      95    0.04   -0.03    0.00    2.29     100
    8241     2.0      95    0.00    0.07    0.00    8.43     100
    8242     2.1      96    0.01   -0.04    0.96   11.85     100
    8243     2.2      96    0.00    0.06    0.74   15.67     100
    8244     2.4      97   -0.02    0.01    1.51   24.92     100
    8245     2.5      95    0.03    0.01    0.14    7.00     100
    8246     2.2      95    0.00    0.04    0.03    1.98     100
    8247     2.1      97    0.03   -0.01    0.00    0.04     100
    8248     2.0      96    0.03    0.01    0.00    0.00     100
    8249     2.0      95   -0.03    0.01    0.00    0.00     100
    8250     1.7      95    0.01    0.04    0.00    0.00     100
    8251     1.5      95   -0.01    0.03    0.00    0.00     100
    8252     1.2      97   -0.01   -0.02    0.00    0.00     100
    8253     1.1      97   -0.01   -0.02    0.00    0.00     100
    8254     1.1      94   -0.03    0.00    0.00    0.00     100
    8255     1.1      94   -0.02   -0.02    0.00    0.00     100
    8256     1.0      95    0.02    0.02    0.00    0.00     100
    8257     0.9      96    0.03    0.01    0.00    0.00     100
    8258     0.9      95   -0.03   -0.01    0.00    0.00     100
    8259     1.0      96   -0.01   -0.03    0.00    0.00     100
    8260     0.9      97   -0.02   -0.02    0.00    0.00     100
    8261     0.8      97   -0.03    0.01    0.00    0.00     100
    8262     0.6      97    0.00   -0.02    0.00    0.00     100
    8263     0.5      98   -0.02    0.00    0.00    0.01     100
    8264     0.7      99    0.02    0.02    0.00    2.84     100
    8265     1.0      99   -0.02   -0.01    0.00   11.20     100
    8266     1.4      99    0.03    0.00    2.54   18.85     100
    8267     1.6      98    0.00    0.03    0.71   15.22     100
    8268     1.6      98    0.02    0.01    1.29   22.83     100
    8269     1.8      98    0.00    0.02    2.49   28.61     100
    8270     1.7      97    0.00   -0.03    0.80   11.06     100
    8271     1.5      98   -0.03    0.01    0.00    0.01     100
    8272     1.3      98    0.02   -0.02    0.00    0.00     100
    8273     1.1      97   -0.02   -0.01    0.00    0.00     100
    8274     1.0      96    0.03   -0.01    0.00    0.00     100
    8275     0.9      97   -0.01   -0.02    0.00    0.00     100
    8276     0.8      98    0.02   -0.01    0.00    0.00     100
    8277     0.9      97   -0.02    0.02    0.00    0.00     100
    8278     1.0      97   -0.03    0.00    0.00    0.00     100
    8279     1.0      96    0.05   -0.04    0.00    0.00     100
    8280     1.1      96    0.00    0.05    0.00    0.00     100
    8281     1.1      97    0.01    0.02    0.00    0.00     100
    8282     1.0      98    0.00   -0.03    0.00    0.01     100
    8283     1.3      97   -0.01   -0.03    0.00    0.00     100
    8284     1.6      97    0.00   -0.02    0.00    0.00     100
    8285     1.6      98   -0.01    0.03    0.00    0.00     100
    8286     1.7      98    0.03    0.02    0.00    0.00     100
    8287     2.0      97   -0.04   -0.01    0.00    0.00     100
    8288     2.3      97    0.02    0.04    0.00    1.61     100
    8289     2.3      97    0.03    0.02    0.00    8.91     100
    8290     2.5      96    0.02    0.02    2.70   19.07     100
    8291     2.7      96    0.03    0.01    0.89   16.81     100
    8292     3.1      97   -0.02    0.02    0.50   14.19     100
    8293     3.3      97    0.00   -0.03    0.26    9.20     100
    8294     3.5      97    0.00   -0.03    0.03    2.25     100
    8295     3.5      97    0.03    0.00    0.00    0.00     100
    8296     3.6      98    0.00    0.03    0.00    0.00     100
    8297     3.7      98   -0.02    0.00    0.00    0.00     100
    8298     3.8      99    0.01   -0.02    0.00    0.00     100
    8299     3.8      99    0.01    0.00    0.00    0.00     100
    8300     3.8      99    0.01   -0.01    0.00    0.00     100
    8301     3.8      99    0.00   -0.02    0.00    0.00     100
    8302     3.8      99   -0.01   -0.02    0.00    0.00     100
    8303     3.8      98   -0.01    0.00    0.00    0.00     100
    8304     3.7      99    0.00    0.00    0.00    0.00     100
    8305     3.7      98   -0.01   -0.03    0.00    0.00     100
    8306     3.7      97   -0.04    0.02    0.00    0.00     100
    8307     3.4      98   -0.02    0.01    0.00    0.00     100
    8308     2.9      99    0.02    0.01    0.00    0.00     100
    8309     2.7      98    0.01    0.03    0.00    0.00     100
    8310     2.7      99   -0.02    0.02    0.00    0.00     100
    8311     2.8      98   -0.03    0.03    0.00    0.03     100
    8312     2.8      98    0.01    0.03    0.00    3.76     100
    8313     3.0      98    0.03   -0.02    0.00   12.60     100
    8314     3.2      98    0.02   -0.03    2.45   17.87     100
    8315     3.4      98    0.01    0.02    1.17   19.06     100
    8316     3.4      96    0.03   -0.01    0.56   14.94     100
    8317     3.4      96   -0.01    0.01    0.73   15.39     100
    8318     3.3      97    0.01    0.00    0.08    3.43     100
    8319     3.2      97   -0.01    0.01    0.00    0.03     100
    8320     3.1      97    0.03    0.01    0.00    0.00     100
    8321     3.1      98    0.02   -0.02    0.00    0.00     100
    8322     3.1      99   -0.01   -0.03    0.00    0.00     100
    8323     2.9      99   -0.04   -0.01    0.00    0.00     113
    8324     2.8      99    0.02   -0.03    0.00    0.00     100
    8325     2.8      98   -0.02   -0.04    0.00    0.00     100
    8326     2.7      98   -0.02   -0.05    0.00    0.00     100
    8327     2.7      98   -0.03    0.02    0.00    0.00     100
    8328     2.5      99    0.03   -0.03    0.00    0.00     113
    8329     2.3      99    0.03    0.03    0.00    0.00     100
    8330     2.4      99   -0.05    0.00    0.00    0.00     100
    8331     2.4      99    0.03    0.05    0.00    0.00     100
    8332     2.3      99   -0.02    0.04    0.00    0.00     113
    8333     2.3      99   -0.05   -0.01    0.00    0.00     100
    8334     2.2      99    0.03   -0.05    0.00    0.00     100
    8335     2.2      97   -0.04    0.07    0.00    0.00     100
    8336     1.7      97   -0.08    0.01    0.00    6.59     100
    8337     1.8      97   -0.05   -0.07    0.00   14.36     100
    8338     2.3      97    0.10    0.01    5.49   26.15     100
    8339     2.9      95    0.03   -0.08    4.96   38.49     100
    8340     3.3      94    0.03    0.11    3.78   38.08     100
    8341     3.4      94   -0.05    0.09    0.54   13.23     100
    8342     3.2      96    0.11    0.01    0.11    4.00     100
    8343     3.2      96   -0.11    0.01    0.00    0.04     100
    8344     3.3      97    0.09   -0.05    0.00    0.00     100
    8345     3.4      97    0.01   -0.11    0.00    0.00     100
    8346     3.3      98    0.09   -0.05    0.00    0.00     100
    8347     3.4      98   -0.07    0.09    0.00    0.00     100
    8348     3.6      99    0.09    0.02    0.00    0.00     100
    8349     3.9      99   -0.04   -0.07    0.00    0.00     100
    8350     4.2      99   -0.08    0.02    0.00    0.01     100
    8351     4.4      99   -0.04   -0.02    0.00    0.01     113
    8352     4.6      99    0.01   -0.06    0.00    0.01     113
    8353     4.9      99    0.04    0.03    0.00    0.01     113
    8354     5.0      99   -0.05    0.03    0.00    0.01     113
    8355     5.3      99    0.04   -0.03    0.00    0.03     113
    8356     5.6      99    0.00   -0.06    0.00    0.01     113
    8357     5.6      99    0.05    0.04    0.00    0.00     113
    8358     5.7      99   -0.06    0.00    0.00    0.00     113
    8359     5.8      99    0.05    0.00    0.00    0.01     113
    8360     5.8      99   -0.03    0.05    0.00    1.98     113
    8361     5.9      99    0.06    0.01    0.00    8.02     113
    8362     6.1      99    0.05   -0.05    1.03   11.09     113
    8363     6.4      99    0.02    0.06    0.19    7.55     113
    8364     6.4      99   -0.02    0.07    0.19    8.63     113
    8365     6.5      99   -0.05   -0.05    0.13    6.55     100
    8366     6.6      99   -0.05    0.03    0.05    2.61     100
    8367     6.6      99   -0.06    0.03    0.00    0.07     100
    8368     6.3      99   -0.05    0.00    0.00    0.00     100
    8369     6.1      99   -0.01   -0.05    0.00    0.00     100
    8370     5.8      99   -0.03   -0.05    0.00    0.00     100
    8371     5.7      99   -0.05   -0.02    0.00    0.00     100
    8372     5.6      99    0.00   -0.03    0.00    0.00     100
    8373     5.6      99    0.01    0.03    0.00    0.00     113
    8374     5.7      99   -0.02    0.03    0.00    0.00     113
    8375     5.8      99    0.01    0.02    0.00    0.01     113
    8376     6.0      99   -0.04    0.00    0.00    0.01     113
    8377     6.0      99   -0.01   -0.04    0.00    0.00     100
    8378     5.7      99   -0.02   -0.01    0.00    0.00     100
    8379     5.7      99   -0.02    0.01    0.00    0.00     100
    8380     5.9      99    0.01   -0.04    0.00    0.00     100
    8381     6.0      99   -0.01   -0.03    0.00    0.00     113
    8382     6.1      99    0.05    0.00    0.00    0.00     113
    8383     6.1      99    0.00    0.04    0.00    0.05     100
    8384     6.1      99   -0.02   -0.03    0.00    3.10     100
    8385     6.2      99   -0.01   -0.04    0.00   16.57     100
    8386     6.4      97    0.01    0.03   14.45   32.57     100
    8387     6.6      97    0.00    0.04    2.51   27.09     100
    8388     6.6      97   -0.04    0.05    1.48   23.67     100
    8389     6.4      97    0.04    0.00    0.18    7.46     100
    8390     6.2      97    0.04   -0.02    0.06    2.88     100
    8391     6.1      98    0.03    0.03    0.00    0.02     100
    8392     6.2      99   -0.02    0.03    0.00    0.00     100
    8393     6.2      99    0.03   -0.01    0.00    0.00     113
    8394     6.1      99   -0.03    0.02    0.00    0.00     113
    8395     5.6      97    0.03   -0.01    0.00    0.00     100
    8396     4.9      99    0.03    0.02    0.00    0.00     100
    8397     4.1      99    0.02    0.04    0.00    0.03     100
    8398     4.2      99   -0.03   -0.02    0.00    0.00     100
    8399     4.3      99    0.01    0.04    0.00    0.00     100
    8400     4.5      98    0.01    0.05    0.00    0.00     100
    8401     4.7      95   -0.04    0.04    0.00    0.00     100
    8402     4.5      94    0.07   -0.01    0.00    0.00     100
    8403     4.5      97   -0.04   -0.02    0.00    0.00     100
    8404     4.5      98   -0.06   -0.02    0.00    0.00     100
    8405     4.6      99   -0.07   -0.05    0.00    0.00     100
    8406     4.8      99    0.07    0.04    0.00    0.00     113
    8407     4.8      99   -0.03    0.07    0.00    0.00     100
    8408     4.6      99    0.01    0.09    0.00    0.93     100
    8409     4.6      99    0.06   -0.06    0.00    4.47     113
    8410     4.8      99    0.02    0.06    1.21   11.67     100
    8411     5.0      99   -0.04   -0.06    0.55   12.65     100
    8412     5.2      99   -0.02   -0.09    0.20    8.71     100
    8413     5.3      99    0.01    0.07    0.12    6.07     100
    8414     5.4      99   -0.06    0.00    0.02    1.71     100
    8415     5.5      99    0.07    0.04    0.00    0.04     100
    8416     5.6      99   -0.01   -0.07    0.00    0.00     100
    8417     5.8      99    0.06    0.00    0.00    0.00     100
    8418     5.7      98    0.05   -0.02    0.00    0.00     100
    8419     5.4      98    0.04    0.00    0.00    0.00     100
    8420     5.8      99   -0.05    0.02    0.00    0.00     100
    8421     5.9      97    0.00    0.05    0.00    0.00     100
    8422     6.0      98    0.02    0.05    0.00    0.00     100
    8423     6.0      98    0.05    0.03    0.00    0.00     100
    8424     6.1      98    0.04    0.02    0.00    0.00     100
    8425     6.0      98   -0.04   -0.02    0.00    0.00     100
    8426     6.0      97    0.05   -0.01    0.00    0.00     100
    8427     6.0      98   -0.01   -0.05    0.00    0.00     100
    8428     5.9      98    0.05    0.01    0.00    0.00     100
    8429     5.8      98    0.05    0.01    0.00    0.00     100
    8430     5.8      98   -0.02   -0.03    0.00    0.00     100
    8431     5.8      98   -0.04   -0.03    0.00    0.00     100
    8432     5.8      98   -0.04   -0.01    0.00    5.05     100
    8433     5.9      98    0.01   -0.05    0.00   10.33     100
    8434     5.8      98    0.05    0.00    1.90   14.44     100
    8435     5.9      99    0.03   -0.03    1.65   21.78     100
    8436     6.2      99    0.06   -0.02    1.15   20.80     100
    8437     6.1      99    0.06   -0.02    0.10    5.54     113
    8438     5.8      99   -0.04   -0.07    0.01    1.09     113
    8439     5.8      99    0.05   -0.03    0.00    0.01     113
    8440     5.9      99   -0.01   -0.06    0.00    0.00     113
    8441     5.9      99    0.06    0.01    0.00    0.00     100
    8442     5.9      99   -0.07   -0.01    0.00    0.00     100
    8443     5.9      99    0.04    0.06    0.00    0.00     100
    8444     5.9      99    0.06    0.04    0.00    0.00     100
    8445     5.7      99   -0.05    0.03    0.00    0.00     100
    8446     5.7      98   -0.04    0.05    0.00    0.00     100
    8447     5.6      99    0.07    0.00    0.00    0.00     100
    8448     5.7      99   -0.05    0.04    0.00    0.00     100
    8449     5.6      99    0.05   -0.05    0.00    0.00     100
    8450     5.6      99    0.02   -0.05    0.00    0.00     113
    8451     5.6      99    0.00   -0.05    0.00    0.00     100
    8452     5.6      99    0.06    0.02    0.00    0.00     113
    8453     5.5      99   -0.07    0.00    0.00    0.00     113
    8454     5.4      99    0.02   -0.06    0.00    0.00     113
    8455     5.1      99   -0.02   -0.07    0.00    0.01     113
    8456     4.4      99    0.06    0.04    0.00    9.42     100
    8457     4.1      97    0.07   -0.03    0.00    0.00     100
    8458     4.3      93    0.06    0.05   60.29   38.49       0
    8459     4.9      96    0.01   -0.06   67.61   63.14       0
    8460     5.2      97   -0.01    0.08   10.41   54.91     100
    8461     4.8      98   -0.03   -0.06    4.05   35.27     100
    8462     4.6      99   -0.05    0.06    0.44    7.99     100
    8463     4.4      99   -0.10   -0.01    0.00    0.22     100
    8464     4.2      99    0.06    0.08    0.00    0.00     100
    8465     4.2      99    0.09   -0.01    0.00    0.00     113
    8466     4.2      99   -0.06   -0.02    0.00    0.00     113
    8467     4.4      99    0.01    0.07    0.00    0.00     113
    8468     4.5      99    0.06    0.05    0.00    0.00     113
    8469     4.5      99   -0.06    0.04    0.00    0.00     113
    8470     4.5      99   -0.06    0.02    0.00    0.00     113
    8471     4.7      99    0.06   -0.02    0.00    0.00     113
    8472     4.8      99   -0.03    0.07    0.00    0.00     113
    8473     4.9      99    0.06    0.04    0.00    0.00     113
    8474     5.0      99    0.01    0.06    0.00    0.00     113
    8475     5.1      99   -0.04    0.04    0.00    0.00     100
    8476     5.3      99    0.05    0.02    0.00    0.00     100
    8477     5.5      99    0.01   -0.04    0.00    0.01     113
    8478     5.7      99    0.01   -0.06    0.00    0.01     113
    8479     6.0      99    0.04    0.05    0.00    0.05     113
    8480     6.3      99    0.00   -0.06    0.00    1.83     113
    8481     6.5      99   -0.05   -0.01    0.00   10.43     113
    8482     6.6      99   -0.05    0.03    2.71   16.91     113
    8483     6.8      99   -0.04   -0.02    1.28   19.01     113
    8484     6.8      99    0.04    0.03    0.46   13.11     113
    8485     6.8      99    0.01   -0.06    0.16    7.09     113
    8486     6.7      99    0.00   -0.06    0.01    1.38     113
    8487     6.7      99    0.00    0.06    0.00    0.02     113
    8488     6.8      99    0.01    0.05    0.00    0.00     113
    8489     6.8      99   -0.04   -0.02    0.00    0.00     113
    8490     6.6      99   -0.05    0.03    0.00    0.00     113
    8491     6.3      99   -0.06   -0.03    0.00    0.00     113
    8492     6.2      99    0.04   -0.03    0.00    0.00     113
    8493     5.8      99    0.02   -0.01    0.00    0.00     113
    8494     5.6      99    0.01   -0.06    0.00    0.00     100
    8495     5.5      99   -0.05    0.00    0.00    0.00     100
    8496     5.5      99   -0.03   -0.03    0.00    0.00     113
    8497     5.4      99    0.05    0.00    0.00    0.00     113
    8498     5.5      99    0.05    0.01    0.00    0.00     100
    8499     5.5      99    0.00    0.05    0.00    0.00     100
    8500     5.7      99   -0.02   -0.03    0.00    0.00     100
    8501     5.7      99    0.04    0.04    0.00    0.00     100
    8502     5.7      98    0.00   -0.05    0.00    0.00     100
    8503     5.7      98    0.05    0.01    0.00    0.00     100
    8504     5.6      98    0.00    0.05    0.00    2.02     100
    8505     5.5      97    0.03    0.04    0.00    7.48     100
    8506     5.5      97   -0.05   -0.02    1.49   12.52     100
    8507     5.5      97    0.01   -0.06    1.37   19.60     100
    8508     5.5      96   -0.05   -0.01    0.73   16.47     100
    8509     5.5      98   -0.03   -0.04    0.34   10.31     100
    8510     5.5      97    0.00   -0.04    0.04    2.33     100
    8511     5.4      98   -0.02    0.03    0.00    0.05     100
    8512     5.3      97   -0.04    0.01    0.00    0.00     100
    8513     5.1      97    0.03   -0.05    0.00    0.00     100
    8514     4.8      96   -0.03   -0.06    0.00    0.00     100
    8515     4.6      97   -0.01   -0.05    0.00    0.00     100
    8516     4.3      96    0.03   -0.05    0.00    0.00     100
    8517     4.0      97    0.00    0.06    0.00    0.00     100
    8518     3.9      96   -0.06    0.01    0.00    0.00     100
    8519     3.9      98    0.05    0.06    0.00    0.00     100
    8520     3.9      98    0.03    0.07    0.00    0.00     100
    8521     3.9      97    0.01    0.08    0.00    0.00     100
    8522     3.9      97   -0.07    0.05    0.00    0.00     100
    8523     3.9      95    0.10    0.01    0.00    0.00     100
    8524     3.9      94   -0.10    0.01    0.00    0.00     100
    8525     3.9      98    0.09    0.00    0.00    0.00     100
    8526     3.9      98   -0.11   -0.02    0.00    0.00     100
    8527     4.0      97    0.10   -0.02    0.00    0.00     100
    8528     4.2      96   -0.02    0.11    0.00    0.95     100
    8529     3.9      98   -0.07   -0.05    0.00    8.34     100
    8530     3.9      97    0.01    0.09    1.81   13.69     100
    8531     4.2      99    0.02    0.06    0.85   15.47     100
    8532     4.6      99    0.05   -0.02    0.83   17.58     100
    8533     4.9      99    0.04    0.03    0.60   13.79     100
    8534     5.0      99   -0.03    0.00    0.17    5.10     100
    8535     5.0      99    0.02    0.02    0.00    0.30     100
    8536     5.4      99   -0.05    0.02    0.00    0.00     100
    8537     5.4      97   -0.01   -0.07    0.00    0.00     100
    8538     5.2      97   -0.06    0.02    0.00    0.00     100
    8539     5.1      94    0.04    0.05    0.00    0.00     100
    8540     4.8      94   -0.04    0.07    0.00    0.00     100
    8541     4.6      95   -0.01    0.07    0.00    0.01     100
    8542     4.8      95   -0.07    0.03    0.00    0.05     100
    8543     5.1      94    0.07   -0.02    0.00    0.07     100
    8544     5.3      91    0.00   -0.09    0.00    0.09     100
    8545     5.5      90   -0.08    0.04    0.00    0.03     100
    8546     5.5      90   -0.09   -0.02    0.00    0.00     100
    8547     5.5      90    0.07   -0.05    0.00    0.00     100
    8548     5.5      88   -0.08    0.07    0.00    0.00     100
    8549     5.4      88   -0.10    0.00    0.00    0.00     100
    8550     5.2      87    0.02    0.09    0.00    0.00     100
    8551     4.9      88    0.02   -0.06    0.00    0.03     100
    8552     5.0      90   -0.04   -0.02    0.00    4.01     100
    8553     5.0      89   -0.05    0.02    0.00    0.00     100
    8554     5.1      88   -0.02   -0.06   18.86   32.16     100
    8555     5.5      89   -0.05    0.02   21.62   54.19     100
    8556     5.7      90   -0.03    0.03   40.83   68.31     100
    8557     5.5      90   -0.02    0.03    9.73   49.78      63
    8558     5.0      92    0.01   -0.03    1.28   13.88      75
    8559     4.5      96    0.02   -0.01    0.00    0.03      75
    8560     4.2      97    0.02    0.00    0.00    0.00      63
    8561     4.2      97    0.00    0.03    0.00    0.00     100
    8562     4.1      97    0.00    0.03    0.00    0.00     100
    8563     4.0      96    0.02    0.01    0.00    0.00     100
    8564     4.0      96   -0.01   -0.01    0.00    0.00     100
    8565     3.8      98    0.01    0.00    0.00    0.00     100
    8566     3.6      97    0.01    0.01    0.00    0.00     100
    8567     3.4      98    0.00    0.00    0.00    0.00     100
    8568     3.4      95    0.00   -0.01    0.00    0.00     100
    8569     3.1      95   -0.01    0.01    0.00    0.00     100
    8570     2.8      94    0.00    0.01    0.00    0.00     100
    8571     2.3      97   -0.03   -0.01    0.00    0.00     100
    8572     1.6      97   -0.02    0.03    0.00    0.00     100
    8573     0.4      99   -0.04    0.02    0.00    0.00     100
    8574    -0.2      99   -0.03   -0.02    0.00    0.00     113
    8575    -0.3      99    0.00   -0.03    0.00    0.00     100
    8576    -0.3      97    0.03    0.01    0.00    6.08     100
    8577    -0.4      96   -0.04   -0.05    0.00    0.00       0
    8578    -0.4      97    0.04    0.04   44.83   36.22      63
    8579    -0.3      96    0.05    0.05  132.70   64.91     100
    8580     0.1      95   -0.08    0.00   65.42   72.06     100
    8581    -0.1      97   -0.02   -0.06    3.90   34.98     100
    8582     0.0      97    0.01    0.08    1.21   13.62     100
    8583    -0.3      96    0.03    0.05    0.00    0.32     100
    8584    -0.5      96   -0.05   -0.03    0.00    0.00       0
    8585    -0.5      92    0.01    0.07    0.00    0.00       0
    8586    -0.6      92    0.07   -0.02    0.00    0.00       0
    8587    -0.9      92    0.00   -0.07    0.00    0.00       0
    8588    -1.2      91    0.07    0.03    0.00    0.00       0
    8589    -1.4      92    0.05    0.04    0.00    0.00       0
    8590    -1.6      94    0.03   -0.04    0.00    0.00      50
    8591    -1.7      90   -0.02    0.05    0.00    0.00     100
    8592    -1.8      93   -0.04   -0.02    0.00    0.00     100
    8593    -2.0      93   -0.02    0.05    0.00    0.00      75
    8594    -2.4      95    0.02    0.04    0.00    0.00       0
    8595    -2.4      94    0.02   -0.04    0.00    0.00       0
    8596    -2.6      94    0.01    0.05    0.00    0.00       0
    8597    -2.7      93   -0.05    0.00    0.00    0.00       0
    8598    -2.9      93    0.03   -0.04    0.00    0.00       0
    8599    -2.8      94    0.00    0.06    0.00    0.00      63
    8600    -2.4      94    0.02   -0.04    0.00    6.85      63
    8601    -2.1      93    0.02    0.04    0.00    0.00     100
    8602    -1.1      92    0.04    0.00   38.65   35.52      75
    8603    -0.3      89    0.02    0.05  156.60   64.91      75
    8604     0.0      88   -0.05   -0.04   97.37   74.44     100
    8605    -0.3      87    0.05   -0.02    5.73   42.44     100
    8606    -0.7      87   -0.05    0.01   20.70   40.18       0
    8607    -1.5      89   -0.03    0.03    0.00    0.46       0
    8608    -2.4      90   -0.03    0.03    0.00    0.00       0
    8609    -3.3      92    0.00   -0.03    0.00    0.00       0
    8610    -3.9      91    0.01    0.03    0.00    0.00      63
    8611    -4.3      93   -0.01    0.01    0.00    0.00       0
    8612    -4.1      93    0.00    0.02    0.00    0.00       0
    8613    -5.8      94    0.02   -0.01    0.00    0.00       0
    8614    -6.9      95    0.00    0.00    0.00    0.00       0
    8615    -7.2      95    0.00    0.00    0.00    0.00       0
    8616    -7.7      96    0.00    0.00    0.00    0.00       0
    8617    -8.1      94    0.00    0.00    0.00    0.34       0
    8618    -7.3      96   -0.01    0.02    0.00    0.19     100
    8619    -6.4      92    0.00   -0.01    0.00    0.03     100
    8620    -6.0      87   -0.01    0.02    0.00    0.01     100
    8621    -5.7      90    0.00    0.02    0.00    0.11     100
    8622    -5.1      90    0.03    0.00    0.00    0.34     100
    8623    -4.2      91   -0.01    0.04    0.00    0.50     100
    8624    -3.6      94    0.01   -0.05    0.00    2.86     100
    8625    -3.0      98    0.00    0.05    0.00   10.24     100
    8626    -2.3      98   -0.04   -0.04    3.19   17.93     100
    8627    -1.4      99   -0.04   -0.01    2.09   24.20     100
    8628    -0.8      99   -0.05    0.03    0.94   18.91     113
    8629    -0.2      99    0.03    0.05    0.46   12.21     100
    8630     0.6      99    0.05    0.03    0.05    2.98     113
    8631     1.2      99   -0.07    0.02    0.00    0.14     113
    8632     1.4      99   -0.01    0.08    0.00    0.00     113
    8633     1.4      99   -0.01    0.09    0.00    0.00     113
    8634     0.6      99   -0.01   -0.08    0.00    0.00     100
    8635     0.3      99    0.07   -0.03    0.00    0.00     100
    8636     0.7      99   -0.08    0.02    0.00    0.40     100
    8637     1.9      99    0.05    0.06    0.00    0.36     100
    8638     2.7      99    0.06    0.05    0.00    0.00     100
    8639     2.4      99    0.05   -0.04    0.00    0.00     100
    8640     1.6      99    0.08   -0.03    0.00    0.00     100
    8641     0.5      99    0.08   -0.03    0.00    0.00     100
    8642     0.2      99    0.08   -0.03    0.00    0.00     100
    8643     0.3      99    0.02   -0.09    0.00    0.00     100
    8644     1.0      99    0.09   -0.03    0.00    0.77     100
    8645     1.9      99   -0.08   -0.04    0.00    1.61     100
    8646     2.1      99   -0.11    0.03    0.00    0.00     100
    8647     2.2      99    0.08    0.06    0.00    0.00     100
    8648     2.2      99    0.02   -0.11    0.00    1.04     100
    8649     2.1      98    0.06   -0.10    0.00    7.18     100
    8650     2.0      98   -0.03   -0.11    1.26   11.34     100
    8651     1.9      98   -0.06   -0.11    0.79   15.01     100
    8652     2.1      97    0.13   -0.01    0.25    9.74     100
    8653     1.7      98   -0.11    0.02    0.15    6.95     100
    8654     1.0      98    0.06   -0.11    0.02    1.75     100
    8655     0.4      99   -0.08    0.10    0.00    0.01     100
    8656     0.3      99   -0.08    0.10    0.00    0.00     100
    8657     0.3      99    0.09   -0.09    0.00    0.00     100
    8658     0.2      99    0.10   -0.10    0.00    0.00     100
    8659     0.1      99    0.05    0.12    0.00    0.00     100
    8660     0.1      99   -0.03   -0.13    0.00    0.00     100
    8661     0.2      99   -0.03   -0.11    0.00    0.00     100
    8662     0.3      99    0.10    0.02    0.00    0.00     100
    8663     0.3      99   -0.09    0.07    0.00    0.00     100
    8664     0.4      98    0.08    0.04    0.00    0.00     100
    8665     0.3      98    0.10   -0.05    0.00    0.00     113
    8666     0.2      99   -0.09    0.03    0.00    0.00     100
    8667     0.2      99    0.11   -0.06    0.00    0.00     100
    8668     0.3      99   -0.08    0.03    0.00    0.00     100
    8669     0.4      99    0.09   -0.02    0.00    0.00     100
    8670     0.5      99    0.06    0.06    0.00    0.00     100
    8671     0.6      99    0.03   -0.08    0.00    0.24     100
    8672     0.9      99   -0.04   -0.09    0.00    2.10     100
    8673     1.3      99   -0.12   -0.02    0.00    6.86     100
    8674     1.7      98    0.03    0.11    0.99   10.12     100
    8675     1.8      97    0.02    0.10    0.64   13.59     100
    8676     1.7      99    0.09   -0.04    0.42   12.78     100
    8677     1.4      99    0.08   -0.03    0.09    5.44     100
    8678     1.1      99    0.04    0.05    0.04    2.56     100
    8679     0.9      99    0.05    0.06    0.00    0.28     100
    8680     1.4      99   -0.07    0.04    0.00    0.00     100
    8681     1.7      99    0.06   -0.02    0.00    0.00     100
    8682     1.9      99   -0.01   -0.06    0.00    0.00     100
    8683     2.1      98   -0.04    0.02    0.00    0.00     100
    8684     2.1      98    0.00   -0.04    0.00    0.00     100
    8685     2.0      98   -0.03   -0.03    0.00    0.00     100
    8686     2.0      98    0.03    0.02    0.00    0.00     100
    8687     2.0      98   -0.03   -0.01    0.00    0.00     100
    8688     1.9      98    0.01    0.01    0.00    0.00     100
    8689     2.1      98    0.02    0.00    0.00    0.00     100
    8690     2.1      99    0.02    0.01    0.00    0.00     100
    8691     2.1      99   -0.02    0.00    0.00    0.00     100
    8692     1.9      99   -0.02   -0.01    0.00    0.00     100
    8693     1.9      99    0.02    0.00    0.00    0.00     100
    8694     1.7      99    0.02    0.00    0.00    0.01     100
    8695     1.9      99   -0.03    0.00    0.00    0.00     100
    8696     2.2      99   -0.02   -0.01    0.00    1.47     100
    8697     2.6      99    0.00   -0.02    0.00   11.02     100
    8698     2.9      95    0.02   -0.03    2.94   17.38     100
    8699     3.2      96   -0.02   -0.02    0.60   13.14     100
    8700     2.8      98    0.02    0.02    0.26   10.10     100
    8701     2.7      98    0.02    0.01    0.13    6.67     100
    8702     2.7      99   -0.01    0.03    0.06    3.12     100
    8703     2.7      99   -0.02   -0.02    0.00    0.04     100
    8704     2.9      99    0.01    0.01    0.00    0.00     100
    8705     3.1      99    0.00    0.00    0.00    0.00     100
    8706     3.1      99    0.01    0.00    0.00    0.00     100
    8707     3.0      99   -0.01    0.01    0.00    0.01     100
    8708     3.1      99    0.01    0.01    0.00    0.00     100
    8709     2.9      99   -0.02   -0.01    0.00    0.00     100
    8710     2.7      98    0.00    0.03    0.00    0.00     100
    8711     2.5      99    0.01   -0.01    0.00    0.00     100
    8712     2.1      99   -0.01    0.00    0.00    0.00     113
    8713     1.7      99    0.02   -0.01    0.00    0.00     113
    8714     1.3      99    0.01   -0.02    0.00    0.00     113
    8715     0.9      99   -0.02   -0.01    0.00    0.01     100
    8716     1.0      99   -0.01   -0.02    0.00    0.03     113
    8717     1.3      99    0.00    0.03    0.00    0.01     113
    8718     1.5      99   -0.02    0.03    0.00    0.00     113
    8719     1.5      99   -0.03    0.00    0.00    0.00     113
    8720     1.6      99   -0.02    0.02    0.00    3.78     113
    8721     1.7      99    0.01    0.03    0.00   10.17     113
    8722     2.0      99   -0.01   -0.04    4.88   22.43     113
    8723     2.3      99    0.03   -0.01    3.59   32.12     113
    8724     2.7      99   -0.03    0.00    0.56   14.90     113
    8725     2.6      99    0.04    0.01    1.12   19.66     113
    8726     2.7      97   -0.01    0.04    0.61   10.43     100
    8727     2.5      99    0.04   -0.02    0.00    0.31     100
    8728     2.4      99   -0.04    0.03    0.00    0.00     100
    8729     2.4      99   -0.01    0.05    0.00    0.00     100
    8730     2.4      98    0.02    0.04    0.00    0.00     100
    8731     2.4      98   -0.02    0.04    0.00    0.00     100
    8732     2.3      97   -0.02   -0.05    0.00    0.00     100
    8733     1.9      98   -0.05   -0.01    0.00    0.00     100
    8734     1.3      99    0.01    0.05    0.00    0.00     100
    8735     1.1      99    0.02   -0.05    0.00    0.01     100
    8736     1.3      99   -0.06    0.00    0.00    0.01     113
    8737     1.6      99   -0.02   -0.05    0.00    0.00     113
    8738     1.8      99   -0.02   -0.05    0.00    0.00     100
    8739     1.9      99    0.04   -0.03    0.00    0.00     100
    8740     2.1      99    0.06   -0.01    0.00    0.00     100
    8741     2.0      98   -0.06   -0.02    0.00    0.00     100
    8742     1.9      99    0.06   -0.01    0.00    0.00     100
    8743     1.8      99    0.02    0.05    0.00    0.01     100
    8744     2.0      99   -0.02    0.04    0.00    2.29     100
    8745     2.1      99    0.06    0.03    0.00    7.74     100
    8746     2.3      99    0.03   -0.03    2.37   15.81     100
    8747     2.4      99    0.02   -0.04    1.76   22.75     100
    8748     2.3      97   -0.03   -0.03    1.39   23.61     100
    8749     2.1      99   -0.03   -0.02    0.30   10.34     113
    8750     1.9      99    0.02   -0.03    0.10    4.20     100
    8751     1.7      99   -0.05    0.01    0.00    0.17     100
    8752     1.6      99   -0.04    0.02    0.00    0.00     100
    8753     1.3      99    0.01   -0.05    0.00    0.00     113
    8754     1.5      99   -0.04   -0.04    0.00    0.03     100
    8755     1.8      98    0.05   -0.02    0.00    0.01     100
    8756     1.9      99    0.04    0.02    0.00    0.00     100
    8757     1.8      98    0.00   -0.05    0.00    0.00     100
    8758     1.6      98    0.03    0.04    0.00    0.00     100
    8759     1.6      99    0.05    0.00    0.00    0.00     100
