#      time         order        inverter_o
  0.000000000       1.0000       0.0000    
  1.000000000       1.0000       0.0000    
  2.000000000       1.0000       0.0000    
  3.000000000       1.0000       0.0000    
  4.000000000       1.0000       0.0000    
  5.000000000       1.0000       0.0000    
  6.000000000       1.0000       0.0000    
  7.000000000       1.0000       0.0000    
  8.000000000       1.0000       0.0000    
  9.000000000       1.0000       0.0000    
  10.00000000       1.0000       0.0000    
  11.00000000       1.0000       0.0000    
  12.00000000       1.0000       0.0000    
  13.00000000       1.0000       0.0000    
  14.00000000       1.0000       0.0000    
  15.00000000       1.0000       0.0000    
  16.00000000       1.0000       0.0000    
  17.00000000       1.0000       0.0000    
  18.00000000       1.0000       0.0000    
  19.00000000       1.0000       0.0000    
  20.00000000       1.0000       0.0000    
  21.00000000       1.0000       0.0000    
  22.00000000       1.0000       0.0000    
  23.00000000       1.0000       0.0000    
  24.00000000       1.0000       0.0000    
  25.00000000       1.0000       0.0000    
  26.00000000       1.0000       0.0000    
  27.00000000       1.0000       0.0000    
  28.00000000       1.0000       0.0000    
  29.00000000       1.0000       0.0000    
  30.00000000       1.0000       0.0000    
  31.00000000       1.0000       0.0000    
  32.00000000       1.0000       0.0000    
  33.00000000       1.0000       0.0000    
  34.00000000       1.0000       0.0000    
  35.00000000       1.0000       0.0000    
  36.00000000       1.0000       0.0000    
  37.00000000       1.0000       0.0000    
  38.00000000       1.0000       0.0000    
  39.00000000       1.0000       0.0000    
  40.00000000       1.0000       0.0000    
  41.00000000       1.0000       0.0000    
  42.00000000       1.0000       0.0000    
  43.00000000       1.0000       0.0000    
  44.00000000       1.0000       0.0000    
  45.00000000       1.0000       0.0000    
  46.00000000       1.0000       0.0000    
  47.00000000       1.0000       0.0000    
  48.00000000       1.0000       0.0000    
  49.00000000       1.0000       0.0000    
  50.00000000       1.0000       0.0000    
  51.00000000       1.0000       0.0000    
  52.00000000       1.0000       0.0000    
  53.00000000       1.0000       0.0000    
  54.00000000       1.0000       0.0000    
  55.00000000       1.0000       0.0000    
  56.00000000       1.0000       0.0000    
  57.00000000       1.0000       0.0000    
  58.00000000       1.0000       0.0000    
  59.00000000       1.0000       0.0000    
  60.00000000       1.0000       0.0000    
  61.00000000       1.0000       0.0000    
  62.00000000       1.0000       0.0000    
  63.00000000       1.0000       0.0000    
  64.00000000       1.0000       0.0000    
  65.00000000       1.0000       0.0000    
  66.00000000       1.0000       0.0000    
  67.00000000       1.0000       0.0000    
  68.00000000       1.0000       0.0000    
  69.00000000       1.0000       0.0000    
  70.00000000       1.0000       0.0000    
  71.00000000       1.0000       0.0000    
  72.00000000       1.0000       0.0000    
  73.00000000       1.0000       0.0000    
  74.00000000       1.0000       0.0000    
  75.00000000       1.0000       0.0000    
  76.00000000       1.0000       0.0000    
  77.00000000       1.0000       0.0000    
  78.00000000       1.0000       0.0000    
  79.00000000       1.0000       0.0000    
  80.00000000       1.0000       0.0000    
  81.00000000       1.0000       0.0000    
  82.00000000       1.0000       0.0000    
  83.00000000       1.0000       0.0000    
  84.00000000       1.0000       0.0000    
  85.00000000       1.0000       122.55    
  86.00000000       1.0000       0.0000    
  87.00000000       1.0000       0.0000    
  88.00000000       1.0000       0.0000    
  89.00000000       1.0000       0.0000    
  90.00000000       1.0000       0.0000    
  91.00000000       1.0000       0.0000    
  92.00000000       1.0000       0.0000    
  93.00000000       1.0000       0.0000    
  94.00000000       1.0000       0.0000    
  95.00000000       1.0000       0.0000    
  96.00000000       1.0000       0.0000    
  97.00000000       1.0000       0.0000    
  98.00000000       1.0000       0.0000    
  99.00000000       1.0000       0.0000    
  100.0000000       1.0000       0.0000    
  101.0000000       1.0000       0.0000    
  102.0000000       1.0000       0.0000    
  103.0000000       1.0000       0.0000    
  104.0000000       1.0000       0.0000    
  105.0000000       1.0000       0.0000    
  106.0000000       1.0000       0.0000    
  107.0000000       1.0000       0.0000    
  108.0000000       1.0000       0.0000    
  109.0000000       1.0000       0.0000    
  110.0000000       1.0000       0.0000    
  111.0000000       1.0000       0.0000    
  112.0000000       1.0000       0.0000    
  113.0000000       1.0000       0.0000    
  114.0000000       1.0000       0.0000    
  115.0000000       1.0000       0.0000    
  116.0000000       1.0000       0.0000    
  117.0000000       1.0000       0.0000    
  118.0000000       1.0000       0.0000    
  119.0000000       1.0000       0.0000    
  120.0000000       1.0000       0.0000    
  121.0000000       1.0000       0.0000    
  122.0000000       1.0000       0.0000    
  123.0000000       1.0000       0.0000    
  124.0000000       1.0000       0.0000    
  125.0000000       1.0000       0.0000    
  126.0000000       1.0000       0.0000    
  127.0000000       1.0000       0.0000    
  128.0000000       1.0000       0.0000    
  129.0000000       1.0000       0.0000    
  130.0000000       1.0000       0.0000    
  131.0000000       1.0000       0.0000    
  132.0000000       1.0000       0.0000    
  133.0000000       1.0000       0.0000    
  134.0000000       1.0000       0.0000    
  135.0000000       1.0000       0.0000    
  136.0000000       1.0000       0.0000    
  137.0000000       1.0000       0.0000    
  138.0000000       1.0000       0.0000    
  139.0000000       1.0000       0.0000    
  140.0000000       1.0000       0.0000    
  141.0000000       1.0000       0.0000    
  142.0000000       1.0000       0.0000    
  143.0000000       1.0000       0.0000    
  144.0000000       1.0000       0.0000    
  145.0000000       1.0000       0.0000    
  146.0000000       1.0000       0.0000    
  147.0000000       1.0000       0.0000    
  148.0000000       1.0000       0.0000    
  149.0000000       1.0000       0.0000    
  150.0000000       1.0000       0.0000    
  151.0000000       1.0000       0.0000    
  152.0000000       1.0000       0.0000    
  153.0000000       1.0000       0.0000    
  154.0000000       1.0000       0.0000    
  155.0000000       1.0000       0.0000    
  156.0000000       1.0000       0.0000    
  157.0000000       1.0000       0.0000    
  158.0000000       1.0000       0.0000    
  159.0000000       1.0000       0.0000    
  160.0000000       1.0000       0.0000    
  161.0000000       1.0000       0.0000    
  162.0000000       1.0000       0.0000    
  163.0000000       1.0000       0.0000    
  164.0000000       1.0000       0.0000    
  165.0000000       1.0000       0.0000    
  166.0000000       1.0000       0.0000    
  167.0000000       1.0000       0.0000    
  168.0000000       1.0000       0.0000    
  169.0000000       1.0000       0.0000    
  170.0000000       1.0000       0.0000    
  171.0000000       1.0000       0.0000    
  172.0000000       1.0000       0.0000    
  173.0000000       1.0000       0.0000    
  174.0000000       1.0000       0.0000    
  175.0000000       1.0000       0.0000    
  176.0000000       1.0000       0.0000    
  177.0000000       1.0000       0.0000    
  178.0000000       1.0000       0.0000    
  179.0000000       1.0000       0.0000    
  180.0000000       1.0000       0.0000    
  181.0000000       1.0000       0.0000    
  182.0000000       1.0000       0.0000    
  183.0000000       1.0000       0.0000    
  184.0000000       1.0000       0.0000    
  185.0000000       1.0000       0.0000    
  186.0000000       1.0000       0.0000    
  187.0000000       1.0000       0.0000    
  188.0000000       1.0000       0.0000    
  189.0000000       1.0000       0.0000    
  190.0000000       1.0000       0.0000    
  191.0000000       1.0000       0.0000    
  192.0000000       1.0000       0.0000    
  193.0000000       1.0000       0.0000    
  194.0000000       1.0000       0.0000    
  195.0000000       1.0000       0.0000    
  196.0000000       1.0000       0.0000    
  197.0000000       1.0000       0.0000    
  198.0000000       1.0000       0.0000    
  199.0000000       1.0000       0.0000    
  200.0000000       1.0000       0.0000    
  201.0000000       1.0000       0.0000    
  202.0000000       1.0000       291.58    
  203.0000000       1.0000       315.12    
  204.0000000       1.0000       1142.7    
  205.0000000       1.0000       343.20    
  206.0000000       1.0000       0.0000    
  207.0000000       1.0000       0.0000    
  208.0000000       1.0000       0.0000    
  209.0000000       1.0000       0.0000    
  210.0000000       1.0000       0.0000    
  211.0000000       1.0000       0.0000    
  212.0000000       1.0000       0.0000    
  213.0000000       1.0000       0.0000    
  214.0000000       1.0000       0.0000    
  215.0000000       1.0000       0.0000    
  216.0000000       1.0000       0.0000    
  217.0000000       1.0000       0.0000    
  218.0000000       1.0000       0.0000    
  219.0000000       1.0000       0.0000    
  220.0000000       1.0000       0.0000    
  221.0000000       1.0000       0.0000    
  222.0000000       1.0000       0.0000    
  223.0000000       1.0000       0.0000    
  224.0000000       1.0000       0.0000    
  225.0000000       1.0000       0.0000    
  226.0000000       1.0000       0.0000    
  227.0000000       1.0000       0.0000    
  228.0000000       1.0000       0.0000    
  229.0000000       1.0000       0.0000    
  230.0000000       1.0000       0.0000    
  231.0000000       1.0000       0.0000    
  232.0000000       1.0000       0.0000    
  233.0000000       1.0000       0.0000    
  234.0000000       1.0000       0.0000    
  235.0000000       1.0000       0.0000    
  236.0000000       1.0000       0.0000    
  237.0000000       1.0000       0.0000    
  238.0000000       1.0000       0.0000    
  239.0000000       1.0000       0.0000    
  240.0000000       1.0000       0.0000    
  241.0000000       1.0000       0.0000    
  242.0000000       1.0000       0.0000    
  243.0000000       1.0000       0.0000    
  244.0000000       1.0000       0.0000    
  245.0000000       1.0000       0.0000    
  246.0000000       1.0000       0.0000    
  247.0000000       1.0000       0.0000    
  248.0000000       1.0000       0.0000    
  249.0000000       1.0000       0.0000    
  250.0000000       1.0000       0.0000    
  251.0000000       1.0000       0.0000    
  252.0000000       1.0000       0.0000    
  253.0000000       1.0000       0.0000    
  254.0000000       1.0000       0.0000    
  255.0000000       1.0000       0.0000    
  256.0000000       1.0000       0.0000    
  257.0000000       1.0000       0.0000    
  258.0000000       1.0000       0.0000    
  259.0000000       1.0000       0.0000    
  260.0000000       1.0000       0.0000    
  261.0000000       1.0000       0.0000    
  262.0000000       1.0000       0.0000    
  263.0000000       1.0000       0.0000    
  264.0000000       1.0000       0.0000    
  265.0000000       1.0000       0.0000    
  266.0000000       1.0000       0.0000    
  267.0000000       1.0000       0.0000    
  268.0000000       1.0000       0.0000    
  269.0000000       1.0000       0.0000    
  270.0000000       1.0000       0.0000    
  271.0000000       1.0000       0.0000    
  272.0000000       1.0000       0.0000    
  273.0000000       1.0000       0.0000    
  274.0000000       1.0000       544.68    
  275.0000000       1.0000       315.08    
  276.0000000       1.0000       799.55    
  277.0000000       1.0000       1051.9    
  278.0000000       1.0000       0.0000    
  279.0000000       1.0000       295.38    
  280.0000000       1.0000       0.0000    
  281.0000000       1.0000       0.0000    
  282.0000000       1.0000       0.0000    
  283.0000000       1.0000       0.0000    
  284.0000000       1.0000       0.0000    
  285.0000000       1.0000       0.0000    
  286.0000000       1.0000       0.0000    
  287.0000000       1.0000       0.0000    
  288.0000000       1.0000       0.0000    
  289.0000000       1.0000       0.0000    
  290.0000000       1.0000       0.0000    
  291.0000000       1.0000       0.0000    
  292.0000000       1.0000       0.0000    
  293.0000000       1.0000       0.0000    
  294.0000000       1.0000       0.0000    
  295.0000000       1.0000       0.0000    
  296.0000000       1.0000       0.0000    
  297.0000000       1.0000       0.0000    
  298.0000000       1.0000       0.0000    
  299.0000000       1.0000       0.0000    
  300.0000000       1.0000       197.91    
  301.0000000       1.0000       148.45    
  302.0000000       1.0000       0.0000    
  303.0000000       1.0000       0.0000    
  304.0000000       1.0000       0.0000    
  305.0000000       1.0000       0.0000    
  306.0000000       1.0000       0.0000    
  307.0000000       1.0000       0.0000    
  308.0000000       1.0000       0.0000    
  309.0000000       1.0000       0.0000    
  310.0000000       1.0000       0.0000    
  311.0000000       1.0000       0.0000    
  312.0000000       1.0000       0.0000    
  313.0000000       1.0000       0.0000    
  314.0000000       1.0000       0.0000    
  315.0000000       1.0000       0.0000    
  316.0000000       1.0000       0.0000    
  317.0000000       1.0000       0.0000    
  318.0000000       1.0000       0.0000    
  319.0000000       1.0000       0.0000    
  320.0000000       1.0000       0.0000    
  321.0000000       1.0000       0.0000    
  322.0000000       1.0000       0.0000    
  323.0000000       1.0000       0.0000    
  324.0000000       1.0000       0.0000    
  325.0000000       1.0000       0.0000    
  326.0000000       1.0000       0.0000    
  327.0000000       1.0000       0.0000    
  328.0000000       1.0000       0.0000    
  329.0000000       1.0000       0.0000    
  330.0000000       1.0000       0.0000    
  331.0000000       1.0000       0.0000    
  332.0000000       1.0000       0.0000    
  333.0000000       1.0000       0.0000    
  334.0000000       1.0000       0.0000    
  335.0000000       1.0000       0.0000    
  336.0000000       1.0000       0.0000    
  337.0000000       1.0000       0.0000    
  338.0000000       1.0000       0.0000    
  339.0000000       1.0000       0.0000    
  340.0000000       1.0000       0.0000    
  341.0000000       1.0000       0.0000    
  342.0000000       1.0000       0.0000    
  343.0000000       1.0000       0.0000    
  344.0000000       1.0000       0.0000    
  345.0000000       1.0000       0.0000    
  346.0000000       1.0000       0.0000    
  347.0000000       1.0000       0.0000    
  348.0000000       1.0000       0.0000    
  349.0000000       1.0000       0.0000    
  350.0000000       1.0000       0.0000    
  351.0000000       1.0000       0.0000    
  352.0000000       1.0000       0.0000    
  353.0000000       1.0000       0.0000    
  354.0000000       1.0000       0.0000    
  355.0000000       1.0000       0.0000    
  356.0000000       1.0000       0.0000    
  357.0000000       1.0000       0.0000    
  358.0000000       1.0000       0.0000    
  359.0000000       1.0000       0.0000    
  360.0000000       1.0000       0.0000    
  361.0000000       1.0000       0.0000    
  362.0000000       1.0000       0.0000    
  363.0000000       1.0000       0.0000    
  364.0000000       1.0000       0.0000    
  365.0000000       1.0000       0.0000    
  366.0000000       1.0000       0.0000    
  367.0000000       1.0000       0.0000    
  368.0000000       1.0000       0.0000    
  369.0000000       1.0000       105.30    
  370.0000000       1.0000       935.11    
  371.0000000       1.0000       690.31    
  372.0000000       1.0000       1098.5    
  373.0000000       1.0000       1643.7    
  374.0000000       1.0000       347.61    
  375.0000000       1.0000       645.35    
  376.0000000       1.0000       0.0000    
  377.0000000       1.0000       0.0000    
  378.0000000       1.0000       0.0000    
  379.0000000       1.0000       0.0000    
  380.0000000       1.0000       0.0000    
  381.0000000       1.0000       0.0000    
  382.0000000       1.0000       0.0000    
  383.0000000       1.0000       0.0000    
  384.0000000       1.0000       0.0000    
  385.0000000       1.0000       0.0000    
  386.0000000       1.0000       0.0000    
  387.0000000       1.0000       0.0000    
  388.0000000       1.0000       0.0000    
  389.0000000       1.0000       0.0000    
  390.0000000       1.0000       0.0000    
  391.0000000       1.0000       0.0000    
  392.0000000       1.0000       0.0000    
  393.0000000       1.0000       0.0000    
  394.0000000       1.0000       0.0000    
  395.0000000       1.0000       0.0000    
  396.0000000       1.0000       0.0000    
  397.0000000       1.0000       0.0000    
  398.0000000       1.0000       0.0000    
  399.0000000       1.0000       0.0000    
  400.0000000       1.0000       0.0000    
  401.0000000       1.0000       0.0000    
  402.0000000       1.0000       0.0000    
  403.0000000       1.0000       0.0000    
  404.0000000       1.0000       0.0000    
  405.0000000       1.0000       0.0000    
  406.0000000       1.0000       0.0000    
  407.0000000       1.0000       0.0000    
  408.0000000       1.0000       0.0000    
  409.0000000       1.0000       0.0000    
  410.0000000       1.0000       0.0000    
  411.0000000       1.0000       0.0000    
  412.0000000       1.0000       0.0000    
  413.0000000       1.0000       0.0000    
  414.0000000       1.0000       0.0000    
  415.0000000       1.0000       0.0000    
  416.0000000       1.0000       0.0000    
  417.0000000       1.0000       0.0000    
  418.0000000       1.0000       0.0000    
  419.0000000       1.0000       0.0000    
  420.0000000       1.0000       0.0000    
  421.0000000       1.0000       0.0000    
  422.0000000       1.0000       0.0000    
  423.0000000       1.0000       0.0000    
  424.0000000       1.0000       0.0000    
  425.0000000       1.0000       0.0000    
  426.0000000       1.0000       0.0000    
  427.0000000       1.0000       0.0000    
  428.0000000       1.0000       0.0000    
  429.0000000       1.0000       0.0000    
  430.0000000       1.0000       0.0000    
  431.0000000       1.0000       0.0000    
  432.0000000       1.0000       0.0000    
  433.0000000       1.0000       0.0000    
  434.0000000       1.0000       0.0000    
  435.0000000       1.0000       0.0000    
  436.0000000       1.0000       0.0000    
  437.0000000       1.0000       0.0000    
  438.0000000       1.0000       0.0000    
  439.0000000       1.0000       0.0000    
  440.0000000       1.0000       0.0000    
  441.0000000       1.0000       0.0000    
  442.0000000       1.0000       0.0000    
  443.0000000       1.0000       0.0000    
  444.0000000       1.0000       0.0000    
  445.0000000       1.0000       0.0000    
  446.0000000       1.0000       0.0000    
  447.0000000       1.0000       0.0000    
  448.0000000       1.0000       0.0000    
  449.0000000       1.0000       0.0000    
  450.0000000       1.0000       0.0000    
  451.0000000       1.0000       0.0000    
  452.0000000       1.0000       0.0000    
  453.0000000       1.0000       0.0000    
  454.0000000       1.0000       0.0000    
  455.0000000       1.0000       0.0000    
  456.0000000       1.0000       0.0000    
  457.0000000       1.0000       0.0000    
  458.0000000       1.0000       0.0000    
  459.0000000       1.0000       0.0000    
  460.0000000       1.0000       0.0000    
  461.0000000       1.0000       0.0000    
  462.0000000       1.0000       0.0000    
  463.0000000       1.0000       0.0000    
  464.0000000       1.0000       0.0000    
  465.0000000       1.0000       0.0000    
  466.0000000       1.0000       0.0000    
  467.0000000       1.0000       0.0000    
  468.0000000       1.0000       0.0000    
  469.0000000       1.0000       0.0000    
  470.0000000       1.0000       0.0000    
  471.0000000       1.0000       0.0000    
  472.0000000       1.0000       0.0000    
  473.0000000       1.0000       0.0000    
  474.0000000       1.0000       0.0000    
  475.0000000       1.0000       0.0000    
  476.0000000       1.0000       0.0000    
  477.0000000       1.0000       0.0000    
  478.0000000       1.0000       0.0000    
  479.0000000       1.0000       0.0000    
  480.0000000       1.0000       0.0000    
  481.0000000       1.0000       0.0000    
  482.0000000       1.0000       0.0000    
  483.0000000       1.0000       0.0000    
  484.0000000       1.0000       0.0000    
  485.0000000       1.0000       0.0000    
  486.0000000       1.0000       0.0000    
  487.0000000       1.0000       0.0000    
  488.0000000       1.0000       0.0000    
  489.0000000       1.0000       0.0000    
  490.0000000       1.0000       0.0000    
  491.0000000       1.0000       0.0000    
  492.0000000       1.0000       0.0000    
  493.0000000       1.0000       0.0000    
  494.0000000       1.0000       0.0000    
  495.0000000       1.0000       0.0000    
  496.0000000       1.0000       0.0000    
  497.0000000       1.0000       0.0000    
  498.0000000       1.0000       0.0000    
  499.0000000       1.0000       0.0000    
  500.0000000       1.0000       0.0000    
  501.0000000       1.0000       0.0000    
  502.0000000       1.0000       0.0000    
  503.0000000       1.0000       0.0000    
  504.0000000       1.0000       0.0000    
  505.0000000       1.0000       0.0000    
  506.0000000       1.0000       0.0000    
  507.0000000       1.0000       0.0000    
  508.0000000       1.0000       0.0000    
  509.0000000       1.0000       0.0000    
  510.0000000       1.0000       0.0000    
  511.0000000       1.0000       0.0000    
  512.0000000       1.0000       0.0000    
  513.0000000       1.0000       0.0000    
  514.0000000       1.0000       0.0000    
  515.0000000       1.0000       0.0000    
  516.0000000       1.0000       0.0000    
  517.0000000       1.0000       0.0000    
  518.0000000       1.0000       0.0000    
  519.0000000       1.0000       0.0000    
  520.0000000       1.0000       0.0000    
  521.0000000       1.0000       0.0000    
  522.0000000       1.0000       0.0000    
  523.0000000       1.0000       0.0000    
  524.0000000       1.0000       0.0000    
  525.0000000       1.0000       0.0000    
  526.0000000       1.0000       0.0000    
  527.0000000       1.0000       0.0000    
  528.0000000       1.0000       0.0000    
  529.0000000       1.0000       0.0000    
  530.0000000       1.0000       0.0000    
  531.0000000       1.0000       0.0000    
  532.0000000       1.0000       0.0000    
  533.0000000       1.0000       0.0000    
  534.0000000       1.0000       0.0000    
  535.0000000       1.0000       0.0000    
  536.0000000       1.0000       0.0000    
  537.0000000       1.0000       0.0000    
  538.0000000       1.0000       0.0000    
  539.0000000       1.0000       0.0000    
  540.0000000       1.0000       108.17    
  541.0000000       1.0000       0.0000    
  542.0000000       1.0000       0.0000    
  543.0000000       1.0000       0.0000    
  544.0000000       1.0000       0.0000    
  545.0000000       1.0000       0.0000    
  546.0000000       1.0000       0.0000    
  547.0000000       1.0000       0.0000    
  548.0000000       1.0000       0.0000    
  549.0000000       1.0000       0.0000    
  550.0000000       1.0000       0.0000    
  551.0000000       1.0000       0.0000    
  552.0000000       1.0000       0.0000    
  553.0000000       1.0000       0.0000    
  554.0000000       1.0000       0.0000    
  555.0000000       1.0000       0.0000    
  556.0000000       1.0000       0.0000    
  557.0000000       1.0000       0.0000    
  558.0000000       1.0000       0.0000    
  559.0000000       1.0000       0.0000    
  560.0000000       1.0000       0.0000    
  561.0000000       1.0000       0.0000    
  562.0000000       1.0000       0.0000    
  563.0000000       1.0000       0.0000    
  564.0000000       1.0000       0.0000    
  565.0000000       1.0000       0.0000    
  566.0000000       1.0000       0.0000    
  567.0000000       1.0000       0.0000    
  568.0000000       1.0000       0.0000    
  569.0000000       1.0000       0.0000    
  570.0000000       1.0000       0.0000    
  571.0000000       1.0000       0.0000    
  572.0000000       1.0000       0.0000    
  573.0000000       1.0000       0.0000    
  574.0000000       1.0000       0.0000    
  575.0000000       1.0000       0.0000    
  576.0000000       1.0000       0.0000    
  577.0000000       1.0000       0.0000    
  578.0000000       1.0000       0.0000    
  579.0000000       1.0000       0.0000    
  580.0000000       1.0000       0.0000    
  581.0000000       1.0000       0.0000    
  582.0000000       1.0000       0.0000    
  583.0000000       1.0000       0.0000    
  584.0000000       1.0000       0.0000    
  585.0000000       1.0000       0.0000    
  586.0000000       1.0000       0.0000    
  587.0000000       1.0000       301.97    
  588.0000000       1.0000       414.28    
  589.0000000       1.0000       181.53    
  590.0000000       1.0000       105.14    
  591.0000000       1.0000       0.0000    
  592.0000000       1.0000       0.0000    
  593.0000000       1.0000       0.0000    
  594.0000000       1.0000       0.0000    
  595.0000000       1.0000       0.0000    
  596.0000000       1.0000       0.0000    
  597.0000000       1.0000       0.0000    
  598.0000000       1.0000       0.0000    
  599.0000000       1.0000       0.0000    
  600.0000000       1.0000       0.0000    
  601.0000000       1.0000       0.0000    
  602.0000000       1.0000       0.0000    
  603.0000000       1.0000       0.0000    
  604.0000000       1.0000       0.0000    
  605.0000000       1.0000       0.0000    
  606.0000000       1.0000       0.0000    
  607.0000000       1.0000       0.0000    
  608.0000000       1.0000       0.0000    
  609.0000000       1.0000       0.0000    
  610.0000000       1.0000       0.0000    
  611.0000000       1.0000       70.676    
  612.0000000       1.0000       114.84    
  613.0000000       1.0000       160.04    
  614.0000000       1.0000       111.74    
  615.0000000       1.0000       0.0000    
  616.0000000       1.0000       0.0000    
  617.0000000       1.0000       0.0000    
  618.0000000       1.0000       0.0000    
  619.0000000       1.0000       0.0000    
  620.0000000       1.0000       0.0000    
  621.0000000       1.0000       0.0000    
  622.0000000       1.0000       0.0000    
  623.0000000       1.0000       0.0000    
  624.0000000       1.0000       0.0000    
  625.0000000       1.0000       0.0000    
  626.0000000       1.0000       0.0000    
  627.0000000       1.0000       0.0000    
  628.0000000       1.0000       0.0000    
  629.0000000       1.0000       0.0000    
  630.0000000       1.0000       0.0000    
  631.0000000       1.0000       0.0000    
  632.0000000       1.0000       0.0000    
  633.0000000       1.0000       0.0000    
  634.0000000       1.0000       0.0000    
  635.0000000       1.0000       0.0000    
  636.0000000       1.0000       0.0000    
  637.0000000       1.0000       0.0000    
  638.0000000       1.0000       0.0000    
  639.0000000       1.0000       0.0000    
  640.0000000       1.0000       0.0000    
  641.0000000       1.0000       0.0000    
  642.0000000       1.0000       0.0000    
  643.0000000       1.0000       0.0000    
  644.0000000       1.0000       0.0000    
  645.0000000       1.0000       0.0000    
  646.0000000       1.0000       0.0000    
  647.0000000       1.0000       0.0000    
  648.0000000       1.0000       0.0000    
  649.0000000       1.0000       0.0000    
  650.0000000       1.0000       0.0000    
  651.0000000       1.0000       0.0000    
  652.0000000       1.0000       0.0000    
  653.0000000       1.0000       0.0000    
  654.0000000       1.0000       0.0000    
  655.0000000       1.0000       0.0000    
  656.0000000       1.0000       0.0000    
  657.0000000       1.0000       0.0000    
  658.0000000       1.0000       0.0000    
  659.0000000       1.0000       321.07    
  660.0000000       1.0000       1211.0    
  661.0000000       1.0000       1720.7    
  662.0000000       1.0000       595.38    
  663.0000000       1.0000       213.39    
  664.0000000       1.0000       0.0000    
  665.0000000       1.0000       0.0000    
  666.0000000       1.0000       0.0000    
  667.0000000       1.0000       0.0000    
  668.0000000       1.0000       0.0000    
  669.0000000       1.0000       0.0000    
  670.0000000       1.0000       0.0000    
  671.0000000       1.0000       0.0000    
  672.0000000       1.0000       0.0000    
  673.0000000       1.0000       0.0000    
  674.0000000       1.0000       0.0000    
  675.0000000       1.0000       0.0000    
  676.0000000       1.0000       0.0000    
  677.0000000       1.0000       0.0000    
  678.0000000       1.0000       0.0000    
  679.0000000       1.0000       0.0000    
  680.0000000       1.0000       0.0000    
  681.0000000       1.0000       0.0000    
  682.0000000       1.0000       0.0000    
  683.0000000       1.0000       0.0000    
  684.0000000       1.0000       0.0000    
  685.0000000       1.0000       0.0000    
  686.0000000       1.0000       0.0000    
  687.0000000       1.0000       0.0000    
  688.0000000       1.0000       0.0000    
  689.0000000       1.0000       0.0000    
  690.0000000       1.0000       0.0000    
  691.0000000       1.0000       0.0000    
  692.0000000       1.0000       0.0000    
  693.0000000       1.0000       0.0000    
  694.0000000       1.0000       0.0000    
  695.0000000       1.0000       0.0000    
  696.0000000       1.0000       0.0000    
  697.0000000       1.0000       0.0000    
  698.0000000       1.0000       0.0000    
  699.0000000       1.0000       0.0000    
  700.0000000       1.0000       0.0000    
  701.0000000       1.0000       0.0000    
  702.0000000       1.0000       0.0000    
  703.0000000       1.0000       0.0000    
  704.0000000       1.0000       0.0000    
  705.0000000       1.0000       0.0000    
  706.0000000       1.0000       254.73    
  707.0000000       1.0000       493.45    
  708.0000000       1.0000       1053.5    
  709.0000000       1.0000       1586.7    
  710.0000000       1.0000       304.05    
  711.0000000       1.0000       199.62    
  712.0000000       1.0000       0.0000    
  713.0000000       1.0000       0.0000    
  714.0000000       1.0000       0.0000    
  715.0000000       1.0000       0.0000    
  716.0000000       1.0000       0.0000    
  717.0000000       1.0000       0.0000    
  718.0000000       1.0000       0.0000    
  719.0000000       1.0000       0.0000    
  720.0000000       1.0000       0.0000    
  721.0000000       1.0000       0.0000    
  722.0000000       1.0000       0.0000    
  723.0000000       1.0000       0.0000    
  724.0000000       1.0000       0.0000    
  725.0000000       1.0000       0.0000    
  726.0000000       1.0000       0.0000    
  727.0000000       1.0000       0.0000    
  728.0000000       1.0000       0.0000    
  729.0000000       1.0000       0.0000    
  730.0000000       1.0000       81.102    
  731.0000000       1.0000       428.30    
  732.0000000       1.0000       445.26    
  733.0000000       1.0000       1371.5    
  734.0000000       1.0000       1340.9    
  735.0000000       1.0000       1227.0    
  736.0000000       1.0000       0.0000    
  737.0000000       1.0000       0.0000    
  738.0000000       1.0000       0.0000    
  739.0000000       1.0000       0.0000    
  740.0000000       1.0000       0.0000    
  741.0000000       1.0000       0.0000    
  742.0000000       1.0000       0.0000    
  743.0000000       1.0000       0.0000    
  744.0000000       1.0000       0.0000    
  745.0000000       1.0000       0.0000    
  746.0000000       1.0000       0.0000    
  747.0000000       1.0000       0.0000    
  748.0000000       1.0000       0.0000    
  749.0000000       1.0000       0.0000    
  750.0000000       1.0000       0.0000    
  751.0000000       1.0000       0.0000    
  752.0000000       1.0000       0.0000    
  753.0000000       1.0000       0.0000    
  754.0000000       1.0000       0.0000    
  755.0000000       1.0000       0.0000    
  756.0000000       1.0000       0.0000    
  757.0000000       1.0000       0.0000    
  758.0000000       1.0000       0.0000    
  759.0000000       1.0000       0.0000    
  760.0000000       1.0000       0.0000    
  761.0000000       1.0000       0.0000    
  762.0000000       1.0000       0.0000    
  763.0000000       1.0000       0.0000    
  764.0000000       1.0000       0.0000    
  765.0000000       1.0000       0.0000    
  766.0000000       1.0000       0.0000    
  767.0000000       1.0000       0.0000    
  768.0000000       1.0000       0.0000    
  769.0000000       1.0000       0.0000    
  770.0000000       1.0000       0.0000    
  771.0000000       1.0000       0.0000    
  772.0000000       1.0000       0.0000    
  773.0000000       1.0000       0.0000    
  774.0000000       1.0000       0.0000    
  775.0000000       1.0000       0.0000    
  776.0000000       1.0000       0.0000    
  777.0000000       1.0000       0.0000    
  778.0000000       1.0000       314.74    
  779.0000000       1.0000       314.02    
  780.0000000       1.0000       2113.3    
  781.0000000       1.0000       1804.5    
  782.0000000       1.0000       1396.4    
  783.0000000       1.0000       1034.3    
  784.0000000       1.0000       0.0000    
  785.0000000       1.0000       0.0000    
  786.0000000       1.0000       0.0000    
  787.0000000       1.0000       0.0000    
  788.0000000       1.0000       0.0000    
  789.0000000       1.0000       0.0000    
  790.0000000       1.0000       0.0000    
  791.0000000       1.0000       0.0000    
  792.0000000       1.0000       0.0000    
  793.0000000       1.0000       0.0000    
  794.0000000       1.0000       0.0000    
  795.0000000       1.0000       0.0000    
  796.0000000       1.0000       0.0000    
  797.0000000       1.0000       0.0000    
  798.0000000       1.0000       0.0000    
  799.0000000       1.0000       0.0000    
  800.0000000       1.0000       0.0000    
  801.0000000       1.0000       0.0000    
  802.0000000       1.0000       378.55    
  803.0000000       1.0000       533.09    
  804.0000000       1.0000       148.22    
  805.0000000       1.0000       224.96    
  806.0000000       1.0000       97.825    
  807.0000000       1.0000       318.08    
  808.0000000       1.0000       0.0000    
  809.0000000       1.0000       0.0000    
  810.0000000       1.0000       0.0000    
  811.0000000       1.0000       0.0000    
  812.0000000       1.0000       0.0000    
  813.0000000       1.0000       0.0000    
  814.0000000       1.0000       0.0000    
  815.0000000       1.0000       0.0000    
  816.0000000       1.0000       0.0000    
  817.0000000       1.0000       0.0000    
  818.0000000       1.0000       0.0000    
  819.0000000       1.0000       0.0000    
  820.0000000       1.0000       0.0000    
  821.0000000       1.0000       0.0000    
  822.0000000       1.0000       0.0000    
  823.0000000       1.0000       0.0000    
  824.0000000       1.0000       0.0000    
  825.0000000       1.0000       361.84    
  826.0000000       1.0000       869.04    
  827.0000000       1.0000       427.78    
  828.0000000       1.0000       909.76    
  829.0000000       1.0000       1311.8    
  830.0000000       1.0000       443.18    
  831.0000000       1.0000       71.107    
  832.0000000       1.0000       0.0000    
  833.0000000       1.0000       0.0000    
  834.0000000       1.0000       0.0000    
  835.0000000       1.0000       0.0000    
  836.0000000       1.0000       0.0000    
  837.0000000       1.0000       0.0000    
  838.0000000       1.0000       0.0000    
  839.0000000       1.0000       0.0000    
  840.0000000       1.0000       0.0000    
  841.0000000       1.0000       0.0000    
  842.0000000       1.0000       0.0000    
  843.0000000       1.0000       0.0000    
  844.0000000       1.0000       0.0000    
  845.0000000       1.0000       0.0000    
  846.0000000       1.0000       0.0000    
  847.0000000       1.0000       0.0000    
  848.0000000       1.0000       0.0000    
  849.0000000       1.0000       200.50    
  850.0000000       1.0000       754.98    
  851.0000000       1.0000       1338.7    
  852.0000000       1.0000       675.45    
  853.0000000       1.0000       1747.3    
  854.0000000       1.0000       2272.6    
  855.0000000       1.0000       1550.5    
  856.0000000       1.0000       135.62    
  857.0000000       1.0000       0.0000    
  858.0000000       1.0000       0.0000    
  859.0000000       1.0000       0.0000    
  860.0000000       1.0000       0.0000    
  861.0000000       1.0000       0.0000    
  862.0000000       1.0000       0.0000    
  863.0000000       1.0000       0.0000    
  864.0000000       1.0000       0.0000    
  865.0000000       1.0000       0.0000    
  866.0000000       1.0000       0.0000    
  867.0000000       1.0000       0.0000    
  868.0000000       1.0000       0.0000    
  869.0000000       1.0000       0.0000    
  870.0000000       1.0000       0.0000    
  871.0000000       1.0000       0.0000    
  872.0000000       1.0000       0.0000    
  873.0000000       1.0000       368.99    
  874.0000000       1.0000       1158.0    
  875.0000000       1.0000       1418.9    
  876.0000000       1.0000       1743.2    
  877.0000000       1.0000       1496.6    
  878.0000000       1.0000       1785.3    
  879.0000000       1.0000       1665.8    
  880.0000000       1.0000       279.76    
  881.0000000       1.0000       0.0000    
  882.0000000       1.0000       0.0000    
  883.0000000       1.0000       0.0000    
  884.0000000       1.0000       0.0000    
  885.0000000       1.0000       0.0000    
  886.0000000       1.0000       0.0000    
  887.0000000       1.0000       0.0000    
  888.0000000       1.0000       0.0000    
  889.0000000       1.0000       0.0000    
  890.0000000       1.0000       0.0000    
  891.0000000       1.0000       0.0000    
  892.0000000       1.0000       0.0000    
  893.0000000       1.0000       0.0000    
  894.0000000       1.0000       0.0000    
  895.0000000       1.0000       0.0000    
  896.0000000       1.0000       0.0000    
  897.0000000       1.0000       0.0000    
  898.0000000       1.0000       133.57    
  899.0000000       1.0000       286.20    
  900.0000000       1.0000       670.10    
  901.0000000       1.0000       938.04    
  902.0000000       1.0000       886.67    
  903.0000000       1.0000       1307.6    
  904.0000000       1.0000       158.88    
  905.0000000       1.0000       0.0000    
  906.0000000       1.0000       0.0000    
  907.0000000       1.0000       0.0000    
  908.0000000       1.0000       0.0000    
  909.0000000       1.0000       0.0000    
  910.0000000       1.0000       0.0000    
  911.0000000       1.0000       0.0000    
  912.0000000       1.0000       0.0000    
  913.0000000       1.0000       0.0000    
  914.0000000       1.0000       0.0000    
  915.0000000       1.0000       0.0000    
  916.0000000       1.0000       0.0000    
  917.0000000       1.0000       0.0000    
  918.0000000       1.0000       0.0000    
  919.0000000       1.0000       0.0000    
  920.0000000       1.0000       0.0000    
  921.0000000       1.0000       98.266    
  922.0000000       1.0000       0.0000    
  923.0000000       1.0000       250.08    
  924.0000000       1.0000       632.07    
  925.0000000       1.0000       380.28    
  926.0000000       1.0000       192.57    
  927.0000000       1.0000       167.51    
  928.0000000       1.0000       0.0000    
  929.0000000       1.0000       0.0000    
  930.0000000       1.0000       0.0000    
  931.0000000       1.0000       0.0000    
  932.0000000       1.0000       0.0000    
  933.0000000       1.0000       0.0000    
  934.0000000       1.0000       0.0000    
  935.0000000       1.0000       0.0000    
  936.0000000       1.0000       0.0000    
  937.0000000       1.0000       0.0000    
  938.0000000       1.0000       0.0000    
  939.0000000       1.0000       0.0000    
  940.0000000       1.0000       0.0000    
  941.0000000       1.0000       0.0000    
  942.0000000       1.0000       0.0000    
  943.0000000       1.0000       0.0000    
  944.0000000       1.0000       0.0000    
  945.0000000       1.0000       316.18    
  946.0000000       1.0000       437.49    
  947.0000000       1.0000       433.46    
  948.0000000       1.0000       635.44    
  949.0000000       1.0000       475.37    
  950.0000000       1.0000       535.88    
  951.0000000       1.0000       172.93    
  952.0000000       1.0000       0.0000    
  953.0000000       1.0000       0.0000    
  954.0000000       1.0000       0.0000    
  955.0000000       1.0000       0.0000    
  956.0000000       1.0000       0.0000    
  957.0000000       1.0000       0.0000    
  958.0000000       1.0000       0.0000    
  959.0000000       1.0000       0.0000    
  960.0000000       1.0000       0.0000    
  961.0000000       1.0000       0.0000    
  962.0000000       1.0000       0.0000    
  963.0000000       1.0000       0.0000    
  964.0000000       1.0000       0.0000    
  965.0000000       1.0000       0.0000    
  966.0000000       1.0000       0.0000    
  967.0000000       1.0000       0.0000    
  968.0000000       1.0000       0.0000    
  969.0000000       1.0000       160.55    
  970.0000000       1.0000       477.54    
  971.0000000       1.0000       1391.9    
  972.0000000       1.0000       2360.3    
  973.0000000       1.0000       2491.4    
  974.0000000       1.0000       2216.2    
  975.0000000       1.0000       1709.3    
  976.0000000       1.0000       414.18    
  977.0000000       1.0000       0.0000    
  978.0000000       1.0000       0.0000    
  979.0000000       1.0000       0.0000    
  980.0000000       1.0000       0.0000    
  981.0000000       1.0000       0.0000    
  982.0000000       1.0000       0.0000    
  983.0000000       1.0000       0.0000    
  984.0000000       1.0000       0.0000    
  985.0000000       1.0000       0.0000    
  986.0000000       1.0000       0.0000    
  987.0000000       1.0000       0.0000    
  988.0000000       1.0000       0.0000    
  989.0000000       1.0000       0.0000    
  990.0000000       1.0000       0.0000    
  991.0000000       1.0000       0.0000    
  992.0000000       1.0000       0.0000    
  993.0000000       1.0000       846.08    
  994.0000000       1.0000       1852.0    
  995.0000000       1.0000       2618.4    
  996.0000000       1.0000       2834.5    
  997.0000000       1.0000       2726.4    
  998.0000000       1.0000       2245.8    
  999.0000000       1.0000       1697.2    
  1000.000000       1.0000       566.05    
  1001.000000       1.0000       0.0000    
  1002.000000       1.0000       0.0000    
  1003.000000       1.0000       0.0000    
  1004.000000       1.0000       0.0000    
  1005.000000       1.0000       0.0000    
  1006.000000       1.0000       0.0000    
  1007.000000       1.0000       0.0000    
  1008.000000       1.0000       0.0000    
  1009.000000       1.0000       0.0000    
  1010.000000       1.0000       0.0000    
  1011.000000       1.0000       0.0000    
  1012.000000       1.0000       0.0000    
  1013.000000       1.0000       0.0000    
  1014.000000       1.0000       0.0000    
  1015.000000       1.0000       0.0000    
  1016.000000       1.0000       0.0000    
  1017.000000       1.0000       226.98    
  1018.000000       1.0000       970.17    
  1019.000000       1.0000       1356.9    
  1020.000000       1.0000       680.92    
  1021.000000       1.0000       2900.7    
  1022.000000       1.0000       2252.5    
  1023.000000       1.0000       1620.7    
  1024.000000       1.0000       594.10    
  1025.000000       1.0000       0.0000    
  1026.000000       1.0000       0.0000    
  1027.000000       1.0000       0.0000    
  1028.000000       1.0000       0.0000    
  1029.000000       1.0000       0.0000    
  1030.000000       1.0000       0.0000    
  1031.000000       1.0000       0.0000    
  1032.000000       1.0000       0.0000    
  1033.000000       1.0000       0.0000    
  1034.000000       1.0000       0.0000    
  1035.000000       1.0000       0.0000    
  1036.000000       1.0000       0.0000    
  1037.000000       1.0000       0.0000    
  1038.000000       1.0000       0.0000    
  1039.000000       1.0000       0.0000    
  1040.000000       1.0000       0.0000    
  1041.000000       1.0000       713.47    
  1042.000000       1.0000       1566.3    
  1043.000000       1.0000       2074.3    
  1044.000000       1.0000       3028.0    
  1045.000000       1.0000       2734.9    
  1046.000000       1.0000       2438.8    
  1047.000000       1.0000       1756.0    
  1048.000000       1.0000       786.95    
  1049.000000       1.0000       0.0000    
  1050.000000       1.0000       0.0000    
  1051.000000       1.0000       0.0000    
  1052.000000       1.0000       0.0000    
  1053.000000       1.0000       0.0000    
  1054.000000       1.0000       0.0000    
  1055.000000       1.0000       0.0000    
  1056.000000       1.0000       0.0000    
  1057.000000       1.0000       0.0000    
  1058.000000       1.0000       0.0000    
  1059.000000       1.0000       0.0000    
  1060.000000       1.0000       0.0000    
  1061.000000       1.0000       0.0000    
  1062.000000       1.0000       0.0000    
  1063.000000       1.0000       0.0000    
  1064.000000       1.0000       0.0000    
  1065.000000       1.0000       789.41    
  1066.000000       1.0000       1556.3    
  1067.000000       1.0000       1987.5    
  1068.000000       1.0000       2811.7    
  1069.000000       1.0000       2748.7    
  1070.000000       1.0000       2369.3    
  1071.000000       1.0000       1619.3    
  1072.000000       1.0000       769.46    
  1073.000000       1.0000       0.0000    
  1074.000000       1.0000       0.0000    
  1075.000000       1.0000       0.0000    
  1076.000000       1.0000       0.0000    
  1077.000000       1.0000       0.0000    
  1078.000000       1.0000       0.0000    
  1079.000000       1.0000       0.0000    
  1080.000000       1.0000       0.0000    
  1081.000000       1.0000       0.0000    
  1082.000000       1.0000       0.0000    
  1083.000000       1.0000       0.0000    
  1084.000000       1.0000       0.0000    
  1085.000000       1.0000       0.0000    
  1086.000000       1.0000       0.0000    
  1087.000000       1.0000       0.0000    
  1088.000000       1.0000       0.0000    
  1089.000000       1.0000       322.75    
  1090.000000       1.0000       445.54    
  1091.000000       1.0000       166.43    
  1092.000000       1.0000       117.11    
  1093.000000       1.0000       159.70    
  1094.000000       1.0000       94.120    
  1095.000000       1.0000       0.0000    
  1096.000000       1.0000       0.0000    
  1097.000000       1.0000       0.0000    
  1098.000000       1.0000       0.0000    
  1099.000000       1.0000       0.0000    
  1100.000000       1.0000       0.0000    
  1101.000000       1.0000       0.0000    
  1102.000000       1.0000       0.0000    
  1103.000000       1.0000       0.0000    
  1104.000000       1.0000       0.0000    
  1105.000000       1.0000       0.0000    
  1106.000000       1.0000       0.0000    
  1107.000000       1.0000       0.0000    
  1108.000000       1.0000       0.0000    
  1109.000000       1.0000       0.0000    
  1110.000000       1.0000       0.0000    
  1111.000000       1.0000       0.0000    
  1112.000000       1.0000       0.0000    
  1113.000000       1.0000       0.0000    
  1114.000000       1.0000       0.0000    
  1115.000000       1.0000       0.0000    
  1116.000000       1.0000       0.0000    
  1117.000000       1.0000       0.0000    
  1118.000000       1.0000       0.0000    
  1119.000000       1.0000       0.0000    
  1120.000000       1.0000       0.0000    
  1121.000000       1.0000       0.0000    
  1122.000000       1.0000       0.0000    
  1123.000000       1.0000       0.0000    
  1124.000000       1.0000       0.0000    
  1125.000000       1.0000       0.0000    
  1126.000000       1.0000       0.0000    
  1127.000000       1.0000       0.0000    
  1128.000000       1.0000       0.0000    
  1129.000000       1.0000       0.0000    
  1130.000000       1.0000       0.0000    
  1131.000000       1.0000       0.0000    
  1132.000000       1.0000       0.0000    
  1133.000000       1.0000       0.0000    
  1134.000000       1.0000       0.0000    
  1135.000000       1.0000       0.0000    
  1136.000000       1.0000       0.0000    
  1137.000000       1.0000       0.0000    
  1138.000000       1.0000       0.0000    
  1139.000000       1.0000       86.343    
  1140.000000       1.0000       89.710    
  1141.000000       1.0000       98.973    
  1142.000000       1.0000       91.779    
  1143.000000       1.0000       0.0000    
  1144.000000       1.0000       0.0000    
  1145.000000       1.0000       0.0000    
  1146.000000       1.0000       0.0000    
  1147.000000       1.0000       0.0000    
  1148.000000       1.0000       0.0000    
  1149.000000       1.0000       0.0000    
  1150.000000       1.0000       0.0000    
  1151.000000       1.0000       0.0000    
  1152.000000       1.0000       0.0000    
  1153.000000       1.0000       0.0000    
  1154.000000       1.0000       0.0000    
  1155.000000       1.0000       0.0000    
  1156.000000       1.0000       0.0000    
  1157.000000       1.0000       0.0000    
  1158.000000       1.0000       0.0000    
  1159.000000       1.0000       0.0000    
  1160.000000       1.0000       0.0000    
  1161.000000       1.0000       0.0000    
  1162.000000       1.0000       0.0000    
  1163.000000       1.0000       0.0000    
  1164.000000       1.0000       0.0000    
  1165.000000       1.0000       0.0000    
  1166.000000       1.0000       0.0000    
  1167.000000       1.0000       0.0000    
  1168.000000       1.0000       0.0000    
  1169.000000       1.0000       0.0000    
  1170.000000       1.0000       0.0000    
  1171.000000       1.0000       0.0000    
  1172.000000       1.0000       0.0000    
  1173.000000       1.0000       0.0000    
  1174.000000       1.0000       0.0000    
  1175.000000       1.0000       0.0000    
  1176.000000       1.0000       0.0000    
  1177.000000       1.0000       0.0000    
  1178.000000       1.0000       0.0000    
  1179.000000       1.0000       0.0000    
  1180.000000       1.0000       0.0000    
  1181.000000       1.0000       0.0000    
  1182.000000       1.0000       0.0000    
  1183.000000       1.0000       0.0000    
  1184.000000       1.0000       0.0000    
  1185.000000       1.0000       0.0000    
  1186.000000       1.0000       0.0000    
  1187.000000       1.0000       0.0000    
  1188.000000       1.0000       0.0000    
  1189.000000       1.0000       0.0000    
  1190.000000       1.0000       0.0000    
  1191.000000       1.0000       0.0000    
  1192.000000       1.0000       0.0000    
  1193.000000       1.0000       0.0000    
  1194.000000       1.0000       0.0000    
  1195.000000       1.0000       0.0000    
  1196.000000       1.0000       0.0000    
  1197.000000       1.0000       0.0000    
  1198.000000       1.0000       0.0000    
  1199.000000       1.0000       0.0000    
  1200.000000       1.0000       0.0000    
  1201.000000       1.0000       0.0000    
  1202.000000       1.0000       0.0000    
  1203.000000       1.0000       0.0000    
  1204.000000       1.0000       0.0000    
  1205.000000       1.0000       0.0000    
  1206.000000       1.0000       0.0000    
  1207.000000       1.0000       0.0000    
  1208.000000       1.0000       0.0000    
  1209.000000       1.0000       0.0000    
  1210.000000       1.0000       78.135    
  1211.000000       1.0000       363.14    
  1212.000000       1.0000       295.80    
  1213.000000       1.0000       334.03    
  1214.000000       1.0000       524.37    
  1215.000000       1.0000       104.03    
  1216.000000       1.0000       0.0000    
  1217.000000       1.0000       0.0000    
  1218.000000       1.0000       0.0000    
  1219.000000       1.0000       0.0000    
  1220.000000       1.0000       0.0000    
  1221.000000       1.0000       0.0000    
  1222.000000       1.0000       0.0000    
  1223.000000       1.0000       0.0000    
  1224.000000       1.0000       0.0000    
  1225.000000       1.0000       0.0000    
  1226.000000       1.0000       0.0000    
  1227.000000       1.0000       0.0000    
  1228.000000       1.0000       0.0000    
  1229.000000       1.0000       0.0000    
  1230.000000       1.0000       0.0000    
  1231.000000       1.0000       0.0000    
  1232.000000       1.0000       0.0000    
  1233.000000       1.0000       0.0000    
  1234.000000       1.0000       652.10    
  1235.000000       1.0000       1898.7    
  1236.000000       1.0000       1976.7    
  1237.000000       1.0000       1005.2    
  1238.000000       1.0000       499.34    
  1239.000000       1.0000       263.94    
  1240.000000       1.0000       156.48    
  1241.000000       1.0000       0.0000    
  1242.000000       1.0000       0.0000    
  1243.000000       1.0000       0.0000    
  1244.000000       1.0000       0.0000    
  1245.000000       1.0000       0.0000    
  1246.000000       1.0000       0.0000    
  1247.000000       1.0000       0.0000    
  1248.000000       1.0000       0.0000    
  1249.000000       1.0000       0.0000    
  1250.000000       1.0000       0.0000    
  1251.000000       1.0000       0.0000    
  1252.000000       1.0000       0.0000    
  1253.000000       1.0000       0.0000    
  1254.000000       1.0000       0.0000    
  1255.000000       1.0000       0.0000    
  1256.000000       1.0000       0.0000    
  1257.000000       1.0000       1006.7    
  1258.000000       1.0000       1857.8    
  1259.000000       1.0000       2375.3    
  1260.000000       1.0000       2539.5    
  1261.000000       1.0000       2069.9    
  1262.000000       1.0000       1246.1    
  1263.000000       1.0000       998.65    
  1264.000000       1.0000       368.57    
  1265.000000       1.0000       0.0000    
  1266.000000       1.0000       0.0000    
  1267.000000       1.0000       0.0000    
  1268.000000       1.0000       0.0000    
  1269.000000       1.0000       0.0000    
  1270.000000       1.0000       0.0000    
  1271.000000       1.0000       0.0000    
  1272.000000       1.0000       0.0000    
  1273.000000       1.0000       0.0000    
  1274.000000       1.0000       0.0000    
  1275.000000       1.0000       0.0000    
  1276.000000       1.0000       0.0000    
  1277.000000       1.0000       0.0000    
  1278.000000       1.0000       0.0000    
  1279.000000       1.0000       0.0000    
  1280.000000       1.0000       0.0000    
  1281.000000       1.0000       0.0000    
  1282.000000       1.0000       219.13    
  1283.000000       1.0000       537.71    
  1284.000000       1.0000       1083.5    
  1285.000000       1.0000       404.10    
  1286.000000       1.0000       162.60    
  1287.000000       1.0000       95.045    
  1288.000000       1.0000       0.0000    
  1289.000000       1.0000       0.0000    
  1290.000000       1.0000       0.0000    
  1291.000000       1.0000       0.0000    
  1292.000000       1.0000       0.0000    
  1293.000000       1.0000       0.0000    
  1294.000000       1.0000       0.0000    
  1295.000000       1.0000       0.0000    
  1296.000000       1.0000       0.0000    
  1297.000000       1.0000       0.0000    
  1298.000000       1.0000       0.0000    
  1299.000000       1.0000       0.0000    
  1300.000000       1.0000       0.0000    
  1301.000000       1.0000       0.0000    
  1302.000000       1.0000       0.0000    
  1303.000000       1.0000       0.0000    
  1304.000000       1.0000       0.0000    
  1305.000000       1.0000       0.0000    
  1306.000000       1.0000       160.88    
  1307.000000       1.0000       439.26    
  1308.000000       1.0000       357.60    
  1309.000000       1.0000       114.74    
  1310.000000       1.0000       0.0000    
  1311.000000       1.0000       0.0000    
  1312.000000       1.0000       0.0000    
  1313.000000       1.0000       0.0000    
  1314.000000       1.0000       0.0000    
  1315.000000       1.0000       0.0000    
  1316.000000       1.0000       0.0000    
  1317.000000       1.0000       0.0000    
  1318.000000       1.0000       0.0000    
  1319.000000       1.0000       0.0000    
  1320.000000       1.0000       0.0000    
  1321.000000       1.0000       0.0000    
  1322.000000       1.0000       0.0000    
  1323.000000       1.0000       0.0000    
  1324.000000       1.0000       0.0000    
  1325.000000       1.0000       0.0000    
  1326.000000       1.0000       0.0000    
  1327.000000       1.0000       0.0000    
  1328.000000       1.0000       0.0000    
  1329.000000       1.0000       152.92    
  1330.000000       1.0000       283.97    
  1331.000000       1.0000       441.01    
  1332.000000       1.0000       159.10    
  1333.000000       1.0000       0.0000    
  1334.000000       1.0000       0.0000    
  1335.000000       1.0000       0.0000    
  1336.000000       1.0000       0.0000    
  1337.000000       1.0000       0.0000    
  1338.000000       1.0000       0.0000    
  1339.000000       1.0000       0.0000    
  1340.000000       1.0000       0.0000    
  1341.000000       1.0000       0.0000    
  1342.000000       1.0000       0.0000    
  1343.000000       1.0000       0.0000    
  1344.000000       1.0000       0.0000    
  1345.000000       1.0000       0.0000    
  1346.000000       1.0000       0.0000    
  1347.000000       1.0000       0.0000    
  1348.000000       1.0000       0.0000    
  1349.000000       1.0000       0.0000    
  1350.000000       1.0000       0.0000    
  1351.000000       1.0000       0.0000    
  1352.000000       1.0000       87.303    
  1353.000000       1.0000       1305.3    
  1354.000000       1.0000       2174.9    
  1355.000000       1.0000       2702.8    
  1356.000000       1.0000       2812.8    
  1357.000000       1.0000       2591.8    
  1358.000000       1.0000       2308.1    
  1359.000000       1.0000       1704.7    
  1360.000000       1.0000       1024.6    
  1361.000000       1.0000       124.02    
  1362.000000       1.0000       0.0000    
  1363.000000       1.0000       0.0000    
  1364.000000       1.0000       0.0000    
  1365.000000       1.0000       0.0000    
  1366.000000       1.0000       0.0000    
  1367.000000       1.0000       0.0000    
  1368.000000       1.0000       0.0000    
  1369.000000       1.0000       0.0000    
  1370.000000       1.0000       0.0000    
  1371.000000       1.0000       0.0000    
  1372.000000       1.0000       0.0000    
  1373.000000       1.0000       0.0000    
  1374.000000       1.0000       0.0000    
  1375.000000       1.0000       0.0000    
  1376.000000       1.0000       204.30    
  1377.000000       1.0000       1209.3    
  1378.000000       1.0000       2237.2    
  1379.000000       1.0000       2433.8    
  1380.000000       1.0000       2071.6    
  1381.000000       1.0000       823.20    
  1382.000000       1.0000       514.42    
  1383.000000       1.0000       242.94    
  1384.000000       1.0000       388.95    
  1385.000000       1.0000       0.0000    
  1386.000000       1.0000       0.0000    
  1387.000000       1.0000       0.0000    
  1388.000000       1.0000       0.0000    
  1389.000000       1.0000       0.0000    
  1390.000000       1.0000       0.0000    
  1391.000000       1.0000       0.0000    
  1392.000000       1.0000       0.0000    
  1393.000000       1.0000       0.0000    
  1394.000000       1.0000       0.0000    
  1395.000000       1.0000       0.0000    
  1396.000000       1.0000       0.0000    
  1397.000000       1.0000       0.0000    
  1398.000000       1.0000       0.0000    
  1399.000000       1.0000       0.0000    
  1400.000000       1.0000       0.0000    
  1401.000000       1.0000       898.41    
  1402.000000       1.0000       1897.2    
  1403.000000       1.0000       2364.5    
  1404.000000       1.0000       2823.8    
  1405.000000       1.0000       2583.9    
  1406.000000       1.0000       2325.8    
  1407.000000       1.0000       1747.4    
  1408.000000       1.0000       1078.6    
  1409.000000       1.0000       144.79    
  1410.000000       1.0000       0.0000    
  1411.000000       1.0000       0.0000    
  1412.000000       1.0000       0.0000    
  1413.000000       1.0000       0.0000    
  1414.000000       1.0000       0.0000    
  1415.000000       1.0000       0.0000    
  1416.000000       1.0000       0.0000    
  1417.000000       1.0000       0.0000    
  1418.000000       1.0000       0.0000    
  1419.000000       1.0000       0.0000    
  1420.000000       1.0000       0.0000    
  1421.000000       1.0000       0.0000    
  1422.000000       1.0000       0.0000    
  1423.000000       1.0000       0.0000    
  1424.000000       1.0000       0.0000    
  1425.000000       1.0000       222.05    
  1426.000000       1.0000       1707.3    
  1427.000000       1.0000       2731.9    
  1428.000000       1.0000       2837.1    
  1429.000000       1.0000       2772.1    
  1430.000000       1.0000       2259.2    
  1431.000000       1.0000       1671.2    
  1432.000000       1.0000       1002.2    
  1433.000000       1.0000       0.0000    
  1434.000000       1.0000       0.0000    
  1435.000000       1.0000       0.0000    
  1436.000000       1.0000       0.0000    
  1437.000000       1.0000       0.0000    
  1438.000000       1.0000       0.0000    
  1439.000000       1.0000       0.0000    
  1440.000000       1.0000       0.0000    
  1441.000000       1.0000       0.0000    
  1442.000000       1.0000       0.0000    
  1443.000000       1.0000       0.0000    
  1444.000000       1.0000       0.0000    
  1445.000000       1.0000       0.0000    
  1446.000000       1.0000       0.0000    
  1447.000000       1.0000       0.0000    
  1448.000000       1.0000       0.0000    
  1449.000000       1.0000       88.559    
  1450.000000       1.0000       304.62    
  1451.000000       1.0000       797.14    
  1452.000000       1.0000       2560.6    
  1453.000000       1.0000       2781.6    
  1454.000000       1.0000       2330.2    
  1455.000000       1.0000       1669.7    
  1456.000000       1.0000       893.83    
  1457.000000       1.0000       177.91    
  1458.000000       1.0000       0.0000    
  1459.000000       1.0000       0.0000    
  1460.000000       1.0000       0.0000    
  1461.000000       1.0000       0.0000    
  1462.000000       1.0000       0.0000    
  1463.000000       1.0000       0.0000    
  1464.000000       1.0000       0.0000    
  1465.000000       1.0000       0.0000    
  1466.000000       1.0000       0.0000    
  1467.000000       1.0000       0.0000    
  1468.000000       1.0000       0.0000    
  1469.000000       1.0000       0.0000    
  1470.000000       1.0000       0.0000    
  1471.000000       1.0000       0.0000    
  1472.000000       1.0000       0.0000    
  1473.000000       1.0000       0.0000    
  1474.000000       1.0000       105.86    
  1475.000000       1.0000       133.94    
  1476.000000       1.0000       173.94    
  1477.000000       1.0000       195.86    
  1478.000000       1.0000       258.84    
  1479.000000       1.0000       109.26    
  1480.000000       1.0000       0.0000    
  1481.000000       1.0000       0.0000    
  1482.000000       1.0000       0.0000    
  1483.000000       1.0000       0.0000    
  1484.000000       1.0000       0.0000    
  1485.000000       1.0000       0.0000    
  1486.000000       1.0000       0.0000    
  1487.000000       1.0000       0.0000    
  1488.000000       1.0000       0.0000    
  1489.000000       1.0000       0.0000    
  1490.000000       1.0000       0.0000    
  1491.000000       1.0000       0.0000    
  1492.000000       1.0000       0.0000    
  1493.000000       1.0000       0.0000    
  1494.000000       1.0000       0.0000    
  1495.000000       1.0000       0.0000    
  1496.000000       1.0000       676.06    
  1497.000000       1.0000       1622.6    
  1498.000000       1.0000       2468.3    
  1499.000000       1.0000       2894.3    
  1500.000000       1.0000       3048.3    
  1501.000000       1.0000       2995.9    
  1502.000000       1.0000       2563.8    
  1503.000000       1.0000       2059.2    
  1504.000000       1.0000       1220.2    
  1505.000000       1.0000       214.47    
  1506.000000       1.0000       0.0000    
  1507.000000       1.0000       0.0000    
  1508.000000       1.0000       0.0000    
  1509.000000       1.0000       0.0000    
  1510.000000       1.0000       0.0000    
  1511.000000       1.0000       0.0000    
  1512.000000       1.0000       0.0000    
  1513.000000       1.0000       0.0000    
  1514.000000       1.0000       0.0000    
  1515.000000       1.0000       0.0000    
  1516.000000       1.0000       0.0000    
  1517.000000       1.0000       0.0000    
  1518.000000       1.0000       0.0000    
  1519.000000       1.0000       0.0000    
  1520.000000       1.0000       694.49    
  1521.000000       1.0000       1706.2    
  1522.000000       1.0000       2436.2    
  1523.000000       1.0000       2903.0    
  1524.000000       1.0000       2989.1    
  1525.000000       1.0000       2699.6    
  1526.000000       1.0000       2613.5    
  1527.000000       1.0000       2043.1    
  1528.000000       1.0000       1119.4    
  1529.000000       1.0000       127.51    
  1530.000000       1.0000       0.0000    
  1531.000000       1.0000       0.0000    
  1532.000000       1.0000       0.0000    
  1533.000000       1.0000       0.0000    
  1534.000000       1.0000       0.0000    
  1535.000000       1.0000       0.0000    
  1536.000000       1.0000       0.0000    
  1537.000000       1.0000       0.0000    
  1538.000000       1.0000       0.0000    
  1539.000000       1.0000       0.0000    
  1540.000000       1.0000       0.0000    
  1541.000000       1.0000       0.0000    
  1542.000000       1.0000       0.0000    
  1543.000000       1.0000       0.0000    
  1544.000000       1.0000       0.0000    
  1545.000000       1.0000       0.0000    
  1546.000000       1.0000       589.70    
  1547.000000       1.0000       2628.1    
  1548.000000       1.0000       2472.3    
  1549.000000       1.0000       1428.9    
  1550.000000       1.0000       493.77    
  1551.000000       1.0000       302.24    
  1552.000000       1.0000       140.08    
  1553.000000       1.0000       0.0000    
  1554.000000       1.0000       0.0000    
  1555.000000       1.0000       0.0000    
  1556.000000       1.0000       0.0000    
  1557.000000       1.0000       0.0000    
  1558.000000       1.0000       0.0000    
  1559.000000       1.0000       0.0000    
  1560.000000       1.0000       0.0000    
  1561.000000       1.0000       0.0000    
  1562.000000       1.0000       0.0000    
  1563.000000       1.0000       0.0000    
  1564.000000       1.0000       0.0000    
  1565.000000       1.0000       0.0000    
  1566.000000       1.0000       0.0000    
  1567.000000       1.0000       0.0000    
  1568.000000       1.0000       718.15    
  1569.000000       1.0000       1877.6    
  1570.000000       1.0000       2623.1    
  1571.000000       1.0000       3091.4    
  1572.000000       1.0000       3179.0    
  1573.000000       1.0000       2560.2    
  1574.000000       1.0000       1586.4    
  1575.000000       1.0000       1223.7    
  1576.000000       1.0000       695.66    
  1577.000000       1.0000       140.41    
  1578.000000       1.0000       0.0000    
  1579.000000       1.0000       0.0000    
  1580.000000       1.0000       0.0000    
  1581.000000       1.0000       0.0000    
  1582.000000       1.0000       0.0000    
  1583.000000       1.0000       0.0000    
  1584.000000       1.0000       0.0000    
  1585.000000       1.0000       0.0000    
  1586.000000       1.0000       0.0000    
  1587.000000       1.0000       0.0000    
  1588.000000       1.0000       0.0000    
  1589.000000       1.0000       0.0000    
  1590.000000       1.0000       0.0000    
  1591.000000       1.0000       80.111    
  1592.000000       1.0000       639.92    
  1593.000000       1.0000       1631.7    
  1594.000000       1.0000       2409.2    
  1595.000000       1.0000       3036.9    
  1596.000000       1.0000       3118.2    
  1597.000000       1.0000       2878.3    
  1598.000000       1.0000       2401.1    
  1599.000000       1.0000       1655.1    
  1600.000000       1.0000       704.21    
  1601.000000       1.0000       75.854    
  1602.000000       1.0000       0.0000    
  1603.000000       1.0000       0.0000    
  1604.000000       1.0000       0.0000    
  1605.000000       1.0000       0.0000    
  1606.000000       1.0000       0.0000    
  1607.000000       1.0000       0.0000    
  1608.000000       1.0000       0.0000    
  1609.000000       1.0000       0.0000    
  1610.000000       1.0000       0.0000    
  1611.000000       1.0000       0.0000    
  1612.000000       1.0000       0.0000    
  1613.000000       1.0000       0.0000    
  1614.000000       1.0000       0.0000    
  1615.000000       1.0000       0.0000    
  1616.000000       1.0000       230.76    
  1617.000000       1.0000       615.97    
  1618.000000       1.0000       549.18    
  1619.000000       1.0000       729.93    
  1620.000000       1.0000       383.06    
  1621.000000       1.0000       0.0000    
  1622.000000       1.0000       0.0000    
  1623.000000       1.0000       677.41    
  1624.000000       1.0000       784.53    
  1625.000000       1.0000       0.0000    
  1626.000000       1.0000       0.0000    
  1627.000000       1.0000       0.0000    
  1628.000000       1.0000       0.0000    
  1629.000000       1.0000       0.0000    
  1630.000000       1.0000       0.0000    
  1631.000000       1.0000       0.0000    
  1632.000000       1.0000       0.0000    
  1633.000000       1.0000       0.0000    
  1634.000000       1.0000       0.0000    
  1635.000000       1.0000       0.0000    
  1636.000000       1.0000       0.0000    
  1637.000000       1.0000       0.0000    
  1638.000000       1.0000       0.0000    
  1639.000000       1.0000       0.0000    
  1640.000000       1.0000       522.93    
  1641.000000       1.0000       1260.9    
  1642.000000       1.0000       356.30    
  1643.000000       1.0000       775.70    
  1644.000000       1.0000       628.75    
  1645.000000       1.0000       704.05    
  1646.000000       1.0000       393.24    
  1647.000000       1.0000       144.09    
  1648.000000       1.0000       177.75    
  1649.000000       1.0000       0.0000    
  1650.000000       1.0000       0.0000    
  1651.000000       1.0000       0.0000    
  1652.000000       1.0000       0.0000    
  1653.000000       1.0000       0.0000    
  1654.000000       1.0000       0.0000    
  1655.000000       1.0000       0.0000    
  1656.000000       1.0000       0.0000    
  1657.000000       1.0000       0.0000    
  1658.000000       1.0000       0.0000    
  1659.000000       1.0000       0.0000    
  1660.000000       1.0000       0.0000    
  1661.000000       1.0000       0.0000    
  1662.000000       1.0000       0.0000    
  1663.000000       1.0000       0.0000    
  1664.000000       1.0000       0.0000    
  1665.000000       1.0000       0.0000    
  1666.000000       1.0000       0.0000    
  1667.000000       1.0000       0.0000    
  1668.000000       1.0000       0.0000    
  1669.000000       1.0000       0.0000    
  1670.000000       1.0000       0.0000    
  1671.000000       1.0000       0.0000    
  1672.000000       1.0000       0.0000    
  1673.000000       1.0000       0.0000    
  1674.000000       1.0000       0.0000    
  1675.000000       1.0000       0.0000    
  1676.000000       1.0000       0.0000    
  1677.000000       1.0000       0.0000    
  1678.000000       1.0000       0.0000    
  1679.000000       1.0000       0.0000    
  1680.000000       1.0000       0.0000    
  1681.000000       1.0000       0.0000    
  1682.000000       1.0000       0.0000    
  1683.000000       1.0000       0.0000    
  1684.000000       1.0000       0.0000    
  1685.000000       1.0000       0.0000    
  1686.000000       1.0000       0.0000    
  1687.000000       1.0000       0.0000    
  1688.000000       1.0000       182.63    
  1689.000000       1.0000       236.32    
  1690.000000       1.0000       399.00    
  1691.000000       1.0000       397.91    
  1692.000000       1.0000       394.52    
  1693.000000       1.0000       350.33    
  1694.000000       1.0000       670.43    
  1695.000000       1.0000       409.38    
  1696.000000       1.0000       145.40    
  1697.000000       1.0000       0.0000    
  1698.000000       1.0000       0.0000    
  1699.000000       1.0000       0.0000    
  1700.000000       1.0000       0.0000    
  1701.000000       1.0000       0.0000    
  1702.000000       1.0000       0.0000    
  1703.000000       1.0000       0.0000    
  1704.000000       1.0000       0.0000    
  1705.000000       1.0000       0.0000    
  1706.000000       1.0000       0.0000    
  1707.000000       1.0000       0.0000    
  1708.000000       1.0000       0.0000    
  1709.000000       1.0000       0.0000    
  1710.000000       1.0000       0.0000    
  1711.000000       1.0000       0.0000    
  1712.000000       1.0000       0.0000    
  1713.000000       1.0000       209.29    
  1714.000000       1.0000       320.16    
  1715.000000       1.0000       244.98    
  1716.000000       1.0000       489.41    
  1717.000000       1.0000       386.77    
  1718.000000       1.0000       668.13    
  1719.000000       1.0000       836.70    
  1720.000000       1.0000       186.41    
  1721.000000       1.0000       0.0000    
  1722.000000       1.0000       0.0000    
  1723.000000       1.0000       0.0000    
  1724.000000       1.0000       0.0000    
  1725.000000       1.0000       0.0000    
  1726.000000       1.0000       0.0000    
  1727.000000       1.0000       0.0000    
  1728.000000       1.0000       0.0000    
  1729.000000       1.0000       0.0000    
  1730.000000       1.0000       0.0000    
  1731.000000       1.0000       0.0000    
  1732.000000       1.0000       0.0000    
  1733.000000       1.0000       0.0000    
  1734.000000       1.0000       0.0000    
  1735.000000       1.0000       0.0000    
  1736.000000       1.0000       185.90    
  1737.000000       1.0000       1320.8    
  1738.000000       1.0000       2437.9    
  1739.000000       1.0000       2070.1    
  1740.000000       1.0000       2420.8    
  1741.000000       1.0000       1097.3    
  1742.000000       1.0000       1081.2    
  1743.000000       1.0000       1673.3    
  1744.000000       1.0000       355.61    
  1745.000000       1.0000       0.0000    
  1746.000000       1.0000       0.0000    
  1747.000000       1.0000       0.0000    
  1748.000000       1.0000       0.0000    
  1749.000000       1.0000       0.0000    
  1750.000000       1.0000       0.0000    
  1751.000000       1.0000       0.0000    
  1752.000000       1.0000       0.0000    
  1753.000000       1.0000       0.0000    
  1754.000000       1.0000       0.0000    
  1755.000000       1.0000       0.0000    
  1756.000000       1.0000       0.0000    
  1757.000000       1.0000       0.0000    
  1758.000000       1.0000       0.0000    
  1759.000000       1.0000       0.0000    
  1760.000000       1.0000       0.0000    
  1761.000000       1.0000       260.67    
  1762.000000       1.0000       589.06    
  1763.000000       1.0000       503.79    
  1764.000000       1.0000       493.81    
  1765.000000       1.0000       526.96    
  1766.000000       1.0000       384.74    
  1767.000000       1.0000       534.33    
  1768.000000       1.0000       1117.4    
  1769.000000       1.0000       273.98    
  1770.000000       1.0000       0.0000    
  1771.000000       1.0000       0.0000    
  1772.000000       1.0000       0.0000    
  1773.000000       1.0000       0.0000    
  1774.000000       1.0000       0.0000    
  1775.000000       1.0000       0.0000    
  1776.000000       1.0000       0.0000    
  1777.000000       1.0000       0.0000    
  1778.000000       1.0000       0.0000    
  1779.000000       1.0000       0.0000    
  1780.000000       1.0000       0.0000    
  1781.000000       1.0000       0.0000    
  1782.000000       1.0000       0.0000    
  1783.000000       1.0000       109.61    
  1784.000000       1.0000       861.18    
  1785.000000       1.0000       1969.8    
  1786.000000       1.0000       2614.4    
  1787.000000       1.0000       3012.8    
  1788.000000       1.0000       3078.6    
  1789.000000       1.0000       1905.8    
  1790.000000       1.0000       515.18    
  1791.000000       1.0000       501.04    
  1792.000000       1.0000       617.05    
  1793.000000       1.0000       0.0000    
  1794.000000       1.0000       0.0000    
  1795.000000       1.0000       0.0000    
  1796.000000       1.0000       0.0000    
  1797.000000       1.0000       0.0000    
  1798.000000       1.0000       0.0000    
  1799.000000       1.0000       0.0000    
  1800.000000       1.0000       0.0000    
  1801.000000       1.0000       0.0000    
  1802.000000       1.0000       0.0000    
  1803.000000       1.0000       0.0000    
  1804.000000       1.0000       0.0000    
  1805.000000       1.0000       0.0000    
  1806.000000       1.0000       0.0000    
  1807.000000       1.0000       0.0000    
  1808.000000       1.0000       294.20    
  1809.000000       1.0000       1176.5    
  1810.000000       1.0000       2660.4    
  1811.000000       1.0000       3038.2    
  1812.000000       1.0000       3149.1    
  1813.000000       1.0000       2938.1    
  1814.000000       1.0000       2391.1    
  1815.000000       1.0000       2052.7    
  1816.000000       1.0000       919.15    
  1817.000000       1.0000       223.68    
  1818.000000       1.0000       0.0000    
  1819.000000       1.0000       0.0000    
  1820.000000       1.0000       0.0000    
  1821.000000       1.0000       0.0000    
  1822.000000       1.0000       0.0000    
  1823.000000       1.0000       0.0000    
  1824.000000       1.0000       0.0000    
  1825.000000       1.0000       0.0000    
  1826.000000       1.0000       0.0000    
  1827.000000       1.0000       0.0000    
  1828.000000       1.0000       0.0000    
  1829.000000       1.0000       0.0000    
  1830.000000       1.0000       0.0000    
  1831.000000       1.0000       172.48    
  1832.000000       1.0000       1014.3    
  1833.000000       1.0000       1996.6    
  1834.000000       1.0000       2518.8    
  1835.000000       1.0000       3026.0    
  1836.000000       1.0000       2794.8    
  1837.000000       1.0000       1903.8    
  1838.000000       1.0000       1712.0    
  1839.000000       1.0000       1459.0    
  1840.000000       1.0000       757.14    
  1841.000000       1.0000       537.49    
  1842.000000       1.0000       0.0000    
  1843.000000       1.0000       0.0000    
  1844.000000       1.0000       0.0000    
  1845.000000       1.0000       0.0000    
  1846.000000       1.0000       0.0000    
  1847.000000       1.0000       0.0000    
  1848.000000       1.0000       0.0000    
  1849.000000       1.0000       0.0000    
  1850.000000       1.0000       0.0000    
  1851.000000       1.0000       0.0000    
  1852.000000       1.0000       0.0000    
  1853.000000       1.0000       0.0000    
  1854.000000       1.0000       0.0000    
  1855.000000       1.0000       161.31    
  1856.000000       1.0000       1158.7    
  1857.000000       1.0000       2153.3    
  1858.000000       1.0000       2705.0    
  1859.000000       1.0000       2875.3    
  1860.000000       1.0000       3267.6    
  1861.000000       1.0000       3187.7    
  1862.000000       1.0000       2727.9    
  1863.000000       1.0000       2243.9    
  1864.000000       1.0000       1379.1    
  1865.000000       1.0000       398.51    
  1866.000000       1.0000       0.0000    
  1867.000000       1.0000       0.0000    
  1868.000000       1.0000       0.0000    
  1869.000000       1.0000       0.0000    
  1870.000000       1.0000       0.0000    
  1871.000000       1.0000       0.0000    
  1872.000000       1.0000       0.0000    
  1873.000000       1.0000       0.0000    
  1874.000000       1.0000       0.0000    
  1875.000000       1.0000       0.0000    
  1876.000000       1.0000       0.0000    
  1877.000000       1.0000       0.0000    
  1878.000000       1.0000       0.0000    
  1879.000000       1.0000       0.0000    
  1880.000000       1.0000       0.0000    
  1881.000000       1.0000       0.0000    
  1882.000000       1.0000       113.11    
  1883.000000       1.0000       129.38    
  1884.000000       1.0000       129.27    
  1885.000000       1.0000       88.054    
  1886.000000       1.0000       73.147    
  1887.000000       1.0000       0.0000    
  1888.000000       1.0000       0.0000    
  1889.000000       1.0000       0.0000    
  1890.000000       1.0000       0.0000    
  1891.000000       1.0000       0.0000    
  1892.000000       1.0000       0.0000    
  1893.000000       1.0000       0.0000    
  1894.000000       1.0000       0.0000    
  1895.000000       1.0000       0.0000    
  1896.000000       1.0000       0.0000    
  1897.000000       1.0000       0.0000    
  1898.000000       1.0000       0.0000    
  1899.000000       1.0000       0.0000    
  1900.000000       1.0000       0.0000    
  1901.000000       1.0000       0.0000    
  1902.000000       1.0000       0.0000    
  1903.000000       1.0000       169.94    
  1904.000000       1.0000       1111.8    
  1905.000000       1.0000       2054.9    
  1906.000000       1.0000       2702.8    
  1907.000000       1.0000       2737.3    
  1908.000000       1.0000       3089.8    
  1909.000000       1.0000       2178.1    
  1910.000000       1.0000       2605.1    
  1911.000000       1.0000       1699.7    
  1912.000000       1.0000       1067.7    
  1913.000000       1.0000       437.93    
  1914.000000       1.0000       0.0000    
  1915.000000       1.0000       0.0000    
  1916.000000       1.0000       0.0000    
  1917.000000       1.0000       0.0000    
  1918.000000       1.0000       0.0000    
  1919.000000       1.0000       0.0000    
  1920.000000       1.0000       0.0000    
  1921.000000       1.0000       0.0000    
  1922.000000       1.0000       0.0000    
  1923.000000       1.0000       0.0000    
  1924.000000       1.0000       0.0000    
  1925.000000       1.0000       0.0000    
  1926.000000       1.0000       0.0000    
  1927.000000       1.0000       0.0000    
  1928.000000       1.0000       493.75    
  1929.000000       1.0000       1175.6    
  1930.000000       1.0000       2668.6    
  1931.000000       1.0000       3007.0    
  1932.000000       1.0000       3101.6    
  1933.000000       1.0000       2927.4    
  1934.000000       1.0000       2569.7    
  1935.000000       1.0000       1768.6    
  1936.000000       1.0000       1241.0    
  1937.000000       1.0000       481.00    
  1938.000000       1.0000       0.0000    
  1939.000000       1.0000       0.0000    
  1940.000000       1.0000       0.0000    
  1941.000000       1.0000       0.0000    
  1942.000000       1.0000       0.0000    
  1943.000000       1.0000       0.0000    
  1944.000000       1.0000       0.0000    
  1945.000000       1.0000       0.0000    
  1946.000000       1.0000       0.0000    
  1947.000000       1.0000       0.0000    
  1948.000000       1.0000       0.0000    
  1949.000000       1.0000       0.0000    
  1950.000000       1.0000       0.0000    
  1951.000000       1.0000       0.0000    
  1952.000000       1.0000       97.301    
  1953.000000       1.0000       255.27    
  1954.000000       1.0000       394.29    
  1955.000000       1.0000       609.71    
  1956.000000       1.0000       424.78    
  1957.000000       1.0000       230.86    
  1958.000000       1.0000       123.73    
  1959.000000       1.0000       0.0000    
  1960.000000       1.0000       0.0000    
  1961.000000       1.0000       0.0000    
  1962.000000       1.0000       0.0000    
  1963.000000       1.0000       0.0000    
  1964.000000       1.0000       0.0000    
  1965.000000       1.0000       0.0000    
  1966.000000       1.0000       0.0000    
  1967.000000       1.0000       0.0000    
  1968.000000       1.0000       0.0000    
  1969.000000       1.0000       0.0000    
  1970.000000       1.0000       0.0000    
  1971.000000       1.0000       0.0000    
  1972.000000       1.0000       0.0000    
  1973.000000       1.0000       0.0000    
  1974.000000       1.0000       0.0000    
  1975.000000       1.0000       0.0000    
  1976.000000       1.0000       0.0000    
  1977.000000       1.0000       0.0000    
  1978.000000       1.0000       277.00    
  1979.000000       1.0000       676.36    
  1980.000000       1.0000       792.18    
  1981.000000       1.0000       595.13    
  1982.000000       1.0000       215.84    
  1983.000000       1.0000       112.40    
  1984.000000       1.0000       0.0000    
  1985.000000       1.0000       0.0000    
  1986.000000       1.0000       0.0000    
  1987.000000       1.0000       0.0000    
  1988.000000       1.0000       0.0000    
  1989.000000       1.0000       0.0000    
  1990.000000       1.0000       0.0000    
  1991.000000       1.0000       0.0000    
  1992.000000       1.0000       0.0000    
  1993.000000       1.0000       0.0000    
  1994.000000       1.0000       0.0000    
  1995.000000       1.0000       0.0000    
  1996.000000       1.0000       0.0000    
  1997.000000       1.0000       0.0000    
  1998.000000       1.0000       0.0000    
  1999.000000       1.0000       0.0000    
  2000.000000       1.0000       299.43    
  2001.000000       1.0000       1159.8    
  2002.000000       1.0000       2327.1    
  2003.000000       1.0000       1624.6    
  2004.000000       1.0000       360.50    
  2005.000000       1.0000       614.16    
  2006.000000       1.0000       254.77    
  2007.000000       1.0000       131.71    
  2008.000000       1.0000       0.0000    
  2009.000000       1.0000       0.0000    
  2010.000000       1.0000       0.0000    
  2011.000000       1.0000       0.0000    
  2012.000000       1.0000       0.0000    
  2013.000000       1.0000       0.0000    
  2014.000000       1.0000       0.0000    
  2015.000000       1.0000       0.0000    
  2016.000000       1.0000       0.0000    
  2017.000000       1.0000       0.0000    
  2018.000000       1.0000       0.0000    
  2019.000000       1.0000       0.0000    
  2020.000000       1.0000       0.0000    
  2021.000000       1.0000       0.0000    
  2022.000000       1.0000       0.0000    
  2023.000000       1.0000       0.0000    
  2024.000000       1.0000       93.473    
  2025.000000       1.0000       163.86    
  2026.000000       1.0000       281.54    
  2027.000000       1.0000       660.14    
  2028.000000       1.0000       1575.1    
  2029.000000       1.0000       148.24    
  2030.000000       1.0000       197.74    
  2031.000000       1.0000       209.16    
  2032.000000       1.0000       0.0000    
  2033.000000       1.0000       0.0000    
  2034.000000       1.0000       0.0000    
  2035.000000       1.0000       0.0000    
  2036.000000       1.0000       0.0000    
  2037.000000       1.0000       0.0000    
  2038.000000       1.0000       0.0000    
  2039.000000       1.0000       0.0000    
  2040.000000       1.0000       0.0000    
  2041.000000       1.0000       0.0000    
  2042.000000       1.0000       0.0000    
  2043.000000       1.0000       0.0000    
  2044.000000       1.0000       0.0000    
  2045.000000       1.0000       0.0000    
  2046.000000       1.0000       0.0000    
  2047.000000       1.0000       0.0000    
  2048.000000       1.0000       0.0000    
  2049.000000       1.0000       0.0000    
  2050.000000       1.0000       0.0000    
  2051.000000       1.0000       114.66    
  2052.000000       1.0000       102.14    
  2053.000000       1.0000       110.38    
  2054.000000       1.0000       0.0000    
  2055.000000       1.0000       0.0000    
  2056.000000       1.0000       0.0000    
  2057.000000       1.0000       0.0000    
  2058.000000       1.0000       0.0000    
  2059.000000       1.0000       0.0000    
  2060.000000       1.0000       0.0000    
  2061.000000       1.0000       0.0000    
  2062.000000       1.0000       0.0000    
  2063.000000       1.0000       0.0000    
  2064.000000       1.0000       0.0000    
  2065.000000       1.0000       0.0000    
  2066.000000       1.0000       0.0000    
  2067.000000       1.0000       0.0000    
  2068.000000       1.0000       0.0000    
  2069.000000       1.0000       0.0000    
  2070.000000       1.0000       0.0000    
  2071.000000       1.0000       0.0000    
  2072.000000       1.0000       101.86    
  2073.000000       1.0000       512.05    
  2074.000000       1.0000       1219.7    
  2075.000000       1.0000       1891.9    
  2076.000000       1.0000       1937.7    
  2077.000000       1.0000       199.78    
  2078.000000       1.0000       0.0000    
  2079.000000       1.0000       0.0000    
  2080.000000       1.0000       0.0000    
  2081.000000       1.0000       0.0000    
  2082.000000       1.0000       0.0000    
  2083.000000       1.0000       0.0000    
  2084.000000       1.0000       0.0000    
  2085.000000       1.0000       0.0000    
  2086.000000       1.0000       0.0000    
  2087.000000       1.0000       0.0000    
  2088.000000       1.0000       0.0000    
  2089.000000       1.0000       0.0000    
  2090.000000       1.0000       0.0000    
  2091.000000       1.0000       0.0000    
  2092.000000       1.0000       0.0000    
  2093.000000       1.0000       0.0000    
  2094.000000       1.0000       0.0000    
  2095.000000       1.0000       0.0000    
  2096.000000       1.0000       0.0000    
  2097.000000       1.0000       0.0000    
  2098.000000       1.0000       0.0000    
  2099.000000       1.0000       95.481    
  2100.000000       1.0000       166.74    
  2101.000000       1.0000       210.07    
  2102.000000       1.0000       233.50    
  2103.000000       1.0000       136.88    
  2104.000000       1.0000       0.0000    
  2105.000000       1.0000       0.0000    
  2106.000000       1.0000       0.0000    
  2107.000000       1.0000       0.0000    
  2108.000000       1.0000       0.0000    
  2109.000000       1.0000       0.0000    
  2110.000000       1.0000       0.0000    
  2111.000000       1.0000       0.0000    
  2112.000000       1.0000       0.0000    
  2113.000000       1.0000       0.0000    
  2114.000000       1.0000       0.0000    
  2115.000000       1.0000       0.0000    
  2116.000000       1.0000       0.0000    
  2117.000000       1.0000       0.0000    
  2118.000000       1.0000       0.0000    
  2119.000000       1.0000       0.0000    
  2120.000000       1.0000       0.0000    
  2121.000000       1.0000       160.08    
  2122.000000       1.0000       291.39    
  2123.000000       1.0000       193.77    
  2124.000000       1.0000       139.83    
  2125.000000       1.0000       160.04    
  2126.000000       1.0000       191.84    
  2127.000000       1.0000       244.89    
  2128.000000       1.0000       486.39    
  2129.000000       1.0000       205.39    
  2130.000000       1.0000       0.0000    
  2131.000000       1.0000       0.0000    
  2132.000000       1.0000       0.0000    
  2133.000000       1.0000       0.0000    
  2134.000000       1.0000       0.0000    
  2135.000000       1.0000       0.0000    
  2136.000000       1.0000       0.0000    
  2137.000000       1.0000       0.0000    
  2138.000000       1.0000       0.0000    
  2139.000000       1.0000       0.0000    
  2140.000000       1.0000       0.0000    
  2141.000000       1.0000       0.0000    
  2142.000000       1.0000       0.0000    
  2143.000000       1.0000       0.0000    
  2144.000000       1.0000       0.0000    
  2145.000000       1.0000       72.776    
  2146.000000       1.0000       137.68    
  2147.000000       1.0000       187.97    
  2148.000000       1.0000       295.36    
  2149.000000       1.0000       1069.7    
  2150.000000       1.0000       888.74    
  2151.000000       1.0000       713.42    
  2152.000000       1.0000       316.81    
  2153.000000       1.0000       75.469    
  2154.000000       1.0000       0.0000    
  2155.000000       1.0000       0.0000    
  2156.000000       1.0000       0.0000    
  2157.000000       1.0000       0.0000    
  2158.000000       1.0000       0.0000    
  2159.000000       1.0000       0.0000    
  2160.000000       1.0000       0.0000    
  2161.000000       1.0000       0.0000    
  2162.000000       1.0000       0.0000    
  2163.000000       1.0000       0.0000    
  2164.000000       1.0000       0.0000    
  2165.000000       1.0000       0.0000    
  2166.000000       1.0000       0.0000    
  2167.000000       1.0000       138.22    
  2168.000000       1.0000       1175.1    
  2169.000000       1.0000       2224.8    
  2170.000000       1.0000       2678.6    
  2171.000000       1.0000       2261.9    
  2172.000000       1.0000       1379.9    
  2173.000000       1.0000       2756.1    
  2174.000000       1.0000       2675.0    
  2175.000000       1.0000       2224.3    
  2176.000000       1.0000       1404.7    
  2177.000000       1.0000       523.98    
  2178.000000       1.0000       0.0000    
  2179.000000       1.0000       0.0000    
  2180.000000       1.0000       0.0000    
  2181.000000       1.0000       0.0000    
  2182.000000       1.0000       0.0000    
  2183.000000       1.0000       0.0000    
  2184.000000       1.0000       0.0000    
  2185.000000       1.0000       0.0000    
  2186.000000       1.0000       0.0000    
  2187.000000       1.0000       0.0000    
  2188.000000       1.0000       0.0000    
  2189.000000       1.0000       0.0000    
  2190.000000       1.0000       0.0000    
  2191.000000       1.0000       0.0000    
  2192.000000       1.0000       1063.0    
  2193.000000       1.0000       2237.7    
  2194.000000       1.0000       2745.0    
  2195.000000       1.0000       2938.8    
  2196.000000       1.0000       2882.9    
  2197.000000       1.0000       2092.8    
  2198.000000       1.0000       934.25    
  2199.000000       1.0000       1367.3    
  2200.000000       1.0000       980.27    
  2201.000000       1.0000       570.54    
  2202.000000       1.0000       0.0000    
  2203.000000       1.0000       0.0000    
  2204.000000       1.0000       0.0000    
  2205.000000       1.0000       0.0000    
  2206.000000       1.0000       0.0000    
  2207.000000       1.0000       0.0000    
  2208.000000       1.0000       0.0000    
  2209.000000       1.0000       0.0000    
  2210.000000       1.0000       0.0000    
  2211.000000       1.0000       0.0000    
  2212.000000       1.0000       0.0000    
  2213.000000       1.0000       0.0000    
  2214.000000       1.0000       0.0000    
  2215.000000       1.0000       464.67    
  2216.000000       1.0000       1356.5    
  2217.000000       1.0000       1989.2    
  2218.000000       1.0000       2733.0    
  2219.000000       1.0000       2282.2    
  2220.000000       1.0000       2827.8    
  2221.000000       1.0000       2688.6    
  2222.000000       1.0000       2662.0    
  2223.000000       1.0000       1844.2    
  2224.000000       1.0000       1101.4    
  2225.000000       1.0000       626.52    
  2226.000000       1.0000       0.0000    
  2227.000000       1.0000       0.0000    
  2228.000000       1.0000       0.0000    
  2229.000000       1.0000       0.0000    
  2230.000000       1.0000       0.0000    
  2231.000000       1.0000       0.0000    
  2232.000000       1.0000       0.0000    
  2233.000000       1.0000       0.0000    
  2234.000000       1.0000       0.0000    
  2235.000000       1.0000       0.0000    
  2236.000000       1.0000       0.0000    
  2237.000000       1.0000       0.0000    
  2238.000000       1.0000       0.0000    
  2239.000000       1.0000       0.0000    
  2240.000000       1.0000       0.0000    
  2241.000000       1.0000       209.20    
  2242.000000       1.0000       900.40    
  2243.000000       1.0000       2085.3    
  2244.000000       1.0000       2609.7    
  2245.000000       1.0000       2877.9    
  2246.000000       1.0000       1787.2    
  2247.000000       1.0000       298.13    
  2248.000000       1.0000       0.0000    
  2249.000000       1.0000       0.0000    
  2250.000000       1.0000       0.0000    
  2251.000000       1.0000       0.0000    
  2252.000000       1.0000       0.0000    
  2253.000000       1.0000       0.0000    
  2254.000000       1.0000       0.0000    
  2255.000000       1.0000       0.0000    
  2256.000000       1.0000       0.0000    
  2257.000000       1.0000       0.0000    
  2258.000000       1.0000       0.0000    
  2259.000000       1.0000       0.0000    
  2260.000000       1.0000       0.0000    
  2261.000000       1.0000       0.0000    
  2262.000000       1.0000       0.0000    
  2263.000000       1.0000       453.66    
  2264.000000       1.0000       887.54    
  2265.000000       1.0000       1732.5    
  2266.000000       1.0000       2385.0    
  2267.000000       1.0000       1826.8    
  2268.000000       1.0000       2658.1    
  2269.000000       1.0000       2246.7    
  2270.000000       1.0000       1886.9    
  2271.000000       1.0000       872.32    
  2272.000000       1.0000       708.37    
  2273.000000       1.0000       537.91    
  2274.000000       1.0000       0.0000    
  2275.000000       1.0000       0.0000    
  2276.000000       1.0000       0.0000    
  2277.000000       1.0000       0.0000    
  2278.000000       1.0000       0.0000    
  2279.000000       1.0000       0.0000    
  2280.000000       1.0000       0.0000    
  2281.000000       1.0000       0.0000    
  2282.000000       1.0000       0.0000    
  2283.000000       1.0000       0.0000    
  2284.000000       1.0000       0.0000    
  2285.000000       1.0000       0.0000    
  2286.000000       1.0000       0.0000    
  2287.000000       1.0000       469.57    
  2288.000000       1.0000       1495.1    
  2289.000000       1.0000       2546.1    
  2290.000000       1.0000       2979.8    
  2291.000000       1.0000       3221.2    
  2292.000000       1.0000       3391.0    
  2293.000000       1.0000       3428.5    
  2294.000000       1.0000       3068.5    
  2295.000000       1.0000       2138.0    
  2296.000000       1.0000       1318.6    
  2297.000000       1.0000       639.75    
  2298.000000       1.0000       0.0000    
  2299.000000       1.0000       0.0000    
  2300.000000       1.0000       0.0000    
  2301.000000       1.0000       0.0000    
  2302.000000       1.0000       0.0000    
  2303.000000       1.0000       0.0000    
  2304.000000       1.0000       0.0000    
  2305.000000       1.0000       0.0000    
  2306.000000       1.0000       0.0000    
  2307.000000       1.0000       0.0000    
  2308.000000       1.0000       0.0000    
  2309.000000       1.0000       0.0000    
  2310.000000       1.0000       0.0000    
  2311.000000       1.0000       462.20    
  2312.000000       1.0000       1509.4    
  2313.000000       1.0000       1811.6    
  2314.000000       1.0000       1275.2    
  2315.000000       1.0000       1534.7    
  2316.000000       1.0000       1973.1    
  2317.000000       1.0000       2323.4    
  2318.000000       1.0000       2272.0    
  2319.000000       1.0000       1581.6    
  2320.000000       1.0000       1164.0    
  2321.000000       1.0000       357.01    
  2322.000000       1.0000       0.0000    
  2323.000000       1.0000       0.0000    
  2324.000000       1.0000       0.0000    
  2325.000000       1.0000       0.0000    
  2326.000000       1.0000       0.0000    
  2327.000000       1.0000       0.0000    
  2328.000000       1.0000       0.0000    
  2329.000000       1.0000       0.0000    
  2330.000000       1.0000       0.0000    
  2331.000000       1.0000       0.0000    
  2332.000000       1.0000       0.0000    
  2333.000000       1.0000       0.0000    
  2334.000000       1.0000       0.0000    
  2335.000000       1.0000       423.96    
  2336.000000       1.0000       1474.6    
  2337.000000       1.0000       2115.6    
  2338.000000       1.0000       2117.6    
  2339.000000       1.0000       3235.7    
  2340.000000       1.0000       2833.7    
  2341.000000       1.0000       2924.9    
  2342.000000       1.0000       986.25    
  2343.000000       1.0000       379.55    
  2344.000000       1.0000       0.0000    
  2345.000000       1.0000       71.736    
  2346.000000       1.0000       0.0000    
  2347.000000       1.0000       0.0000    
  2348.000000       1.0000       0.0000    
  2349.000000       1.0000       0.0000    
  2350.000000       1.0000       0.0000    
  2351.000000       1.0000       0.0000    
  2352.000000       1.0000       0.0000    
  2353.000000       1.0000       0.0000    
  2354.000000       1.0000       0.0000    
  2355.000000       1.0000       0.0000    
  2356.000000       1.0000       0.0000    
  2357.000000       1.0000       0.0000    
  2358.000000       1.0000       0.0000    
  2359.000000       1.0000       0.0000    
  2360.000000       1.0000       302.69    
  2361.000000       1.0000       246.49    
  2362.000000       1.0000       1373.2    
  2363.000000       1.0000       1574.3    
  2364.000000       1.0000       1169.1    
  2365.000000       1.0000       1849.9    
  2366.000000       1.0000       1258.3    
  2367.000000       1.0000       469.02    
  2368.000000       1.0000       258.71    
  2369.000000       1.0000       105.85    
  2370.000000       1.0000       0.0000    
  2371.000000       1.0000       0.0000    
  2372.000000       1.0000       0.0000    
  2373.000000       1.0000       0.0000    
  2374.000000       1.0000       0.0000    
  2375.000000       1.0000       0.0000    
  2376.000000       1.0000       0.0000    
  2377.000000       1.0000       0.0000    
  2378.000000       1.0000       0.0000    
  2379.000000       1.0000       0.0000    
  2380.000000       1.0000       0.0000    
  2381.000000       1.0000       0.0000    
  2382.000000       1.0000       0.0000    
  2383.000000       1.0000       367.39    
  2384.000000       1.0000       1287.2    
  2385.000000       1.0000       2231.5    
  2386.000000       1.0000       1377.3    
  2387.000000       1.0000       2457.9    
  2388.000000       1.0000       3150.2    
  2389.000000       1.0000       2770.5    
  2390.000000       1.0000       2059.1    
  2391.000000       1.0000       1821.5    
  2392.000000       1.0000       1402.8    
  2393.000000       1.0000       549.93    
  2394.000000       1.0000       0.0000    
  2395.000000       1.0000       0.0000    
  2396.000000       1.0000       0.0000    
  2397.000000       1.0000       0.0000    
  2398.000000       1.0000       0.0000    
  2399.000000       1.0000       0.0000    
  2400.000000       1.0000       0.0000    
  2401.000000       1.0000       0.0000    
  2402.000000       1.0000       0.0000    
  2403.000000       1.0000       0.0000    
  2404.000000       1.0000       0.0000    
  2405.000000       1.0000       0.0000    
  2406.000000       1.0000       0.0000    
  2407.000000       1.0000       0.0000    
  2408.000000       1.0000       177.01    
  2409.000000       1.0000       303.35    
  2410.000000       1.0000       316.53    
  2411.000000       1.0000       255.65    
  2412.000000       1.0000       101.49    
  2413.000000       1.0000       0.0000    
  2414.000000       1.0000       0.0000    
  2415.000000       1.0000       0.0000    
  2416.000000       1.0000       0.0000    
  2417.000000       1.0000       0.0000    
  2418.000000       1.0000       0.0000    
  2419.000000       1.0000       0.0000    
  2420.000000       1.0000       0.0000    
  2421.000000       1.0000       0.0000    
  2422.000000       1.0000       0.0000    
  2423.000000       1.0000       0.0000    
  2424.000000       1.0000       0.0000    
  2425.000000       1.0000       0.0000    
  2426.000000       1.0000       0.0000    
  2427.000000       1.0000       0.0000    
  2428.000000       1.0000       0.0000    
  2429.000000       1.0000       0.0000    
  2430.000000       1.0000       0.0000    
  2431.000000       1.0000       107.31    
  2432.000000       1.0000       557.37    
  2433.000000       1.0000       669.80    
  2434.000000       1.0000       556.88    
  2435.000000       1.0000       1229.9    
  2436.000000       1.0000       888.79    
  2437.000000       1.0000       449.60    
  2438.000000       1.0000       709.77    
  2439.000000       1.0000       1515.0    
  2440.000000       1.0000       778.75    
  2441.000000       1.0000       569.75    
  2442.000000       1.0000       0.0000    
  2443.000000       1.0000       0.0000    
  2444.000000       1.0000       0.0000    
  2445.000000       1.0000       0.0000    
  2446.000000       1.0000       0.0000    
  2447.000000       1.0000       0.0000    
  2448.000000       1.0000       0.0000    
  2449.000000       1.0000       0.0000    
  2450.000000       1.0000       0.0000    
  2451.000000       1.0000       0.0000    
  2452.000000       1.0000       0.0000    
  2453.000000       1.0000       0.0000    
  2454.000000       1.0000       0.0000    
  2455.000000       1.0000       103.24    
  2456.000000       1.0000       877.23    
  2457.000000       1.0000       1179.7    
  2458.000000       1.0000       1476.9    
  2459.000000       1.0000       1530.4    
  2460.000000       1.0000       1706.0    
  2461.000000       1.0000       1232.1    
  2462.000000       1.0000       604.69    
  2463.000000       1.0000       498.95    
  2464.000000       1.0000       544.53    
  2465.000000       1.0000       654.36    
  2466.000000       1.0000       0.0000    
  2467.000000       1.0000       0.0000    
  2468.000000       1.0000       0.0000    
  2469.000000       1.0000       0.0000    
  2470.000000       1.0000       0.0000    
  2471.000000       1.0000       0.0000    
  2472.000000       1.0000       0.0000    
  2473.000000       1.0000       0.0000    
  2474.000000       1.0000       0.0000    
  2475.000000       1.0000       0.0000    
  2476.000000       1.0000       0.0000    
  2477.000000       1.0000       0.0000    
  2478.000000       1.0000       0.0000    
  2479.000000       1.0000       593.30    
  2480.000000       1.0000       1684.8    
  2481.000000       1.0000       2397.7    
  2482.000000       1.0000       2923.7    
  2483.000000       1.0000       3229.6    
  2484.000000       1.0000       1526.4    
  2485.000000       1.0000       1493.1    
  2486.000000       1.0000       914.01    
  2487.000000       1.0000       1737.6    
  2488.000000       1.0000       687.36    
  2489.000000       1.0000       279.12    
  2490.000000       1.0000       0.0000    
  2491.000000       1.0000       0.0000    
  2492.000000       1.0000       0.0000    
  2493.000000       1.0000       0.0000    
  2494.000000       1.0000       0.0000    
  2495.000000       1.0000       0.0000    
  2496.000000       1.0000       0.0000    
  2497.000000       1.0000       0.0000    
  2498.000000       1.0000       0.0000    
  2499.000000       1.0000       0.0000    
  2500.000000       1.0000       0.0000    
  2501.000000       1.0000       0.0000    
  2502.000000       1.0000       0.0000    
  2503.000000       1.0000       538.72    
  2504.000000       1.0000       1488.4    
  2505.000000       1.0000       2416.5    
  2506.000000       1.0000       2742.5    
  2507.000000       1.0000       2473.3    
  2508.000000       1.0000       2783.2    
  2509.000000       1.0000       2538.4    
  2510.000000       1.0000       2202.4    
  2511.000000       1.0000       1504.3    
  2512.000000       1.0000       892.17    
  2513.000000       1.0000       298.56    
  2514.000000       1.0000       0.0000    
  2515.000000       1.0000       0.0000    
  2516.000000       1.0000       0.0000    
  2517.000000       1.0000       0.0000    
  2518.000000       1.0000       0.0000    
  2519.000000       1.0000       0.0000    
  2520.000000       1.0000       0.0000    
  2521.000000       1.0000       0.0000    
  2522.000000       1.0000       0.0000    
  2523.000000       1.0000       0.0000    
  2524.000000       1.0000       0.0000    
  2525.000000       1.0000       0.0000    
  2526.000000       1.0000       0.0000    
  2527.000000       1.0000       554.90    
  2528.000000       1.0000       1578.8    
  2529.000000       1.0000       2405.1    
  2530.000000       1.0000       2987.1    
  2531.000000       1.0000       3214.3    
  2532.000000       1.0000       3208.7    
  2533.000000       1.0000       3030.7    
  2534.000000       1.0000       2596.1    
  2535.000000       1.0000       1903.2    
  2536.000000       1.0000       1372.7    
  2537.000000       1.0000       284.58    
  2538.000000       1.0000       0.0000    
  2539.000000       1.0000       0.0000    
  2540.000000       1.0000       0.0000    
  2541.000000       1.0000       0.0000    
  2542.000000       1.0000       0.0000    
  2543.000000       1.0000       0.0000    
  2544.000000       1.0000       0.0000    
  2545.000000       1.0000       0.0000    
  2546.000000       1.0000       0.0000    
  2547.000000       1.0000       0.0000    
  2548.000000       1.0000       0.0000    
  2549.000000       1.0000       0.0000    
  2550.000000       1.0000       0.0000    
  2551.000000       1.0000       223.62    
  2552.000000       1.0000       824.69    
  2553.000000       1.0000       654.11    
  2554.000000       1.0000       1060.3    
  2555.000000       1.0000       1662.1    
  2556.000000       1.0000       2793.7    
  2557.000000       1.0000       1946.3    
  2558.000000       1.0000       1781.2    
  2559.000000       1.0000       1858.6    
  2560.000000       1.0000       642.74    
  2561.000000       1.0000       335.63    
  2562.000000       1.0000       0.0000    
  2563.000000       1.0000       0.0000    
  2564.000000       1.0000       0.0000    
  2565.000000       1.0000       0.0000    
  2566.000000       1.0000       0.0000    
  2567.000000       1.0000       0.0000    
  2568.000000       1.0000       0.0000    
  2569.000000       1.0000       0.0000    
  2570.000000       1.0000       0.0000    
  2571.000000       1.0000       0.0000    
  2572.000000       1.0000       0.0000    
  2573.000000       1.0000       0.0000    
  2574.000000       1.0000       0.0000    
  2575.000000       1.0000       473.19    
  2576.000000       1.0000       1400.4    
  2577.000000       1.0000       2034.6    
  2578.000000       1.0000       2668.4    
  2579.000000       1.0000       2903.0    
  2580.000000       1.0000       2898.3    
  2581.000000       1.0000       2705.2    
  2582.000000       1.0000       2308.6    
  2583.000000       1.0000       1935.7    
  2584.000000       1.0000       1147.2    
  2585.000000       1.0000       464.94    
  2586.000000       1.0000       98.136    
  2587.000000       1.0000       0.0000    
  2588.000000       1.0000       0.0000    
  2589.000000       1.0000       0.0000    
  2590.000000       1.0000       0.0000    
  2591.000000       1.0000       0.0000    
  2592.000000       1.0000       0.0000    
  2593.000000       1.0000       0.0000    
  2594.000000       1.0000       0.0000    
  2595.000000       1.0000       0.0000    
  2596.000000       1.0000       0.0000    
  2597.000000       1.0000       0.0000    
  2598.000000       1.0000       0.0000    
  2599.000000       1.0000       603.49    
  2600.000000       1.0000       1433.5    
  2601.000000       1.0000       2314.3    
  2602.000000       1.0000       2739.0    
  2603.000000       1.0000       3014.8    
  2604.000000       1.0000       3152.4    
  2605.000000       1.0000       3008.3    
  2606.000000       1.0000       2646.0    
  2607.000000       1.0000       2064.9    
  2608.000000       1.0000       1432.7    
  2609.000000       1.0000       655.95    
  2610.000000       1.0000       91.213    
  2611.000000       1.0000       0.0000    
  2612.000000       1.0000       0.0000    
  2613.000000       1.0000       0.0000    
  2614.000000       1.0000       0.0000    
  2615.000000       1.0000       0.0000    
  2616.000000       1.0000       0.0000    
  2617.000000       1.0000       0.0000    
  2618.000000       1.0000       0.0000    
  2619.000000       1.0000       0.0000    
  2620.000000       1.0000       0.0000    
  2621.000000       1.0000       0.0000    
  2622.000000       1.0000       0.0000    
  2623.000000       1.0000       612.70    
  2624.000000       1.0000       1633.0    
  2625.000000       1.0000       2333.4    
  2626.000000       1.0000       2787.1    
  2627.000000       1.0000       3053.8    
  2628.000000       1.0000       3167.8    
  2629.000000       1.0000       3007.2    
  2630.000000       1.0000       2556.7    
  2631.000000       1.0000       1993.5    
  2632.000000       1.0000       1436.9    
  2633.000000       1.0000       597.30    
  2634.000000       1.0000       89.329    
  2635.000000       1.0000       0.0000    
  2636.000000       1.0000       0.0000    
  2637.000000       1.0000       0.0000    
  2638.000000       1.0000       0.0000    
  2639.000000       1.0000       0.0000    
  2640.000000       1.0000       0.0000    
  2641.000000       1.0000       0.0000    
  2642.000000       1.0000       0.0000    
  2643.000000       1.0000       0.0000    
  2644.000000       1.0000       0.0000    
  2645.000000       1.0000       0.0000    
  2646.000000       1.0000       0.0000    
  2647.000000       1.0000       165.39    
  2648.000000       1.0000       771.20    
  2649.000000       1.0000       1756.0    
  2650.000000       1.0000       2297.9    
  2651.000000       1.0000       2852.0    
  2652.000000       1.0000       1604.1    
  2653.000000       1.0000       2511.9    
  2654.000000       1.0000       1518.6    
  2655.000000       1.0000       472.90    
  2656.000000       1.0000       103.36    
  2657.000000       1.0000       167.61    
  2658.000000       1.0000       0.0000    
  2659.000000       1.0000       0.0000    
  2660.000000       1.0000       0.0000    
  2661.000000       1.0000       0.0000    
  2662.000000       1.0000       0.0000    
  2663.000000       1.0000       0.0000    
  2664.000000       1.0000       0.0000    
  2665.000000       1.0000       0.0000    
  2666.000000       1.0000       0.0000    
  2667.000000       1.0000       0.0000    
  2668.000000       1.0000       0.0000    
  2669.000000       1.0000       0.0000    
  2670.000000       1.0000       0.0000    
  2671.000000       1.0000       266.19    
  2672.000000       1.0000       825.27    
  2673.000000       1.0000       1216.0    
  2674.000000       1.0000       2660.9    
  2675.000000       1.0000       2567.2    
  2676.000000       1.0000       3203.7    
  2677.000000       1.0000       2763.8    
  2678.000000       1.0000       2684.3    
  2679.000000       1.0000       1327.4    
  2680.000000       1.0000       734.26    
  2681.000000       1.0000       454.37    
  2682.000000       1.0000       0.0000    
  2683.000000       1.0000       0.0000    
  2684.000000       1.0000       0.0000    
  2685.000000       1.0000       0.0000    
  2686.000000       1.0000       0.0000    
  2687.000000       1.0000       0.0000    
  2688.000000       1.0000       0.0000    
  2689.000000       1.0000       0.0000    
  2690.000000       1.0000       0.0000    
  2691.000000       1.0000       0.0000    
  2692.000000       1.0000       0.0000    
  2693.000000       1.0000       0.0000    
  2694.000000       1.0000       0.0000    
  2695.000000       1.0000       679.38    
  2696.000000       1.0000       1704.7    
  2697.000000       1.0000       2489.9    
  2698.000000       1.0000       2895.6    
  2699.000000       1.0000       2810.3    
  2700.000000       1.0000       3215.3    
  2701.000000       1.0000       3219.7    
  2702.000000       1.0000       2226.9    
  2703.000000       1.0000       1885.6    
  2704.000000       1.0000       804.69    
  2705.000000       1.0000       267.24    
  2706.000000       1.0000       70.853    
  2707.000000       1.0000       0.0000    
  2708.000000       1.0000       0.0000    
  2709.000000       1.0000       0.0000    
  2710.000000       1.0000       0.0000    
  2711.000000       1.0000       0.0000    
  2712.000000       1.0000       0.0000    
  2713.000000       1.0000       0.0000    
  2714.000000       1.0000       0.0000    
  2715.000000       1.0000       0.0000    
  2716.000000       1.0000       0.0000    
  2717.000000       1.0000       0.0000    
  2718.000000       1.0000       0.0000    
  2719.000000       1.0000       737.32    
  2720.000000       1.0000       1760.9    
  2721.000000       1.0000       2497.9    
  2722.000000       1.0000       2609.0    
  2723.000000       1.0000       2759.1    
  2724.000000       1.0000       2904.1    
  2725.000000       1.0000       2955.6    
  2726.000000       1.0000       2083.0    
  2727.000000       1.0000       949.18    
  2728.000000       1.0000       855.50    
  2729.000000       1.0000       587.16    
  2730.000000       1.0000       0.0000    
  2731.000000       1.0000       0.0000    
  2732.000000       1.0000       0.0000    
  2733.000000       1.0000       0.0000    
  2734.000000       1.0000       0.0000    
  2735.000000       1.0000       0.0000    
  2736.000000       1.0000       0.0000    
  2737.000000       1.0000       0.0000    
  2738.000000       1.0000       0.0000    
  2739.000000       1.0000       0.0000    
  2740.000000       1.0000       0.0000    
  2741.000000       1.0000       0.0000    
  2742.000000       1.0000       0.0000    
  2743.000000       1.0000       661.05    
  2744.000000       1.0000       1225.0    
  2745.000000       1.0000       1487.2    
  2746.000000       1.0000       1534.3    
  2747.000000       1.0000       2779.0    
  2748.000000       1.0000       3154.7    
  2749.000000       1.0000       3178.8    
  2750.000000       1.0000       1594.1    
  2751.000000       1.0000       1451.6    
  2752.000000       1.0000       625.22    
  2753.000000       1.0000       604.62    
  2754.000000       1.0000       104.18    
  2755.000000       1.0000       0.0000    
  2756.000000       1.0000       0.0000    
  2757.000000       1.0000       0.0000    
  2758.000000       1.0000       0.0000    
  2759.000000       1.0000       0.0000    
  2760.000000       1.0000       0.0000    
  2761.000000       1.0000       0.0000    
  2762.000000       1.0000       0.0000    
  2763.000000       1.0000       0.0000    
  2764.000000       1.0000       0.0000    
  2765.000000       1.0000       0.0000    
  2766.000000       1.0000       84.517    
  2767.000000       1.0000       718.92    
  2768.000000       1.0000       1677.4    
  2769.000000       1.0000       2561.4    
  2770.000000       1.0000       2809.7    
  2771.000000       1.0000       2418.7    
  2772.000000       1.0000       2739.4    
  2773.000000       1.0000       2598.2    
  2774.000000       1.0000       2847.9    
  2775.000000       1.0000       2158.6    
  2776.000000       1.0000       1370.8    
  2777.000000       1.0000       781.55    
  2778.000000       1.0000       117.06    
  2779.000000       1.0000       0.0000    
  2780.000000       1.0000       0.0000    
  2781.000000       1.0000       0.0000    
  2782.000000       1.0000       0.0000    
  2783.000000       1.0000       0.0000    
  2784.000000       1.0000       0.0000    
  2785.000000       1.0000       0.0000    
  2786.000000       1.0000       0.0000    
  2787.000000       1.0000       0.0000    
  2788.000000       1.0000       0.0000    
  2789.000000       1.0000       0.0000    
  2790.000000       1.0000       0.0000    
  2791.000000       1.0000       846.54    
  2792.000000       1.0000       1624.4    
  2793.000000       1.0000       2196.1    
  2794.000000       1.0000       1660.2    
  2795.000000       1.0000       2369.2    
  2796.000000       1.0000       1577.1    
  2797.000000       1.0000       1253.1    
  2798.000000       1.0000       1077.0    
  2799.000000       1.0000       809.14    
  2800.000000       1.0000       568.88    
  2801.000000       1.0000       257.20    
  2802.000000       1.0000       77.809    
  2803.000000       1.0000       0.0000    
  2804.000000       1.0000       0.0000    
  2805.000000       1.0000       0.0000    
  2806.000000       1.0000       0.0000    
  2807.000000       1.0000       0.0000    
  2808.000000       1.0000       0.0000    
  2809.000000       1.0000       0.0000    
  2810.000000       1.0000       0.0000    
  2811.000000       1.0000       0.0000    
  2812.000000       1.0000       0.0000    
  2813.000000       1.0000       0.0000    
  2814.000000       1.0000       0.0000    
  2815.000000       1.0000       296.27    
  2816.000000       1.0000       588.28    
  2817.000000       1.0000       774.53    
  2818.000000       1.0000       1123.2    
  2819.000000       1.0000       1208.5    
  2820.000000       1.0000       734.30    
  2821.000000       1.0000       282.97    
  2822.000000       1.0000       159.82    
  2823.000000       1.0000       392.80    
  2824.000000       1.0000       190.63    
  2825.000000       1.0000       107.66    
  2826.000000       1.0000       0.0000    
  2827.000000       1.0000       0.0000    
  2828.000000       1.0000       0.0000    
  2829.000000       1.0000       0.0000    
  2830.000000       1.0000       0.0000    
  2831.000000       1.0000       0.0000    
  2832.000000       1.0000       0.0000    
  2833.000000       1.0000       0.0000    
  2834.000000       1.0000       0.0000    
  2835.000000       1.0000       0.0000    
  2836.000000       1.0000       0.0000    
  2837.000000       1.0000       0.0000    
  2838.000000       1.0000       0.0000    
  2839.000000       1.0000       709.68    
  2840.000000       1.0000       1592.2    
  2841.000000       1.0000       2325.2    
  2842.000000       1.0000       2634.2    
  2843.000000       1.0000       2676.1    
  2844.000000       1.0000       1615.3    
  2845.000000       1.0000       699.77    
  2846.000000       1.0000       254.49    
  2847.000000       1.0000       268.01    
  2848.000000       1.0000       0.0000    
  2849.000000       1.0000       0.0000    
  2850.000000       1.0000       0.0000    
  2851.000000       1.0000       0.0000    
  2852.000000       1.0000       0.0000    
  2853.000000       1.0000       0.0000    
  2854.000000       1.0000       0.0000    
  2855.000000       1.0000       0.0000    
  2856.000000       1.0000       0.0000    
  2857.000000       1.0000       0.0000    
  2858.000000       1.0000       0.0000    
  2859.000000       1.0000       0.0000    
  2860.000000       1.0000       0.0000    
  2861.000000       1.0000       0.0000    
  2862.000000       1.0000       78.359    
  2863.000000       1.0000       773.47    
  2864.000000       1.0000       1539.7    
  2865.000000       1.0000       2346.7    
  2866.000000       1.0000       2862.1    
  2867.000000       1.0000       3202.7    
  2868.000000       1.0000       1684.0    
  2869.000000       1.0000       2043.8    
  2870.000000       1.0000       691.02    
  2871.000000       1.0000       1139.4    
  2872.000000       1.0000       758.07    
  2873.000000       1.0000       472.82    
  2874.000000       1.0000       110.91    
  2875.000000       1.0000       0.0000    
  2876.000000       1.0000       0.0000    
  2877.000000       1.0000       0.0000    
  2878.000000       1.0000       0.0000    
  2879.000000       1.0000       0.0000    
  2880.000000       1.0000       0.0000    
  2881.000000       1.0000       0.0000    
  2882.000000       1.0000       0.0000    
  2883.000000       1.0000       0.0000    
  2884.000000       1.0000       0.0000    
  2885.000000       1.0000       0.0000    
  2886.000000       1.0000       0.0000    
  2887.000000       1.0000       817.87    
  2888.000000       1.0000       1634.7    
  2889.000000       1.0000       2316.2    
  2890.000000       1.0000       2657.2    
  2891.000000       1.0000       2225.8    
  2892.000000       1.0000       1775.4    
  2893.000000       1.0000       1503.4    
  2894.000000       1.0000       1140.0    
  2895.000000       1.0000       378.68    
  2896.000000       1.0000       396.22    
  2897.000000       1.0000       335.03    
  2898.000000       1.0000       74.524    
  2899.000000       1.0000       0.0000    
  2900.000000       1.0000       0.0000    
  2901.000000       1.0000       0.0000    
  2902.000000       1.0000       0.0000    
  2903.000000       1.0000       0.0000    
  2904.000000       1.0000       0.0000    
  2905.000000       1.0000       0.0000    
  2906.000000       1.0000       0.0000    
  2907.000000       1.0000       0.0000    
  2908.000000       1.0000       0.0000    
  2909.000000       1.0000       0.0000    
  2910.000000       1.0000       0.0000    
  2911.000000       1.0000       778.18    
  2912.000000       1.0000       1525.8    
  2913.000000       1.0000       1717.5    
  2914.000000       1.0000       1646.6    
  2915.000000       1.0000       447.01    
  2916.000000       1.0000       425.75    
  2917.000000       1.0000       767.95    
  2918.000000       1.0000       915.18    
  2919.000000       1.0000       765.10    
  2920.000000       1.0000       290.23    
  2921.000000       1.0000       100.82    
  2922.000000       1.0000       0.0000    
  2923.000000       1.0000       0.0000    
  2924.000000       1.0000       0.0000    
  2925.000000       1.0000       0.0000    
  2926.000000       1.0000       0.0000    
  2927.000000       1.0000       0.0000    
  2928.000000       1.0000       0.0000    
  2929.000000       1.0000       0.0000    
  2930.000000       1.0000       0.0000    
  2931.000000       1.0000       0.0000    
  2932.000000       1.0000       0.0000    
  2933.000000       1.0000       0.0000    
  2934.000000       1.0000       0.0000    
  2935.000000       1.0000       144.49    
  2936.000000       1.0000       607.76    
  2937.000000       1.0000       1546.0    
  2938.000000       1.0000       2049.9    
  2939.000000       1.0000       1097.7    
  2940.000000       1.0000       2346.6    
  2941.000000       1.0000       937.47    
  2942.000000       1.0000       734.41    
  2943.000000       1.0000       754.93    
  2944.000000       1.0000       368.04    
  2945.000000       1.0000       460.03    
  2946.000000       1.0000       118.55    
  2947.000000       1.0000       0.0000    
  2948.000000       1.0000       0.0000    
  2949.000000       1.0000       0.0000    
  2950.000000       1.0000       0.0000    
  2951.000000       1.0000       0.0000    
  2952.000000       1.0000       0.0000    
  2953.000000       1.0000       0.0000    
  2954.000000       1.0000       0.0000    
  2955.000000       1.0000       0.0000    
  2956.000000       1.0000       0.0000    
  2957.000000       1.0000       0.0000    
  2958.000000       1.0000       0.0000    
  2959.000000       1.0000       0.0000    
  2960.000000       1.0000       0.0000    
  2961.000000       1.0000       0.0000    
  2962.000000       1.0000       231.99    
  2963.000000       1.0000       236.71    
  2964.000000       1.0000       220.24    
  2965.000000       1.0000       164.61    
  2966.000000       1.0000       168.51    
  2967.000000       1.0000       151.73    
  2968.000000       1.0000       0.0000    
  2969.000000       1.0000       0.0000    
  2970.000000       1.0000       0.0000    
  2971.000000       1.0000       0.0000    
  2972.000000       1.0000       0.0000    
  2973.000000       1.0000       0.0000    
  2974.000000       1.0000       0.0000    
  2975.000000       1.0000       0.0000    
  2976.000000       1.0000       0.0000    
  2977.000000       1.0000       0.0000    
  2978.000000       1.0000       0.0000    
  2979.000000       1.0000       0.0000    
  2980.000000       1.0000       0.0000    
  2981.000000       1.0000       0.0000    
  2982.000000       1.0000       0.0000    
  2983.000000       1.0000       0.0000    
  2984.000000       1.0000       0.0000    
  2985.000000       1.0000       0.0000    
  2986.000000       1.0000       275.72    
  2987.000000       1.0000       938.00    
  2988.000000       1.0000       828.34    
  2989.000000       1.0000       270.26    
  2990.000000       1.0000       320.98    
  2991.000000       1.0000       966.31    
  2992.000000       1.0000       438.82    
  2993.000000       1.0000       329.28    
  2994.000000       1.0000       0.0000    
  2995.000000       1.0000       0.0000    
  2996.000000       1.0000       0.0000    
  2997.000000       1.0000       0.0000    
  2998.000000       1.0000       0.0000    
  2999.000000       1.0000       0.0000    
  3000.000000       1.0000       0.0000    
  3001.000000       1.0000       0.0000    
  3002.000000       1.0000       0.0000    
  3003.000000       1.0000       0.0000    
  3004.000000       1.0000       0.0000    
  3005.000000       1.0000       0.0000    
  3006.000000       1.0000       0.0000    
  3007.000000       1.0000       349.60    
  3008.000000       1.0000       590.28    
  3009.000000       1.0000       605.73    
  3010.000000       1.0000       510.18    
  3011.000000       1.0000       545.68    
  3012.000000       1.0000       593.62    
  3013.000000       1.0000       603.67    
  3014.000000       1.0000       639.06    
  3015.000000       1.0000       1002.5    
  3016.000000       1.0000       503.79    
  3017.000000       1.0000       248.87    
  3018.000000       1.0000       0.0000    
  3019.000000       1.0000       0.0000    
  3020.000000       1.0000       0.0000    
  3021.000000       1.0000       0.0000    
  3022.000000       1.0000       0.0000    
  3023.000000       1.0000       0.0000    
  3024.000000       1.0000       0.0000    
  3025.000000       1.0000       0.0000    
  3026.000000       1.0000       0.0000    
  3027.000000       1.0000       0.0000    
  3028.000000       1.0000       0.0000    
  3029.000000       1.0000       0.0000    
  3030.000000       1.0000       71.646    
  3031.000000       1.0000       836.81    
  3032.000000       1.0000       1338.5    
  3033.000000       1.0000       1864.1    
  3034.000000       1.0000       614.92    
  3035.000000       1.0000       1189.8    
  3036.000000       1.0000       1064.2    
  3037.000000       1.0000       965.85    
  3038.000000       1.0000       597.96    
  3039.000000       1.0000       799.02    
  3040.000000       1.0000       958.26    
  3041.000000       1.0000       508.27    
  3042.000000       1.0000       141.72    
  3043.000000       1.0000       0.0000    
  3044.000000       1.0000       0.0000    
  3045.000000       1.0000       0.0000    
  3046.000000       1.0000       0.0000    
  3047.000000       1.0000       0.0000    
  3048.000000       1.0000       0.0000    
  3049.000000       1.0000       0.0000    
  3050.000000       1.0000       0.0000    
  3051.000000       1.0000       0.0000    
  3052.000000       1.0000       0.0000    
  3053.000000       1.0000       0.0000    
  3054.000000       1.0000       0.0000    
  3055.000000       1.0000       842.37    
  3056.000000       1.0000       1020.8    
  3057.000000       1.0000       1125.8    
  3058.000000       1.0000       907.40    
  3059.000000       1.0000       811.03    
  3060.000000       1.0000       715.99    
  3061.000000       1.0000       2499.5    
  3062.000000       1.0000       1845.7    
  3063.000000       1.0000       1503.2    
  3064.000000       1.0000       1384.3    
  3065.000000       1.0000       711.53    
  3066.000000       1.0000       173.74    
  3067.000000       1.0000       0.0000    
  3068.000000       1.0000       0.0000    
  3069.000000       1.0000       0.0000    
  3070.000000       1.0000       0.0000    
  3071.000000       1.0000       0.0000    
  3072.000000       1.0000       0.0000    
  3073.000000       1.0000       0.0000    
  3074.000000       1.0000       0.0000    
  3075.000000       1.0000       0.0000    
  3076.000000       1.0000       0.0000    
  3077.000000       1.0000       0.0000    
  3078.000000       1.0000       0.0000    
  3079.000000       1.0000       0.0000    
  3080.000000       1.0000       0.0000    
  3081.000000       1.0000       77.312    
  3082.000000       1.0000       155.19    
  3083.000000       1.0000       118.90    
  3084.000000       1.0000       94.150    
  3085.000000       1.0000       0.0000    
  3086.000000       1.0000       292.87    
  3087.000000       1.0000       662.03    
  3088.000000       1.0000       724.05    
  3089.000000       1.0000       579.04    
  3090.000000       1.0000       192.01    
  3091.000000       1.0000       0.0000    
  3092.000000       1.0000       0.0000    
  3093.000000       1.0000       0.0000    
  3094.000000       1.0000       0.0000    
  3095.000000       1.0000       0.0000    
  3096.000000       1.0000       0.0000    
  3097.000000       1.0000       0.0000    
  3098.000000       1.0000       0.0000    
  3099.000000       1.0000       0.0000    
  3100.000000       1.0000       0.0000    
  3101.000000       1.0000       0.0000    
  3102.000000       1.0000       0.0000    
  3103.000000       1.0000       377.86    
  3104.000000       1.0000       642.34    
  3105.000000       1.0000       1199.4    
  3106.000000       1.0000       2189.3    
  3107.000000       1.0000       1563.4    
  3108.000000       1.0000       709.29    
  3109.000000       1.0000       1217.6    
  3110.000000       1.0000       1278.5    
  3111.000000       1.0000       807.88    
  3112.000000       1.0000       297.76    
  3113.000000       1.0000       187.07    
  3114.000000       1.0000       99.547    
  3115.000000       1.0000       0.0000    
  3116.000000       1.0000       0.0000    
  3117.000000       1.0000       0.0000    
  3118.000000       1.0000       0.0000    
  3119.000000       1.0000       0.0000    
  3120.000000       1.0000       0.0000    
  3121.000000       1.0000       0.0000    
  3122.000000       1.0000       0.0000    
  3123.000000       1.0000       0.0000    
  3124.000000       1.0000       0.0000    
  3125.000000       1.0000       0.0000    
  3126.000000       1.0000       0.0000    
  3127.000000       1.0000       0.0000    
  3128.000000       1.0000       0.0000    
  3129.000000       1.0000       0.0000    
  3130.000000       1.0000       0.0000    
  3131.000000       1.0000       0.0000    
  3132.000000       1.0000       0.0000    
  3133.000000       1.0000       565.16    
  3134.000000       1.0000       866.45    
  3135.000000       1.0000       352.23    
  3136.000000       1.0000       141.13    
  3137.000000       1.0000       138.53    
  3138.000000       1.0000       0.0000    
  3139.000000       1.0000       0.0000    
  3140.000000       1.0000       0.0000    
  3141.000000       1.0000       0.0000    
  3142.000000       1.0000       0.0000    
  3143.000000       1.0000       0.0000    
  3144.000000       1.0000       0.0000    
  3145.000000       1.0000       0.0000    
  3146.000000       1.0000       0.0000    
  3147.000000       1.0000       0.0000    
  3148.000000       1.0000       0.0000    
  3149.000000       1.0000       0.0000    
  3150.000000       1.0000       0.0000    
  3151.000000       1.0000       291.98    
  3152.000000       1.0000       389.82    
  3153.000000       1.0000       526.32    
  3154.000000       1.0000       1807.8    
  3155.000000       1.0000       2780.2    
  3156.000000       1.0000       2781.0    
  3157.000000       1.0000       2621.5    
  3158.000000       1.0000       2089.2    
  3159.000000       1.0000       1778.4    
  3160.000000       1.0000       1026.6    
  3161.000000       1.0000       515.84    
  3162.000000       1.0000       143.00    
  3163.000000       1.0000       0.0000    
  3164.000000       1.0000       0.0000    
  3165.000000       1.0000       0.0000    
  3166.000000       1.0000       0.0000    
  3167.000000       1.0000       0.0000    
  3168.000000       1.0000       0.0000    
  3169.000000       1.0000       0.0000    
  3170.000000       1.0000       0.0000    
  3171.000000       1.0000       0.0000    
  3172.000000       1.0000       0.0000    
  3173.000000       1.0000       0.0000    
  3174.000000       1.0000       84.141    
  3175.000000       1.0000       320.60    
  3176.000000       1.0000       629.98    
  3177.000000       1.0000       1244.9    
  3178.000000       1.0000       2447.4    
  3179.000000       1.0000       2269.8    
  3180.000000       1.0000       2613.0    
  3181.000000       1.0000       2352.1    
  3182.000000       1.0000       1434.3    
  3183.000000       1.0000       0.0000    
  3184.000000       1.0000       0.0000    
  3185.000000       1.0000       0.0000    
  3186.000000       1.0000       0.0000    
  3187.000000       1.0000       0.0000    
  3188.000000       1.0000       0.0000    
  3189.000000       1.0000       0.0000    
  3190.000000       1.0000       0.0000    
  3191.000000       1.0000       0.0000    
  3192.000000       1.0000       0.0000    
  3193.000000       1.0000       0.0000    
  3194.000000       1.0000       0.0000    
  3195.000000       1.0000       0.0000    
  3196.000000       1.0000       0.0000    
  3197.000000       1.0000       0.0000    
  3198.000000       1.0000       0.0000    
  3199.000000       1.0000       225.76    
  3200.000000       1.0000       1130.9    
  3201.000000       1.0000       2009.5    
  3202.000000       1.0000       2730.7    
  3203.000000       1.0000       2798.9    
  3204.000000       1.0000       2410.0    
  3205.000000       1.0000       2153.2    
  3206.000000       1.0000       1065.4    
  3207.000000       1.0000       866.42    
  3208.000000       1.0000       0.0000    
  3209.000000       1.0000       0.0000    
  3210.000000       1.0000       0.0000    
  3211.000000       1.0000       0.0000    
  3212.000000       1.0000       0.0000    
  3213.000000       1.0000       0.0000    
  3214.000000       1.0000       0.0000    
  3215.000000       1.0000       0.0000    
  3216.000000       1.0000       0.0000    
  3217.000000       1.0000       0.0000    
  3218.000000       1.0000       0.0000    
  3219.000000       1.0000       0.0000    
  3220.000000       1.0000       0.0000    
  3221.000000       1.0000       0.0000    
  3222.000000       1.0000       0.0000    
  3223.000000       1.0000       0.0000    
  3224.000000       1.0000       0.0000    
  3225.000000       1.0000       107.75    
  3226.000000       1.0000       148.65    
  3227.000000       1.0000       123.43    
  3228.000000       1.0000       176.38    
  3229.000000       1.0000       106.47    
  3230.000000       1.0000       227.05    
  3231.000000       1.0000       101.99    
  3232.000000       1.0000       122.63    
  3233.000000       1.0000       0.0000    
  3234.000000       1.0000       0.0000    
  3235.000000       1.0000       0.0000    
  3236.000000       1.0000       0.0000    
  3237.000000       1.0000       0.0000    
  3238.000000       1.0000       0.0000    
  3239.000000       1.0000       0.0000    
  3240.000000       1.0000       0.0000    
  3241.000000       1.0000       0.0000    
  3242.000000       1.0000       0.0000    
  3243.000000       1.0000       0.0000    
  3244.000000       1.0000       0.0000    
  3245.000000       1.0000       0.0000    
  3246.000000       1.0000       178.16    
  3247.000000       1.0000       535.93    
  3248.000000       1.0000       972.28    
  3249.000000       1.0000       895.18    
  3250.000000       1.0000       770.86    
  3251.000000       1.0000       774.37    
  3252.000000       1.0000       868.80    
  3253.000000       1.0000       820.33    
  3254.000000       1.0000       259.74    
  3255.000000       1.0000       135.27    
  3256.000000       1.0000       617.03    
  3257.000000       1.0000       474.18    
  3258.000000       1.0000       0.0000    
  3259.000000       1.0000       0.0000    
  3260.000000       1.0000       0.0000    
  3261.000000       1.0000       0.0000    
  3262.000000       1.0000       0.0000    
  3263.000000       1.0000       0.0000    
  3264.000000       1.0000       0.0000    
  3265.000000       1.0000       0.0000    
  3266.000000       1.0000       0.0000    
  3267.000000       1.0000       0.0000    
  3268.000000       1.0000       0.0000    
  3269.000000       1.0000       0.0000    
  3270.000000       1.0000       90.852    
  3271.000000       1.0000       178.37    
  3272.000000       1.0000       296.15    
  3273.000000       1.0000       247.53    
  3274.000000       1.0000       580.00    
  3275.000000       1.0000       1409.4    
  3276.000000       1.0000       2183.9    
  3277.000000       1.0000       2443.3    
  3278.000000       1.0000       1797.2    
  3279.000000       1.0000       1195.2    
  3280.000000       1.0000       458.33    
  3281.000000       1.0000       782.12    
  3282.000000       1.0000       90.589    
  3283.000000       1.0000       0.0000    
  3284.000000       1.0000       0.0000    
  3285.000000       1.0000       0.0000    
  3286.000000       1.0000       0.0000    
  3287.000000       1.0000       0.0000    
  3288.000000       1.0000       0.0000    
  3289.000000       1.0000       0.0000    
  3290.000000       1.0000       0.0000    
  3291.000000       1.0000       0.0000    
  3292.000000       1.0000       0.0000    
  3293.000000       1.0000       0.0000    
  3294.000000       1.0000       173.57    
  3295.000000       1.0000       729.43    
  3296.000000       1.0000       1295.7    
  3297.000000       1.0000       1154.2    
  3298.000000       1.0000       1195.1    
  3299.000000       1.0000       2312.1    
  3300.000000       1.0000       2696.3    
  3301.000000       1.0000       2212.9    
  3302.000000       1.0000       2066.5    
  3303.000000       1.0000       2050.0    
  3304.000000       1.0000       1691.7    
  3305.000000       1.0000       615.13    
  3306.000000       1.0000       139.25    
  3307.000000       1.0000       0.0000    
  3308.000000       1.0000       0.0000    
  3309.000000       1.0000       0.0000    
  3310.000000       1.0000       0.0000    
  3311.000000       1.0000       0.0000    
  3312.000000       1.0000       0.0000    
  3313.000000       1.0000       0.0000    
  3314.000000       1.0000       0.0000    
  3315.000000       1.0000       0.0000    
  3316.000000       1.0000       0.0000    
  3317.000000       1.0000       0.0000    
  3318.000000       1.0000       104.62    
  3319.000000       1.0000       836.26    
  3320.000000       1.0000       1752.6    
  3321.000000       1.0000       2430.5    
  3322.000000       1.0000       2571.0    
  3323.000000       1.0000       2570.6    
  3324.000000       1.0000       1169.9    
  3325.000000       1.0000       1415.2    
  3326.000000       1.0000       684.62    
  3327.000000       1.0000       650.87    
  3328.000000       1.0000       300.80    
  3329.000000       1.0000       146.61    
  3330.000000       1.0000       103.98    
  3331.000000       1.0000       0.0000    
  3332.000000       1.0000       0.0000    
  3333.000000       1.0000       0.0000    
  3334.000000       1.0000       0.0000    
  3335.000000       1.0000       0.0000    
  3336.000000       1.0000       0.0000    
  3337.000000       1.0000       0.0000    
  3338.000000       1.0000       0.0000    
  3339.000000       1.0000       0.0000    
  3340.000000       1.0000       0.0000    
  3341.000000       1.0000       0.0000    
  3342.000000       1.0000       197.14    
  3343.000000       1.0000       449.92    
  3344.000000       1.0000       1069.0    
  3345.000000       1.0000       1165.3    
  3346.000000       1.0000       917.65    
  3347.000000       1.0000       537.39    
  3348.000000       1.0000       1003.6    
  3349.000000       1.0000       572.12    
  3350.000000       1.0000       598.13    
  3351.000000       1.0000       513.74    
  3352.000000       1.0000       298.54    
  3353.000000       1.0000       75.821    
  3354.000000       1.0000       94.786    
  3355.000000       1.0000       0.0000    
  3356.000000       1.0000       0.0000    
  3357.000000       1.0000       0.0000    
  3358.000000       1.0000       0.0000    
  3359.000000       1.0000       0.0000    
  3360.000000       1.0000       0.0000    
  3361.000000       1.0000       0.0000    
  3362.000000       1.0000       0.0000    
  3363.000000       1.0000       0.0000    
  3364.000000       1.0000       0.0000    
  3365.000000       1.0000       0.0000    
  3366.000000       1.0000       80.318    
  3367.000000       1.0000       788.28    
  3368.000000       1.0000       903.56    
  3369.000000       1.0000       439.39    
  3370.000000       1.0000       510.17    
  3371.000000       1.0000       221.95    
  3372.000000       1.0000       232.82    
  3373.000000       1.0000       503.95    
  3374.000000       1.0000       1619.8    
  3375.000000       1.0000       1437.6    
  3376.000000       1.0000       564.67    
  3377.000000       1.0000       0.0000    
  3378.000000       1.0000       79.903    
  3379.000000       1.0000       0.0000    
  3380.000000       1.0000       0.0000    
  3381.000000       1.0000       0.0000    
  3382.000000       1.0000       0.0000    
  3383.000000       1.0000       0.0000    
  3384.000000       1.0000       0.0000    
  3385.000000       1.0000       0.0000    
  3386.000000       1.0000       0.0000    
  3387.000000       1.0000       0.0000    
  3388.000000       1.0000       0.0000    
  3389.000000       1.0000       0.0000    
  3390.000000       1.0000       0.0000    
  3391.000000       1.0000       351.34    
  3392.000000       1.0000       444.32    
  3393.000000       1.0000       1230.9    
  3394.000000       1.0000       1166.0    
  3395.000000       1.0000       666.39    
  3396.000000       1.0000       958.07    
  3397.000000       1.0000       1205.2    
  3398.000000       1.0000       1638.9    
  3399.000000       1.0000       1860.5    
  3400.000000       1.0000       846.33    
  3401.000000       1.0000       509.66    
  3402.000000       1.0000       157.62    
  3403.000000       1.0000       0.0000    
  3404.000000       1.0000       0.0000    
  3405.000000       1.0000       0.0000    
  3406.000000       1.0000       0.0000    
  3407.000000       1.0000       0.0000    
  3408.000000       1.0000       0.0000    
  3409.000000       1.0000       0.0000    
  3410.000000       1.0000       0.0000    
  3411.000000       1.0000       0.0000    
  3412.000000       1.0000       0.0000    
  3413.000000       1.0000       0.0000    
  3414.000000       1.0000       0.0000    
  3415.000000       1.0000       0.0000    
  3416.000000       1.0000       278.93    
  3417.000000       1.0000       516.03    
  3418.000000       1.0000       604.20    
  3419.000000       1.0000       507.23    
  3420.000000       1.0000       500.01    
  3421.000000       1.0000       644.50    
  3422.000000       1.0000       424.49    
  3423.000000       1.0000       228.90    
  3424.000000       1.0000       103.51    
  3425.000000       1.0000       104.91    
  3426.000000       1.0000       74.500    
  3427.000000       1.0000       0.0000    
  3428.000000       1.0000       0.0000    
  3429.000000       1.0000       0.0000    
  3430.000000       1.0000       0.0000    
  3431.000000       1.0000       0.0000    
  3432.000000       1.0000       0.0000    
  3433.000000       1.0000       0.0000    
  3434.000000       1.0000       0.0000    
  3435.000000       1.0000       0.0000    
  3436.000000       1.0000       0.0000    
  3437.000000       1.0000       0.0000    
  3438.000000       1.0000       0.0000    
  3439.000000       1.0000       857.28    
  3440.000000       1.0000       1344.5    
  3441.000000       1.0000       2331.8    
  3442.000000       1.0000       2639.9    
  3443.000000       1.0000       2260.0    
  3444.000000       1.0000       1493.6    
  3445.000000       1.0000       1043.4    
  3446.000000       1.0000       1320.5    
  3447.000000       1.0000       797.15    
  3448.000000       1.0000       496.00    
  3449.000000       1.0000       321.13    
  3450.000000       1.0000       0.0000    
  3451.000000       1.0000       0.0000    
  3452.000000       1.0000       0.0000    
  3453.000000       1.0000       0.0000    
  3454.000000       1.0000       0.0000    
  3455.000000       1.0000       0.0000    
  3456.000000       1.0000       0.0000    
  3457.000000       1.0000       0.0000    
  3458.000000       1.0000       0.0000    
  3459.000000       1.0000       0.0000    
  3460.000000       1.0000       0.0000    
  3461.000000       1.0000       0.0000    
  3462.000000       1.0000       0.0000    
  3463.000000       1.0000       212.10    
  3464.000000       1.0000       1091.1    
  3465.000000       1.0000       1259.6    
  3466.000000       1.0000       528.96    
  3467.000000       1.0000       1621.0    
  3468.000000       1.0000       358.93    
  3469.000000       1.0000       393.91    
  3470.000000       1.0000       404.59    
  3471.000000       1.0000       389.92    
  3472.000000       1.0000       272.27    
  3473.000000       1.0000       0.0000    
  3474.000000       1.0000       0.0000    
  3475.000000       1.0000       0.0000    
  3476.000000       1.0000       0.0000    
  3477.000000       1.0000       0.0000    
  3478.000000       1.0000       0.0000    
  3479.000000       1.0000       0.0000    
  3480.000000       1.0000       0.0000    
  3481.000000       1.0000       0.0000    
  3482.000000       1.0000       0.0000    
  3483.000000       1.0000       0.0000    
  3484.000000       1.0000       0.0000    
  3485.000000       1.0000       0.0000    
  3486.000000       1.0000       184.78    
  3487.000000       1.0000       637.12    
  3488.000000       1.0000       1013.2    
  3489.000000       1.0000       577.40    
  3490.000000       1.0000       243.00    
  3491.000000       1.0000       261.40    
  3492.000000       1.0000       760.86    
  3493.000000       1.0000       1078.7    
  3494.000000       1.0000       590.92    
  3495.000000       1.0000       284.59    
  3496.000000       1.0000       364.08    
  3497.000000       1.0000       144.75    
  3498.000000       1.0000       0.0000    
  3499.000000       1.0000       0.0000    
  3500.000000       1.0000       0.0000    
  3501.000000       1.0000       0.0000    
  3502.000000       1.0000       0.0000    
  3503.000000       1.0000       0.0000    
  3504.000000       1.0000       0.0000    
  3505.000000       1.0000       0.0000    
  3506.000000       1.0000       0.0000    
  3507.000000       1.0000       0.0000    
  3508.000000       1.0000       0.0000    
  3509.000000       1.0000       0.0000    
  3510.000000       1.0000       203.80    
  3511.000000       1.0000       380.09    
  3512.000000       1.0000       737.04    
  3513.000000       1.0000       581.28    
  3514.000000       1.0000       1076.5    
  3515.000000       1.0000       948.29    
  3516.000000       1.0000       944.93    
  3517.000000       1.0000       637.63    
  3518.000000       1.0000       1919.8    
  3519.000000       1.0000       1610.3    
  3520.000000       1.0000       1107.7    
  3521.000000       1.0000       616.80    
  3522.000000       1.0000       216.93    
  3523.000000       1.0000       0.0000    
  3524.000000       1.0000       0.0000    
  3525.000000       1.0000       0.0000    
  3526.000000       1.0000       0.0000    
  3527.000000       1.0000       0.0000    
  3528.000000       1.0000       0.0000    
  3529.000000       1.0000       0.0000    
  3530.000000       1.0000       0.0000    
  3531.000000       1.0000       0.0000    
  3532.000000       1.0000       0.0000    
  3533.000000       1.0000       0.0000    
  3534.000000       1.0000       218.41    
  3535.000000       1.0000       977.40    
  3536.000000       1.0000       1766.6    
  3537.000000       1.0000       2320.8    
  3538.000000       1.0000       2147.3    
  3539.000000       1.0000       1566.1    
  3540.000000       1.0000       1210.4    
  3541.000000       1.0000       1504.3    
  3542.000000       1.0000       2226.6    
  3543.000000       1.0000       1600.4    
  3544.000000       1.0000       1275.9    
  3545.000000       1.0000       615.72    
  3546.000000       1.0000       179.11    
  3547.000000       1.0000       0.0000    
  3548.000000       1.0000       0.0000    
  3549.000000       1.0000       0.0000    
  3550.000000       1.0000       0.0000    
  3551.000000       1.0000       0.0000    
  3552.000000       1.0000       0.0000    
  3553.000000       1.0000       0.0000    
  3554.000000       1.0000       0.0000    
  3555.000000       1.0000       0.0000    
  3556.000000       1.0000       0.0000    
  3557.000000       1.0000       0.0000    
  3558.000000       1.0000       165.36    
  3559.000000       1.0000       400.19    
  3560.000000       1.0000       1395.6    
  3561.000000       1.0000       2421.6    
  3562.000000       1.0000       2820.3    
  3563.000000       1.0000       2979.7    
  3564.000000       1.0000       3025.0    
  3565.000000       1.0000       2855.4    
  3566.000000       1.0000       2536.6    
  3567.000000       1.0000       1912.9    
  3568.000000       1.0000       1528.4    
  3569.000000       1.0000       702.43    
  3570.000000       1.0000       203.11    
  3571.000000       1.0000       0.0000    
  3572.000000       1.0000       0.0000    
  3573.000000       1.0000       0.0000    
  3574.000000       1.0000       0.0000    
  3575.000000       1.0000       0.0000    
  3576.000000       1.0000       0.0000    
  3577.000000       1.0000       0.0000    
  3578.000000       1.0000       0.0000    
  3579.000000       1.0000       0.0000    
  3580.000000       1.0000       0.0000    
  3581.000000       1.0000       0.0000    
  3582.000000       1.0000       218.67    
  3583.000000       1.0000       840.41    
  3584.000000       1.0000       1698.2    
  3585.000000       1.0000       2292.6    
  3586.000000       1.0000       2738.5    
  3587.000000       1.0000       2937.5    
  3588.000000       1.0000       2972.2    
  3589.000000       1.0000       2830.4    
  3590.000000       1.0000       2471.2    
  3591.000000       1.0000       2021.5    
  3592.000000       1.0000       1435.2    
  3593.000000       1.0000       796.87    
  3594.000000       1.0000       207.33    
  3595.000000       1.0000       0.0000    
  3596.000000       1.0000       0.0000    
  3597.000000       1.0000       0.0000    
  3598.000000       1.0000       0.0000    
  3599.000000       1.0000       0.0000    
  3600.000000       1.0000       0.0000    
  3601.000000       1.0000       0.0000    
  3602.000000       1.0000       0.0000    
  3603.000000       1.0000       0.0000    
  3604.000000       1.0000       0.0000    
  3605.000000       1.0000       0.0000    
  3606.000000       1.0000       208.50    
  3607.000000       1.0000       856.29    
  3608.000000       1.0000       1666.8    
  3609.000000       1.0000       2218.9    
  3610.000000       1.0000       2625.4    
  3611.000000       1.0000       2806.3    
  3612.000000       1.0000       2812.1    
  3613.000000       1.0000       2736.4    
  3614.000000       1.0000       2414.0    
  3615.000000       1.0000       1377.8    
  3616.000000       1.0000       984.63    
  3617.000000       1.0000       565.05    
  3618.000000       1.0000       205.44    
  3619.000000       1.0000       0.0000    
  3620.000000       1.0000       0.0000    
  3621.000000       1.0000       0.0000    
  3622.000000       1.0000       0.0000    
  3623.000000       1.0000       0.0000    
  3624.000000       1.0000       0.0000    
  3625.000000       1.0000       0.0000    
  3626.000000       1.0000       0.0000    
  3627.000000       1.0000       0.0000    
  3628.000000       1.0000       0.0000    
  3629.000000       1.0000       0.0000    
  3630.000000       1.0000       224.38    
  3631.000000       1.0000       840.65    
  3632.000000       1.0000       1526.8    
  3633.000000       1.0000       2173.0    
  3634.000000       1.0000       2707.0    
  3635.000000       1.0000       2856.0    
  3636.000000       1.0000       2912.0    
  3637.000000       1.0000       2815.6    
  3638.000000       1.0000       2493.6    
  3639.000000       1.0000       1992.8    
  3640.000000       1.0000       1374.8    
  3641.000000       1.0000       680.66    
  3642.000000       1.0000       216.97    
  3643.000000       1.0000       0.0000    
  3644.000000       1.0000       0.0000    
  3645.000000       1.0000       0.0000    
  3646.000000       1.0000       0.0000    
  3647.000000       1.0000       0.0000    
  3648.000000       1.0000       0.0000    
  3649.000000       1.0000       0.0000    
  3650.000000       1.0000       0.0000    
  3651.000000       1.0000       0.0000    
  3652.000000       1.0000       0.0000    
  3653.000000       1.0000       0.0000    
  3654.000000       1.0000       217.99    
  3655.000000       1.0000       845.36    
  3656.000000       1.0000       1706.5    
  3657.000000       1.0000       2125.8    
  3658.000000       1.0000       2520.3    
  3659.000000       1.0000       2763.0    
  3660.000000       1.0000       2839.0    
  3661.000000       1.0000       2691.9    
  3662.000000       1.0000       2378.5    
  3663.000000       1.0000       1894.2    
  3664.000000       1.0000       1322.0    
  3665.000000       1.0000       713.16    
  3666.000000       1.0000       257.06    
  3667.000000       1.0000       0.0000    
  3668.000000       1.0000       0.0000    
  3669.000000       1.0000       0.0000    
  3670.000000       1.0000       0.0000    
  3671.000000       1.0000       0.0000    
  3672.000000       1.0000       0.0000    
  3673.000000       1.0000       0.0000    
  3674.000000       1.0000       0.0000    
  3675.000000       1.0000       0.0000    
  3676.000000       1.0000       0.0000    
  3677.000000       1.0000       0.0000    
  3678.000000       1.0000       221.36    
  3679.000000       1.0000       708.49    
  3680.000000       1.0000       1323.4    
  3681.000000       1.0000       1824.0    
  3682.000000       1.0000       2593.7    
  3683.000000       1.0000       2179.6    
  3684.000000       1.0000       2706.4    
  3685.000000       1.0000       1270.9    
  3686.000000       1.0000       1378.5    
  3687.000000       1.0000       1476.6    
  3688.000000       1.0000       480.27    
  3689.000000       1.0000       202.13    
  3690.000000       1.0000       100.42    
  3691.000000       1.0000       0.0000    
  3692.000000       1.0000       0.0000    
  3693.000000       1.0000       0.0000    
  3694.000000       1.0000       0.0000    
  3695.000000       1.0000       0.0000    
  3696.000000       1.0000       0.0000    
  3697.000000       1.0000       0.0000    
  3698.000000       1.0000       0.0000    
  3699.000000       1.0000       0.0000    
  3700.000000       1.0000       0.0000    
  3701.000000       1.0000       0.0000    
  3702.000000       1.0000       107.28    
  3703.000000       1.0000       736.34    
  3704.000000       1.0000       1580.5    
  3705.000000       1.0000       2475.9    
  3706.000000       1.0000       2711.5    
  3707.000000       1.0000       2559.2    
  3708.000000       1.0000       2590.6    
  3709.000000       1.0000       1871.8    
  3710.000000       1.0000       1434.5    
  3711.000000       1.0000       1558.8    
  3712.000000       1.0000       761.63    
  3713.000000       1.0000       401.45    
  3714.000000       1.0000       179.15    
  3715.000000       1.0000       0.0000    
  3716.000000       1.0000       0.0000    
  3717.000000       1.0000       0.0000    
  3718.000000       1.0000       0.0000    
  3719.000000       1.0000       0.0000    
  3720.000000       1.0000       0.0000    
  3721.000000       1.0000       0.0000    
  3722.000000       1.0000       0.0000    
  3723.000000       1.0000       0.0000    
  3724.000000       1.0000       0.0000    
  3725.000000       1.0000       0.0000    
  3726.000000       1.0000       0.0000    
  3727.000000       1.0000       0.0000    
  3728.000000       1.0000       0.0000    
  3729.000000       1.0000       0.0000    
  3730.000000       1.0000       0.0000    
  3731.000000       1.0000       0.0000    
  3732.000000       1.0000       159.56    
  3733.000000       1.0000       114.97    
  3734.000000       1.0000       177.93    
  3735.000000       1.0000       239.60    
  3736.000000       1.0000       393.68    
  3737.000000       1.0000       349.37    
  3738.000000       1.0000       77.373    
  3739.000000       1.0000       0.0000    
  3740.000000       1.0000       0.0000    
  3741.000000       1.0000       0.0000    
  3742.000000       1.0000       0.0000    
  3743.000000       1.0000       0.0000    
  3744.000000       1.0000       0.0000    
  3745.000000       1.0000       0.0000    
  3746.000000       1.0000       0.0000    
  3747.000000       1.0000       0.0000    
  3748.000000       1.0000       0.0000    
  3749.000000       1.0000       0.0000    
  3750.000000       1.0000       74.692    
  3751.000000       1.0000       925.37    
  3752.000000       1.0000       1586.1    
  3753.000000       1.0000       1470.1    
  3754.000000       1.0000       2441.7    
  3755.000000       1.0000       1194.3    
  3756.000000       1.0000       1931.1    
  3757.000000       1.0000       976.49    
  3758.000000       1.0000       768.07    
  3759.000000       1.0000       0.0000    
  3760.000000       1.0000       114.70    
  3761.000000       1.0000       0.0000    
  3762.000000       1.0000       0.0000    
  3763.000000       1.0000       0.0000    
  3764.000000       1.0000       0.0000    
  3765.000000       1.0000       0.0000    
  3766.000000       1.0000       0.0000    
  3767.000000       1.0000       0.0000    
  3768.000000       1.0000       0.0000    
  3769.000000       1.0000       0.0000    
  3770.000000       1.0000       0.0000    
  3771.000000       1.0000       0.0000    
  3772.000000       1.0000       0.0000    
  3773.000000       1.0000       0.0000    
  3774.000000       1.0000       224.95    
  3775.000000       1.0000       401.23    
  3776.000000       1.0000       694.12    
  3777.000000       1.0000       1488.5    
  3778.000000       1.0000       2167.7    
  3779.000000       1.0000       1884.5    
  3780.000000       1.0000       1314.0    
  3781.000000       1.0000       1227.4    
  3782.000000       1.0000       1133.9    
  3783.000000       1.0000       1531.0    
  3784.000000       1.0000       1225.5    
  3785.000000       1.0000       871.97    
  3786.000000       1.0000       0.0000    
  3787.000000       1.0000       0.0000    
  3788.000000       1.0000       0.0000    
  3789.000000       1.0000       0.0000    
  3790.000000       1.0000       0.0000    
  3791.000000       1.0000       0.0000    
  3792.000000       1.0000       0.0000    
  3793.000000       1.0000       0.0000    
  3794.000000       1.0000       0.0000    
  3795.000000       1.0000       0.0000    
  3796.000000       1.0000       0.0000    
  3797.000000       1.0000       0.0000    
  3798.000000       1.0000       83.678    
  3799.000000       1.0000       882.98    
  3800.000000       1.0000       1663.5    
  3801.000000       1.0000       2070.5    
  3802.000000       1.0000       2079.7    
  3803.000000       1.0000       1405.0    
  3804.000000       1.0000       1415.9    
  3805.000000       1.0000       1150.9    
  3806.000000       1.0000       477.61    
  3807.000000       1.0000       831.20    
  3808.000000       1.0000       623.34    
  3809.000000       1.0000       376.35    
  3810.000000       1.0000       106.69    
  3811.000000       1.0000       0.0000    
  3812.000000       1.0000       0.0000    
  3813.000000       1.0000       0.0000    
  3814.000000       1.0000       0.0000    
  3815.000000       1.0000       0.0000    
  3816.000000       1.0000       0.0000    
  3817.000000       1.0000       0.0000    
  3818.000000       1.0000       0.0000    
  3819.000000       1.0000       0.0000    
  3820.000000       1.0000       0.0000    
  3821.000000       1.0000       0.0000    
  3822.000000       1.0000       74.514    
  3823.000000       1.0000       796.87    
  3824.000000       1.0000       887.95    
  3825.000000       1.0000       1458.2    
  3826.000000       1.0000       1676.0    
  3827.000000       1.0000       846.15    
  3828.000000       1.0000       939.99    
  3829.000000       1.0000       549.43    
  3830.000000       1.0000       461.59    
  3831.000000       1.0000       1025.8    
  3832.000000       1.0000       268.57    
  3833.000000       1.0000       535.20    
  3834.000000       1.0000       0.0000    
  3835.000000       1.0000       0.0000    
  3836.000000       1.0000       0.0000    
  3837.000000       1.0000       0.0000    
  3838.000000       1.0000       0.0000    
  3839.000000       1.0000       0.0000    
  3840.000000       1.0000       0.0000    
  3841.000000       1.0000       0.0000    
  3842.000000       1.0000       0.0000    
  3843.000000       1.0000       0.0000    
  3844.000000       1.0000       0.0000    
  3845.000000       1.0000       0.0000    
  3846.000000       1.0000       0.0000    
  3847.000000       1.0000       855.89    
  3848.000000       1.0000       1392.6    
  3849.000000       1.0000       2067.8    
  3850.000000       1.0000       1988.7    
  3851.000000       1.0000       1880.7    
  3852.000000       1.0000       1620.8    
  3853.000000       1.0000       1844.1    
  3854.000000       1.0000       1611.7    
  3855.000000       1.0000       1236.4    
  3856.000000       1.0000       1226.5    
  3857.000000       1.0000       501.74    
  3858.000000       1.0000       120.22    
  3859.000000       1.0000       0.0000    
  3860.000000       1.0000       0.0000    
  3861.000000       1.0000       0.0000    
  3862.000000       1.0000       0.0000    
  3863.000000       1.0000       0.0000    
  3864.000000       1.0000       0.0000    
  3865.000000       1.0000       0.0000    
  3866.000000       1.0000       0.0000    
  3867.000000       1.0000       0.0000    
  3868.000000       1.0000       0.0000    
  3869.000000       1.0000       0.0000    
  3870.000000       1.0000       231.01    
  3871.000000       1.0000       845.58    
  3872.000000       1.0000       1683.6    
  3873.000000       1.0000       2241.5    
  3874.000000       1.0000       2423.3    
  3875.000000       1.0000       2366.4    
  3876.000000       1.0000       2268.3    
  3877.000000       1.0000       2140.5    
  3878.000000       1.0000       2091.9    
  3879.000000       1.0000       1930.4    
  3880.000000       1.0000       1075.9    
  3881.000000       1.0000       765.13    
  3882.000000       1.0000       145.16    
  3883.000000       1.0000       0.0000    
  3884.000000       1.0000       0.0000    
  3885.000000       1.0000       0.0000    
  3886.000000       1.0000       0.0000    
  3887.000000       1.0000       0.0000    
  3888.000000       1.0000       0.0000    
  3889.000000       1.0000       0.0000    
  3890.000000       1.0000       0.0000    
  3891.000000       1.0000       0.0000    
  3892.000000       1.0000       0.0000    
  3893.000000       1.0000       0.0000    
  3894.000000       1.0000       88.789    
  3895.000000       1.0000       874.75    
  3896.000000       1.0000       1255.7    
  3897.000000       1.0000       1087.0    
  3898.000000       1.0000       693.27    
  3899.000000       1.0000       797.39    
  3900.000000       1.0000       832.19    
  3901.000000       1.0000       1171.1    
  3902.000000       1.0000       1810.0    
  3903.000000       1.0000       1879.5    
  3904.000000       1.0000       1083.9    
  3905.000000       1.0000       724.21    
  3906.000000       1.0000       221.72    
  3907.000000       1.0000       0.0000    
  3908.000000       1.0000       0.0000    
  3909.000000       1.0000       0.0000    
  3910.000000       1.0000       0.0000    
  3911.000000       1.0000       0.0000    
  3912.000000       1.0000       0.0000    
  3913.000000       1.0000       0.0000    
  3914.000000       1.0000       0.0000    
  3915.000000       1.0000       0.0000    
  3916.000000       1.0000       0.0000    
  3917.000000       1.0000       0.0000    
  3918.000000       1.0000       110.05    
  3919.000000       1.0000       814.47    
  3920.000000       1.0000       1163.7    
  3921.000000       1.0000       1156.5    
  3922.000000       1.0000       1013.9    
  3923.000000       1.0000       1088.8    
  3924.000000       1.0000       1507.6    
  3925.000000       1.0000       1278.5    
  3926.000000       1.0000       1960.6    
  3927.000000       1.0000       1746.4    
  3928.000000       1.0000       1230.7    
  3929.000000       1.0000       661.70    
  3930.000000       1.0000       246.91    
  3931.000000       1.0000       0.0000    
  3932.000000       1.0000       0.0000    
  3933.000000       1.0000       0.0000    
  3934.000000       1.0000       0.0000    
  3935.000000       1.0000       0.0000    
  3936.000000       1.0000       0.0000    
  3937.000000       1.0000       0.0000    
  3938.000000       1.0000       0.0000    
  3939.000000       1.0000       0.0000    
  3940.000000       1.0000       0.0000    
  3941.000000       1.0000       0.0000    
  3942.000000       1.0000       207.95    
  3943.000000       1.0000       835.54    
  3944.000000       1.0000       1611.5    
  3945.000000       1.0000       2171.2    
  3946.000000       1.0000       2741.1    
  3947.000000       1.0000       2915.5    
  3948.000000       1.0000       2929.0    
  3949.000000       1.0000       2862.3    
  3950.000000       1.0000       2429.1    
  3951.000000       1.0000       1942.3    
  3952.000000       1.0000       1532.3    
  3953.000000       1.0000       785.05    
  3954.000000       1.0000       263.13    
  3955.000000       1.0000       0.0000    
  3956.000000       1.0000       0.0000    
  3957.000000       1.0000       0.0000    
  3958.000000       1.0000       0.0000    
  3959.000000       1.0000       0.0000    
  3960.000000       1.0000       0.0000    
  3961.000000       1.0000       0.0000    
  3962.000000       1.0000       0.0000    
  3963.000000       1.0000       0.0000    
  3964.000000       1.0000       0.0000    
  3965.000000       1.0000       0.0000    
  3966.000000       1.0000       201.82    
  3967.000000       1.0000       893.38    
  3968.000000       1.0000       1576.2    
  3969.000000       1.0000       2354.2    
  3970.000000       1.0000       2687.4    
  3971.000000       1.0000       2923.1    
  3972.000000       1.0000       2972.2    
  3973.000000       1.0000       2812.6    
  3974.000000       1.0000       2577.0    
  3975.000000       1.0000       2097.7    
  3976.000000       1.0000       1492.3    
  3977.000000       1.0000       676.57    
  3978.000000       1.0000       264.50    
  3979.000000       1.0000       0.0000    
  3980.000000       1.0000       0.0000    
  3981.000000       1.0000       0.0000    
  3982.000000       1.0000       0.0000    
  3983.000000       1.0000       0.0000    
  3984.000000       1.0000       0.0000    
  3985.000000       1.0000       0.0000    
  3986.000000       1.0000       0.0000    
  3987.000000       1.0000       0.0000    
  3988.000000       1.0000       0.0000    
  3989.000000       1.0000       0.0000    
  3990.000000       1.0000       187.02    
  3991.000000       1.0000       798.37    
  3992.000000       1.0000       931.51    
  3993.000000       1.0000       1754.5    
  3994.000000       1.0000       972.51    
  3995.000000       1.0000       1237.9    
  3996.000000       1.0000       2146.3    
  3997.000000       1.0000       1581.7    
  3998.000000       1.0000       1799.8    
  3999.000000       1.0000       2140.0    
  4000.000000       1.0000       1394.3    
  4001.000000       1.0000       828.01    
  4002.000000       1.0000       283.86    
  4003.000000       1.0000       0.0000    
  4004.000000       1.0000       0.0000    
  4005.000000       1.0000       0.0000    
  4006.000000       1.0000       0.0000    
  4007.000000       1.0000       0.0000    
  4008.000000       1.0000       0.0000    
  4009.000000       1.0000       0.0000    
  4010.000000       1.0000       0.0000    
  4011.000000       1.0000       0.0000    
  4012.000000       1.0000       0.0000    
  4013.000000       1.0000       0.0000    
  4014.000000       1.0000       0.0000    
  4015.000000       1.0000       156.05    
  4016.000000       1.0000       383.44    
  4017.000000       1.0000       516.07    
  4018.000000       1.0000       362.12    
  4019.000000       1.0000       257.80    
  4020.000000       1.0000       325.56    
  4021.000000       1.0000       589.60    
  4022.000000       1.0000       534.66    
  4023.000000       1.0000       671.03    
  4024.000000       1.0000       1006.6    
  4025.000000       1.0000       646.12    
  4026.000000       1.0000       212.59    
  4027.000000       1.0000       0.0000    
  4028.000000       1.0000       0.0000    
  4029.000000       1.0000       0.0000    
  4030.000000       1.0000       0.0000    
  4031.000000       1.0000       0.0000    
  4032.000000       1.0000       0.0000    
  4033.000000       1.0000       0.0000    
  4034.000000       1.0000       0.0000    
  4035.000000       1.0000       0.0000    
  4036.000000       1.0000       0.0000    
  4037.000000       1.0000       0.0000    
  4038.000000       1.0000       91.682    
  4039.000000       1.0000       780.28    
  4040.000000       1.0000       1461.2    
  4041.000000       1.0000       1449.1    
  4042.000000       1.0000       469.05    
  4043.000000       1.0000       1590.0    
  4044.000000       1.0000       1992.3    
  4045.000000       1.0000       1360.1    
  4046.000000       1.0000       844.31    
  4047.000000       1.0000       1201.7    
  4048.000000       1.0000       979.12    
  4049.000000       1.0000       716.31    
  4050.000000       1.0000       245.47    
  4051.000000       1.0000       0.0000    
  4052.000000       1.0000       0.0000    
  4053.000000       1.0000       0.0000    
  4054.000000       1.0000       0.0000    
  4055.000000       1.0000       0.0000    
  4056.000000       1.0000       0.0000    
  4057.000000       1.0000       0.0000    
  4058.000000       1.0000       0.0000    
  4059.000000       1.0000       0.0000    
  4060.000000       1.0000       0.0000    
  4061.000000       1.0000       0.0000    
  4062.000000       1.0000       193.31    
  4063.000000       1.0000       725.49    
  4064.000000       1.0000       1439.5    
  4065.000000       1.0000       2136.1    
  4066.000000       1.0000       2178.0    
  4067.000000       1.0000       1228.4    
  4068.000000       1.0000       551.36    
  4069.000000       1.0000       1560.1    
  4070.000000       1.0000       757.98    
  4071.000000       1.0000       490.18    
  4072.000000       1.0000       411.64    
  4073.000000       1.0000       765.37    
  4074.000000       1.0000       233.02    
  4075.000000       1.0000       0.0000    
  4076.000000       1.0000       0.0000    
  4077.000000       1.0000       0.0000    
  4078.000000       1.0000       0.0000    
  4079.000000       1.0000       0.0000    
  4080.000000       1.0000       0.0000    
  4081.000000       1.0000       0.0000    
  4082.000000       1.0000       0.0000    
  4083.000000       1.0000       0.0000    
  4084.000000       1.0000       0.0000    
  4085.000000       1.0000       0.0000    
  4086.000000       1.0000       170.66    
  4087.000000       1.0000       347.52    
  4088.000000       1.0000       728.89    
  4089.000000       1.0000       1050.0    
  4090.000000       1.0000       217.39    
  4091.000000       1.0000       303.27    
  4092.000000       1.0000       1520.2    
  4093.000000       1.0000       867.75    
  4094.000000       1.0000       1702.1    
  4095.000000       1.0000       1436.8    
  4096.000000       1.0000       230.98    
  4097.000000       1.0000       0.0000    
  4098.000000       1.0000       0.0000    
  4099.000000       1.0000       0.0000    
  4100.000000       1.0000       0.0000    
  4101.000000       1.0000       0.0000    
  4102.000000       1.0000       0.0000    
  4103.000000       1.0000       0.0000    
  4104.000000       1.0000       0.0000    
  4105.000000       1.0000       0.0000    
  4106.000000       1.0000       0.0000    
  4107.000000       1.0000       0.0000    
  4108.000000       1.0000       0.0000    
  4109.000000       1.0000       0.0000    
  4110.000000       1.0000       0.0000    
  4111.000000       1.0000       0.0000    
  4112.000000       1.0000       390.98    
  4113.000000       1.0000       373.76    
  4114.000000       1.0000       302.17    
  4115.000000       1.0000       72.341    
  4116.000000       1.0000       0.0000    
  4117.000000       1.0000       0.0000    
  4118.000000       1.0000       419.97    
  4119.000000       1.0000       899.53    
  4120.000000       1.0000       335.88    
  4121.000000       1.0000       136.11    
  4122.000000       1.0000       0.0000    
  4123.000000       1.0000       0.0000    
  4124.000000       1.0000       0.0000    
  4125.000000       1.0000       0.0000    
  4126.000000       1.0000       0.0000    
  4127.000000       1.0000       0.0000    
  4128.000000       1.0000       0.0000    
  4129.000000       1.0000       0.0000    
  4130.000000       1.0000       0.0000    
  4131.000000       1.0000       0.0000    
  4132.000000       1.0000       0.0000    
  4133.000000       1.0000       0.0000    
  4134.000000       1.0000       121.07    
  4135.000000       1.0000       380.71    
  4136.000000       1.0000       490.23    
  4137.000000       1.0000       1022.4    
  4138.000000       1.0000       879.81    
  4139.000000       1.0000       584.58    
  4140.000000       1.0000       422.02    
  4141.000000       1.0000       669.97    
  4142.000000       1.0000       656.20    
  4143.000000       1.0000       501.35    
  4144.000000       1.0000       110.30    
  4145.000000       1.0000       87.375    
  4146.000000       1.0000       0.0000    
  4147.000000       1.0000       0.0000    
  4148.000000       1.0000       0.0000    
  4149.000000       1.0000       0.0000    
  4150.000000       1.0000       0.0000    
  4151.000000       1.0000       0.0000    
  4152.000000       1.0000       0.0000    
  4153.000000       1.0000       0.0000    
  4154.000000       1.0000       0.0000    
  4155.000000       1.0000       0.0000    
  4156.000000       1.0000       0.0000    
  4157.000000       1.0000       0.0000    
  4158.000000       1.0000       116.66    
  4159.000000       1.0000       539.11    
  4160.000000       1.0000       1474.6    
  4161.000000       1.0000       904.82    
  4162.000000       1.0000       971.48    
  4163.000000       1.0000       2317.5    
  4164.000000       1.0000       2091.5    
  4165.000000       1.0000       1451.8    
  4166.000000       1.0000       645.76    
  4167.000000       1.0000       978.59    
  4168.000000       1.0000       741.88    
  4169.000000       1.0000       599.11    
  4170.000000       1.0000       278.25    
  4171.000000       1.0000       0.0000    
  4172.000000       1.0000       0.0000    
  4173.000000       1.0000       0.0000    
  4174.000000       1.0000       0.0000    
  4175.000000       1.0000       0.0000    
  4176.000000       1.0000       0.0000    
  4177.000000       1.0000       0.0000    
  4178.000000       1.0000       0.0000    
  4179.000000       1.0000       0.0000    
  4180.000000       1.0000       0.0000    
  4181.000000       1.0000       0.0000    
  4182.000000       1.0000       0.0000    
  4183.000000       1.0000       780.06    
  4184.000000       1.0000       1438.8    
  4185.000000       1.0000       2003.3    
  4186.000000       1.0000       2590.1    
  4187.000000       1.0000       2799.4    
  4188.000000       1.0000       2869.9    
  4189.000000       1.0000       2685.0    
  4190.000000       1.0000       2362.0    
  4191.000000       1.0000       1991.1    
  4192.000000       1.0000       1482.3    
  4193.000000       1.0000       734.55    
  4194.000000       1.0000       272.97    
  4195.000000       1.0000       0.0000    
  4196.000000       1.0000       0.0000    
  4197.000000       1.0000       0.0000    
  4198.000000       1.0000       0.0000    
  4199.000000       1.0000       0.0000    
  4200.000000       1.0000       0.0000    
  4201.000000       1.0000       0.0000    
  4202.000000       1.0000       0.0000    
  4203.000000       1.0000       0.0000    
  4204.000000       1.0000       0.0000    
  4205.000000       1.0000       0.0000    
  4206.000000       1.0000       0.0000    
  4207.000000       1.0000       788.73    
  4208.000000       1.0000       1397.5    
  4209.000000       1.0000       2013.2    
  4210.000000       1.0000       2131.2    
  4211.000000       1.0000       1811.3    
  4212.000000       1.0000       2016.4    
  4213.000000       1.0000       2780.4    
  4214.000000       1.0000       1377.0    
  4215.000000       1.0000       1532.0    
  4216.000000       1.0000       1479.2    
  4217.000000       1.0000       858.76    
  4218.000000       1.0000       251.14    
  4219.000000       1.0000       0.0000    
  4220.000000       1.0000       0.0000    
  4221.000000       1.0000       0.0000    
  4222.000000       1.0000       0.0000    
  4223.000000       1.0000       0.0000    
  4224.000000       1.0000       0.0000    
  4225.000000       1.0000       0.0000    
  4226.000000       1.0000       0.0000    
  4227.000000       1.0000       0.0000    
  4228.000000       1.0000       0.0000    
  4229.000000       1.0000       0.0000    
  4230.000000       1.0000       189.01    
  4231.000000       1.0000       798.49    
  4232.000000       1.0000       1443.3    
  4233.000000       1.0000       2096.4    
  4234.000000       1.0000       2301.2    
  4235.000000       1.0000       2455.1    
  4236.000000       1.0000       2724.8    
  4237.000000       1.0000       2448.4    
  4238.000000       1.0000       2073.7    
  4239.000000       1.0000       1869.5    
  4240.000000       1.0000       948.29    
  4241.000000       1.0000       338.89    
  4242.000000       1.0000       103.47    
  4243.000000       1.0000       0.0000    
  4244.000000       1.0000       0.0000    
  4245.000000       1.0000       0.0000    
  4246.000000       1.0000       0.0000    
  4247.000000       1.0000       0.0000    
  4248.000000       1.0000       0.0000    
  4249.000000       1.0000       0.0000    
  4250.000000       1.0000       0.0000    
  4251.000000       1.0000       0.0000    
  4252.000000       1.0000       0.0000    
  4253.000000       1.0000       0.0000    
  4254.000000       1.0000       184.55    
  4255.000000       1.0000       773.06    
  4256.000000       1.0000       1353.9    
  4257.000000       1.0000       2008.1    
  4258.000000       1.0000       2343.9    
  4259.000000       1.0000       2335.0    
  4260.000000       1.0000       2227.5    
  4261.000000       1.0000       1866.0    
  4262.000000       1.0000       844.06    
  4263.000000       1.0000       471.84    
  4264.000000       1.0000       80.715    
  4265.000000       1.0000       158.65    
  4266.000000       1.0000       0.0000    
  4267.000000       1.0000       0.0000    
  4268.000000       1.0000       0.0000    
  4269.000000       1.0000       0.0000    
  4270.000000       1.0000       0.0000    
  4271.000000       1.0000       0.0000    
  4272.000000       1.0000       0.0000    
  4273.000000       1.0000       0.0000    
  4274.000000       1.0000       0.0000    
  4275.000000       1.0000       0.0000    
  4276.000000       1.0000       0.0000    
  4277.000000       1.0000       0.0000    
  4278.000000       1.0000       0.0000    
  4279.000000       1.0000       703.09    
  4280.000000       1.0000       736.54    
  4281.000000       1.0000       1436.9    
  4282.000000       1.0000       927.99    
  4283.000000       1.0000       1434.6    
  4284.000000       1.0000       1524.4    
  4285.000000       1.0000       1372.3    
  4286.000000       1.0000       1233.3    
  4287.000000       1.0000       784.76    
  4288.000000       1.0000       234.23    
  4289.000000       1.0000       213.56    
  4290.000000       1.0000       0.0000    
  4291.000000       1.0000       0.0000    
  4292.000000       1.0000       0.0000    
  4293.000000       1.0000       0.0000    
  4294.000000       1.0000       0.0000    
  4295.000000       1.0000       0.0000    
  4296.000000       1.0000       0.0000    
  4297.000000       1.0000       0.0000    
  4298.000000       1.0000       0.0000    
  4299.000000       1.0000       0.0000    
  4300.000000       1.0000       0.0000    
  4301.000000       1.0000       0.0000    
  4302.000000       1.0000       87.629    
  4303.000000       1.0000       648.19    
  4304.000000       1.0000       1457.9    
  4305.000000       1.0000       1275.7    
  4306.000000       1.0000       1331.8    
  4307.000000       1.0000       2275.3    
  4308.000000       1.0000       1904.1    
  4309.000000       1.0000       1770.0    
  4310.000000       1.0000       2660.8    
  4311.000000       1.0000       1457.9    
  4312.000000       1.0000       313.73    
  4313.000000       1.0000       795.74    
  4314.000000       1.0000       164.09    
  4315.000000       1.0000       0.0000    
  4316.000000       1.0000       0.0000    
  4317.000000       1.0000       0.0000    
  4318.000000       1.0000       0.0000    
  4319.000000       1.0000       0.0000    
  4320.000000       1.0000       0.0000    
  4321.000000       1.0000       0.0000    
  4322.000000       1.0000       0.0000    
  4323.000000       1.0000       0.0000    
  4324.000000       1.0000       0.0000    
  4325.000000       1.0000       0.0000    
  4326.000000       1.0000       0.0000    
  4327.000000       1.0000       299.86    
  4328.000000       1.0000       783.30    
  4329.000000       1.0000       1415.3    
  4330.000000       1.0000       738.31    
  4331.000000       1.0000       1064.2    
  4332.000000       1.0000       1956.9    
  4333.000000       1.0000       1635.6    
  4334.000000       1.0000       1283.2    
  4335.000000       1.0000       75.892    
  4336.000000       1.0000       695.48    
  4337.000000       1.0000       382.28    
  4338.000000       1.0000       0.0000    
  4339.000000       1.0000       0.0000    
  4340.000000       1.0000       0.0000    
  4341.000000       1.0000       0.0000    
  4342.000000       1.0000       0.0000    
  4343.000000       1.0000       0.0000    
  4344.000000       1.0000       0.0000    
  4345.000000       1.0000       0.0000    
  4346.000000       1.0000       0.0000    
  4347.000000       1.0000       0.0000    
  4348.000000       1.0000       0.0000    
  4349.000000       1.0000       0.0000    
  4350.000000       1.0000       0.0000    
  4351.000000       1.0000       711.76    
  4352.000000       1.0000       1052.0    
  4353.000000       1.0000       1181.9    
  4354.000000       1.0000       1644.5    
  4355.000000       1.0000       2636.2    
  4356.000000       1.0000       2212.1    
  4357.000000       1.0000       1642.0    
  4358.000000       1.0000       730.61    
  4359.000000       1.0000       865.45    
  4360.000000       1.0000       559.74    
  4361.000000       1.0000       393.60    
  4362.000000       1.0000       98.829    
  4363.000000       1.0000       0.0000    
  4364.000000       1.0000       0.0000    
  4365.000000       1.0000       0.0000    
  4366.000000       1.0000       0.0000    
  4367.000000       1.0000       0.0000    
  4368.000000       1.0000       0.0000    
  4369.000000       1.0000       0.0000    
  4370.000000       1.0000       0.0000    
  4371.000000       1.0000       0.0000    
  4372.000000       1.0000       0.0000    
  4373.000000       1.0000       0.0000    
  4374.000000       1.0000       0.0000    
  4375.000000       1.0000       0.0000    
  4376.000000       1.0000       0.0000    
  4377.000000       1.0000       0.0000    
  4378.000000       1.0000       0.0000    
  4379.000000       1.0000       0.0000    
  4380.000000       1.0000       0.0000    
  4381.000000       1.0000       0.0000    
  4382.000000       1.0000       0.0000    
  4383.000000       1.0000       0.0000    
  4384.000000       1.0000       0.0000    
  4385.000000       1.0000       0.0000    
  4386.000000       1.0000       0.0000    
  4387.000000       1.0000       0.0000    
  4388.000000       1.0000       0.0000    
  4389.000000       1.0000       0.0000    
  4390.000000       1.0000       0.0000    
  4391.000000       1.0000       0.0000    
  4392.000000       1.0000       0.0000    
  4393.000000       1.0000       0.0000    
  4394.000000       1.0000       0.0000    
  4395.000000       1.0000       0.0000    
  4396.000000       1.0000       0.0000    
  4397.000000       1.0000       0.0000    
  4398.000000       1.0000       0.0000    
  4399.000000       1.0000       445.80    
  4400.000000       1.0000       735.58    
  4401.000000       1.0000       991.33    
  4402.000000       1.0000       1054.8    
  4403.000000       1.0000       1848.1    
  4404.000000       1.0000       1188.2    
  4405.000000       1.0000       1046.5    
  4406.000000       1.0000       610.35    
  4407.000000       1.0000       405.73    
  4408.000000       1.0000       381.49    
  4409.000000       1.0000       531.76    
  4410.000000       1.0000       207.64    
  4411.000000       1.0000       0.0000    
  4412.000000       1.0000       0.0000    
  4413.000000       1.0000       0.0000    
  4414.000000       1.0000       0.0000    
  4415.000000       1.0000       0.0000    
  4416.000000       1.0000       0.0000    
  4417.000000       1.0000       0.0000    
  4418.000000       1.0000       0.0000    
  4419.000000       1.0000       0.0000    
  4420.000000       1.0000       0.0000    
  4421.000000       1.0000       0.0000    
  4422.000000       1.0000       0.0000    
  4423.000000       1.0000       0.0000    
  4424.000000       1.0000       160.52    
  4425.000000       1.0000       525.57    
  4426.000000       1.0000       311.41    
  4427.000000       1.0000       311.09    
  4428.000000       1.0000       479.88    
  4429.000000       1.0000       766.29    
  4430.000000       1.0000       170.67    
  4431.000000       1.0000       207.21    
  4432.000000       1.0000       249.02    
  4433.000000       1.0000       96.295    
  4434.000000       1.0000       0.0000    
  4435.000000       1.0000       0.0000    
  4436.000000       1.0000       0.0000    
  4437.000000       1.0000       0.0000    
  4438.000000       1.0000       0.0000    
  4439.000000       1.0000       0.0000    
  4440.000000       1.0000       0.0000    
  4441.000000       1.0000       0.0000    
  4442.000000       1.0000       0.0000    
  4443.000000       1.0000       0.0000    
  4444.000000       1.0000       0.0000    
  4445.000000       1.0000       0.0000    
  4446.000000       1.0000       0.0000    
  4447.000000       1.0000       0.0000    
  4448.000000       1.0000       0.0000    
  4449.000000       1.0000       0.0000    
  4450.000000       1.0000       101.89    
  4451.000000       1.0000       200.81    
  4452.000000       1.0000       618.26    
  4453.000000       1.0000       999.31    
  4454.000000       1.0000       1111.4    
  4455.000000       1.0000       835.62    
  4456.000000       1.0000       802.88    
  4457.000000       1.0000       535.58    
  4458.000000       1.0000       153.05    
  4459.000000       1.0000       0.0000    
  4460.000000       1.0000       0.0000    
  4461.000000       1.0000       0.0000    
  4462.000000       1.0000       0.0000    
  4463.000000       1.0000       0.0000    
  4464.000000       1.0000       0.0000    
  4465.000000       1.0000       0.0000    
  4466.000000       1.0000       0.0000    
  4467.000000       1.0000       0.0000    
  4468.000000       1.0000       0.0000    
  4469.000000       1.0000       0.0000    
  4470.000000       1.0000       120.88    
  4471.000000       1.0000       562.20    
  4472.000000       1.0000       842.83    
  4473.000000       1.0000       740.19    
  4474.000000       1.0000       1115.0    
  4475.000000       1.0000       1147.6    
  4476.000000       1.0000       1045.9    
  4477.000000       1.0000       479.84    
  4478.000000       1.0000       199.33    
  4479.000000       1.0000       88.512    
  4480.000000       1.0000       0.0000    
  4481.000000       1.0000       284.71    
  4482.000000       1.0000       91.913    
  4483.000000       1.0000       0.0000    
  4484.000000       1.0000       0.0000    
  4485.000000       1.0000       0.0000    
  4486.000000       1.0000       0.0000    
  4487.000000       1.0000       0.0000    
  4488.000000       1.0000       0.0000    
  4489.000000       1.0000       0.0000    
  4490.000000       1.0000       0.0000    
  4491.000000       1.0000       0.0000    
  4492.000000       1.0000       0.0000    
  4493.000000       1.0000       0.0000    
  4494.000000       1.0000       0.0000    
  4495.000000       1.0000       476.12    
  4496.000000       1.0000       1218.7    
  4497.000000       1.0000       977.63    
  4498.000000       1.0000       1126.0    
  4499.000000       1.0000       769.79    
  4500.000000       1.0000       1237.7    
  4501.000000       1.0000       1305.5    
  4502.000000       1.0000       1494.8    
  4503.000000       1.0000       1033.0    
  4504.000000       1.0000       345.91    
  4505.000000       1.0000       390.81    
  4506.000000       1.0000       280.85    
  4507.000000       1.0000       0.0000    
  4508.000000       1.0000       0.0000    
  4509.000000       1.0000       0.0000    
  4510.000000       1.0000       0.0000    
  4511.000000       1.0000       0.0000    
  4512.000000       1.0000       0.0000    
  4513.000000       1.0000       0.0000    
  4514.000000       1.0000       0.0000    
  4515.000000       1.0000       0.0000    
  4516.000000       1.0000       0.0000    
  4517.000000       1.0000       0.0000    
  4518.000000       1.0000       75.201    
  4519.000000       1.0000       456.03    
  4520.000000       1.0000       1061.8    
  4521.000000       1.0000       1450.6    
  4522.000000       1.0000       1799.6    
  4523.000000       1.0000       2251.2    
  4524.000000       1.0000       1621.5    
  4525.000000       1.0000       610.02    
  4526.000000       1.0000       1082.2    
  4527.000000       1.0000       1818.7    
  4528.000000       1.0000       1375.8    
  4529.000000       1.0000       836.56    
  4530.000000       1.0000       294.76    
  4531.000000       1.0000       0.0000    
  4532.000000       1.0000       0.0000    
  4533.000000       1.0000       0.0000    
  4534.000000       1.0000       0.0000    
  4535.000000       1.0000       0.0000    
  4536.000000       1.0000       0.0000    
  4537.000000       1.0000       0.0000    
  4538.000000       1.0000       0.0000    
  4539.000000       1.0000       0.0000    
  4540.000000       1.0000       0.0000    
  4541.000000       1.0000       0.0000    
  4542.000000       1.0000       167.91    
  4543.000000       1.0000       336.32    
  4544.000000       1.0000       1370.0    
  4545.000000       1.0000       1496.4    
  4546.000000       1.0000       1476.8    
  4547.000000       1.0000       2688.6    
  4548.000000       1.0000       2082.1    
  4549.000000       1.0000       2574.6    
  4550.000000       1.0000       1698.3    
  4551.000000       1.0000       1440.2    
  4552.000000       1.0000       1219.8    
  4553.000000       1.0000       532.78    
  4554.000000       1.0000       314.66    
  4555.000000       1.0000       0.0000    
  4556.000000       1.0000       0.0000    
  4557.000000       1.0000       0.0000    
  4558.000000       1.0000       0.0000    
  4559.000000       1.0000       0.0000    
  4560.000000       1.0000       0.0000    
  4561.000000       1.0000       0.0000    
  4562.000000       1.0000       0.0000    
  4563.000000       1.0000       0.0000    
  4564.000000       1.0000       0.0000    
  4565.000000       1.0000       0.0000    
  4566.000000       1.0000       173.03    
  4567.000000       1.0000       762.55    
  4568.000000       1.0000       1372.3    
  4569.000000       1.0000       1210.0    
  4570.000000       1.0000       1803.0    
  4571.000000       1.0000       1121.5    
  4572.000000       1.0000       1100.9    
  4573.000000       1.0000       1257.3    
  4574.000000       1.0000       721.62    
  4575.000000       1.0000       608.51    
  4576.000000       1.0000       384.81    
  4577.000000       1.0000       296.60    
  4578.000000       1.0000       0.0000    
  4579.000000       1.0000       0.0000    
  4580.000000       1.0000       0.0000    
  4581.000000       1.0000       0.0000    
  4582.000000       1.0000       0.0000    
  4583.000000       1.0000       0.0000    
  4584.000000       1.0000       0.0000    
  4585.000000       1.0000       0.0000    
  4586.000000       1.0000       0.0000    
  4587.000000       1.0000       0.0000    
  4588.000000       1.0000       0.0000    
  4589.000000       1.0000       0.0000    
  4590.000000       1.0000       0.0000    
  4591.000000       1.0000       673.71    
  4592.000000       1.0000       754.75    
  4593.000000       1.0000       553.86    
  4594.000000       1.0000       1707.9    
  4595.000000       1.0000       2238.7    
  4596.000000       1.0000       2108.7    
  4597.000000       1.0000       2064.2    
  4598.000000       1.0000       1735.3    
  4599.000000       1.0000       1416.2    
  4600.000000       1.0000       972.23    
  4601.000000       1.0000       537.58    
  4602.000000       1.0000       170.03    
  4603.000000       1.0000       0.0000    
  4604.000000       1.0000       0.0000    
  4605.000000       1.0000       0.0000    
  4606.000000       1.0000       0.0000    
  4607.000000       1.0000       0.0000    
  4608.000000       1.0000       0.0000    
  4609.000000       1.0000       0.0000    
  4610.000000       1.0000       0.0000    
  4611.000000       1.0000       0.0000    
  4612.000000       1.0000       0.0000    
  4613.000000       1.0000       0.0000    
  4614.000000       1.0000       85.444    
  4615.000000       1.0000       666.49    
  4616.000000       1.0000       1077.3    
  4617.000000       1.0000       1256.5    
  4618.000000       1.0000       2371.1    
  4619.000000       1.0000       1872.3    
  4620.000000       1.0000       1284.0    
  4621.000000       1.0000       2217.3    
  4622.000000       1.0000       2017.4    
  4623.000000       1.0000       1517.1    
  4624.000000       1.0000       1379.9    
  4625.000000       1.0000       815.62    
  4626.000000       1.0000       291.81    
  4627.000000       1.0000       0.0000    
  4628.000000       1.0000       0.0000    
  4629.000000       1.0000       0.0000    
  4630.000000       1.0000       0.0000    
  4631.000000       1.0000       0.0000    
  4632.000000       1.0000       0.0000    
  4633.000000       1.0000       0.0000    
  4634.000000       1.0000       0.0000    
  4635.000000       1.0000       0.0000    
  4636.000000       1.0000       0.0000    
  4637.000000       1.0000       0.0000    
  4638.000000       1.0000       117.50    
  4639.000000       1.0000       441.87    
  4640.000000       1.0000       1366.3    
  4641.000000       1.0000       1586.7    
  4642.000000       1.0000       1712.5    
  4643.000000       1.0000       2242.0    
  4644.000000       1.0000       1682.8    
  4645.000000       1.0000       1854.4    
  4646.000000       1.0000       1254.2    
  4647.000000       1.0000       458.89    
  4648.000000       1.0000       177.23    
  4649.000000       1.0000       289.04    
  4650.000000       1.0000       241.34    
  4651.000000       1.0000       0.0000    
  4652.000000       1.0000       0.0000    
  4653.000000       1.0000       0.0000    
  4654.000000       1.0000       0.0000    
  4655.000000       1.0000       0.0000    
  4656.000000       1.0000       0.0000    
  4657.000000       1.0000       0.0000    
  4658.000000       1.0000       0.0000    
  4659.000000       1.0000       0.0000    
  4660.000000       1.0000       0.0000    
  4661.000000       1.0000       0.0000    
  4662.000000       1.0000       0.0000    
  4663.000000       1.0000       0.0000    
  4664.000000       1.0000       0.0000    
  4665.000000       1.0000       181.97    
  4666.000000       1.0000       195.49    
  4667.000000       1.0000       132.63    
  4668.000000       1.0000       110.79    
  4669.000000       1.0000       0.0000    
  4670.000000       1.0000       159.39    
  4671.000000       1.0000       255.11    
  4672.000000       1.0000       283.71    
  4673.000000       1.0000       173.15    
  4674.000000       1.0000       154.82    
  4675.000000       1.0000       0.0000    
  4676.000000       1.0000       0.0000    
  4677.000000       1.0000       0.0000    
  4678.000000       1.0000       0.0000    
  4679.000000       1.0000       0.0000    
  4680.000000       1.0000       0.0000    
  4681.000000       1.0000       0.0000    
  4682.000000       1.0000       0.0000    
  4683.000000       1.0000       0.0000    
  4684.000000       1.0000       0.0000    
  4685.000000       1.0000       0.0000    
  4686.000000       1.0000       0.0000    
  4687.000000       1.0000       0.0000    
  4688.000000       1.0000       378.62    
  4689.000000       1.0000       773.28    
  4690.000000       1.0000       1078.7    
  4691.000000       1.0000       1914.3    
  4692.000000       1.0000       1562.6    
  4693.000000       1.0000       2284.1    
  4694.000000       1.0000       1202.4    
  4695.000000       1.0000       585.72    
  4696.000000       1.0000       366.18    
  4697.000000       1.0000       288.45    
  4698.000000       1.0000       133.75    
  4699.000000       1.0000       0.0000    
  4700.000000       1.0000       0.0000    
  4701.000000       1.0000       0.0000    
  4702.000000       1.0000       0.0000    
  4703.000000       1.0000       0.0000    
  4704.000000       1.0000       0.0000    
  4705.000000       1.0000       0.0000    
  4706.000000       1.0000       0.0000    
  4707.000000       1.0000       0.0000    
  4708.000000       1.0000       0.0000    
  4709.000000       1.0000       0.0000    
  4710.000000       1.0000       0.0000    
  4711.000000       1.0000       0.0000    
  4712.000000       1.0000       0.0000    
  4713.000000       1.0000       216.62    
  4714.000000       1.0000       613.76    
  4715.000000       1.0000       729.88    
  4716.000000       1.0000       1250.8    
  4717.000000       1.0000       1449.6    
  4718.000000       1.0000       1314.9    
  4719.000000       1.0000       1635.4    
  4720.000000       1.0000       1093.3    
  4721.000000       1.0000       658.58    
  4722.000000       1.0000       297.32    
  4723.000000       1.0000       0.0000    
  4724.000000       1.0000       0.0000    
  4725.000000       1.0000       0.0000    
  4726.000000       1.0000       0.0000    
  4727.000000       1.0000       0.0000    
  4728.000000       1.0000       0.0000    
  4729.000000       1.0000       0.0000    
  4730.000000       1.0000       0.0000    
  4731.000000       1.0000       0.0000    
  4732.000000       1.0000       0.0000    
  4733.000000       1.0000       0.0000    
  4734.000000       1.0000       0.0000    
  4735.000000       1.0000       721.77    
  4736.000000       1.0000       1184.8    
  4737.000000       1.0000       2040.0    
  4738.000000       1.0000       2559.7    
  4739.000000       1.0000       2825.1    
  4740.000000       1.0000       2783.5    
  4741.000000       1.0000       2881.1    
  4742.000000       1.0000       2437.9    
  4743.000000       1.0000       2116.3    
  4744.000000       1.0000       1385.3    
  4745.000000       1.0000       880.31    
  4746.000000       1.0000       270.36    
  4747.000000       1.0000       0.0000    
  4748.000000       1.0000       0.0000    
  4749.000000       1.0000       0.0000    
  4750.000000       1.0000       0.0000    
  4751.000000       1.0000       0.0000    
  4752.000000       1.0000       0.0000    
  4753.000000       1.0000       0.0000    
  4754.000000       1.0000       0.0000    
  4755.000000       1.0000       0.0000    
  4756.000000       1.0000       0.0000    
  4757.000000       1.0000       0.0000    
  4758.000000       1.0000       0.0000    
  4759.000000       1.0000       666.01    
  4760.000000       1.0000       1553.5    
  4761.000000       1.0000       1062.8    
  4762.000000       1.0000       1227.8    
  4763.000000       1.0000       1137.5    
  4764.000000       1.0000       986.58    
  4765.000000       1.0000       1003.9    
  4766.000000       1.0000       1186.1    
  4767.000000       1.0000       2011.1    
  4768.000000       1.0000       1118.3    
  4769.000000       1.0000       632.81    
  4770.000000       1.0000       89.471    
  4771.000000       1.0000       0.0000    
  4772.000000       1.0000       0.0000    
  4773.000000       1.0000       0.0000    
  4774.000000       1.0000       0.0000    
  4775.000000       1.0000       0.0000    
  4776.000000       1.0000       0.0000    
  4777.000000       1.0000       0.0000    
  4778.000000       1.0000       0.0000    
  4779.000000       1.0000       0.0000    
  4780.000000       1.0000       0.0000    
  4781.000000       1.0000       0.0000    
  4782.000000       1.0000       0.0000    
  4783.000000       1.0000       383.06    
  4784.000000       1.0000       629.00    
  4785.000000       1.0000       850.43    
  4786.000000       1.0000       1026.7    
  4787.000000       1.0000       1415.2    
  4788.000000       1.0000       1570.7    
  4789.000000       1.0000       1150.3    
  4790.000000       1.0000       518.45    
  4791.000000       1.0000       1023.1    
  4792.000000       1.0000       547.01    
  4793.000000       1.0000       260.32    
  4794.000000       1.0000       137.50    
  4795.000000       1.0000       0.0000    
  4796.000000       1.0000       0.0000    
  4797.000000       1.0000       0.0000    
  4798.000000       1.0000       0.0000    
  4799.000000       1.0000       0.0000    
  4800.000000       1.0000       0.0000    
  4801.000000       1.0000       0.0000    
  4802.000000       1.0000       0.0000    
  4803.000000       1.0000       0.0000    
  4804.000000       1.0000       0.0000    
  4805.000000       1.0000       0.0000    
  4806.000000       1.0000       0.0000    
  4807.000000       1.0000       0.0000    
  4808.000000       1.0000       356.95    
  4809.000000       1.0000       406.32    
  4810.000000       1.0000       916.81    
  4811.000000       1.0000       1085.5    
  4812.000000       1.0000       1871.0    
  4813.000000       1.0000       1451.5    
  4814.000000       1.0000       2507.4    
  4815.000000       1.0000       1843.1    
  4816.000000       1.0000       1254.7    
  4817.000000       1.0000       842.42    
  4818.000000       1.0000       273.31    
  4819.000000       1.0000       0.0000    
  4820.000000       1.0000       0.0000    
  4821.000000       1.0000       0.0000    
  4822.000000       1.0000       0.0000    
  4823.000000       1.0000       0.0000    
  4824.000000       1.0000       0.0000    
  4825.000000       1.0000       0.0000    
  4826.000000       1.0000       0.0000    
  4827.000000       1.0000       0.0000    
  4828.000000       1.0000       0.0000    
  4829.000000       1.0000       0.0000    
  4830.000000       1.0000       0.0000    
  4831.000000       1.0000       573.38    
  4832.000000       1.0000       1232.2    
  4833.000000       1.0000       1755.9    
  4834.000000       1.0000       2122.9    
  4835.000000       1.0000       2056.5    
  4836.000000       1.0000       2351.8    
  4837.000000       1.0000       2598.9    
  4838.000000       1.0000       703.43    
  4839.000000       1.0000       122.59    
  4840.000000       1.0000       760.30    
  4841.000000       1.0000       392.01    
  4842.000000       1.0000       185.45    
  4843.000000       1.0000       0.0000    
  4844.000000       1.0000       0.0000    
  4845.000000       1.0000       0.0000    
  4846.000000       1.0000       0.0000    
  4847.000000       1.0000       0.0000    
  4848.000000       1.0000       0.0000    
  4849.000000       1.0000       0.0000    
  4850.000000       1.0000       0.0000    
  4851.000000       1.0000       0.0000    
  4852.000000       1.0000       0.0000    
  4853.000000       1.0000       0.0000    
  4854.000000       1.0000       0.0000    
  4855.000000       1.0000       840.47    
  4856.000000       1.0000       1546.2    
  4857.000000       1.0000       2130.5    
  4858.000000       1.0000       1080.8    
  4859.000000       1.0000       671.54    
  4860.000000       1.0000       1582.3    
  4861.000000       1.0000       1226.4    
  4862.000000       1.0000       1111.5    
  4863.000000       1.0000       2408.6    
  4864.000000       1.0000       1493.2    
  4865.000000       1.0000       744.54    
  4866.000000       1.0000       267.63    
  4867.000000       1.0000       0.0000    
  4868.000000       1.0000       0.0000    
  4869.000000       1.0000       0.0000    
  4870.000000       1.0000       0.0000    
  4871.000000       1.0000       0.0000    
  4872.000000       1.0000       0.0000    
  4873.000000       1.0000       0.0000    
  4874.000000       1.0000       0.0000    
  4875.000000       1.0000       0.0000    
  4876.000000       1.0000       0.0000    
  4877.000000       1.0000       0.0000    
  4878.000000       1.0000       112.93    
  4879.000000       1.0000       400.80    
  4880.000000       1.0000       1083.0    
  4881.000000       1.0000       1372.1    
  4882.000000       1.0000       514.52    
  4883.000000       1.0000       1213.6    
  4884.000000       1.0000       1030.7    
  4885.000000       1.0000       2863.7    
  4886.000000       1.0000       2735.9    
  4887.000000       1.0000       2207.2    
  4888.000000       1.0000       1418.5    
  4889.000000       1.0000       920.72    
  4890.000000       1.0000       231.31    
  4891.000000       1.0000       0.0000    
  4892.000000       1.0000       0.0000    
  4893.000000       1.0000       0.0000    
  4894.000000       1.0000       0.0000    
  4895.000000       1.0000       0.0000    
  4896.000000       1.0000       0.0000    
  4897.000000       1.0000       0.0000    
  4898.000000       1.0000       0.0000    
  4899.000000       1.0000       0.0000    
  4900.000000       1.0000       0.0000    
  4901.000000       1.0000       0.0000    
  4902.000000       1.0000       0.0000    
  4903.000000       1.0000       0.0000    
  4904.000000       1.0000       87.905    
  4905.000000       1.0000       102.34    
  4906.000000       1.0000       81.845    
  4907.000000       1.0000       171.55    
  4908.000000       1.0000       113.99    
  4909.000000       1.0000       228.99    
  4910.000000       1.0000       710.85    
  4911.000000       1.0000       540.08    
  4912.000000       1.0000       317.51    
  4913.000000       1.0000       446.63    
  4914.000000       1.0000       169.71    
  4915.000000       1.0000       0.0000    
  4916.000000       1.0000       0.0000    
  4917.000000       1.0000       0.0000    
  4918.000000       1.0000       0.0000    
  4919.000000       1.0000       0.0000    
  4920.000000       1.0000       0.0000    
  4921.000000       1.0000       0.0000    
  4922.000000       1.0000       0.0000    
  4923.000000       1.0000       0.0000    
  4924.000000       1.0000       0.0000    
  4925.000000       1.0000       0.0000    
  4926.000000       1.0000       77.367    
  4927.000000       1.0000       264.58    
  4928.000000       1.0000       1129.9    
  4929.000000       1.0000       1947.6    
  4930.000000       1.0000       2444.6    
  4931.000000       1.0000       2716.5    
  4932.000000       1.0000       2489.3    
  4933.000000       1.0000       2417.3    
  4934.000000       1.0000       2095.0    
  4935.000000       1.0000       1169.4    
  4936.000000       1.0000       855.05    
  4937.000000       1.0000       491.76    
  4938.000000       1.0000       191.87    
  4939.000000       1.0000       0.0000    
  4940.000000       1.0000       0.0000    
  4941.000000       1.0000       0.0000    
  4942.000000       1.0000       0.0000    
  4943.000000       1.0000       0.0000    
  4944.000000       1.0000       0.0000    
  4945.000000       1.0000       0.0000    
  4946.000000       1.0000       0.0000    
  4947.000000       1.0000       0.0000    
  4948.000000       1.0000       0.0000    
  4949.000000       1.0000       0.0000    
  4950.000000       1.0000       139.55    
  4951.000000       1.0000       364.34    
  4952.000000       1.0000       348.58    
  4953.000000       1.0000       342.82    
  4954.000000       1.0000       122.12    
  4955.000000       1.0000       138.08    
  4956.000000       1.0000       281.58    
  4957.000000       1.0000       494.60    
  4958.000000       1.0000       886.39    
  4959.000000       1.0000       215.28    
  4960.000000       1.0000       0.0000    
  4961.000000       1.0000       0.0000    
  4962.000000       1.0000       0.0000    
  4963.000000       1.0000       0.0000    
  4964.000000       1.0000       0.0000    
  4965.000000       1.0000       0.0000    
  4966.000000       1.0000       0.0000    
  4967.000000       1.0000       0.0000    
  4968.000000       1.0000       0.0000    
  4969.000000       1.0000       0.0000    
  4970.000000       1.0000       0.0000    
  4971.000000       1.0000       0.0000    
  4972.000000       1.0000       0.0000    
  4973.000000       1.0000       0.0000    
  4974.000000       1.0000       126.20    
  4975.000000       1.0000       404.53    
  4976.000000       1.0000       631.27    
  4977.000000       1.0000       1138.3    
  4978.000000       1.0000       2289.4    
  4979.000000       1.0000       2292.6    
  4980.000000       1.0000       2062.7    
  4981.000000       1.0000       1541.1    
  4982.000000       1.0000       1423.0    
  4983.000000       1.0000       1719.3    
  4984.000000       1.0000       1366.7    
  4985.000000       1.0000       888.40    
  4986.000000       1.0000       218.70    
  4987.000000       1.0000       0.0000    
  4988.000000       1.0000       0.0000    
  4989.000000       1.0000       0.0000    
  4990.000000       1.0000       0.0000    
  4991.000000       1.0000       0.0000    
  4992.000000       1.0000       0.0000    
  4993.000000       1.0000       0.0000    
  4994.000000       1.0000       0.0000    
  4995.000000       1.0000       0.0000    
  4996.000000       1.0000       0.0000    
  4997.000000       1.0000       0.0000    
  4998.000000       1.0000       0.0000    
  4999.000000       1.0000       0.0000    
  5000.000000       1.0000       0.0000    
  5001.000000       1.0000       0.0000    
  5002.000000       1.0000       183.89    
  5003.000000       1.0000       186.79    
  5004.000000       1.0000       217.16    
  5005.000000       1.0000       217.45    
  5006.000000       1.0000       631.58    
  5007.000000       1.0000       572.39    
  5008.000000       1.0000       796.30    
  5009.000000       1.0000       604.65    
  5010.000000       1.0000       190.17    
  5011.000000       1.0000       0.0000    
  5012.000000       1.0000       0.0000    
  5013.000000       1.0000       0.0000    
  5014.000000       1.0000       0.0000    
  5015.000000       1.0000       0.0000    
  5016.000000       1.0000       0.0000    
  5017.000000       1.0000       0.0000    
  5018.000000       1.0000       0.0000    
  5019.000000       1.0000       0.0000    
  5020.000000       1.0000       0.0000    
  5021.000000       1.0000       0.0000    
  5022.000000       1.0000       0.0000    
  5023.000000       1.0000       146.55    
  5024.000000       1.0000       256.73    
  5025.000000       1.0000       710.95    
  5026.000000       1.0000       762.78    
  5027.000000       1.0000       316.98    
  5028.000000       1.0000       170.25    
  5029.000000       1.0000       156.14    
  5030.000000       1.0000       223.68    
  5031.000000       1.0000       353.80    
  5032.000000       1.0000       402.89    
  5033.000000       1.0000       0.0000    
  5034.000000       1.0000       0.0000    
  5035.000000       1.0000       0.0000    
  5036.000000       1.0000       0.0000    
  5037.000000       1.0000       0.0000    
  5038.000000       1.0000       0.0000    
  5039.000000       1.0000       0.0000    
  5040.000000       1.0000       0.0000    
  5041.000000       1.0000       0.0000    
  5042.000000       1.0000       0.0000    
  5043.000000       1.0000       0.0000    
  5044.000000       1.0000       0.0000    
  5045.000000       1.0000       0.0000    
  5046.000000       1.0000       0.0000    
  5047.000000       1.0000       121.98    
  5048.000000       1.0000       366.99    
  5049.000000       1.0000       433.83    
  5050.000000       1.0000       476.76    
  5051.000000       1.0000       613.32    
  5052.000000       1.0000       877.93    
  5053.000000       1.0000       1376.1    
  5054.000000       1.0000       1585.4    
  5055.000000       1.0000       580.91    
  5056.000000       1.0000       357.03    
  5057.000000       1.0000       0.0000    
  5058.000000       1.0000       0.0000    
  5059.000000       1.0000       0.0000    
  5060.000000       1.0000       0.0000    
  5061.000000       1.0000       0.0000    
  5062.000000       1.0000       0.0000    
  5063.000000       1.0000       0.0000    
  5064.000000       1.0000       0.0000    
  5065.000000       1.0000       0.0000    
  5066.000000       1.0000       0.0000    
  5067.000000       1.0000       0.0000    
  5068.000000       1.0000       0.0000    
  5069.000000       1.0000       0.0000    
  5070.000000       1.0000       79.550    
  5071.000000       1.0000       407.67    
  5072.000000       1.0000       540.07    
  5073.000000       1.0000       2011.0    
  5074.000000       1.0000       2324.3    
  5075.000000       1.0000       2897.3    
  5076.000000       1.0000       2784.8    
  5077.000000       1.0000       1978.8    
  5078.000000       1.0000       2112.3    
  5079.000000       1.0000       1571.2    
  5080.000000       1.0000       1504.9    
  5081.000000       1.0000       359.55    
  5082.000000       1.0000       188.20    
  5083.000000       1.0000       0.0000    
  5084.000000       1.0000       0.0000    
  5085.000000       1.0000       0.0000    
  5086.000000       1.0000       0.0000    
  5087.000000       1.0000       0.0000    
  5088.000000       1.0000       0.0000    
  5089.000000       1.0000       0.0000    
  5090.000000       1.0000       0.0000    
  5091.000000       1.0000       0.0000    
  5092.000000       1.0000       0.0000    
  5093.000000       1.0000       0.0000    
  5094.000000       1.0000       0.0000    
  5095.000000       1.0000       652.43    
  5096.000000       1.0000       1354.2    
  5097.000000       1.0000       2156.8    
  5098.000000       1.0000       2617.2    
  5099.000000       1.0000       2719.6    
  5100.000000       1.0000       1952.9    
  5101.000000       1.0000       1734.0    
  5102.000000       1.0000       1740.7    
  5103.000000       1.0000       1713.9    
  5104.000000       1.0000       653.29    
  5105.000000       1.0000       296.45    
  5106.000000       1.0000       172.24    
  5107.000000       1.0000       0.0000    
  5108.000000       1.0000       0.0000    
  5109.000000       1.0000       0.0000    
  5110.000000       1.0000       0.0000    
  5111.000000       1.0000       0.0000    
  5112.000000       1.0000       0.0000    
  5113.000000       1.0000       0.0000    
  5114.000000       1.0000       0.0000    
  5115.000000       1.0000       0.0000    
  5116.000000       1.0000       0.0000    
  5117.000000       1.0000       0.0000    
  5118.000000       1.0000       0.0000    
  5119.000000       1.0000       283.02    
  5120.000000       1.0000       115.92    
  5121.000000       1.0000       0.0000    
  5122.000000       1.0000       82.381    
  5123.000000       1.0000       268.47    
  5124.000000       1.0000       335.44    
  5125.000000       1.0000       312.90    
  5126.000000       1.0000       171.58    
  5127.000000       1.0000       231.06    
  5128.000000       1.0000       256.43    
  5129.000000       1.0000       210.84    
  5130.000000       1.0000       154.88    
  5131.000000       1.0000       0.0000    
  5132.000000       1.0000       0.0000    
  5133.000000       1.0000       0.0000    
  5134.000000       1.0000       0.0000    
  5135.000000       1.0000       0.0000    
  5136.000000       1.0000       0.0000    
  5137.000000       1.0000       0.0000    
  5138.000000       1.0000       0.0000    
  5139.000000       1.0000       0.0000    
  5140.000000       1.0000       0.0000    
  5141.000000       1.0000       0.0000    
  5142.000000       1.0000       0.0000    
  5143.000000       1.0000       186.53    
  5144.000000       1.0000       678.81    
  5145.000000       1.0000       1146.6    
  5146.000000       1.0000       1622.5    
  5147.000000       1.0000       1340.2    
  5148.000000       1.0000       1635.6    
  5149.000000       1.0000       557.02    
  5150.000000       1.0000       1777.7    
  5151.000000       1.0000       1354.8    
  5152.000000       1.0000       1012.0    
  5153.000000       1.0000       655.14    
  5154.000000       1.0000       205.21    
  5155.000000       1.0000       0.0000    
  5156.000000       1.0000       0.0000    
  5157.000000       1.0000       0.0000    
  5158.000000       1.0000       0.0000    
  5159.000000       1.0000       0.0000    
  5160.000000       1.0000       0.0000    
  5161.000000       1.0000       0.0000    
  5162.000000       1.0000       0.0000    
  5163.000000       1.0000       0.0000    
  5164.000000       1.0000       0.0000    
  5165.000000       1.0000       0.0000    
  5166.000000       1.0000       0.0000    
  5167.000000       1.0000       543.85    
  5168.000000       1.0000       1315.1    
  5169.000000       1.0000       1584.5    
  5170.000000       1.0000       1997.6    
  5171.000000       1.0000       2801.9    
  5172.000000       1.0000       1980.3    
  5173.000000       1.0000       2532.6    
  5174.000000       1.0000       2175.0    
  5175.000000       1.0000       1221.1    
  5176.000000       1.0000       1245.8    
  5177.000000       1.0000       654.57    
  5178.000000       1.0000       163.28    
  5179.000000       1.0000       0.0000    
  5180.000000       1.0000       0.0000    
  5181.000000       1.0000       0.0000    
  5182.000000       1.0000       0.0000    
  5183.000000       1.0000       0.0000    
  5184.000000       1.0000       0.0000    
  5185.000000       1.0000       0.0000    
  5186.000000       1.0000       0.0000    
  5187.000000       1.0000       0.0000    
  5188.000000       1.0000       0.0000    
  5189.000000       1.0000       0.0000    
  5190.000000       1.0000       0.0000    
  5191.000000       1.0000       121.16    
  5192.000000       1.0000       111.50    
  5193.000000       1.0000       174.15    
  5194.000000       1.0000       339.39    
  5195.000000       1.0000       388.80    
  5196.000000       1.0000       99.373    
  5197.000000       1.0000       367.81    
  5198.000000       1.0000       516.90    
  5199.000000       1.0000       131.55    
  5200.000000       1.0000       0.0000    
  5201.000000       1.0000       0.0000    
  5202.000000       1.0000       0.0000    
  5203.000000       1.0000       0.0000    
  5204.000000       1.0000       0.0000    
  5205.000000       1.0000       0.0000    
  5206.000000       1.0000       0.0000    
  5207.000000       1.0000       0.0000    
  5208.000000       1.0000       0.0000    
  5209.000000       1.0000       0.0000    
  5210.000000       1.0000       0.0000    
  5211.000000       1.0000       0.0000    
  5212.000000       1.0000       0.0000    
  5213.000000       1.0000       0.0000    
  5214.000000       1.0000       0.0000    
  5215.000000       1.0000       392.32    
  5216.000000       1.0000       1330.4    
  5217.000000       1.0000       1800.2    
  5218.000000       1.0000       2566.4    
  5219.000000       1.0000       2748.0    
  5220.000000       1.0000       2837.2    
  5221.000000       1.0000       2712.2    
  5222.000000       1.0000       1406.2    
  5223.000000       1.0000       781.46    
  5224.000000       1.0000       672.62    
  5225.000000       1.0000       698.39    
  5226.000000       1.0000       182.03    
  5227.000000       1.0000       0.0000    
  5228.000000       1.0000       0.0000    
  5229.000000       1.0000       0.0000    
  5230.000000       1.0000       0.0000    
  5231.000000       1.0000       0.0000    
  5232.000000       1.0000       0.0000    
  5233.000000       1.0000       0.0000    
  5234.000000       1.0000       0.0000    
  5235.000000       1.0000       0.0000    
  5236.000000       1.0000       0.0000    
  5237.000000       1.0000       0.0000    
  5238.000000       1.0000       0.0000    
  5239.000000       1.0000       515.88    
  5240.000000       1.0000       1071.7    
  5241.000000       1.0000       1913.1    
  5242.000000       1.0000       2427.4    
  5243.000000       1.0000       2666.1    
  5244.000000       1.0000       2697.3    
  5245.000000       1.0000       2700.8    
  5246.000000       1.0000       2302.5    
  5247.000000       1.0000       1792.7    
  5248.000000       1.0000       1259.2    
  5249.000000       1.0000       446.09    
  5250.000000       1.0000       211.59    
  5251.000000       1.0000       0.0000    
  5252.000000       1.0000       0.0000    
  5253.000000       1.0000       0.0000    
  5254.000000       1.0000       0.0000    
  5255.000000       1.0000       0.0000    
  5256.000000       1.0000       0.0000    
  5257.000000       1.0000       0.0000    
  5258.000000       1.0000       0.0000    
  5259.000000       1.0000       0.0000    
  5260.000000       1.0000       0.0000    
  5261.000000       1.0000       0.0000    
  5262.000000       1.0000       0.0000    
  5263.000000       1.0000       594.85    
  5264.000000       1.0000       1346.0    
  5265.000000       1.0000       2180.7    
  5266.000000       1.0000       2526.5    
  5267.000000       1.0000       2853.5    
  5268.000000       1.0000       2849.2    
  5269.000000       1.0000       2524.3    
  5270.000000       1.0000       1874.4    
  5271.000000       1.0000       1705.6    
  5272.000000       1.0000       1143.3    
  5273.000000       1.0000       635.96    
  5274.000000       1.0000       207.94    
  5275.000000       1.0000       0.0000    
  5276.000000       1.0000       0.0000    
  5277.000000       1.0000       0.0000    
  5278.000000       1.0000       0.0000    
  5279.000000       1.0000       0.0000    
  5280.000000       1.0000       0.0000    
  5281.000000       1.0000       0.0000    
  5282.000000       1.0000       0.0000    
  5283.000000       1.0000       0.0000    
  5284.000000       1.0000       0.0000    
  5285.000000       1.0000       0.0000    
  5286.000000       1.0000       0.0000    
  5287.000000       1.0000       613.31    
  5288.000000       1.0000       1351.8    
  5289.000000       1.0000       1892.2    
  5290.000000       1.0000       2424.7    
  5291.000000       1.0000       2594.6    
  5292.000000       1.0000       2433.1    
  5293.000000       1.0000       2154.0    
  5294.000000       1.0000       2322.1    
  5295.000000       1.0000       1588.8    
  5296.000000       1.0000       1038.3    
  5297.000000       1.0000       679.59    
  5298.000000       1.0000       206.30    
  5299.000000       1.0000       0.0000    
  5300.000000       1.0000       0.0000    
  5301.000000       1.0000       0.0000    
  5302.000000       1.0000       0.0000    
  5303.000000       1.0000       0.0000    
  5304.000000       1.0000       0.0000    
  5305.000000       1.0000       0.0000    
  5306.000000       1.0000       0.0000    
  5307.000000       1.0000       0.0000    
  5308.000000       1.0000       0.0000    
  5309.000000       1.0000       0.0000    
  5310.000000       1.0000       0.0000    
  5311.000000       1.0000       275.97    
  5312.000000       1.0000       951.99    
  5313.000000       1.0000       1572.3    
  5314.000000       1.0000       1924.2    
  5315.000000       1.0000       1591.0    
  5316.000000       1.0000       1825.2    
  5317.000000       1.0000       1764.2    
  5318.000000       1.0000       1541.0    
  5319.000000       1.0000       551.19    
  5320.000000       1.0000       379.78    
  5321.000000       1.0000       0.0000    
  5322.000000       1.0000       132.78    
  5323.000000       1.0000       0.0000    
  5324.000000       1.0000       0.0000    
  5325.000000       1.0000       0.0000    
  5326.000000       1.0000       0.0000    
  5327.000000       1.0000       0.0000    
  5328.000000       1.0000       0.0000    
  5329.000000       1.0000       0.0000    
  5330.000000       1.0000       0.0000    
  5331.000000       1.0000       0.0000    
  5332.000000       1.0000       0.0000    
  5333.000000       1.0000       0.0000    
  5334.000000       1.0000       0.0000    
  5335.000000       1.0000       284.73    
  5336.000000       1.0000       761.77    
  5337.000000       1.0000       1379.2    
  5338.000000       1.0000       1736.9    
  5339.000000       1.0000       1737.1    
  5340.000000       1.0000       1755.1    
  5341.000000       1.0000       2340.4    
  5342.000000       1.0000       1609.6    
  5343.000000       1.0000       1379.4    
  5344.000000       1.0000       979.42    
  5345.000000       1.0000       387.31    
  5346.000000       1.0000       74.744    
  5347.000000       1.0000       0.0000    
  5348.000000       1.0000       0.0000    
  5349.000000       1.0000       0.0000    
  5350.000000       1.0000       0.0000    
  5351.000000       1.0000       0.0000    
  5352.000000       1.0000       0.0000    
  5353.000000       1.0000       0.0000    
  5354.000000       1.0000       0.0000    
  5355.000000       1.0000       0.0000    
  5356.000000       1.0000       0.0000    
  5357.000000       1.0000       0.0000    
  5358.000000       1.0000       0.0000    
  5359.000000       1.0000       333.19    
  5360.000000       1.0000       564.96    
  5361.000000       1.0000       1357.3    
  5362.000000       1.0000       2274.5    
  5363.000000       1.0000       2134.7    
  5364.000000       1.0000       2318.2    
  5365.000000       1.0000       1916.4    
  5366.000000       1.0000       1550.3    
  5367.000000       1.0000       449.66    
  5368.000000       1.0000       1288.5    
  5369.000000       1.0000       753.90    
  5370.000000       1.0000       164.90    
  5371.000000       1.0000       0.0000    
  5372.000000       1.0000       0.0000    
  5373.000000       1.0000       0.0000    
  5374.000000       1.0000       0.0000    
  5375.000000       1.0000       0.0000    
  5376.000000       1.0000       0.0000    
  5377.000000       1.0000       0.0000    
  5378.000000       1.0000       0.0000    
  5379.000000       1.0000       0.0000    
  5380.000000       1.0000       0.0000    
  5381.000000       1.0000       0.0000    
  5382.000000       1.0000       0.0000    
  5383.000000       1.0000       623.32    
  5384.000000       1.0000       1370.0    
  5385.000000       1.0000       1960.6    
  5386.000000       1.0000       2344.7    
  5387.000000       1.0000       2739.1    
  5388.000000       1.0000       2825.0    
  5389.000000       1.0000       2398.3    
  5390.000000       1.0000       2085.3    
  5391.000000       1.0000       1919.9    
  5392.000000       1.0000       1226.6    
  5393.000000       1.0000       634.45    
  5394.000000       1.0000       179.31    
  5395.000000       1.0000       0.0000    
  5396.000000       1.0000       0.0000    
  5397.000000       1.0000       0.0000    
  5398.000000       1.0000       0.0000    
  5399.000000       1.0000       0.0000    
  5400.000000       1.0000       0.0000    
  5401.000000       1.0000       0.0000    
  5402.000000       1.0000       0.0000    
  5403.000000       1.0000       0.0000    
  5404.000000       1.0000       0.0000    
  5405.000000       1.0000       0.0000    
  5406.000000       1.0000       0.0000    
  5407.000000       1.0000       536.54    
  5408.000000       1.0000       1297.7    
  5409.000000       1.0000       2248.6    
  5410.000000       1.0000       2530.6    
  5411.000000       1.0000       2786.4    
  5412.000000       1.0000       2859.1    
  5413.000000       1.0000       2761.2    
  5414.000000       1.0000       2412.2    
  5415.000000       1.0000       2015.5    
  5416.000000       1.0000       1270.3    
  5417.000000       1.0000       508.33    
  5418.000000       1.0000       139.46    
  5419.000000       1.0000       0.0000    
  5420.000000       1.0000       0.0000    
  5421.000000       1.0000       0.0000    
  5422.000000       1.0000       0.0000    
  5423.000000       1.0000       0.0000    
  5424.000000       1.0000       0.0000    
  5425.000000       1.0000       0.0000    
  5426.000000       1.0000       0.0000    
  5427.000000       1.0000       0.0000    
  5428.000000       1.0000       0.0000    
  5429.000000       1.0000       0.0000    
  5430.000000       1.0000       0.0000    
  5431.000000       1.0000       556.28    
  5432.000000       1.0000       1308.2    
  5433.000000       1.0000       2059.5    
  5434.000000       1.0000       2488.4    
  5435.000000       1.0000       2760.3    
  5436.000000       1.0000       2805.3    
  5437.000000       1.0000       2694.5    
  5438.000000       1.0000       2366.0    
  5439.000000       1.0000       1907.5    
  5440.000000       1.0000       1266.7    
  5441.000000       1.0000       597.59    
  5442.000000       1.0000       157.07    
  5443.000000       1.0000       0.0000    
  5444.000000       1.0000       0.0000    
  5445.000000       1.0000       0.0000    
  5446.000000       1.0000       0.0000    
  5447.000000       1.0000       0.0000    
  5448.000000       1.0000       0.0000    
  5449.000000       1.0000       0.0000    
  5450.000000       1.0000       0.0000    
  5451.000000       1.0000       0.0000    
  5452.000000       1.0000       0.0000    
  5453.000000       1.0000       0.0000    
  5454.000000       1.0000       0.0000    
  5455.000000       1.0000       534.53    
  5456.000000       1.0000       1424.9    
  5457.000000       1.0000       2088.7    
  5458.000000       1.0000       2502.9    
  5459.000000       1.0000       2827.5    
  5460.000000       1.0000       2865.2    
  5461.000000       1.0000       2724.0    
  5462.000000       1.0000       2326.4    
  5463.000000       1.0000       1856.8    
  5464.000000       1.0000       1044.9    
  5465.000000       1.0000       696.22    
  5466.000000       1.0000       143.38    
  5467.000000       1.0000       0.0000    
  5468.000000       1.0000       0.0000    
  5469.000000       1.0000       0.0000    
  5470.000000       1.0000       0.0000    
  5471.000000       1.0000       0.0000    
  5472.000000       1.0000       0.0000    
  5473.000000       1.0000       0.0000    
  5474.000000       1.0000       0.0000    
  5475.000000       1.0000       0.0000    
  5476.000000       1.0000       0.0000    
  5477.000000       1.0000       0.0000    
  5478.000000       1.0000       0.0000    
  5479.000000       1.0000       498.90    
  5480.000000       1.0000       982.68    
  5481.000000       1.0000       1741.9    
  5482.000000       1.0000       1875.7    
  5483.000000       1.0000       1906.7    
  5484.000000       1.0000       2386.1    
  5485.000000       1.0000       2409.3    
  5486.000000       1.0000       2127.7    
  5487.000000       1.0000       1384.6    
  5488.000000       1.0000       581.74    
  5489.000000       1.0000       243.79    
  5490.000000       1.0000       124.09    
  5491.000000       1.0000       0.0000    
  5492.000000       1.0000       0.0000    
  5493.000000       1.0000       0.0000    
  5494.000000       1.0000       0.0000    
  5495.000000       1.0000       0.0000    
  5496.000000       1.0000       0.0000    
  5497.000000       1.0000       0.0000    
  5498.000000       1.0000       0.0000    
  5499.000000       1.0000       0.0000    
  5500.000000       1.0000       0.0000    
  5501.000000       1.0000       0.0000    
  5502.000000       1.0000       0.0000    
  5503.000000       1.0000       0.0000    
  5504.000000       1.0000       301.07    
  5505.000000       1.0000       463.23    
  5506.000000       1.0000       762.69    
  5507.000000       1.0000       2744.7    
  5508.000000       1.0000       2361.1    
  5509.000000       1.0000       1937.7    
  5510.000000       1.0000       1499.8    
  5511.000000       1.0000       1113.5    
  5512.000000       1.0000       598.39    
  5513.000000       1.0000       242.84    
  5514.000000       1.0000       0.0000    
  5515.000000       1.0000       0.0000    
  5516.000000       1.0000       0.0000    
  5517.000000       1.0000       0.0000    
  5518.000000       1.0000       0.0000    
  5519.000000       1.0000       0.0000    
  5520.000000       1.0000       0.0000    
  5521.000000       1.0000       0.0000    
  5522.000000       1.0000       0.0000    
  5523.000000       1.0000       0.0000    
  5524.000000       1.0000       0.0000    
  5525.000000       1.0000       0.0000    
  5526.000000       1.0000       0.0000    
  5527.000000       1.0000       161.19    
  5528.000000       1.0000       385.76    
  5529.000000       1.0000       771.70    
  5530.000000       1.0000       812.74    
  5531.000000       1.0000       1020.1    
  5532.000000       1.0000       1047.5    
  5533.000000       1.0000       298.76    
  5534.000000       1.0000       1218.1    
  5535.000000       1.0000       765.42    
  5536.000000       1.0000       296.16    
  5537.000000       1.0000       148.36    
  5538.000000       1.0000       120.87    
  5539.000000       1.0000       0.0000    
  5540.000000       1.0000       0.0000    
  5541.000000       1.0000       0.0000    
  5542.000000       1.0000       0.0000    
  5543.000000       1.0000       0.0000    
  5544.000000       1.0000       0.0000    
  5545.000000       1.0000       0.0000    
  5546.000000       1.0000       0.0000    
  5547.000000       1.0000       0.0000    
  5548.000000       1.0000       0.0000    
  5549.000000       1.0000       0.0000    
  5550.000000       1.0000       0.0000    
  5551.000000       1.0000       502.29    
  5552.000000       1.0000       1348.2    
  5553.000000       1.0000       1593.0    
  5554.000000       1.0000       1361.4    
  5555.000000       1.0000       858.90    
  5556.000000       1.0000       1100.3    
  5557.000000       1.0000       1548.8    
  5558.000000       1.0000       1195.1    
  5559.000000       1.0000       584.99    
  5560.000000       1.0000       128.29    
  5561.000000       1.0000       0.0000    
  5562.000000       1.0000       0.0000    
  5563.000000       1.0000       0.0000    
  5564.000000       1.0000       0.0000    
  5565.000000       1.0000       0.0000    
  5566.000000       1.0000       0.0000    
  5567.000000       1.0000       0.0000    
  5568.000000       1.0000       0.0000    
  5569.000000       1.0000       0.0000    
  5570.000000       1.0000       0.0000    
  5571.000000       1.0000       0.0000    
  5572.000000       1.0000       0.0000    
  5573.000000       1.0000       0.0000    
  5574.000000       1.0000       0.0000    
  5575.000000       1.0000       93.827    
  5576.000000       1.0000       319.44    
  5577.000000       1.0000       719.67    
  5578.000000       1.0000       596.58    
  5579.000000       1.0000       223.43    
  5580.000000       1.0000       0.0000    
  5581.000000       1.0000       156.02    
  5582.000000       1.0000       0.0000    
  5583.000000       1.0000       91.521    
  5584.000000       1.0000       728.48    
  5585.000000       1.0000       560.40    
  5586.000000       1.0000       0.0000    
  5587.000000       1.0000       0.0000    
  5588.000000       1.0000       0.0000    
  5589.000000       1.0000       0.0000    
  5590.000000       1.0000       0.0000    
  5591.000000       1.0000       0.0000    
  5592.000000       1.0000       0.0000    
  5593.000000       1.0000       0.0000    
  5594.000000       1.0000       0.0000    
  5595.000000       1.0000       0.0000    
  5596.000000       1.0000       0.0000    
  5597.000000       1.0000       0.0000    
  5598.000000       1.0000       0.0000    
  5599.000000       1.0000       295.97    
  5600.000000       1.0000       637.48    
  5601.000000       1.0000       888.00    
  5602.000000       1.0000       1212.2    
  5603.000000       1.0000       1065.1    
  5604.000000       1.0000       1616.1    
  5605.000000       1.0000       1360.9    
  5606.000000       1.0000       833.28    
  5607.000000       1.0000       536.90    
  5608.000000       1.0000       646.89    
  5609.000000       1.0000       286.53    
  5610.000000       1.0000       0.0000    
  5611.000000       1.0000       0.0000    
  5612.000000       1.0000       0.0000    
  5613.000000       1.0000       0.0000    
  5614.000000       1.0000       0.0000    
  5615.000000       1.0000       0.0000    
  5616.000000       1.0000       0.0000    
  5617.000000       1.0000       0.0000    
  5618.000000       1.0000       0.0000    
  5619.000000       1.0000       0.0000    
  5620.000000       1.0000       0.0000    
  5621.000000       1.0000       0.0000    
  5622.000000       1.0000       0.0000    
  5623.000000       1.0000       378.05    
  5624.000000       1.0000       890.78    
  5625.000000       1.0000       674.66    
  5626.000000       1.0000       462.36    
  5627.000000       1.0000       531.12    
  5628.000000       1.0000       1062.6    
  5629.000000       1.0000       1473.5    
  5630.000000       1.0000       1257.5    
  5631.000000       1.0000       981.70    
  5632.000000       1.0000       842.59    
  5633.000000       1.0000       324.45    
  5634.000000       1.0000       135.89    
  5635.000000       1.0000       0.0000    
  5636.000000       1.0000       0.0000    
  5637.000000       1.0000       0.0000    
  5638.000000       1.0000       0.0000    
  5639.000000       1.0000       0.0000    
  5640.000000       1.0000       0.0000    
  5641.000000       1.0000       0.0000    
  5642.000000       1.0000       0.0000    
  5643.000000       1.0000       0.0000    
  5644.000000       1.0000       0.0000    
  5645.000000       1.0000       0.0000    
  5646.000000       1.0000       0.0000    
  5647.000000       1.0000       423.35    
  5648.000000       1.0000       1007.4    
  5649.000000       1.0000       1376.9    
  5650.000000       1.0000       857.02    
  5651.000000       1.0000       1076.8    
  5652.000000       1.0000       2036.6    
  5653.000000       1.0000       2395.6    
  5654.000000       1.0000       2091.3    
  5655.000000       1.0000       2057.5    
  5656.000000       1.0000       1103.9    
  5657.000000       1.0000       689.26    
  5658.000000       1.0000       110.20    
  5659.000000       1.0000       0.0000    
  5660.000000       1.0000       0.0000    
  5661.000000       1.0000       0.0000    
  5662.000000       1.0000       0.0000    
  5663.000000       1.0000       0.0000    
  5664.000000       1.0000       0.0000    
  5665.000000       1.0000       0.0000    
  5666.000000       1.0000       0.0000    
  5667.000000       1.0000       0.0000    
  5668.000000       1.0000       0.0000    
  5669.000000       1.0000       0.0000    
  5670.000000       1.0000       0.0000    
  5671.000000       1.0000       485.96    
  5672.000000       1.0000       1312.5    
  5673.000000       1.0000       1862.1    
  5674.000000       1.0000       2028.0    
  5675.000000       1.0000       2311.4    
  5676.000000       1.0000       2265.9    
  5677.000000       1.0000       2034.1    
  5678.000000       1.0000       2084.4    
  5679.000000       1.0000       1977.1    
  5680.000000       1.0000       996.60    
  5681.000000       1.0000       495.18    
  5682.000000       1.0000       79.017    
  5683.000000       1.0000       0.0000    
  5684.000000       1.0000       0.0000    
  5685.000000       1.0000       0.0000    
  5686.000000       1.0000       0.0000    
  5687.000000       1.0000       0.0000    
  5688.000000       1.0000       0.0000    
  5689.000000       1.0000       0.0000    
  5690.000000       1.0000       0.0000    
  5691.000000       1.0000       0.0000    
  5692.000000       1.0000       0.0000    
  5693.000000       1.0000       0.0000    
  5694.000000       1.0000       0.0000    
  5695.000000       1.0000       0.0000    
  5696.000000       1.0000       0.0000    
  5697.000000       1.0000       86.118    
  5698.000000       1.0000       78.074    
  5699.000000       1.0000       80.753    
  5700.000000       1.0000       336.81    
  5701.000000       1.0000       317.38    
  5702.000000       1.0000       161.72    
  5703.000000       1.0000       0.0000    
  5704.000000       1.0000       0.0000    
  5705.000000       1.0000       0.0000    
  5706.000000       1.0000       0.0000    
  5707.000000       1.0000       0.0000    
  5708.000000       1.0000       0.0000    
  5709.000000       1.0000       0.0000    
  5710.000000       1.0000       0.0000    
  5711.000000       1.0000       0.0000    
  5712.000000       1.0000       0.0000    
  5713.000000       1.0000       0.0000    
  5714.000000       1.0000       0.0000    
  5715.000000       1.0000       0.0000    
  5716.000000       1.0000       0.0000    
  5717.000000       1.0000       0.0000    
  5718.000000       1.0000       0.0000    
  5719.000000       1.0000       281.06    
  5720.000000       1.0000       1098.1    
  5721.000000       1.0000       1017.3    
  5722.000000       1.0000       2108.4    
  5723.000000       1.0000       2230.3    
  5724.000000       1.0000       2202.9    
  5725.000000       1.0000       2363.5    
  5726.000000       1.0000       957.32    
  5727.000000       1.0000       421.93    
  5728.000000       1.0000       450.01    
  5729.000000       1.0000       482.75    
  5730.000000       1.0000       0.0000    
  5731.000000       1.0000       0.0000    
  5732.000000       1.0000       0.0000    
  5733.000000       1.0000       0.0000    
  5734.000000       1.0000       0.0000    
  5735.000000       1.0000       0.0000    
  5736.000000       1.0000       0.0000    
  5737.000000       1.0000       0.0000    
  5738.000000       1.0000       0.0000    
  5739.000000       1.0000       0.0000    
  5740.000000       1.0000       0.0000    
  5741.000000       1.0000       0.0000    
  5742.000000       1.0000       0.0000    
  5743.000000       1.0000       453.18    
  5744.000000       1.0000       1402.9    
  5745.000000       1.0000       1320.7    
  5746.000000       1.0000       341.62    
  5747.000000       1.0000       315.57    
  5748.000000       1.0000       1088.4    
  5749.000000       1.0000       777.19    
  5750.000000       1.0000       307.83    
  5751.000000       1.0000       268.33    
  5752.000000       1.0000       164.31    
  5753.000000       1.0000       73.520    
  5754.000000       1.0000       0.0000    
  5755.000000       1.0000       0.0000    
  5756.000000       1.0000       0.0000    
  5757.000000       1.0000       0.0000    
  5758.000000       1.0000       0.0000    
  5759.000000       1.0000       0.0000    
  5760.000000       1.0000       0.0000    
  5761.000000       1.0000       0.0000    
  5762.000000       1.0000       0.0000    
  5763.000000       1.0000       0.0000    
  5764.000000       1.0000       0.0000    
  5765.000000       1.0000       0.0000    
  5766.000000       1.0000       0.0000    
  5767.000000       1.0000       0.0000    
  5768.000000       1.0000       73.858    
  5769.000000       1.0000       354.45    
  5770.000000       1.0000       715.36    
  5771.000000       1.0000       155.65    
  5772.000000       1.0000       0.0000    
  5773.000000       1.0000       0.0000    
  5774.000000       1.0000       158.33    
  5775.000000       1.0000       134.36    
  5776.000000       1.0000       254.61    
  5777.000000       1.0000       0.0000    
  5778.000000       1.0000       0.0000    
  5779.000000       1.0000       0.0000    
  5780.000000       1.0000       0.0000    
  5781.000000       1.0000       0.0000    
  5782.000000       1.0000       0.0000    
  5783.000000       1.0000       0.0000    
  5784.000000       1.0000       0.0000    
  5785.000000       1.0000       0.0000    
  5786.000000       1.0000       0.0000    
  5787.000000       1.0000       0.0000    
  5788.000000       1.0000       0.0000    
  5789.000000       1.0000       0.0000    
  5790.000000       1.0000       0.0000    
  5791.000000       1.0000       461.10    
  5792.000000       1.0000       1054.9    
  5793.000000       1.0000       1377.9    
  5794.000000       1.0000       1926.4    
  5795.000000       1.0000       1689.9    
  5796.000000       1.0000       1330.1    
  5797.000000       1.0000       1853.7    
  5798.000000       1.0000       2696.4    
  5799.000000       1.0000       1436.7    
  5800.000000       1.0000       800.92    
  5801.000000       1.0000       414.76    
  5802.000000       1.0000       0.0000    
  5803.000000       1.0000       0.0000    
  5804.000000       1.0000       0.0000    
  5805.000000       1.0000       0.0000    
  5806.000000       1.0000       0.0000    
  5807.000000       1.0000       0.0000    
  5808.000000       1.0000       0.0000    
  5809.000000       1.0000       0.0000    
  5810.000000       1.0000       0.0000    
  5811.000000       1.0000       0.0000    
  5812.000000       1.0000       0.0000    
  5813.000000       1.0000       0.0000    
  5814.000000       1.0000       0.0000    
  5815.000000       1.0000       483.60    
  5816.000000       1.0000       1442.7    
  5817.000000       1.0000       1973.8    
  5818.000000       1.0000       2476.9    
  5819.000000       1.0000       3102.4    
  5820.000000       1.0000       3101.9    
  5821.000000       1.0000       2932.4    
  5822.000000       1.0000       2493.7    
  5823.000000       1.0000       1886.3    
  5824.000000       1.0000       1283.6    
  5825.000000       1.0000       438.41    
  5826.000000       1.0000       0.0000    
  5827.000000       1.0000       0.0000    
  5828.000000       1.0000       0.0000    
  5829.000000       1.0000       0.0000    
  5830.000000       1.0000       0.0000    
  5831.000000       1.0000       0.0000    
  5832.000000       1.0000       0.0000    
  5833.000000       1.0000       0.0000    
  5834.000000       1.0000       0.0000    
  5835.000000       1.0000       0.0000    
  5836.000000       1.0000       0.0000    
  5837.000000       1.0000       0.0000    
  5838.000000       1.0000       0.0000    
  5839.000000       1.0000       504.03    
  5840.000000       1.0000       1490.7    
  5841.000000       1.0000       2119.9    
  5842.000000       1.0000       2654.0    
  5843.000000       1.0000       2657.8    
  5844.000000       1.0000       2283.7    
  5845.000000       1.0000       2156.7    
  5846.000000       1.0000       1891.4    
  5847.000000       1.0000       1403.8    
  5848.000000       1.0000       903.09    
  5849.000000       1.0000       608.88    
  5850.000000       1.0000       0.0000    
  5851.000000       1.0000       0.0000    
  5852.000000       1.0000       0.0000    
  5853.000000       1.0000       0.0000    
  5854.000000       1.0000       0.0000    
  5855.000000       1.0000       0.0000    
  5856.000000       1.0000       0.0000    
  5857.000000       1.0000       0.0000    
  5858.000000       1.0000       0.0000    
  5859.000000       1.0000       0.0000    
  5860.000000       1.0000       0.0000    
  5861.000000       1.0000       0.0000    
  5862.000000       1.0000       0.0000    
  5863.000000       1.0000       348.96    
  5864.000000       1.0000       1201.2    
  5865.000000       1.0000       1337.4    
  5866.000000       1.0000       1780.1    
  5867.000000       1.0000       2382.5    
  5868.000000       1.0000       2343.6    
  5869.000000       1.0000       1349.0    
  5870.000000       1.0000       833.61    
  5871.000000       1.0000       932.21    
  5872.000000       1.0000       262.69    
  5873.000000       1.0000       0.0000    
  5874.000000       1.0000       0.0000    
  5875.000000       1.0000       0.0000    
  5876.000000       1.0000       0.0000    
  5877.000000       1.0000       0.0000    
  5878.000000       1.0000       0.0000    
  5879.000000       1.0000       0.0000    
  5880.000000       1.0000       0.0000    
  5881.000000       1.0000       0.0000    
  5882.000000       1.0000       0.0000    
  5883.000000       1.0000       0.0000    
  5884.000000       1.0000       0.0000    
  5885.000000       1.0000       0.0000    
  5886.000000       1.0000       0.0000    
  5887.000000       1.0000       430.35    
  5888.000000       1.0000       1468.3    
  5889.000000       1.0000       2033.9    
  5890.000000       1.0000       2519.2    
  5891.000000       1.0000       2236.3    
  5892.000000       1.0000       2108.2    
  5893.000000       1.0000       526.43    
  5894.000000       1.0000       772.18    
  5895.000000       1.0000       816.21    
  5896.000000       1.0000       251.85    
  5897.000000       1.0000       135.10    
  5898.000000       1.0000       0.0000    
  5899.000000       1.0000       0.0000    
  5900.000000       1.0000       0.0000    
  5901.000000       1.0000       0.0000    
  5902.000000       1.0000       0.0000    
  5903.000000       1.0000       0.0000    
  5904.000000       1.0000       0.0000    
  5905.000000       1.0000       0.0000    
  5906.000000       1.0000       0.0000    
  5907.000000       1.0000       0.0000    
  5908.000000       1.0000       0.0000    
  5909.000000       1.0000       0.0000    
  5910.000000       1.0000       0.0000    
  5911.000000       1.0000       0.0000    
  5912.000000       1.0000       107.22    
  5913.000000       1.0000       1309.6    
  5914.000000       1.0000       1121.5    
  5915.000000       1.0000       1114.5    
  5916.000000       1.0000       508.23    
  5917.000000       1.0000       1595.6    
  5918.000000       1.0000       968.48    
  5919.000000       1.0000       735.61    
  5920.000000       1.0000       578.59    
  5921.000000       1.0000       319.07    
  5922.000000       1.0000       0.0000    
  5923.000000       1.0000       0.0000    
  5924.000000       1.0000       0.0000    
  5925.000000       1.0000       0.0000    
  5926.000000       1.0000       0.0000    
  5927.000000       1.0000       0.0000    
  5928.000000       1.0000       0.0000    
  5929.000000       1.0000       0.0000    
  5930.000000       1.0000       0.0000    
  5931.000000       1.0000       0.0000    
  5932.000000       1.0000       0.0000    
  5933.000000       1.0000       0.0000    
  5934.000000       1.0000       0.0000    
  5935.000000       1.0000       74.870    
  5936.000000       1.0000       275.16    
  5937.000000       1.0000       274.89    
  5938.000000       1.0000       1590.8    
  5939.000000       1.0000       2305.8    
  5940.000000       1.0000       849.08    
  5941.000000       1.0000       966.31    
  5942.000000       1.0000       883.46    
  5943.000000       1.0000       1495.1    
  5944.000000       1.0000       1054.1    
  5945.000000       1.0000       264.46    
  5946.000000       1.0000       0.0000    
  5947.000000       1.0000       0.0000    
  5948.000000       1.0000       0.0000    
  5949.000000       1.0000       0.0000    
  5950.000000       1.0000       0.0000    
  5951.000000       1.0000       0.0000    
  5952.000000       1.0000       0.0000    
  5953.000000       1.0000       0.0000    
  5954.000000       1.0000       0.0000    
  5955.000000       1.0000       0.0000    
  5956.000000       1.0000       0.0000    
  5957.000000       1.0000       0.0000    
  5958.000000       1.0000       0.0000    
  5959.000000       1.0000       300.37    
  5960.000000       1.0000       1044.4    
  5961.000000       1.0000       806.36    
  5962.000000       1.0000       1632.2    
  5963.000000       1.0000       2165.6    
  5964.000000       1.0000       1775.4    
  5965.000000       1.0000       1265.0    
  5966.000000       1.0000       1577.8    
  5967.000000       1.0000       1132.9    
  5968.000000       1.0000       390.08    
  5969.000000       1.0000       407.59    
  5970.000000       1.0000       0.0000    
  5971.000000       1.0000       0.0000    
  5972.000000       1.0000       0.0000    
  5973.000000       1.0000       0.0000    
  5974.000000       1.0000       0.0000    
  5975.000000       1.0000       0.0000    
  5976.000000       1.0000       0.0000    
  5977.000000       1.0000       0.0000    
  5978.000000       1.0000       0.0000    
  5979.000000       1.0000       0.0000    
  5980.000000       1.0000       0.0000    
  5981.000000       1.0000       0.0000    
  5982.000000       1.0000       0.0000    
  5983.000000       1.0000       260.83    
  5984.000000       1.0000       1327.2    
  5985.000000       1.0000       2120.6    
  5986.000000       1.0000       2711.0    
  5987.000000       1.0000       2930.8    
  5988.000000       1.0000       2936.1    
  5989.000000       1.0000       2713.2    
  5990.000000       1.0000       1493.6    
  5991.000000       1.0000       1784.3    
  5992.000000       1.0000       772.65    
  5993.000000       1.0000       133.11    
  5994.000000       1.0000       0.0000    
  5995.000000       1.0000       0.0000    
  5996.000000       1.0000       0.0000    
  5997.000000       1.0000       0.0000    
  5998.000000       1.0000       0.0000    
  5999.000000       1.0000       0.0000    
  6000.000000       1.0000       0.0000    
  6001.000000       1.0000       0.0000    
  6002.000000       1.0000       0.0000    
  6003.000000       1.0000       0.0000    
  6004.000000       1.0000       0.0000    
  6005.000000       1.0000       0.0000    
  6006.000000       1.0000       0.0000    
  6007.000000       1.0000       0.0000    
  6008.000000       1.0000       0.0000    
  6009.000000       1.0000       547.37    
  6010.000000       1.0000       1116.1    
  6011.000000       1.0000       1561.8    
  6012.000000       1.0000       1553.3    
  6013.000000       1.0000       1520.9    
  6014.000000       1.0000       1757.9    
  6015.000000       1.0000       830.67    
  6016.000000       1.0000       491.79    
  6017.000000       1.0000       287.99    
  6018.000000       1.0000       0.0000    
  6019.000000       1.0000       0.0000    
  6020.000000       1.0000       0.0000    
  6021.000000       1.0000       0.0000    
  6022.000000       1.0000       0.0000    
  6023.000000       1.0000       0.0000    
  6024.000000       1.0000       0.0000    
  6025.000000       1.0000       0.0000    
  6026.000000       1.0000       0.0000    
  6027.000000       1.0000       0.0000    
  6028.000000       1.0000       0.0000    
  6029.000000       1.0000       0.0000    
  6030.000000       1.0000       0.0000    
  6031.000000       1.0000       0.0000    
  6032.000000       1.0000       0.0000    
  6033.000000       1.0000       0.0000    
  6034.000000       1.0000       0.0000    
  6035.000000       1.0000       0.0000    
  6036.000000       1.0000       769.55    
  6037.000000       1.0000       1803.3    
  6038.000000       1.0000       1910.6    
  6039.000000       1.0000       923.03    
  6040.000000       1.0000       503.24    
  6041.000000       1.0000       218.72    
  6042.000000       1.0000       0.0000    
  6043.000000       1.0000       0.0000    
  6044.000000       1.0000       0.0000    
  6045.000000       1.0000       0.0000    
  6046.000000       1.0000       0.0000    
  6047.000000       1.0000       0.0000    
  6048.000000       1.0000       0.0000    
  6049.000000       1.0000       0.0000    
  6050.000000       1.0000       0.0000    
  6051.000000       1.0000       0.0000    
  6052.000000       1.0000       0.0000    
  6053.000000       1.0000       0.0000    
  6054.000000       1.0000       0.0000    
  6055.000000       1.0000       369.90    
  6056.000000       1.0000       1381.8    
  6057.000000       1.0000       2155.1    
  6058.000000       1.0000       2620.7    
  6059.000000       1.0000       2582.2    
  6060.000000       1.0000       1792.5    
  6061.000000       1.0000       1929.9    
  6062.000000       1.0000       2153.4    
  6063.000000       1.0000       1435.8    
  6064.000000       1.0000       762.62    
  6065.000000       1.0000       358.27    
  6066.000000       1.0000       0.0000    
  6067.000000       1.0000       0.0000    
  6068.000000       1.0000       0.0000    
  6069.000000       1.0000       0.0000    
  6070.000000       1.0000       0.0000    
  6071.000000       1.0000       0.0000    
  6072.000000       1.0000       0.0000    
  6073.000000       1.0000       0.0000    
  6074.000000       1.0000       0.0000    
  6075.000000       1.0000       0.0000    
  6076.000000       1.0000       0.0000    
  6077.000000       1.0000       0.0000    
  6078.000000       1.0000       0.0000    
  6079.000000       1.0000       174.18    
  6080.000000       1.0000       757.24    
  6081.000000       1.0000       913.23    
  6082.000000       1.0000       848.06    
  6083.000000       1.0000       976.97    
  6084.000000       1.0000       1087.2    
  6085.000000       1.0000       480.32    
  6086.000000       1.0000       424.37    
  6087.000000       1.0000       209.70    
  6088.000000       1.0000       0.0000    
  6089.000000       1.0000       0.0000    
  6090.000000       1.0000       0.0000    
  6091.000000       1.0000       0.0000    
  6092.000000       1.0000       0.0000    
  6093.000000       1.0000       0.0000    
  6094.000000       1.0000       0.0000    
  6095.000000       1.0000       0.0000    
  6096.000000       1.0000       0.0000    
  6097.000000       1.0000       0.0000    
  6098.000000       1.0000       0.0000    
  6099.000000       1.0000       0.0000    
  6100.000000       1.0000       0.0000    
  6101.000000       1.0000       0.0000    
  6102.000000       1.0000       0.0000    
  6103.000000       1.0000       0.0000    
  6104.000000       1.0000       0.0000    
  6105.000000       1.0000       0.0000    
  6106.000000       1.0000       79.379    
  6107.000000       1.0000       92.741    
  6108.000000       1.0000       144.60    
  6109.000000       1.0000       153.52    
  6110.000000       1.0000       202.54    
  6111.000000       1.0000       242.39    
  6112.000000       1.0000       575.24    
  6113.000000       1.0000       159.71    
  6114.000000       1.0000       0.0000    
  6115.000000       1.0000       0.0000    
  6116.000000       1.0000       0.0000    
  6117.000000       1.0000       0.0000    
  6118.000000       1.0000       0.0000    
  6119.000000       1.0000       0.0000    
  6120.000000       1.0000       0.0000    
  6121.000000       1.0000       0.0000    
  6122.000000       1.0000       0.0000    
  6123.000000       1.0000       0.0000    
  6124.000000       1.0000       0.0000    
  6125.000000       1.0000       0.0000    
  6126.000000       1.0000       0.0000    
  6127.000000       1.0000       84.907    
  6128.000000       1.0000       129.87    
  6129.000000       1.0000       166.69    
  6130.000000       1.0000       194.27    
  6131.000000       1.0000       235.30    
  6132.000000       1.0000       190.04    
  6133.000000       1.0000       98.324    
  6134.000000       1.0000       0.0000    
  6135.000000       1.0000       0.0000    
  6136.000000       1.0000       0.0000    
  6137.000000       1.0000       0.0000    
  6138.000000       1.0000       0.0000    
  6139.000000       1.0000       0.0000    
  6140.000000       1.0000       0.0000    
  6141.000000       1.0000       0.0000    
  6142.000000       1.0000       0.0000    
  6143.000000       1.0000       0.0000    
  6144.000000       1.0000       0.0000    
  6145.000000       1.0000       0.0000    
  6146.000000       1.0000       0.0000    
  6147.000000       1.0000       0.0000    
  6148.000000       1.0000       0.0000    
  6149.000000       1.0000       0.0000    
  6150.000000       1.0000       0.0000    
  6151.000000       1.0000       0.0000    
  6152.000000       1.0000       0.0000    
  6153.000000       1.0000       0.0000    
  6154.000000       1.0000       0.0000    
  6155.000000       1.0000       81.299    
  6156.000000       1.0000       118.37    
  6157.000000       1.0000       237.04    
  6158.000000       1.0000       206.25    
  6159.000000       1.0000       204.53    
  6160.000000       1.0000       101.89    
  6161.000000       1.0000       0.0000    
  6162.000000       1.0000       0.0000    
  6163.000000       1.0000       0.0000    
  6164.000000       1.0000       0.0000    
  6165.000000       1.0000       0.0000    
  6166.000000       1.0000       0.0000    
  6167.000000       1.0000       0.0000    
  6168.000000       1.0000       0.0000    
  6169.000000       1.0000       0.0000    
  6170.000000       1.0000       0.0000    
  6171.000000       1.0000       0.0000    
  6172.000000       1.0000       0.0000    
  6173.000000       1.0000       0.0000    
  6174.000000       1.0000       0.0000    
  6175.000000       1.0000       0.0000    
  6176.000000       1.0000       144.63    
  6177.000000       1.0000       285.00    
  6178.000000       1.0000       380.97    
  6179.000000       1.0000       368.83    
  6180.000000       1.0000       821.51    
  6181.000000       1.0000       2178.9    
  6182.000000       1.0000       1939.5    
  6183.000000       1.0000       1538.7    
  6184.000000       1.0000       883.44    
  6185.000000       1.0000       280.03    
  6186.000000       1.0000       0.0000    
  6187.000000       1.0000       0.0000    
  6188.000000       1.0000       0.0000    
  6189.000000       1.0000       0.0000    
  6190.000000       1.0000       0.0000    
  6191.000000       1.0000       0.0000    
  6192.000000       1.0000       0.0000    
  6193.000000       1.0000       0.0000    
  6194.000000       1.0000       0.0000    
  6195.000000       1.0000       0.0000    
  6196.000000       1.0000       0.0000    
  6197.000000       1.0000       0.0000    
  6198.000000       1.0000       0.0000    
  6199.000000       1.0000       0.0000    
  6200.000000       1.0000       0.0000    
  6201.000000       1.0000       257.99    
  6202.000000       1.0000       182.63    
  6203.000000       1.0000       327.62    
  6204.000000       1.0000       345.31    
  6205.000000       1.0000       935.70    
  6206.000000       1.0000       886.40    
  6207.000000       1.0000       1315.1    
  6208.000000       1.0000       1010.1    
  6209.000000       1.0000       327.92    
  6210.000000       1.0000       0.0000    
  6211.000000       1.0000       0.0000    
  6212.000000       1.0000       0.0000    
  6213.000000       1.0000       0.0000    
  6214.000000       1.0000       0.0000    
  6215.000000       1.0000       0.0000    
  6216.000000       1.0000       0.0000    
  6217.000000       1.0000       0.0000    
  6218.000000       1.0000       0.0000    
  6219.000000       1.0000       0.0000    
  6220.000000       1.0000       0.0000    
  6221.000000       1.0000       0.0000    
  6222.000000       1.0000       0.0000    
  6223.000000       1.0000       281.95    
  6224.000000       1.0000       1102.3    
  6225.000000       1.0000       1874.4    
  6226.000000       1.0000       2495.8    
  6227.000000       1.0000       2871.4    
  6228.000000       1.0000       2781.1    
  6229.000000       1.0000       2420.9    
  6230.000000       1.0000       1648.5    
  6231.000000       1.0000       1144.6    
  6232.000000       1.0000       1079.6    
  6233.000000       1.0000       369.02    
  6234.000000       1.0000       0.0000    
  6235.000000       1.0000       0.0000    
  6236.000000       1.0000       0.0000    
  6237.000000       1.0000       0.0000    
  6238.000000       1.0000       0.0000    
  6239.000000       1.0000       0.0000    
  6240.000000       1.0000       0.0000    
  6241.000000       1.0000       0.0000    
  6242.000000       1.0000       0.0000    
  6243.000000       1.0000       0.0000    
  6244.000000       1.0000       0.0000    
  6245.000000       1.0000       0.0000    
  6246.000000       1.0000       0.0000    
  6247.000000       1.0000       0.0000    
  6248.000000       1.0000       344.75    
  6249.000000       1.0000       1059.2    
  6250.000000       1.0000       1709.4    
  6251.000000       1.0000       2563.2    
  6252.000000       1.0000       2771.3    
  6253.000000       1.0000       2611.4    
  6254.000000       1.0000       2262.1    
  6255.000000       1.0000       1566.4    
  6256.000000       1.0000       782.22    
  6257.000000       1.0000       231.82    
  6258.000000       1.0000       0.0000    
  6259.000000       1.0000       0.0000    
  6260.000000       1.0000       0.0000    
  6261.000000       1.0000       0.0000    
  6262.000000       1.0000       0.0000    
  6263.000000       1.0000       0.0000    
  6264.000000       1.0000       0.0000    
  6265.000000       1.0000       0.0000    
  6266.000000       1.0000       0.0000    
  6267.000000       1.0000       0.0000    
  6268.000000       1.0000       0.0000    
  6269.000000       1.0000       0.0000    
  6270.000000       1.0000       0.0000    
  6271.000000       1.0000       0.0000    
  6272.000000       1.0000       100.37    
  6273.000000       1.0000       170.63    
  6274.000000       1.0000       244.80    
  6275.000000       1.0000       300.22    
  6276.000000       1.0000       891.58    
  6277.000000       1.0000       1157.0    
  6278.000000       1.0000       1561.4    
  6279.000000       1.0000       867.87    
  6280.000000       1.0000       354.14    
  6281.000000       1.0000       109.75    
  6282.000000       1.0000       0.0000    
  6283.000000       1.0000       0.0000    
  6284.000000       1.0000       0.0000    
  6285.000000       1.0000       0.0000    
  6286.000000       1.0000       0.0000    
  6287.000000       1.0000       0.0000    
  6288.000000       1.0000       0.0000    
  6289.000000       1.0000       0.0000    
  6290.000000       1.0000       0.0000    
  6291.000000       1.0000       0.0000    
  6292.000000       1.0000       0.0000    
  6293.000000       1.0000       0.0000    
  6294.000000       1.0000       0.0000    
  6295.000000       1.0000       0.0000    
  6296.000000       1.0000       0.0000    
  6297.000000       1.0000       123.94    
  6298.000000       1.0000       212.71    
  6299.000000       1.0000       214.36    
  6300.000000       1.0000       0.0000    
  6301.000000       1.0000       126.63    
  6302.000000       1.0000       96.670    
  6303.000000       1.0000       96.403    
  6304.000000       1.0000       0.0000    
  6305.000000       1.0000       0.0000    
  6306.000000       1.0000       0.0000    
  6307.000000       1.0000       0.0000    
  6308.000000       1.0000       0.0000    
  6309.000000       1.0000       0.0000    
  6310.000000       1.0000       0.0000    
  6311.000000       1.0000       0.0000    
  6312.000000       1.0000       0.0000    
  6313.000000       1.0000       0.0000    
  6314.000000       1.0000       0.0000    
  6315.000000       1.0000       0.0000    
  6316.000000       1.0000       0.0000    
  6317.000000       1.0000       0.0000    
  6318.000000       1.0000       0.0000    
  6319.000000       1.0000       0.0000    
  6320.000000       1.0000       0.0000    
  6321.000000       1.0000       138.87    
  6322.000000       1.0000       262.53    
  6323.000000       1.0000       339.02    
  6324.000000       1.0000       448.35    
  6325.000000       1.0000       524.20    
  6326.000000       1.0000       432.00    
  6327.000000       1.0000       120.76    
  6328.000000       1.0000       0.0000    
  6329.000000       1.0000       0.0000    
  6330.000000       1.0000       0.0000    
  6331.000000       1.0000       0.0000    
  6332.000000       1.0000       0.0000    
  6333.000000       1.0000       0.0000    
  6334.000000       1.0000       0.0000    
  6335.000000       1.0000       0.0000    
  6336.000000       1.0000       0.0000    
  6337.000000       1.0000       0.0000    
  6338.000000       1.0000       0.0000    
  6339.000000       1.0000       0.0000    
  6340.000000       1.0000       0.0000    
  6341.000000       1.0000       0.0000    
  6342.000000       1.0000       0.0000    
  6343.000000       1.0000       0.0000    
  6344.000000       1.0000       208.41    
  6345.000000       1.0000       1019.1    
  6346.000000       1.0000       2540.3    
  6347.000000       1.0000       2816.3    
  6348.000000       1.0000       2924.0    
  6349.000000       1.0000       2672.3    
  6350.000000       1.0000       2151.8    
  6351.000000       1.0000       1586.5    
  6352.000000       1.0000       961.23    
  6353.000000       1.0000       231.03    
  6354.000000       1.0000       0.0000    
  6355.000000       1.0000       0.0000    
  6356.000000       1.0000       0.0000    
  6357.000000       1.0000       0.0000    
  6358.000000       1.0000       0.0000    
  6359.000000       1.0000       0.0000    
  6360.000000       1.0000       0.0000    
  6361.000000       1.0000       0.0000    
  6362.000000       1.0000       0.0000    
  6363.000000       1.0000       0.0000    
  6364.000000       1.0000       0.0000    
  6365.000000       1.0000       0.0000    
  6366.000000       1.0000       0.0000    
  6367.000000       1.0000       230.08    
  6368.000000       1.0000       936.56    
  6369.000000       1.0000       1676.1    
  6370.000000       1.0000       2146.0    
  6371.000000       1.0000       2478.1    
  6372.000000       1.0000       2667.3    
  6373.000000       1.0000       2461.7    
  6374.000000       1.0000       2240.7    
  6375.000000       1.0000       1239.1    
  6376.000000       1.0000       712.42    
  6377.000000       1.0000       154.31    
  6378.000000       1.0000       0.0000    
  6379.000000       1.0000       0.0000    
  6380.000000       1.0000       0.0000    
  6381.000000       1.0000       0.0000    
  6382.000000       1.0000       0.0000    
  6383.000000       1.0000       0.0000    
  6384.000000       1.0000       0.0000    
  6385.000000       1.0000       0.0000    
  6386.000000       1.0000       0.0000    
  6387.000000       1.0000       0.0000    
  6388.000000       1.0000       0.0000    
  6389.000000       1.0000       0.0000    
  6390.000000       1.0000       0.0000    
  6391.000000       1.0000       84.576    
  6392.000000       1.0000       217.57    
  6393.000000       1.0000       182.87    
  6394.000000       1.0000       134.89    
  6395.000000       1.0000       0.0000    
  6396.000000       1.0000       862.63    
  6397.000000       1.0000       1737.3    
  6398.000000       1.0000       1970.3    
  6399.000000       1.0000       1213.4    
  6400.000000       1.0000       450.28    
  6401.000000       1.0000       0.0000    
  6402.000000       1.0000       0.0000    
  6403.000000       1.0000       0.0000    
  6404.000000       1.0000       0.0000    
  6405.000000       1.0000       0.0000    
  6406.000000       1.0000       0.0000    
  6407.000000       1.0000       0.0000    
  6408.000000       1.0000       0.0000    
  6409.000000       1.0000       0.0000    
  6410.000000       1.0000       0.0000    
  6411.000000       1.0000       0.0000    
  6412.000000       1.0000       0.0000    
  6413.000000       1.0000       0.0000    
  6414.000000       1.0000       0.0000    
  6415.000000       1.0000       0.0000    
  6416.000000       1.0000       137.37    
  6417.000000       1.0000       197.55    
  6418.000000       1.0000       167.59    
  6419.000000       1.0000       281.84    
  6420.000000       1.0000       244.41    
  6421.000000       1.0000       197.01    
  6422.000000       1.0000       0.0000    
  6423.000000       1.0000       0.0000    
  6424.000000       1.0000       0.0000    
  6425.000000       1.0000       0.0000    
  6426.000000       1.0000       0.0000    
  6427.000000       1.0000       0.0000    
  6428.000000       1.0000       0.0000    
  6429.000000       1.0000       0.0000    
  6430.000000       1.0000       0.0000    
  6431.000000       1.0000       0.0000    
  6432.000000       1.0000       0.0000    
  6433.000000       1.0000       0.0000    
  6434.000000       1.0000       0.0000    
  6435.000000       1.0000       0.0000    
  6436.000000       1.0000       0.0000    
  6437.000000       1.0000       0.0000    
  6438.000000       1.0000       0.0000    
  6439.000000       1.0000       0.0000    
  6440.000000       1.0000       0.0000    
  6441.000000       1.0000       139.53    
  6442.000000       1.0000       159.06    
  6443.000000       1.0000       130.64    
  6444.000000       1.0000       279.25    
  6445.000000       1.0000       536.07    
  6446.000000       1.0000       1157.6    
  6447.000000       1.0000       719.87    
  6448.000000       1.0000       102.49    
  6449.000000       1.0000       0.0000    
  6450.000000       1.0000       0.0000    
  6451.000000       1.0000       0.0000    
  6452.000000       1.0000       0.0000    
  6453.000000       1.0000       0.0000    
  6454.000000       1.0000       0.0000    
  6455.000000       1.0000       0.0000    
  6456.000000       1.0000       0.0000    
  6457.000000       1.0000       0.0000    
  6458.000000       1.0000       0.0000    
  6459.000000       1.0000       0.0000    
  6460.000000       1.0000       0.0000    
  6461.000000       1.0000       0.0000    
  6462.000000       1.0000       0.0000    
  6463.000000       1.0000       0.0000    
  6464.000000       1.0000       0.0000    
  6465.000000       1.0000       0.0000    
  6466.000000       1.0000       205.66    
  6467.000000       1.0000       368.40    
  6468.000000       1.0000       527.90    
  6469.000000       1.0000       2197.7    
  6470.000000       1.0000       1789.4    
  6471.000000       1.0000       782.54    
  6472.000000       1.0000       301.64    
  6473.000000       1.0000       0.0000    
  6474.000000       1.0000       0.0000    
  6475.000000       1.0000       0.0000    
  6476.000000       1.0000       0.0000    
  6477.000000       1.0000       0.0000    
  6478.000000       1.0000       0.0000    
  6479.000000       1.0000       0.0000    
  6480.000000       1.0000       0.0000    
  6481.000000       1.0000       0.0000    
  6482.000000       1.0000       0.0000    
  6483.000000       1.0000       0.0000    
  6484.000000       1.0000       0.0000    
  6485.000000       1.0000       0.0000    
  6486.000000       1.0000       0.0000    
  6487.000000       1.0000       0.0000    
  6488.000000       1.0000       0.0000    
  6489.000000       1.0000       329.72    
  6490.000000       1.0000       991.54    
  6491.000000       1.0000       2167.5    
  6492.000000       1.0000       2129.9    
  6493.000000       1.0000       1289.5    
  6494.000000       1.0000       252.31    
  6495.000000       1.0000       0.0000    
  6496.000000       1.0000       0.0000    
  6497.000000       1.0000       0.0000    
  6498.000000       1.0000       0.0000    
  6499.000000       1.0000       0.0000    
  6500.000000       1.0000       0.0000    
  6501.000000       1.0000       0.0000    
  6502.000000       1.0000       0.0000    
  6503.000000       1.0000       0.0000    
  6504.000000       1.0000       0.0000    
  6505.000000       1.0000       0.0000    
  6506.000000       1.0000       0.0000    
  6507.000000       1.0000       0.0000    
  6508.000000       1.0000       0.0000    
  6509.000000       1.0000       0.0000    
  6510.000000       1.0000       0.0000    
  6511.000000       1.0000       141.51    
  6512.000000       1.0000       1106.4    
  6513.000000       1.0000       1921.4    
  6514.000000       1.0000       2358.3    
  6515.000000       1.0000       1834.7    
  6516.000000       1.0000       836.13    
  6517.000000       1.0000       1129.4    
  6518.000000       1.0000       935.58    
  6519.000000       1.0000       305.21    
  6520.000000       1.0000       75.607    
  6521.000000       1.0000       0.0000    
  6522.000000       1.0000       0.0000    
  6523.000000       1.0000       0.0000    
  6524.000000       1.0000       0.0000    
  6525.000000       1.0000       0.0000    
  6526.000000       1.0000       0.0000    
  6527.000000       1.0000       0.0000    
  6528.000000       1.0000       0.0000    
  6529.000000       1.0000       0.0000    
  6530.000000       1.0000       0.0000    
  6531.000000       1.0000       0.0000    
  6532.000000       1.0000       0.0000    
  6533.000000       1.0000       0.0000    
  6534.000000       1.0000       0.0000    
  6535.000000       1.0000       0.0000    
  6536.000000       1.0000       161.19    
  6537.000000       1.0000       167.16    
  6538.000000       1.0000       218.46    
  6539.000000       1.0000       221.73    
  6540.000000       1.0000       339.54    
  6541.000000       1.0000       910.49    
  6542.000000       1.0000       635.79    
  6543.000000       1.0000       533.62    
  6544.000000       1.0000       522.34    
  6545.000000       1.0000       0.0000    
  6546.000000       1.0000       0.0000    
  6547.000000       1.0000       0.0000    
  6548.000000       1.0000       0.0000    
  6549.000000       1.0000       0.0000    
  6550.000000       1.0000       0.0000    
  6551.000000       1.0000       0.0000    
  6552.000000       1.0000       0.0000    
  6553.000000       1.0000       0.0000    
  6554.000000       1.0000       0.0000    
  6555.000000       1.0000       0.0000    
  6556.000000       1.0000       0.0000    
  6557.000000       1.0000       0.0000    
  6558.000000       1.0000       0.0000    
  6559.000000       1.0000       0.0000    
  6560.000000       1.0000       523.12    
  6561.000000       1.0000       532.37    
  6562.000000       1.0000       582.97    
  6563.000000       1.0000       269.75    
  6564.000000       1.0000       141.08    
  6565.000000       1.0000       73.679    
  6566.000000       1.0000       0.0000    
  6567.000000       1.0000       126.71    
  6568.000000       1.0000       0.0000    
  6569.000000       1.0000       0.0000    
  6570.000000       1.0000       0.0000    
  6571.000000       1.0000       0.0000    
  6572.000000       1.0000       0.0000    
  6573.000000       1.0000       0.0000    
  6574.000000       1.0000       0.0000    
  6575.000000       1.0000       0.0000    
  6576.000000       1.0000       0.0000    
  6577.000000       1.0000       0.0000    
  6578.000000       1.0000       0.0000    
  6579.000000       1.0000       0.0000    
  6580.000000       1.0000       0.0000    
  6581.000000       1.0000       0.0000    
  6582.000000       1.0000       0.0000    
  6583.000000       1.0000       103.87    
  6584.000000       1.0000       826.22    
  6585.000000       1.0000       1108.4    
  6586.000000       1.0000       422.73    
  6587.000000       1.0000       146.36    
  6588.000000       1.0000       329.52    
  6589.000000       1.0000       417.16    
  6590.000000       1.0000       837.50    
  6591.000000       1.0000       883.71    
  6592.000000       1.0000       473.82    
  6593.000000       1.0000       0.0000    
  6594.000000       1.0000       0.0000    
  6595.000000       1.0000       0.0000    
  6596.000000       1.0000       0.0000    
  6597.000000       1.0000       0.0000    
  6598.000000       1.0000       0.0000    
  6599.000000       1.0000       0.0000    
  6600.000000       1.0000       0.0000    
  6601.000000       1.0000       0.0000    
  6602.000000       1.0000       0.0000    
  6603.000000       1.0000       0.0000    
  6604.000000       1.0000       0.0000    
  6605.000000       1.0000       0.0000    
  6606.000000       1.0000       0.0000    
  6607.000000       1.0000       0.0000    
  6608.000000       1.0000       0.0000    
  6609.000000       1.0000       84.859    
  6610.000000       1.0000       198.96    
  6611.000000       1.0000       199.79    
  6612.000000       1.0000       134.27    
  6613.000000       1.0000       0.0000    
  6614.000000       1.0000       190.75    
  6615.000000       1.0000       0.0000    
  6616.000000       1.0000       0.0000    
  6617.000000       1.0000       0.0000    
  6618.000000       1.0000       0.0000    
  6619.000000       1.0000       0.0000    
  6620.000000       1.0000       0.0000    
  6621.000000       1.0000       0.0000    
  6622.000000       1.0000       0.0000    
  6623.000000       1.0000       0.0000    
  6624.000000       1.0000       0.0000    
  6625.000000       1.0000       0.0000    
  6626.000000       1.0000       0.0000    
  6627.000000       1.0000       0.0000    
  6628.000000       1.0000       0.0000    
  6629.000000       1.0000       0.0000    
  6630.000000       1.0000       0.0000    
  6631.000000       1.0000       0.0000    
  6632.000000       1.0000       0.0000    
  6633.000000       1.0000       0.0000    
  6634.000000       1.0000       0.0000    
  6635.000000       1.0000       0.0000    
  6636.000000       1.0000       0.0000    
  6637.000000       1.0000       0.0000    
  6638.000000       1.0000       0.0000    
  6639.000000       1.0000       0.0000    
  6640.000000       1.0000       0.0000    
  6641.000000       1.0000       0.0000    
  6642.000000       1.0000       0.0000    
  6643.000000       1.0000       0.0000    
  6644.000000       1.0000       0.0000    
  6645.000000       1.0000       0.0000    
  6646.000000       1.0000       0.0000    
  6647.000000       1.0000       0.0000    
  6648.000000       1.0000       0.0000    
  6649.000000       1.0000       0.0000    
  6650.000000       1.0000       0.0000    
  6651.000000       1.0000       0.0000    
  6652.000000       1.0000       0.0000    
  6653.000000       1.0000       0.0000    
  6654.000000       1.0000       0.0000    
  6655.000000       1.0000       0.0000    
  6656.000000       1.0000       626.48    
  6657.000000       1.0000       1510.6    
  6658.000000       1.0000       1590.9    
  6659.000000       1.0000       748.92    
  6660.000000       1.0000       1616.5    
  6661.000000       1.0000       1318.7    
  6662.000000       1.0000       2192.7    
  6663.000000       1.0000       1120.9    
  6664.000000       1.0000       409.86    
  6665.000000       1.0000       0.0000    
  6666.000000       1.0000       0.0000    
  6667.000000       1.0000       0.0000    
  6668.000000       1.0000       0.0000    
  6669.000000       1.0000       0.0000    
  6670.000000       1.0000       0.0000    
  6671.000000       1.0000       0.0000    
  6672.000000       1.0000       0.0000    
  6673.000000       1.0000       0.0000    
  6674.000000       1.0000       0.0000    
  6675.000000       1.0000       0.0000    
  6676.000000       1.0000       0.0000    
  6677.000000       1.0000       0.0000    
  6678.000000       1.0000       0.0000    
  6679.000000       1.0000       0.0000    
  6680.000000       1.0000       0.0000    
  6681.000000       1.0000       0.0000    
  6682.000000       1.0000       0.0000    
  6683.000000       1.0000       239.96    
  6684.000000       1.0000       147.18    
  6685.000000       1.0000       165.70    
  6686.000000       1.0000       583.94    
  6687.000000       1.0000       1009.6    
  6688.000000       1.0000       303.38    
  6689.000000       1.0000       0.0000    
  6690.000000       1.0000       0.0000    
  6691.000000       1.0000       0.0000    
  6692.000000       1.0000       0.0000    
  6693.000000       1.0000       0.0000    
  6694.000000       1.0000       0.0000    
  6695.000000       1.0000       0.0000    
  6696.000000       1.0000       0.0000    
  6697.000000       1.0000       0.0000    
  6698.000000       1.0000       0.0000    
  6699.000000       1.0000       0.0000    
  6700.000000       1.0000       0.0000    
  6701.000000       1.0000       0.0000    
  6702.000000       1.0000       0.0000    
  6703.000000       1.0000       0.0000    
  6704.000000       1.0000       0.0000    
  6705.000000       1.0000       0.0000    
  6706.000000       1.0000       125.31    
  6707.000000       1.0000       236.79    
  6708.000000       1.0000       525.34    
  6709.000000       1.0000       276.58    
  6710.000000       1.0000       682.84    
  6711.000000       1.0000       184.48    
  6712.000000       1.0000       0.0000    
  6713.000000       1.0000       0.0000    
  6714.000000       1.0000       0.0000    
  6715.000000       1.0000       0.0000    
  6716.000000       1.0000       0.0000    
  6717.000000       1.0000       0.0000    
  6718.000000       1.0000       0.0000    
  6719.000000       1.0000       0.0000    
  6720.000000       1.0000       0.0000    
  6721.000000       1.0000       0.0000    
  6722.000000       1.0000       0.0000    
  6723.000000       1.0000       0.0000    
  6724.000000       1.0000       0.0000    
  6725.000000       1.0000       0.0000    
  6726.000000       1.0000       0.0000    
  6727.000000       1.0000       0.0000    
  6728.000000       1.0000       0.0000    
  6729.000000       1.0000       133.24    
  6730.000000       1.0000       157.15    
  6731.000000       1.0000       615.46    
  6732.000000       1.0000       538.19    
  6733.000000       1.0000       654.00    
  6734.000000       1.0000       79.197    
  6735.000000       1.0000       0.0000    
  6736.000000       1.0000       0.0000    
  6737.000000       1.0000       0.0000    
  6738.000000       1.0000       0.0000    
  6739.000000       1.0000       0.0000    
  6740.000000       1.0000       0.0000    
  6741.000000       1.0000       0.0000    
  6742.000000       1.0000       0.0000    
  6743.000000       1.0000       0.0000    
  6744.000000       1.0000       0.0000    
  6745.000000       1.0000       0.0000    
  6746.000000       1.0000       0.0000    
  6747.000000       1.0000       0.0000    
  6748.000000       1.0000       0.0000    
  6749.000000       1.0000       0.0000    
  6750.000000       1.0000       0.0000    
  6751.000000       1.0000       0.0000    
  6752.000000       1.0000       773.94    
  6753.000000       1.0000       1820.2    
  6754.000000       1.0000       2304.6    
  6755.000000       1.0000       2008.3    
  6756.000000       1.0000       1099.3    
  6757.000000       1.0000       1541.3    
  6758.000000       1.0000       1867.3    
  6759.000000       1.0000       529.64    
  6760.000000       1.0000       320.53    
  6761.000000       1.0000       0.0000    
  6762.000000       1.0000       0.0000    
  6763.000000       1.0000       0.0000    
  6764.000000       1.0000       0.0000    
  6765.000000       1.0000       0.0000    
  6766.000000       1.0000       0.0000    
  6767.000000       1.0000       0.0000    
  6768.000000       1.0000       0.0000    
  6769.000000       1.0000       0.0000    
  6770.000000       1.0000       0.0000    
  6771.000000       1.0000       0.0000    
  6772.000000       1.0000       0.0000    
  6773.000000       1.0000       0.0000    
  6774.000000       1.0000       0.0000    
  6775.000000       1.0000       0.0000    
  6776.000000       1.0000       0.0000    
  6777.000000       1.0000       0.0000    
  6778.000000       1.0000       132.15    
  6779.000000       1.0000       0.0000    
  6780.000000       1.0000       85.150    
  6781.000000       1.0000       394.15    
  6782.000000       1.0000       394.78    
  6783.000000       1.0000       93.623    
  6784.000000       1.0000       329.65    
  6785.000000       1.0000       0.0000    
  6786.000000       1.0000       0.0000    
  6787.000000       1.0000       0.0000    
  6788.000000       1.0000       0.0000    
  6789.000000       1.0000       0.0000    
  6790.000000       1.0000       0.0000    
  6791.000000       1.0000       0.0000    
  6792.000000       1.0000       0.0000    
  6793.000000       1.0000       0.0000    
  6794.000000       1.0000       0.0000    
  6795.000000       1.0000       0.0000    
  6796.000000       1.0000       0.0000    
  6797.000000       1.0000       0.0000    
  6798.000000       1.0000       0.0000    
  6799.000000       1.0000       0.0000    
  6800.000000       1.0000       0.0000    
  6801.000000       1.0000       253.66    
  6802.000000       1.0000       576.98    
  6803.000000       1.0000       175.48    
  6804.000000       1.0000       325.52    
  6805.000000       1.0000       615.29    
  6806.000000       1.0000       1030.0    
  6807.000000       1.0000       516.52    
  6808.000000       1.0000       126.32    
  6809.000000       1.0000       0.0000    
  6810.000000       1.0000       0.0000    
  6811.000000       1.0000       0.0000    
  6812.000000       1.0000       0.0000    
  6813.000000       1.0000       0.0000    
  6814.000000       1.0000       0.0000    
  6815.000000       1.0000       0.0000    
  6816.000000       1.0000       0.0000    
  6817.000000       1.0000       0.0000    
  6818.000000       1.0000       0.0000    
  6819.000000       1.0000       0.0000    
  6820.000000       1.0000       0.0000    
  6821.000000       1.0000       0.0000    
  6822.000000       1.0000       0.0000    
  6823.000000       1.0000       0.0000    
  6824.000000       1.0000       367.83    
  6825.000000       1.0000       0.0000    
  6826.000000       1.0000       230.09    
  6827.000000       1.0000       1498.1    
  6828.000000       1.0000       1760.1    
  6829.000000       1.0000       672.94    
  6830.000000       1.0000       2220.2    
  6831.000000       1.0000       1239.5    
  6832.000000       1.0000       675.54    
  6833.000000       1.0000       0.0000    
  6834.000000       1.0000       0.0000    
  6835.000000       1.0000       0.0000    
  6836.000000       1.0000       0.0000    
  6837.000000       1.0000       0.0000    
  6838.000000       1.0000       0.0000    
  6839.000000       1.0000       0.0000    
  6840.000000       1.0000       0.0000    
  6841.000000       1.0000       0.0000    
  6842.000000       1.0000       0.0000    
  6843.000000       1.0000       0.0000    
  6844.000000       1.0000       0.0000    
  6845.000000       1.0000       0.0000    
  6846.000000       1.0000       0.0000    
  6847.000000       1.0000       164.70    
  6848.000000       1.0000       791.12    
  6849.000000       1.0000       1851.0    
  6850.000000       1.0000       2285.9    
  6851.000000       1.0000       2001.5    
  6852.000000       1.0000       1937.8    
  6853.000000       1.0000       2405.5    
  6854.000000       1.0000       2173.0    
  6855.000000       1.0000       1386.3    
  6856.000000       1.0000       507.73    
  6857.000000       1.0000       0.0000    
  6858.000000       1.0000       0.0000    
  6859.000000       1.0000       0.0000    
  6860.000000       1.0000       0.0000    
  6861.000000       1.0000       0.0000    
  6862.000000       1.0000       0.0000    
  6863.000000       1.0000       0.0000    
  6864.000000       1.0000       0.0000    
  6865.000000       1.0000       0.0000    
  6866.000000       1.0000       0.0000    
  6867.000000       1.0000       0.0000    
  6868.000000       1.0000       0.0000    
  6869.000000       1.0000       0.0000    
  6870.000000       1.0000       0.0000    
  6871.000000       1.0000       0.0000    
  6872.000000       1.0000       1126.3    
  6873.000000       1.0000       1768.7    
  6874.000000       1.0000       2036.0    
  6875.000000       1.0000       1316.3    
  6876.000000       1.0000       1684.6    
  6877.000000       1.0000       462.38    
  6878.000000       1.0000       119.05    
  6879.000000       1.0000       0.0000    
  6880.000000       1.0000       0.0000    
  6881.000000       1.0000       0.0000    
  6882.000000       1.0000       0.0000    
  6883.000000       1.0000       0.0000    
  6884.000000       1.0000       0.0000    
  6885.000000       1.0000       0.0000    
  6886.000000       1.0000       0.0000    
  6887.000000       1.0000       0.0000    
  6888.000000       1.0000       0.0000    
  6889.000000       1.0000       0.0000    
  6890.000000       1.0000       0.0000    
  6891.000000       1.0000       0.0000    
  6892.000000       1.0000       0.0000    
  6893.000000       1.0000       0.0000    
  6894.000000       1.0000       0.0000    
  6895.000000       1.0000       0.0000    
  6896.000000       1.0000       927.04    
  6897.000000       1.0000       1864.5    
  6898.000000       1.0000       2313.7    
  6899.000000       1.0000       2767.1    
  6900.000000       1.0000       2606.2    
  6901.000000       1.0000       2467.3    
  6902.000000       1.0000       1939.1    
  6903.000000       1.0000       1391.4    
  6904.000000       1.0000       473.04    
  6905.000000       1.0000       0.0000    
  6906.000000       1.0000       0.0000    
  6907.000000       1.0000       0.0000    
  6908.000000       1.0000       0.0000    
  6909.000000       1.0000       0.0000    
  6910.000000       1.0000       0.0000    
  6911.000000       1.0000       0.0000    
  6912.000000       1.0000       0.0000    
  6913.000000       1.0000       0.0000    
  6914.000000       1.0000       0.0000    
  6915.000000       1.0000       0.0000    
  6916.000000       1.0000       0.0000    
  6917.000000       1.0000       0.0000    
  6918.000000       1.0000       0.0000    
  6919.000000       1.0000       0.0000    
  6920.000000       1.0000       0.0000    
  6921.000000       1.0000       1282.2    
  6922.000000       1.0000       512.79    
  6923.000000       1.0000       484.61    
  6924.000000       1.0000       733.35    
  6925.000000       1.0000       200.81    
  6926.000000       1.0000       173.09    
  6927.000000       1.0000       85.316    
  6928.000000       1.0000       0.0000    
  6929.000000       1.0000       0.0000    
  6930.000000       1.0000       0.0000    
  6931.000000       1.0000       0.0000    
  6932.000000       1.0000       0.0000    
  6933.000000       1.0000       0.0000    
  6934.000000       1.0000       0.0000    
  6935.000000       1.0000       0.0000    
  6936.000000       1.0000       0.0000    
  6937.000000       1.0000       0.0000    
  6938.000000       1.0000       0.0000    
  6939.000000       1.0000       0.0000    
  6940.000000       1.0000       0.0000    
  6941.000000       1.0000       0.0000    
  6942.000000       1.0000       0.0000    
  6943.000000       1.0000       0.0000    
  6944.000000       1.0000       1014.4    
  6945.000000       1.0000       1762.8    
  6946.000000       1.0000       2478.6    
  6947.000000       1.0000       2583.9    
  6948.000000       1.0000       2183.6    
  6949.000000       1.0000       303.05    
  6950.000000       1.0000       512.25    
  6951.000000       1.0000       0.0000    
  6952.000000       1.0000       0.0000    
  6953.000000       1.0000       0.0000    
  6954.000000       1.0000       0.0000    
  6955.000000       1.0000       0.0000    
  6956.000000       1.0000       0.0000    
  6957.000000       1.0000       0.0000    
  6958.000000       1.0000       0.0000    
  6959.000000       1.0000       0.0000    
  6960.000000       1.0000       0.0000    
  6961.000000       1.0000       0.0000    
  6962.000000       1.0000       0.0000    
  6963.000000       1.0000       0.0000    
  6964.000000       1.0000       0.0000    
  6965.000000       1.0000       0.0000    
  6966.000000       1.0000       0.0000    
  6967.000000       1.0000       0.0000    
  6968.000000       1.0000       1069.4    
  6969.000000       1.0000       2099.8    
  6970.000000       1.0000       2418.8    
  6971.000000       1.0000       2767.9    
  6972.000000       1.0000       2698.7    
  6973.000000       1.0000       2232.2    
  6974.000000       1.0000       1938.9    
  6975.000000       1.0000       1331.0    
  6976.000000       1.0000       497.11    
  6977.000000       1.0000       0.0000    
  6978.000000       1.0000       0.0000    
  6979.000000       1.0000       0.0000    
  6980.000000       1.0000       0.0000    
  6981.000000       1.0000       0.0000    
  6982.000000       1.0000       0.0000    
  6983.000000       1.0000       0.0000    
  6984.000000       1.0000       0.0000    
  6985.000000       1.0000       0.0000    
  6986.000000       1.0000       0.0000    
  6987.000000       1.0000       0.0000    
  6988.000000       1.0000       0.0000    
  6989.000000       1.0000       0.0000    
  6990.000000       1.0000       0.0000    
  6991.000000       1.0000       0.0000    
  6992.000000       1.0000       583.31    
  6993.000000       1.0000       1408.1    
  6994.000000       1.0000       1905.3    
  6995.000000       1.0000       2337.5    
  6996.000000       1.0000       2246.0    
  6997.000000       1.0000       1896.0    
  6998.000000       1.0000       1569.3    
  6999.000000       1.0000       812.64    
  7000.000000       1.0000       240.01    
  7001.000000       1.0000       0.0000    
  7002.000000       1.0000       0.0000    
  7003.000000       1.0000       0.0000    
  7004.000000       1.0000       0.0000    
  7005.000000       1.0000       0.0000    
  7006.000000       1.0000       0.0000    
  7007.000000       1.0000       0.0000    
  7008.000000       1.0000       0.0000    
  7009.000000       1.0000       0.0000    
  7010.000000       1.0000       0.0000    
  7011.000000       1.0000       0.0000    
  7012.000000       1.0000       0.0000    
  7013.000000       1.0000       0.0000    
  7014.000000       1.0000       0.0000    
  7015.000000       1.0000       0.0000    
  7016.000000       1.0000       0.0000    
  7017.000000       1.0000       0.0000    
  7018.000000       1.0000       0.0000    
  7019.000000       1.0000       137.43    
  7020.000000       1.0000       239.43    
  7021.000000       1.0000       87.218    
  7022.000000       1.0000       0.0000    
  7023.000000       1.0000       0.0000    
  7024.000000       1.0000       0.0000    
  7025.000000       1.0000       0.0000    
  7026.000000       1.0000       0.0000    
  7027.000000       1.0000       0.0000    
  7028.000000       1.0000       0.0000    
  7029.000000       1.0000       0.0000    
  7030.000000       1.0000       0.0000    
  7031.000000       1.0000       0.0000    
  7032.000000       1.0000       0.0000    
  7033.000000       1.0000       0.0000    
  7034.000000       1.0000       0.0000    
  7035.000000       1.0000       0.0000    
  7036.000000       1.0000       0.0000    
  7037.000000       1.0000       0.0000    
  7038.000000       1.0000       0.0000    
  7039.000000       1.0000       0.0000    
  7040.000000       1.0000       0.0000    
  7041.000000       1.0000       0.0000    
  7042.000000       1.0000       0.0000    
  7043.000000       1.0000       0.0000    
  7044.000000       1.0000       0.0000    
  7045.000000       1.0000       0.0000    
  7046.000000       1.0000       0.0000    
  7047.000000       1.0000       0.0000    
  7048.000000       1.0000       0.0000    
  7049.000000       1.0000       0.0000    
  7050.000000       1.0000       0.0000    
  7051.000000       1.0000       0.0000    
  7052.000000       1.0000       0.0000    
  7053.000000       1.0000       0.0000    
  7054.000000       1.0000       0.0000    
  7055.000000       1.0000       0.0000    
  7056.000000       1.0000       0.0000    
  7057.000000       1.0000       0.0000    
  7058.000000       1.0000       0.0000    
  7059.000000       1.0000       0.0000    
  7060.000000       1.0000       0.0000    
  7061.000000       1.0000       0.0000    
  7062.000000       1.0000       0.0000    
  7063.000000       1.0000       0.0000    
  7064.000000       1.0000       0.0000    
  7065.000000       1.0000       0.0000    
  7066.000000       1.0000       0.0000    
  7067.000000       1.0000       0.0000    
  7068.000000       1.0000       0.0000    
  7069.000000       1.0000       0.0000    
  7070.000000       1.0000       0.0000    
  7071.000000       1.0000       0.0000    
  7072.000000       1.0000       0.0000    
  7073.000000       1.0000       0.0000    
  7074.000000       1.0000       0.0000    
  7075.000000       1.0000       0.0000    
  7076.000000       1.0000       0.0000    
  7077.000000       1.0000       0.0000    
  7078.000000       1.0000       0.0000    
  7079.000000       1.0000       0.0000    
  7080.000000       1.0000       0.0000    
  7081.000000       1.0000       0.0000    
  7082.000000       1.0000       0.0000    
  7083.000000       1.0000       0.0000    
  7084.000000       1.0000       0.0000    
  7085.000000       1.0000       0.0000    
  7086.000000       1.0000       0.0000    
  7087.000000       1.0000       0.0000    
  7088.000000       1.0000       151.62    
  7089.000000       1.0000       526.82    
  7090.000000       1.0000       645.47    
  7091.000000       1.0000       1021.9    
  7092.000000       1.0000       690.65    
  7093.000000       1.0000       1743.2    
  7094.000000       1.0000       1496.2    
  7095.000000       1.0000       216.59    
  7096.000000       1.0000       0.0000    
  7097.000000       1.0000       0.0000    
  7098.000000       1.0000       0.0000    
  7099.000000       1.0000       0.0000    
  7100.000000       1.0000       0.0000    
  7101.000000       1.0000       0.0000    
  7102.000000       1.0000       0.0000    
  7103.000000       1.0000       0.0000    
  7104.000000       1.0000       0.0000    
  7105.000000       1.0000       0.0000    
  7106.000000       1.0000       0.0000    
  7107.000000       1.0000       0.0000    
  7108.000000       1.0000       0.0000    
  7109.000000       1.0000       0.0000    
  7110.000000       1.0000       0.0000    
  7111.000000       1.0000       0.0000    
  7112.000000       1.0000       0.0000    
  7113.000000       1.0000       0.0000    
  7114.000000       1.0000       224.11    
  7115.000000       1.0000       714.03    
  7116.000000       1.0000       785.36    
  7117.000000       1.0000       987.40    
  7118.000000       1.0000       660.48    
  7119.000000       1.0000       549.04    
  7120.000000       1.0000       0.0000    
  7121.000000       1.0000       0.0000    
  7122.000000       1.0000       0.0000    
  7123.000000       1.0000       0.0000    
  7124.000000       1.0000       0.0000    
  7125.000000       1.0000       0.0000    
  7126.000000       1.0000       0.0000    
  7127.000000       1.0000       0.0000    
  7128.000000       1.0000       0.0000    
  7129.000000       1.0000       0.0000    
  7130.000000       1.0000       0.0000    
  7131.000000       1.0000       0.0000    
  7132.000000       1.0000       0.0000    
  7133.000000       1.0000       0.0000    
  7134.000000       1.0000       0.0000    
  7135.000000       1.0000       0.0000    
  7136.000000       1.0000       0.0000    
  7137.000000       1.0000       0.0000    
  7138.000000       1.0000       0.0000    
  7139.000000       1.0000       0.0000    
  7140.000000       1.0000       0.0000    
  7141.000000       1.0000       0.0000    
  7142.000000       1.0000       0.0000    
  7143.000000       1.0000       0.0000    
  7144.000000       1.0000       0.0000    
  7145.000000       1.0000       0.0000    
  7146.000000       1.0000       0.0000    
  7147.000000       1.0000       0.0000    
  7148.000000       1.0000       0.0000    
  7149.000000       1.0000       0.0000    
  7150.000000       1.0000       0.0000    
  7151.000000       1.0000       0.0000    
  7152.000000       1.0000       0.0000    
  7153.000000       1.0000       0.0000    
  7154.000000       1.0000       0.0000    
  7155.000000       1.0000       0.0000    
  7156.000000       1.0000       0.0000    
  7157.000000       1.0000       0.0000    
  7158.000000       1.0000       0.0000    
  7159.000000       1.0000       0.0000    
  7160.000000       1.0000       0.0000    
  7161.000000       1.0000       0.0000    
  7162.000000       1.0000       82.311    
  7163.000000       1.0000       146.63    
  7164.000000       1.0000       125.86    
  7165.000000       1.0000       131.78    
  7166.000000       1.0000       0.0000    
  7167.000000       1.0000       0.0000    
  7168.000000       1.0000       0.0000    
  7169.000000       1.0000       0.0000    
  7170.000000       1.0000       0.0000    
  7171.000000       1.0000       0.0000    
  7172.000000       1.0000       0.0000    
  7173.000000       1.0000       0.0000    
  7174.000000       1.0000       0.0000    
  7175.000000       1.0000       0.0000    
  7176.000000       1.0000       0.0000    
  7177.000000       1.0000       0.0000    
  7178.000000       1.0000       0.0000    
  7179.000000       1.0000       0.0000    
  7180.000000       1.0000       0.0000    
  7181.000000       1.0000       0.0000    
  7182.000000       1.0000       0.0000    
  7183.000000       1.0000       0.0000    
  7184.000000       1.0000       0.0000    
  7185.000000       1.0000       0.0000    
  7186.000000       1.0000       0.0000    
  7187.000000       1.0000       114.15    
  7188.000000       1.0000       116.41    
  7189.000000       1.0000       0.0000    
  7190.000000       1.0000       0.0000    
  7191.000000       1.0000       0.0000    
  7192.000000       1.0000       0.0000    
  7193.000000       1.0000       0.0000    
  7194.000000       1.0000       0.0000    
  7195.000000       1.0000       0.0000    
  7196.000000       1.0000       0.0000    
  7197.000000       1.0000       0.0000    
  7198.000000       1.0000       0.0000    
  7199.000000       1.0000       0.0000    
  7200.000000       1.0000       0.0000    
  7201.000000       1.0000       0.0000    
  7202.000000       1.0000       0.0000    
  7203.000000       1.0000       0.0000    
  7204.000000       1.0000       0.0000    
  7205.000000       1.0000       0.0000    
  7206.000000       1.0000       0.0000    
  7207.000000       1.0000       0.0000    
  7208.000000       1.0000       0.0000    
  7209.000000       1.0000       101.96    
  7210.000000       1.0000       827.20    
  7211.000000       1.0000       1305.0    
  7212.000000       1.0000       640.16    
  7213.000000       1.0000       914.66    
  7214.000000       1.0000       275.26    
  7215.000000       1.0000       0.0000    
  7216.000000       1.0000       0.0000    
  7217.000000       1.0000       0.0000    
  7218.000000       1.0000       0.0000    
  7219.000000       1.0000       0.0000    
  7220.000000       1.0000       0.0000    
  7221.000000       1.0000       0.0000    
  7222.000000       1.0000       0.0000    
  7223.000000       1.0000       0.0000    
  7224.000000       1.0000       0.0000    
  7225.000000       1.0000       0.0000    
  7226.000000       1.0000       0.0000    
  7227.000000       1.0000       0.0000    
  7228.000000       1.0000       0.0000    
  7229.000000       1.0000       0.0000    
  7230.000000       1.0000       0.0000    
  7231.000000       1.0000       0.0000    
  7232.000000       1.0000       0.0000    
  7233.000000       1.0000       104.04    
  7234.000000       1.0000       435.06    
  7235.000000       1.0000       644.28    
  7236.000000       1.0000       792.17    
  7237.000000       1.0000       861.28    
  7238.000000       1.0000       154.75    
  7239.000000       1.0000       0.0000    
  7240.000000       1.0000       0.0000    
  7241.000000       1.0000       0.0000    
  7242.000000       1.0000       0.0000    
  7243.000000       1.0000       0.0000    
  7244.000000       1.0000       0.0000    
  7245.000000       1.0000       0.0000    
  7246.000000       1.0000       0.0000    
  7247.000000       1.0000       0.0000    
  7248.000000       1.0000       0.0000    
  7249.000000       1.0000       0.0000    
  7250.000000       1.0000       0.0000    
  7251.000000       1.0000       0.0000    
  7252.000000       1.0000       0.0000    
  7253.000000       1.0000       0.0000    
  7254.000000       1.0000       0.0000    
  7255.000000       1.0000       0.0000    
  7256.000000       1.0000       0.0000    
  7257.000000       1.0000       0.0000    
  7258.000000       1.0000       0.0000    
  7259.000000       1.0000       79.571    
  7260.000000       1.0000       0.0000    
  7261.000000       1.0000       0.0000    
  7262.000000       1.0000       0.0000    
  7263.000000       1.0000       0.0000    
  7264.000000       1.0000       0.0000    
  7265.000000       1.0000       0.0000    
  7266.000000       1.0000       0.0000    
  7267.000000       1.0000       0.0000    
  7268.000000       1.0000       0.0000    
  7269.000000       1.0000       0.0000    
  7270.000000       1.0000       0.0000    
  7271.000000       1.0000       0.0000    
  7272.000000       1.0000       0.0000    
  7273.000000       1.0000       0.0000    
  7274.000000       1.0000       0.0000    
  7275.000000       1.0000       0.0000    
  7276.000000       1.0000       0.0000    
  7277.000000       1.0000       0.0000    
  7278.000000       1.0000       0.0000    
  7279.000000       1.0000       0.0000    
  7280.000000       1.0000       186.15    
  7281.000000       1.0000       700.72    
  7282.000000       1.0000       685.75    
  7283.000000       1.0000       1487.8    
  7284.000000       1.0000       1506.3    
  7285.000000       1.0000       1121.9    
  7286.000000       1.0000       409.83    
  7287.000000       1.0000       0.0000    
  7288.000000       1.0000       0.0000    
  7289.000000       1.0000       0.0000    
  7290.000000       1.0000       0.0000    
  7291.000000       1.0000       0.0000    
  7292.000000       1.0000       0.0000    
  7293.000000       1.0000       0.0000    
  7294.000000       1.0000       0.0000    
  7295.000000       1.0000       0.0000    
  7296.000000       1.0000       0.0000    
  7297.000000       1.0000       0.0000    
  7298.000000       1.0000       0.0000    
  7299.000000       1.0000       0.0000    
  7300.000000       1.0000       0.0000    
  7301.000000       1.0000       0.0000    
  7302.000000       1.0000       0.0000    
  7303.000000       1.0000       0.0000    
  7304.000000       1.0000       0.0000    
  7305.000000       1.0000       0.0000    
  7306.000000       1.0000       0.0000    
  7307.000000       1.0000       117.19    
  7308.000000       1.0000       272.28    
  7309.000000       1.0000       291.03    
  7310.000000       1.0000       0.0000    
  7311.000000       1.0000       0.0000    
  7312.000000       1.0000       0.0000    
  7313.000000       1.0000       0.0000    
  7314.000000       1.0000       0.0000    
  7315.000000       1.0000       0.0000    
  7316.000000       1.0000       0.0000    
  7317.000000       1.0000       0.0000    
  7318.000000       1.0000       0.0000    
  7319.000000       1.0000       0.0000    
  7320.000000       1.0000       0.0000    
  7321.000000       1.0000       0.0000    
  7322.000000       1.0000       0.0000    
  7323.000000       1.0000       0.0000    
  7324.000000       1.0000       0.0000    
  7325.000000       1.0000       0.0000    
  7326.000000       1.0000       0.0000    
  7327.000000       1.0000       0.0000    
  7328.000000       1.0000       0.0000    
  7329.000000       1.0000       0.0000    
  7330.000000       1.0000       0.0000    
  7331.000000       1.0000       0.0000    
  7332.000000       1.0000       0.0000    
  7333.000000       1.0000       0.0000    
  7334.000000       1.0000       0.0000    
  7335.000000       1.0000       0.0000    
  7336.000000       1.0000       0.0000    
  7337.000000       1.0000       0.0000    
  7338.000000       1.0000       0.0000    
  7339.000000       1.0000       0.0000    
  7340.000000       1.0000       0.0000    
  7341.000000       1.0000       0.0000    
  7342.000000       1.0000       0.0000    
  7343.000000       1.0000       0.0000    
  7344.000000       1.0000       0.0000    
  7345.000000       1.0000       0.0000    
  7346.000000       1.0000       0.0000    
  7347.000000       1.0000       0.0000    
  7348.000000       1.0000       0.0000    
  7349.000000       1.0000       0.0000    
  7350.000000       1.0000       0.0000    
  7351.000000       1.0000       0.0000    
  7352.000000       1.0000       0.0000    
  7353.000000       1.0000       120.69    
  7354.000000       1.0000       182.01    
  7355.000000       1.0000       279.55    
  7356.000000       1.0000       480.63    
  7357.000000       1.0000       388.53    
  7358.000000       1.0000       92.021    
  7359.000000       1.0000       0.0000    
  7360.000000       1.0000       0.0000    
  7361.000000       1.0000       0.0000    
  7362.000000       1.0000       0.0000    
  7363.000000       1.0000       0.0000    
  7364.000000       1.0000       0.0000    
  7365.000000       1.0000       0.0000    
  7366.000000       1.0000       0.0000    
  7367.000000       1.0000       0.0000    
  7368.000000       1.0000       0.0000    
  7369.000000       1.0000       0.0000    
  7370.000000       1.0000       0.0000    
  7371.000000       1.0000       0.0000    
  7372.000000       1.0000       0.0000    
  7373.000000       1.0000       0.0000    
  7374.000000       1.0000       0.0000    
  7375.000000       1.0000       0.0000    
  7376.000000       1.0000       127.38    
  7377.000000       1.0000       497.30    
  7378.000000       1.0000       1493.6    
  7379.000000       1.0000       967.59    
  7380.000000       1.0000       1336.1    
  7381.000000       1.0000       670.57    
  7382.000000       1.0000       0.0000    
  7383.000000       1.0000       0.0000    
  7384.000000       1.0000       0.0000    
  7385.000000       1.0000       0.0000    
  7386.000000       1.0000       0.0000    
  7387.000000       1.0000       0.0000    
  7388.000000       1.0000       0.0000    
  7389.000000       1.0000       0.0000    
  7390.000000       1.0000       0.0000    
  7391.000000       1.0000       0.0000    
  7392.000000       1.0000       0.0000    
  7393.000000       1.0000       0.0000    
  7394.000000       1.0000       0.0000    
  7395.000000       1.0000       0.0000    
  7396.000000       1.0000       0.0000    
  7397.000000       1.0000       0.0000    
  7398.000000       1.0000       0.0000    
  7399.000000       1.0000       0.0000    
  7400.000000       1.0000       0.0000    
  7401.000000       1.0000       0.0000    
  7402.000000       1.0000       0.0000    
  7403.000000       1.0000       0.0000    
  7404.000000       1.0000       0.0000    
  7405.000000       1.0000       0.0000    
  7406.000000       1.0000       0.0000    
  7407.000000       1.0000       0.0000    
  7408.000000       1.0000       0.0000    
  7409.000000       1.0000       0.0000    
  7410.000000       1.0000       0.0000    
  7411.000000       1.0000       0.0000    
  7412.000000       1.0000       0.0000    
  7413.000000       1.0000       0.0000    
  7414.000000       1.0000       0.0000    
  7415.000000       1.0000       0.0000    
  7416.000000       1.0000       0.0000    
  7417.000000       1.0000       0.0000    
  7418.000000       1.0000       0.0000    
  7419.000000       1.0000       0.0000    
  7420.000000       1.0000       0.0000    
  7421.000000       1.0000       0.0000    
  7422.000000       1.0000       0.0000    
  7423.000000       1.0000       0.0000    
  7424.000000       1.0000       259.36    
  7425.000000       1.0000       1580.3    
  7426.000000       1.0000       1783.7    
  7427.000000       1.0000       1955.0    
  7428.000000       1.0000       1790.8    
  7429.000000       1.0000       1575.3    
  7430.000000       1.0000       661.93    
  7431.000000       1.0000       0.0000    
  7432.000000       1.0000       0.0000    
  7433.000000       1.0000       0.0000    
  7434.000000       1.0000       0.0000    
  7435.000000       1.0000       0.0000    
  7436.000000       1.0000       0.0000    
  7437.000000       1.0000       0.0000    
  7438.000000       1.0000       0.0000    
  7439.000000       1.0000       0.0000    
  7440.000000       1.0000       0.0000    
  7441.000000       1.0000       0.0000    
  7442.000000       1.0000       0.0000    
  7443.000000       1.0000       0.0000    
  7444.000000       1.0000       0.0000    
  7445.000000       1.0000       0.0000    
  7446.000000       1.0000       0.0000    
  7447.000000       1.0000       0.0000    
  7448.000000       1.0000       0.0000    
  7449.000000       1.0000       0.0000    
  7450.000000       1.0000       0.0000    
  7451.000000       1.0000       0.0000    
  7452.000000       1.0000       0.0000    
  7453.000000       1.0000       0.0000    
  7454.000000       1.0000       0.0000    
  7455.000000       1.0000       0.0000    
  7456.000000       1.0000       0.0000    
  7457.000000       1.0000       0.0000    
  7458.000000       1.0000       0.0000    
  7459.000000       1.0000       0.0000    
  7460.000000       1.0000       0.0000    
  7461.000000       1.0000       0.0000    
  7462.000000       1.0000       0.0000    
  7463.000000       1.0000       0.0000    
  7464.000000       1.0000       0.0000    
  7465.000000       1.0000       0.0000    
  7466.000000       1.0000       0.0000    
  7467.000000       1.0000       0.0000    
  7468.000000       1.0000       0.0000    
  7469.000000       1.0000       0.0000    
  7470.000000       1.0000       0.0000    
  7471.000000       1.0000       0.0000    
  7472.000000       1.0000       0.0000    
  7473.000000       1.0000       0.0000    
  7474.000000       1.0000       0.0000    
  7475.000000       1.0000       0.0000    
  7476.000000       1.0000       0.0000    
  7477.000000       1.0000       98.148    
  7478.000000       1.0000       0.0000    
  7479.000000       1.0000       0.0000    
  7480.000000       1.0000       0.0000    
  7481.000000       1.0000       0.0000    
  7482.000000       1.0000       0.0000    
  7483.000000       1.0000       0.0000    
  7484.000000       1.0000       0.0000    
  7485.000000       1.0000       0.0000    
  7486.000000       1.0000       0.0000    
  7487.000000       1.0000       0.0000    
  7488.000000       1.0000       0.0000    
  7489.000000       1.0000       0.0000    
  7490.000000       1.0000       0.0000    
  7491.000000       1.0000       0.0000    
  7492.000000       1.0000       0.0000    
  7493.000000       1.0000       0.0000    
  7494.000000       1.0000       0.0000    
  7495.000000       1.0000       0.0000    
  7496.000000       1.0000       0.0000    
  7497.000000       1.0000       0.0000    
  7498.000000       1.0000       133.39    
  7499.000000       1.0000       86.819    
  7500.000000       1.0000       0.0000    
  7501.000000       1.0000       0.0000    
  7502.000000       1.0000       0.0000    
  7503.000000       1.0000       0.0000    
  7504.000000       1.0000       0.0000    
  7505.000000       1.0000       0.0000    
  7506.000000       1.0000       0.0000    
  7507.000000       1.0000       0.0000    
  7508.000000       1.0000       0.0000    
  7509.000000       1.0000       0.0000    
  7510.000000       1.0000       0.0000    
  7511.000000       1.0000       0.0000    
  7512.000000       1.0000       0.0000    
  7513.000000       1.0000       0.0000    
  7514.000000       1.0000       0.0000    
  7515.000000       1.0000       0.0000    
  7516.000000       1.0000       0.0000    
  7517.000000       1.0000       0.0000    
  7518.000000       1.0000       0.0000    
  7519.000000       1.0000       0.0000    
  7520.000000       1.0000       0.0000    
  7521.000000       1.0000       0.0000    
  7522.000000       1.0000       0.0000    
  7523.000000       1.0000       0.0000    
  7524.000000       1.0000       0.0000    
  7525.000000       1.0000       0.0000    
  7526.000000       1.0000       0.0000    
  7527.000000       1.0000       0.0000    
  7528.000000       1.0000       0.0000    
  7529.000000       1.0000       0.0000    
  7530.000000       1.0000       0.0000    
  7531.000000       1.0000       0.0000    
  7532.000000       1.0000       0.0000    
  7533.000000       1.0000       0.0000    
  7534.000000       1.0000       0.0000    
  7535.000000       1.0000       0.0000    
  7536.000000       1.0000       0.0000    
  7537.000000       1.0000       0.0000    
  7538.000000       1.0000       0.0000    
  7539.000000       1.0000       0.0000    
  7540.000000       1.0000       0.0000    
  7541.000000       1.0000       0.0000    
  7542.000000       1.0000       0.0000    
  7543.000000       1.0000       0.0000    
  7544.000000       1.0000       0.0000    
  7545.000000       1.0000       0.0000    
  7546.000000       1.0000       0.0000    
  7547.000000       1.0000       0.0000    
  7548.000000       1.0000       0.0000    
  7549.000000       1.0000       0.0000    
  7550.000000       1.0000       0.0000    
  7551.000000       1.0000       0.0000    
  7552.000000       1.0000       0.0000    
  7553.000000       1.0000       0.0000    
  7554.000000       1.0000       0.0000    
  7555.000000       1.0000       0.0000    
  7556.000000       1.0000       0.0000    
  7557.000000       1.0000       0.0000    
  7558.000000       1.0000       0.0000    
  7559.000000       1.0000       0.0000    
  7560.000000       1.0000       0.0000    
  7561.000000       1.0000       0.0000    
  7562.000000       1.0000       0.0000    
  7563.000000       1.0000       0.0000    
  7564.000000       1.0000       0.0000    
  7565.000000       1.0000       0.0000    
  7566.000000       1.0000       0.0000    
  7567.000000       1.0000       0.0000    
  7568.000000       1.0000       0.0000    
  7569.000000       1.0000       0.0000    
  7570.000000       1.0000       0.0000    
  7571.000000       1.0000       0.0000    
  7572.000000       1.0000       0.0000    
  7573.000000       1.0000       0.0000    
  7574.000000       1.0000       0.0000    
  7575.000000       1.0000       0.0000    
  7576.000000       1.0000       0.0000    
  7577.000000       1.0000       0.0000    
  7578.000000       1.0000       0.0000    
  7579.000000       1.0000       0.0000    
  7580.000000       1.0000       0.0000    
  7581.000000       1.0000       0.0000    
  7582.000000       1.0000       0.0000    
  7583.000000       1.0000       0.0000    
  7584.000000       1.0000       0.0000    
  7585.000000       1.0000       0.0000    
  7586.000000       1.0000       0.0000    
  7587.000000       1.0000       0.0000    
  7588.000000       1.0000       0.0000    
  7589.000000       1.0000       0.0000    
  7590.000000       1.0000       0.0000    
  7591.000000       1.0000       0.0000    
  7592.000000       1.0000       0.0000    
  7593.000000       1.0000       0.0000    
  7594.000000       1.0000       0.0000    
  7595.000000       1.0000       0.0000    
  7596.000000       1.0000       0.0000    
  7597.000000       1.0000       0.0000    
  7598.000000       1.0000       0.0000    
  7599.000000       1.0000       0.0000    
  7600.000000       1.0000       0.0000    
  7601.000000       1.0000       0.0000    
  7602.000000       1.0000       0.0000    
  7603.000000       1.0000       0.0000    
  7604.000000       1.0000       0.0000    
  7605.000000       1.0000       0.0000    
  7606.000000       1.0000       0.0000    
  7607.000000       1.0000       0.0000    
  7608.000000       1.0000       0.0000    
  7609.000000       1.0000       0.0000    
  7610.000000       1.0000       0.0000    
  7611.000000       1.0000       0.0000    
  7612.000000       1.0000       0.0000    
  7613.000000       1.0000       0.0000    
  7614.000000       1.0000       0.0000    
  7615.000000       1.0000       0.0000    
  7616.000000       1.0000       0.0000    
  7617.000000       1.0000       0.0000    
  7618.000000       1.0000       88.894    
  7619.000000       1.0000       152.51    
  7620.000000       1.0000       192.64    
  7621.000000       1.0000       119.27    
  7622.000000       1.0000       0.0000    
  7623.000000       1.0000       0.0000    
  7624.000000       1.0000       0.0000    
  7625.000000       1.0000       0.0000    
  7626.000000       1.0000       0.0000    
  7627.000000       1.0000       0.0000    
  7628.000000       1.0000       0.0000    
  7629.000000       1.0000       0.0000    
  7630.000000       1.0000       0.0000    
  7631.000000       1.0000       0.0000    
  7632.000000       1.0000       0.0000    
  7633.000000       1.0000       0.0000    
  7634.000000       1.0000       0.0000    
  7635.000000       1.0000       0.0000    
  7636.000000       1.0000       0.0000    
  7637.000000       1.0000       0.0000    
  7638.000000       1.0000       0.0000    
  7639.000000       1.0000       0.0000    
  7640.000000       1.0000       0.0000    
  7641.000000       1.0000       0.0000    
  7642.000000       1.0000       0.0000    
  7643.000000       1.0000       0.0000    
  7644.000000       1.0000       0.0000    
  7645.000000       1.0000       0.0000    
  7646.000000       1.0000       0.0000    
  7647.000000       1.0000       0.0000    
  7648.000000       1.0000       0.0000    
  7649.000000       1.0000       0.0000    
  7650.000000       1.0000       0.0000    
  7651.000000       1.0000       0.0000    
  7652.000000       1.0000       0.0000    
  7653.000000       1.0000       0.0000    
  7654.000000       1.0000       0.0000    
  7655.000000       1.0000       0.0000    
  7656.000000       1.0000       0.0000    
  7657.000000       1.0000       0.0000    
  7658.000000       1.0000       0.0000    
  7659.000000       1.0000       0.0000    
  7660.000000       1.0000       0.0000    
  7661.000000       1.0000       0.0000    
  7662.000000       1.0000       0.0000    
  7663.000000       1.0000       0.0000    
  7664.000000       1.0000       0.0000    
  7665.000000       1.0000       0.0000    
  7666.000000       1.0000       90.142    
  7667.000000       1.0000       0.0000    
  7668.000000       1.0000       0.0000    
  7669.000000       1.0000       0.0000    
  7670.000000       1.0000       0.0000    
  7671.000000       1.0000       0.0000    
  7672.000000       1.0000       0.0000    
  7673.000000       1.0000       0.0000    
  7674.000000       1.0000       0.0000    
  7675.000000       1.0000       0.0000    
  7676.000000       1.0000       0.0000    
  7677.000000       1.0000       0.0000    
  7678.000000       1.0000       0.0000    
  7679.000000       1.0000       0.0000    
  7680.000000       1.0000       0.0000    
  7681.000000       1.0000       0.0000    
  7682.000000       1.0000       0.0000    
  7683.000000       1.0000       0.0000    
  7684.000000       1.0000       0.0000    
  7685.000000       1.0000       0.0000    
  7686.000000       1.0000       0.0000    
  7687.000000       1.0000       0.0000    
  7688.000000       1.0000       0.0000    
  7689.000000       1.0000       0.0000    
  7690.000000       1.0000       0.0000    
  7691.000000       1.0000       0.0000    
  7692.000000       1.0000       0.0000    
  7693.000000       1.0000       0.0000    
  7694.000000       1.0000       0.0000    
  7695.000000       1.0000       0.0000    
  7696.000000       1.0000       0.0000    
  7697.000000       1.0000       0.0000    
  7698.000000       1.0000       0.0000    
  7699.000000       1.0000       0.0000    
  7700.000000       1.0000       0.0000    
  7701.000000       1.0000       0.0000    
  7702.000000       1.0000       0.0000    
  7703.000000       1.0000       0.0000    
  7704.000000       1.0000       0.0000    
  7705.000000       1.0000       0.0000    
  7706.000000       1.0000       0.0000    
  7707.000000       1.0000       0.0000    
  7708.000000       1.0000       0.0000    
  7709.000000       1.0000       0.0000    
  7710.000000       1.0000       0.0000    
  7711.000000       1.0000       0.0000    
  7712.000000       1.0000       0.0000    
  7713.000000       1.0000       0.0000    
  7714.000000       1.0000       0.0000    
  7715.000000       1.0000       0.0000    
  7716.000000       1.0000       0.0000    
  7717.000000       1.0000       0.0000    
  7718.000000       1.0000       0.0000    
  7719.000000       1.0000       0.0000    
  7720.000000       1.0000       0.0000    
  7721.000000       1.0000       0.0000    
  7722.000000       1.0000       0.0000    
  7723.000000       1.0000       0.0000    
  7724.000000       1.0000       0.0000    
  7725.000000       1.0000       0.0000    
  7726.000000       1.0000       0.0000    
  7727.000000       1.0000       0.0000    
  7728.000000       1.0000       0.0000    
  7729.000000       1.0000       0.0000    
  7730.000000       1.0000       0.0000    
  7731.000000       1.0000       0.0000    
  7732.000000       1.0000       0.0000    
  7733.000000       1.0000       0.0000    
  7734.000000       1.0000       0.0000    
  7735.000000       1.0000       0.0000    
  7736.000000       1.0000       0.0000    
  7737.000000       1.0000       0.0000    
  7738.000000       1.0000       93.533    
  7739.000000       1.0000       166.01    
  7740.000000       1.0000       443.68    
  7741.000000       1.0000       649.31    
  7742.000000       1.0000       0.0000    
  7743.000000       1.0000       0.0000    
  7744.000000       1.0000       0.0000    
  7745.000000       1.0000       0.0000    
  7746.000000       1.0000       0.0000    
  7747.000000       1.0000       0.0000    
  7748.000000       1.0000       0.0000    
  7749.000000       1.0000       0.0000    
  7750.000000       1.0000       0.0000    
  7751.000000       1.0000       0.0000    
  7752.000000       1.0000       0.0000    
  7753.000000       1.0000       0.0000    
  7754.000000       1.0000       0.0000    
  7755.000000       1.0000       0.0000    
  7756.000000       1.0000       0.0000    
  7757.000000       1.0000       0.0000    
  7758.000000       1.0000       0.0000    
  7759.000000       1.0000       0.0000    
  7760.000000       1.0000       0.0000    
  7761.000000       1.0000       1388.2    
  7762.000000       1.0000       595.50    
  7763.000000       1.0000       1817.5    
  7764.000000       1.0000       1244.1    
  7765.000000       1.0000       842.59    
  7766.000000       1.0000       83.324    
  7767.000000       1.0000       0.0000    
  7768.000000       1.0000       0.0000    
  7769.000000       1.0000       0.0000    
  7770.000000       1.0000       0.0000    
  7771.000000       1.0000       0.0000    
  7772.000000       1.0000       0.0000    
  7773.000000       1.0000       0.0000    
  7774.000000       1.0000       0.0000    
  7775.000000       1.0000       0.0000    
  7776.000000       1.0000       0.0000    
  7777.000000       1.0000       0.0000    
  7778.000000       1.0000       0.0000    
  7779.000000       1.0000       0.0000    
  7780.000000       1.0000       0.0000    
  7781.000000       1.0000       0.0000    
  7782.000000       1.0000       0.0000    
  7783.000000       1.0000       0.0000    
  7784.000000       1.0000       0.0000    
  7785.000000       1.0000       0.0000    
  7786.000000       1.0000       0.0000    
  7787.000000       1.0000       0.0000    
  7788.000000       1.0000       0.0000    
  7789.000000       1.0000       0.0000    
  7790.000000       1.0000       0.0000    
  7791.000000       1.0000       0.0000    
  7792.000000       1.0000       0.0000    
  7793.000000       1.0000       0.0000    
  7794.000000       1.0000       0.0000    
  7795.000000       1.0000       0.0000    
  7796.000000       1.0000       0.0000    
  7797.000000       1.0000       0.0000    
  7798.000000       1.0000       0.0000    
  7799.000000       1.0000       0.0000    
  7800.000000       1.0000       0.0000    
  7801.000000       1.0000       0.0000    
  7802.000000       1.0000       0.0000    
  7803.000000       1.0000       0.0000    
  7804.000000       1.0000       0.0000    
  7805.000000       1.0000       0.0000    
  7806.000000       1.0000       0.0000    
  7807.000000       1.0000       0.0000    
  7808.000000       1.0000       0.0000    
  7809.000000       1.0000       0.0000    
  7810.000000       1.0000       384.94    
  7811.000000       1.0000       626.35    
  7812.000000       1.0000       385.82    
  7813.000000       1.0000       0.0000    
  7814.000000       1.0000       0.0000    
  7815.000000       1.0000       0.0000    
  7816.000000       1.0000       0.0000    
  7817.000000       1.0000       0.0000    
  7818.000000       1.0000       0.0000    
  7819.000000       1.0000       0.0000    
  7820.000000       1.0000       0.0000    
  7821.000000       1.0000       0.0000    
  7822.000000       1.0000       0.0000    
  7823.000000       1.0000       0.0000    
  7824.000000       1.0000       0.0000    
  7825.000000       1.0000       0.0000    
  7826.000000       1.0000       0.0000    
  7827.000000       1.0000       0.0000    
  7828.000000       1.0000       0.0000    
  7829.000000       1.0000       0.0000    
  7830.000000       1.0000       0.0000    
  7831.000000       1.0000       0.0000    
  7832.000000       1.0000       0.0000    
  7833.000000       1.0000       0.0000    
  7834.000000       1.0000       327.70    
  7835.000000       1.0000       476.03    
  7836.000000       1.0000       869.32    
  7837.000000       1.0000       283.77    
  7838.000000       1.0000       0.0000    
  7839.000000       1.0000       0.0000    
  7840.000000       1.0000       0.0000    
  7841.000000       1.0000       0.0000    
  7842.000000       1.0000       0.0000    
  7843.000000       1.0000       0.0000    
  7844.000000       1.0000       0.0000    
  7845.000000       1.0000       0.0000    
  7846.000000       1.0000       0.0000    
  7847.000000       1.0000       0.0000    
  7848.000000       1.0000       0.0000    
  7849.000000       1.0000       0.0000    
  7850.000000       1.0000       0.0000    
  7851.000000       1.0000       0.0000    
  7852.000000       1.0000       0.0000    
  7853.000000       1.0000       0.0000    
  7854.000000       1.0000       0.0000    
  7855.000000       1.0000       0.0000    
  7856.000000       1.0000       0.0000    
  7857.000000       1.0000       0.0000    
  7858.000000       1.0000       0.0000    
  7859.000000       1.0000       0.0000    
  7860.000000       1.0000       0.0000    
  7861.000000       1.0000       0.0000    
  7862.000000       1.0000       0.0000    
  7863.000000       1.0000       0.0000    
  7864.000000       1.0000       0.0000    
  7865.000000       1.0000       0.0000    
  7866.000000       1.0000       0.0000    
  7867.000000       1.0000       0.0000    
  7868.000000       1.0000       0.0000    
  7869.000000       1.0000       0.0000    
  7870.000000       1.0000       0.0000    
  7871.000000       1.0000       0.0000    
  7872.000000       1.0000       0.0000    
  7873.000000       1.0000       0.0000    
  7874.000000       1.0000       0.0000    
  7875.000000       1.0000       0.0000    
  7876.000000       1.0000       0.0000    
  7877.000000       1.0000       0.0000    
  7878.000000       1.0000       0.0000    
  7879.000000       1.0000       0.0000    
  7880.000000       1.0000       0.0000    
  7881.000000       1.0000       0.0000    
  7882.000000       1.0000       0.0000    
  7883.000000       1.0000       0.0000    
  7884.000000       1.0000       516.38    
  7885.000000       1.0000       0.0000    
  7886.000000       1.0000       0.0000    
  7887.000000       1.0000       0.0000    
  7888.000000       1.0000       0.0000    
  7889.000000       1.0000       0.0000    
  7890.000000       1.0000       0.0000    
  7891.000000       1.0000       0.0000    
  7892.000000       1.0000       0.0000    
  7893.000000       1.0000       0.0000    
  7894.000000       1.0000       0.0000    
  7895.000000       1.0000       0.0000    
  7896.000000       1.0000       0.0000    
  7897.000000       1.0000       0.0000    
  7898.000000       1.0000       0.0000    
  7899.000000       1.0000       0.0000    
  7900.000000       1.0000       0.0000    
  7901.000000       1.0000       0.0000    
  7902.000000       1.0000       0.0000    
  7903.000000       1.0000       0.0000    
  7904.000000       1.0000       0.0000    
  7905.000000       1.0000       0.0000    
  7906.000000       1.0000       243.67    
  7907.000000       1.0000       616.45    
  7908.000000       1.0000       812.06    
  7909.000000       1.0000       372.36    
  7910.000000       1.0000       0.0000    
  7911.000000       1.0000       0.0000    
  7912.000000       1.0000       0.0000    
  7913.000000       1.0000       0.0000    
  7914.000000       1.0000       0.0000    
  7915.000000       1.0000       0.0000    
  7916.000000       1.0000       0.0000    
  7917.000000       1.0000       0.0000    
  7918.000000       1.0000       0.0000    
  7919.000000       1.0000       0.0000    
  7920.000000       1.0000       0.0000    
  7921.000000       1.0000       0.0000    
  7922.000000       1.0000       0.0000    
  7923.000000       1.0000       0.0000    
  7924.000000       1.0000       0.0000    
  7925.000000       1.0000       0.0000    
  7926.000000       1.0000       0.0000    
  7927.000000       1.0000       0.0000    
  7928.000000       1.0000       0.0000    
  7929.000000       1.0000       0.0000    
  7930.000000       1.0000       77.770    
  7931.000000       1.0000       0.0000    
  7932.000000       1.0000       0.0000    
  7933.000000       1.0000       0.0000    
  7934.000000       1.0000       0.0000    
  7935.000000       1.0000       0.0000    
  7936.000000       1.0000       0.0000    
  7937.000000       1.0000       0.0000    
  7938.000000       1.0000       0.0000    
  7939.000000       1.0000       0.0000    
  7940.000000       1.0000       0.0000    
  7941.000000       1.0000       0.0000    
  7942.000000       1.0000       0.0000    
  7943.000000       1.0000       0.0000    
  7944.000000       1.0000       0.0000    
  7945.000000       1.0000       0.0000    
  7946.000000       1.0000       0.0000    
  7947.000000       1.0000       0.0000    
  7948.000000       1.0000       0.0000    
  7949.000000       1.0000       0.0000    
  7950.000000       1.0000       0.0000    
  7951.000000       1.0000       0.0000    
  7952.000000       1.0000       0.0000    
  7953.000000       1.0000       0.0000    
  7954.000000       1.0000       0.0000    
  7955.000000       1.0000       0.0000    
  7956.000000       1.0000       0.0000    
  7957.000000       1.0000       0.0000    
  7958.000000       1.0000       0.0000    
  7959.000000       1.0000       0.0000    
  7960.000000       1.0000       0.0000    
  7961.000000       1.0000       0.0000    
  7962.000000       1.0000       0.0000    
  7963.000000       1.0000       0.0000    
  7964.000000       1.0000       0.0000    
  7965.000000       1.0000       0.0000    
  7966.000000       1.0000       0.0000    
  7967.000000       1.0000       0.0000    
  7968.000000       1.0000       0.0000    
  7969.000000       1.0000       0.0000    
  7970.000000       1.0000       0.0000    
  7971.000000       1.0000       0.0000    
  7972.000000       1.0000       0.0000    
  7973.000000       1.0000       0.0000    
  7974.000000       1.0000       0.0000    
  7975.000000       1.0000       0.0000    
  7976.000000       1.0000       0.0000    
  7977.000000       1.0000       0.0000    
  7978.000000       1.0000       0.0000    
  7979.000000       1.0000       0.0000    
  7980.000000       1.0000       0.0000    
  7981.000000       1.0000       0.0000    
  7982.000000       1.0000       0.0000    
  7983.000000       1.0000       0.0000    
  7984.000000       1.0000       0.0000    
  7985.000000       1.0000       0.0000    
  7986.000000       1.0000       0.0000    
  7987.000000       1.0000       0.0000    
  7988.000000       1.0000       0.0000    
  7989.000000       1.0000       0.0000    
  7990.000000       1.0000       0.0000    
  7991.000000       1.0000       0.0000    
  7992.000000       1.0000       0.0000    
  7993.000000       1.0000       0.0000    
  7994.000000       1.0000       0.0000    
  7995.000000       1.0000       0.0000    
  7996.000000       1.0000       0.0000    
  7997.000000       1.0000       0.0000    
  7998.000000       1.0000       0.0000    
  7999.000000       1.0000       0.0000    
  8000.000000       1.0000       0.0000    
  8001.000000       1.0000       0.0000    
  8002.000000       1.0000       0.0000    
  8003.000000       1.0000       0.0000    
  8004.000000       1.0000       0.0000    
  8005.000000       1.0000       0.0000    
  8006.000000       1.0000       0.0000    
  8007.000000       1.0000       0.0000    
  8008.000000       1.0000       0.0000    
  8009.000000       1.0000       0.0000    
  8010.000000       1.0000       0.0000    
  8011.000000       1.0000       0.0000    
  8012.000000       1.0000       0.0000    
  8013.000000       1.0000       0.0000    
  8014.000000       1.0000       0.0000    
  8015.000000       1.0000       0.0000    
  8016.000000       1.0000       0.0000    
  8017.000000       1.0000       0.0000    
  8018.000000       1.0000       0.0000    
  8019.000000       1.0000       0.0000    
  8020.000000       1.0000       0.0000    
  8021.000000       1.0000       0.0000    
  8022.000000       1.0000       0.0000    
  8023.000000       1.0000       0.0000    
  8024.000000       1.0000       0.0000    
  8025.000000       1.0000       0.0000    
  8026.000000       1.0000       0.0000    
  8027.000000       1.0000       75.727    
  8028.000000       1.0000       0.0000    
  8029.000000       1.0000       0.0000    
  8030.000000       1.0000       0.0000    
  8031.000000       1.0000       0.0000    
  8032.000000       1.0000       0.0000    
  8033.000000       1.0000       0.0000    
  8034.000000       1.0000       0.0000    
  8035.000000       1.0000       0.0000    
  8036.000000       1.0000       0.0000    
  8037.000000       1.0000       0.0000    
  8038.000000       1.0000       0.0000    
  8039.000000       1.0000       0.0000    
  8040.000000       1.0000       0.0000    
  8041.000000       1.0000       0.0000    
  8042.000000       1.0000       0.0000    
  8043.000000       1.0000       0.0000    
  8044.000000       1.0000       0.0000    
  8045.000000       1.0000       0.0000    
  8046.000000       1.0000       0.0000    
  8047.000000       1.0000       0.0000    
  8048.000000       1.0000       0.0000    
  8049.000000       1.0000       0.0000    
  8050.000000       1.0000       0.0000    
  8051.000000       1.0000       0.0000    
  8052.000000       1.0000       0.0000    
  8053.000000       1.0000       0.0000    
  8054.000000       1.0000       0.0000    
  8055.000000       1.0000       0.0000    
  8056.000000       1.0000       0.0000    
  8057.000000       1.0000       0.0000    
  8058.000000       1.0000       0.0000    
  8059.000000       1.0000       0.0000    
  8060.000000       1.0000       0.0000    
  8061.000000       1.0000       0.0000    
  8062.000000       1.0000       0.0000    
  8063.000000       1.0000       0.0000    
  8064.000000       1.0000       0.0000    
  8065.000000       1.0000       0.0000    
  8066.000000       1.0000       0.0000    
  8067.000000       1.0000       0.0000    
  8068.000000       1.0000       0.0000    
  8069.000000       1.0000       0.0000    
  8070.000000       1.0000       0.0000    
  8071.000000       1.0000       0.0000    
  8072.000000       1.0000       0.0000    
  8073.000000       1.0000       0.0000    
  8074.000000       1.0000       0.0000    
  8075.000000       1.0000       0.0000    
  8076.000000       1.0000       0.0000    
  8077.000000       1.0000       0.0000    
  8078.000000       1.0000       0.0000    
  8079.000000       1.0000       0.0000    
  8080.000000       1.0000       0.0000    
  8081.000000       1.0000       0.0000    
  8082.000000       1.0000       0.0000    
  8083.000000       1.0000       0.0000    
  8084.000000       1.0000       0.0000    
  8085.000000       1.0000       0.0000    
  8086.000000       1.0000       0.0000    
  8087.000000       1.0000       0.0000    
  8088.000000       1.0000       0.0000    
  8089.000000       1.0000       0.0000    
  8090.000000       1.0000       0.0000    
  8091.000000       1.0000       0.0000    
  8092.000000       1.0000       0.0000    
  8093.000000       1.0000       0.0000    
  8094.000000       1.0000       0.0000    
  8095.000000       1.0000       0.0000    
  8096.000000       1.0000       0.0000    
  8097.000000       1.0000       0.0000    
  8098.000000       1.0000       0.0000    
  8099.000000       1.0000       0.0000    
  8100.000000       1.0000       0.0000    
  8101.000000       1.0000       0.0000    
  8102.000000       1.0000       0.0000    
  8103.000000       1.0000       0.0000    
  8104.000000       1.0000       0.0000    
  8105.000000       1.0000       0.0000    
  8106.000000       1.0000       0.0000    
  8107.000000       1.0000       0.0000    
  8108.000000       1.0000       0.0000    
  8109.000000       1.0000       0.0000    
  8110.000000       1.0000       0.0000    
  8111.000000       1.0000       0.0000    
  8112.000000       1.0000       0.0000    
  8113.000000       1.0000       0.0000    
  8114.000000       1.0000       0.0000    
  8115.000000       1.0000       0.0000    
  8116.000000       1.0000       0.0000    
  8117.000000       1.0000       0.0000    
  8118.000000       1.0000       0.0000    
  8119.000000       1.0000       0.0000    
  8120.000000       1.0000       0.0000    
  8121.000000       1.0000       0.0000    
  8122.000000       1.0000       0.0000    
  8123.000000       1.0000       0.0000    
  8124.000000       1.0000       0.0000    
  8125.000000       1.0000       0.0000    
  8126.000000       1.0000       0.0000    
  8127.000000       1.0000       0.0000    
  8128.000000       1.0000       0.0000    
  8129.000000       1.0000       0.0000    
  8130.000000       1.0000       0.0000    
  8131.000000       1.0000       0.0000    
  8132.000000       1.0000       0.0000    
  8133.000000       1.0000       0.0000    
  8134.000000       1.0000       0.0000    
  8135.000000       1.0000       0.0000    
  8136.000000       1.0000       0.0000    
  8137.000000       1.0000       0.0000    
  8138.000000       1.0000       0.0000    
  8139.000000       1.0000       0.0000    
  8140.000000       1.0000       0.0000    
  8141.000000       1.0000       0.0000    
  8142.000000       1.0000       0.0000    
  8143.000000       1.0000       0.0000    
  8144.000000       1.0000       0.0000    
  8145.000000       1.0000       0.0000    
  8146.000000       1.0000       0.0000    
  8147.000000       1.0000       0.0000    
  8148.000000       1.0000       0.0000    
  8149.000000       1.0000       0.0000    
  8150.000000       1.0000       0.0000    
  8151.000000       1.0000       0.0000    
  8152.000000       1.0000       0.0000    
  8153.000000       1.0000       0.0000    
  8154.000000       1.0000       0.0000    
  8155.000000       1.0000       0.0000    
  8156.000000       1.0000       0.0000    
  8157.000000       1.0000       0.0000    
  8158.000000       1.0000       0.0000    
  8159.000000       1.0000       0.0000    
  8160.000000       1.0000       0.0000    
  8161.000000       1.0000       0.0000    
  8162.000000       1.0000       0.0000    
  8163.000000       1.0000       0.0000    
  8164.000000       1.0000       0.0000    
  8165.000000       1.0000       0.0000    
  8166.000000       1.0000       0.0000    
  8167.000000       1.0000       0.0000    
  8168.000000       1.0000       0.0000    
  8169.000000       1.0000       0.0000    
  8170.000000       1.0000       0.0000    
  8171.000000       1.0000       0.0000    
  8172.000000       1.0000       0.0000    
  8173.000000       1.0000       0.0000    
  8174.000000       1.0000       0.0000    
  8175.000000       1.0000       0.0000    
  8176.000000       1.0000       0.0000    
  8177.000000       1.0000       0.0000    
  8178.000000       1.0000       0.0000    
  8179.000000       1.0000       0.0000    
  8180.000000       1.0000       0.0000    
  8181.000000       1.0000       0.0000    
  8182.000000       1.0000       0.0000    
  8183.000000       1.0000       0.0000    
  8184.000000       1.0000       0.0000    
  8185.000000       1.0000       0.0000    
  8186.000000       1.0000       0.0000    
  8187.000000       1.0000       0.0000    
  8188.000000       1.0000       0.0000    
  8189.000000       1.0000       0.0000    
  8190.000000       1.0000       0.0000    
  8191.000000       1.0000       0.0000    
  8192.000000       1.0000       0.0000    
  8193.000000       1.0000       0.0000    
  8194.000000       1.0000       0.0000    
  8195.000000       1.0000       0.0000    
  8196.000000       1.0000       0.0000    
  8197.000000       1.0000       0.0000    
  8198.000000       1.0000       0.0000    
  8199.000000       1.0000       0.0000    
  8200.000000       1.0000       0.0000    
  8201.000000       1.0000       0.0000    
  8202.000000       1.0000       0.0000    
  8203.000000       1.0000       0.0000    
  8204.000000       1.0000       0.0000    
  8205.000000       1.0000       0.0000    
  8206.000000       1.0000       0.0000    
  8207.000000       1.0000       0.0000    
  8208.000000       1.0000       0.0000    
  8209.000000       1.0000       0.0000    
  8210.000000       1.0000       0.0000    
  8211.000000       1.0000       0.0000    
  8212.000000       1.0000       0.0000    
  8213.000000       1.0000       0.0000    
  8214.000000       1.0000       0.0000    
  8215.000000       1.0000       0.0000    
  8216.000000       1.0000       0.0000    
  8217.000000       1.0000       0.0000    
  8218.000000       1.0000       0.0000    
  8219.000000       1.0000       0.0000    
  8220.000000       1.0000       0.0000    
  8221.000000       1.0000       0.0000    
  8222.000000       1.0000       0.0000    
  8223.000000       1.0000       0.0000    
  8224.000000       1.0000       0.0000    
  8225.000000       1.0000       0.0000    
  8226.000000       1.0000       0.0000    
  8227.000000       1.0000       0.0000    
  8228.000000       1.0000       0.0000    
  8229.000000       1.0000       0.0000    
  8230.000000       1.0000       0.0000    
  8231.000000       1.0000       0.0000    
  8232.000000       1.0000       0.0000    
  8233.000000       1.0000       0.0000    
  8234.000000       1.0000       0.0000    
  8235.000000       1.0000       0.0000    
  8236.000000       1.0000       0.0000    
  8237.000000       1.0000       0.0000    
  8238.000000       1.0000       0.0000    
  8239.000000       1.0000       0.0000    
  8240.000000       1.0000       0.0000    
  8241.000000       1.0000       0.0000    
  8242.000000       1.0000       0.0000    
  8243.000000       1.0000       0.0000    
  8244.000000       1.0000       0.0000    
  8245.000000       1.0000       0.0000    
  8246.000000       1.0000       0.0000    
  8247.000000       1.0000       0.0000    
  8248.000000       1.0000       0.0000    
  8249.000000       1.0000       0.0000    
  8250.000000       1.0000       0.0000    
  8251.000000       1.0000       0.0000    
  8252.000000       1.0000       0.0000    
  8253.000000       1.0000       0.0000    
  8254.000000       1.0000       0.0000    
  8255.000000       1.0000       0.0000    
  8256.000000       1.0000       0.0000    
  8257.000000       1.0000       0.0000    
  8258.000000       1.0000       0.0000    
  8259.000000       1.0000       0.0000    
  8260.000000       1.0000       0.0000    
  8261.000000       1.0000       0.0000    
  8262.000000       1.0000       0.0000    
  8263.000000       1.0000       0.0000    
  8264.000000       1.0000       0.0000    
  8265.000000       1.0000       0.0000    
  8266.000000       1.0000       0.0000    
  8267.000000       1.0000       0.0000    
  8268.000000       1.0000       0.0000    
  8269.000000       1.0000       0.0000    
  8270.000000       1.0000       0.0000    
  8271.000000       1.0000       0.0000    
  8272.000000       1.0000       0.0000    
  8273.000000       1.0000       0.0000    
  8274.000000       1.0000       0.0000    
  8275.000000       1.0000       0.0000    
  8276.000000       1.0000       0.0000    
  8277.000000       1.0000       0.0000    
  8278.000000       1.0000       0.0000    
  8279.000000       1.0000       0.0000    
  8280.000000       1.0000       0.0000    
  8281.000000       1.0000       0.0000    
  8282.000000       1.0000       0.0000    
  8283.000000       1.0000       0.0000    
  8284.000000       1.0000       0.0000    
  8285.000000       1.0000       0.0000    
  8286.000000       1.0000       0.0000    
  8287.000000       1.0000       0.0000    
  8288.000000       1.0000       0.0000    
  8289.000000       1.0000       0.0000    
  8290.000000       1.0000       0.0000    
  8291.000000       1.0000       0.0000    
  8292.000000       1.0000       0.0000    
  8293.000000       1.0000       0.0000    
  8294.000000       1.0000       0.0000    
  8295.000000       1.0000       0.0000    
  8296.000000       1.0000       0.0000    
  8297.000000       1.0000       0.0000    
  8298.000000       1.0000       0.0000    
  8299.000000       1.0000       0.0000    
  8300.000000       1.0000       0.0000    
  8301.000000       1.0000       0.0000    
  8302.000000       1.0000       0.0000    
  8303.000000       1.0000       0.0000    
  8304.000000       1.0000       0.0000    
  8305.000000       1.0000       0.0000    
  8306.000000       1.0000       0.0000    
  8307.000000       1.0000       0.0000    
  8308.000000       1.0000       0.0000    
  8309.000000       1.0000       0.0000    
  8310.000000       1.0000       0.0000    
  8311.000000       1.0000       0.0000    
  8312.000000       1.0000       0.0000    
  8313.000000       1.0000       0.0000    
  8314.000000       1.0000       0.0000    
  8315.000000       1.0000       0.0000    
  8316.000000       1.0000       0.0000    
  8317.000000       1.0000       0.0000    
  8318.000000       1.0000       0.0000    
  8319.000000       1.0000       0.0000    
  8320.000000       1.0000       0.0000    
  8321.000000       1.0000       0.0000    
  8322.000000       1.0000       0.0000    
  8323.000000       1.0000       0.0000    
  8324.000000       1.0000       0.0000    
  8325.000000       1.0000       0.0000    
  8326.000000       1.0000       0.0000    
  8327.000000       1.0000       0.0000    
  8328.000000       1.0000       0.0000    
  8329.000000       1.0000       0.0000    
  8330.000000       1.0000       0.0000    
  8331.000000       1.0000       0.0000    
  8332.000000       1.0000       0.0000    
  8333.000000       1.0000       0.0000    
  8334.000000       1.0000       0.0000    
  8335.000000       1.0000       0.0000    
  8336.000000       1.0000       0.0000    
  8337.000000       1.0000       0.0000    
  8338.000000       1.0000       0.0000    
  8339.000000       1.0000       0.0000    
  8340.000000       1.0000       0.0000    
  8341.000000       1.0000       0.0000    
  8342.000000       1.0000       0.0000    
  8343.000000       1.0000       0.0000    
  8344.000000       1.0000       0.0000    
  8345.000000       1.0000       0.0000    
  8346.000000       1.0000       0.0000    
  8347.000000       1.0000       0.0000    
  8348.000000       1.0000       0.0000    
  8349.000000       1.0000       0.0000    
  8350.000000       1.0000       0.0000    
  8351.000000       1.0000       0.0000    
  8352.000000       1.0000       0.0000    
  8353.000000       1.0000       0.0000    
  8354.000000       1.0000       0.0000    
  8355.000000       1.0000       0.0000    
  8356.000000       1.0000       0.0000    
  8357.000000       1.0000       0.0000    
  8358.000000       1.0000       0.0000    
  8359.000000       1.0000       0.0000    
  8360.000000       1.0000       0.0000    
  8361.000000       1.0000       0.0000    
  8362.000000       1.0000       0.0000    
  8363.000000       1.0000       0.0000    
  8364.000000       1.0000       0.0000    
  8365.000000       1.0000       0.0000    
  8366.000000       1.0000       0.0000    
  8367.000000       1.0000       0.0000    
  8368.000000       1.0000       0.0000    
  8369.000000       1.0000       0.0000    
  8370.000000       1.0000       0.0000    
  8371.000000       1.0000       0.0000    
  8372.000000       1.0000       0.0000    
  8373.000000       1.0000       0.0000    
  8374.000000       1.0000       0.0000    
  8375.000000       1.0000       0.0000    
  8376.000000       1.0000       0.0000    
  8377.000000       1.0000       0.0000    
  8378.000000       1.0000       0.0000    
  8379.000000       1.0000       0.0000    
  8380.000000       1.0000       0.0000    
  8381.000000       1.0000       0.0000    
  8382.000000       1.0000       0.0000    
  8383.000000       1.0000       0.0000    
  8384.000000       1.0000       0.0000    
  8385.000000       1.0000       0.0000    
  8386.000000       1.0000       0.0000    
  8387.000000       1.0000       0.0000    
  8388.000000       1.0000       0.0000    
  8389.000000       1.0000       0.0000    
  8390.000000       1.0000       0.0000    
  8391.000000       1.0000       0.0000    
  8392.000000       1.0000       0.0000    
  8393.000000       1.0000       0.0000    
  8394.000000       1.0000       0.0000    
  8395.000000       1.0000       0.0000    
  8396.000000       1.0000       0.0000    
  8397.000000       1.0000       0.0000    
  8398.000000       1.0000       0.0000    
  8399.000000       1.0000       0.0000    
  8400.000000       1.0000       0.0000    
  8401.000000       1.0000       0.0000    
  8402.000000       1.0000       0.0000    
  8403.000000       1.0000       0.0000    
  8404.000000       1.0000       0.0000    
  8405.000000       1.0000       0.0000    
  8406.000000       1.0000       0.0000    
  8407.000000       1.0000       0.0000    
  8408.000000       1.0000       0.0000    
  8409.000000       1.0000       0.0000    
  8410.000000       1.0000       0.0000    
  8411.000000       1.0000       0.0000    
  8412.000000       1.0000       0.0000    
  8413.000000       1.0000       0.0000    
  8414.000000       1.0000       0.0000    
  8415.000000       1.0000       0.0000    
  8416.000000       1.0000       0.0000    
  8417.000000       1.0000       0.0000    
  8418.000000       1.0000       0.0000    
  8419.000000       1.0000       0.0000    
  8420.000000       1.0000       0.0000    
  8421.000000       1.0000       0.0000    
  8422.000000       1.0000       0.0000    
  8423.000000       1.0000       0.0000    
  8424.000000       1.0000       0.0000    
  8425.000000       1.0000       0.0000    
  8426.000000       1.0000       0.0000    
  8427.000000       1.0000       0.0000    
  8428.000000       1.0000       0.0000    
  8429.000000       1.0000       0.0000    
  8430.000000       1.0000       0.0000    
  8431.000000       1.0000       0.0000    
  8432.000000       1.0000       0.0000    
  8433.000000       1.0000       0.0000    
  8434.000000       1.0000       0.0000    
  8435.000000       1.0000       0.0000    
  8436.000000       1.0000       0.0000    
  8437.000000       1.0000       0.0000    
  8438.000000       1.0000       0.0000    
  8439.000000       1.0000       0.0000    
  8440.000000       1.0000       0.0000    
  8441.000000       1.0000       0.0000    
  8442.000000       1.0000       0.0000    
  8443.000000       1.0000       0.0000    
  8444.000000       1.0000       0.0000    
  8445.000000       1.0000       0.0000    
  8446.000000       1.0000       0.0000    
  8447.000000       1.0000       0.0000    
  8448.000000       1.0000       0.0000    
  8449.000000       1.0000       0.0000    
  8450.000000       1.0000       0.0000    
  8451.000000       1.0000       0.0000    
  8452.000000       1.0000       0.0000    
  8453.000000       1.0000       0.0000    
  8454.000000       1.0000       0.0000    
  8455.000000       1.0000       0.0000    
  8456.000000       1.0000       0.0000    
  8457.000000       1.0000       0.0000    
  8458.000000       1.0000       272.39    
  8459.000000       1.0000       428.49    
  8460.000000       1.0000       100.39    
  8461.000000       1.0000       0.0000    
  8462.000000       1.0000       0.0000    
  8463.000000       1.0000       0.0000    
  8464.000000       1.0000       0.0000    
  8465.000000       1.0000       0.0000    
  8466.000000       1.0000       0.0000    
  8467.000000       1.0000       0.0000    
  8468.000000       1.0000       0.0000    
  8469.000000       1.0000       0.0000    
  8470.000000       1.0000       0.0000    
  8471.000000       1.0000       0.0000    
  8472.000000       1.0000       0.0000    
  8473.000000       1.0000       0.0000    
  8474.000000       1.0000       0.0000    
  8475.000000       1.0000       0.0000    
  8476.000000       1.0000       0.0000    
  8477.000000       1.0000       0.0000    
  8478.000000       1.0000       0.0000    
  8479.000000       1.0000       0.0000    
  8480.000000       1.0000       0.0000    
  8481.000000       1.0000       0.0000    
  8482.000000       1.0000       0.0000    
  8483.000000       1.0000       0.0000    
  8484.000000       1.0000       0.0000    
  8485.000000       1.0000       0.0000    
  8486.000000       1.0000       0.0000    
  8487.000000       1.0000       0.0000    
  8488.000000       1.0000       0.0000    
  8489.000000       1.0000       0.0000    
  8490.000000       1.0000       0.0000    
  8491.000000       1.0000       0.0000    
  8492.000000       1.0000       0.0000    
  8493.000000       1.0000       0.0000    
  8494.000000       1.0000       0.0000    
  8495.000000       1.0000       0.0000    
  8496.000000       1.0000       0.0000    
  8497.000000       1.0000       0.0000    
  8498.000000       1.0000       0.0000    
  8499.000000       1.0000       0.0000    
  8500.000000       1.0000       0.0000    
  8501.000000       1.0000       0.0000    
  8502.000000       1.0000       0.0000    
  8503.000000       1.0000       0.0000    
  8504.000000       1.0000       0.0000    
  8505.000000       1.0000       0.0000    
  8506.000000       1.0000       0.0000    
  8507.000000       1.0000       0.0000    
  8508.000000       1.0000       0.0000    
  8509.000000       1.0000       0.0000    
  8510.000000       1.0000       0.0000    
  8511.000000       1.0000       0.0000    
  8512.000000       1.0000       0.0000    
  8513.000000       1.0000       0.0000    
  8514.000000       1.0000       0.0000    
  8515.000000       1.0000       0.0000    
  8516.000000       1.0000       0.0000    
  8517.000000       1.0000       0.0000    
  8518.000000       1.0000       0.0000    
  8519.000000       1.0000       0.0000    
  8520.000000       1.0000       0.0000    
  8521.000000       1.0000       0.0000    
  8522.000000       1.0000       0.0000    
  8523.000000       1.0000       0.0000    
  8524.000000       1.0000       0.0000    
  8525.000000       1.0000       0.0000    
  8526.000000       1.0000       0.0000    
  8527.000000       1.0000       0.0000    
  8528.000000       1.0000       0.0000    
  8529.000000       1.0000       0.0000    
  8530.000000       1.0000       0.0000    
  8531.000000       1.0000       0.0000    
  8532.000000       1.0000       0.0000    
  8533.000000       1.0000       0.0000    
  8534.000000       1.0000       0.0000    
  8535.000000       1.0000       0.0000    
  8536.000000       1.0000       0.0000    
  8537.000000       1.0000       0.0000    
  8538.000000       1.0000       0.0000    
  8539.000000       1.0000       0.0000    
  8540.000000       1.0000       0.0000    
  8541.000000       1.0000       0.0000    
  8542.000000       1.0000       0.0000    
  8543.000000       1.0000       0.0000    
  8544.000000       1.0000       0.0000    
  8545.000000       1.0000       0.0000    
  8546.000000       1.0000       0.0000    
  8547.000000       1.0000       0.0000    
  8548.000000       1.0000       0.0000    
  8549.000000       1.0000       0.0000    
  8550.000000       1.0000       0.0000    
  8551.000000       1.0000       0.0000    
  8552.000000       1.0000       0.0000    
  8553.000000       1.0000       0.0000    
  8554.000000       1.0000       71.565    
  8555.000000       1.0000       204.50    
  8556.000000       1.0000       298.61    
  8557.000000       1.0000       81.282    
  8558.000000       1.0000       0.0000    
  8559.000000       1.0000       0.0000    
  8560.000000       1.0000       0.0000    
  8561.000000       1.0000       0.0000    
  8562.000000       1.0000       0.0000    
  8563.000000       1.0000       0.0000    
  8564.000000       1.0000       0.0000    
  8565.000000       1.0000       0.0000    
  8566.000000       1.0000       0.0000    
  8567.000000       1.0000       0.0000    
  8568.000000       1.0000       0.0000    
  8569.000000       1.0000       0.0000    
  8570.000000       1.0000       0.0000    
  8571.000000       1.0000       0.0000    
  8572.000000       1.0000       0.0000    
  8573.000000       1.0000       0.0000    
  8574.000000       1.0000       0.0000    
  8575.000000       1.0000       0.0000    
  8576.000000       1.0000       0.0000    
  8577.000000       1.0000       0.0000    
  8578.000000       1.0000       250.92    
  8579.000000       1.0000       630.65    
  8580.000000       1.0000       434.14    
  8581.000000       1.0000       0.0000    
  8582.000000       1.0000       0.0000    
  8583.000000       1.0000       0.0000    
  8584.000000       1.0000       0.0000    
  8585.000000       1.0000       0.0000    
  8586.000000       1.0000       0.0000    
  8587.000000       1.0000       0.0000    
  8588.000000       1.0000       0.0000    
  8589.000000       1.0000       0.0000    
  8590.000000       1.0000       0.0000    
  8591.000000       1.0000       0.0000    
  8592.000000       1.0000       0.0000    
  8593.000000       1.0000       0.0000    
  8594.000000       1.0000       0.0000    
  8595.000000       1.0000       0.0000    
  8596.000000       1.0000       0.0000    
  8597.000000       1.0000       0.0000    
  8598.000000       1.0000       0.0000    
  8599.000000       1.0000       0.0000    
  8600.000000       1.0000       0.0000    
  8601.000000       1.0000       0.0000    
  8602.000000       1.0000       241.70    
  8603.000000       1.0000       748.47    
  8604.000000       1.0000       594.74    
  8605.000000       1.0000       0.0000    
  8606.000000       1.0000       95.090    
  8607.000000       1.0000       0.0000    
  8608.000000       1.0000       0.0000    
  8609.000000       1.0000       0.0000    
  8610.000000       1.0000       0.0000    
  8611.000000       1.0000       0.0000    
  8612.000000       1.0000       0.0000    
  8613.000000       1.0000       0.0000    
  8614.000000       1.0000       0.0000    
  8615.000000       1.0000       0.0000    
  8616.000000       1.0000       0.0000    
  8617.000000       1.0000       0.0000    
  8618.000000       1.0000       0.0000    
  8619.000000       1.0000       0.0000    
  8620.000000       1.0000       0.0000    
  8621.000000       1.0000       0.0000    
  8622.000000       1.0000       0.0000    
  8623.000000       1.0000       0.0000    
  8624.000000       1.0000       0.0000    
  8625.000000       1.0000       0.0000    
  8626.000000       1.0000       0.0000    
  8627.000000       1.0000       0.0000    
  8628.000000       1.0000       0.0000    
  8629.000000       1.0000       0.0000    
  8630.000000       1.0000       0.0000    
  8631.000000       1.0000       0.0000    
  8632.000000       1.0000       0.0000    
  8633.000000       1.0000       0.0000    
  8634.000000       1.0000       0.0000    
  8635.000000       1.0000       0.0000    
  8636.000000       1.0000       0.0000    
  8637.000000       1.0000       0.0000    
  8638.000000       1.0000       0.0000    
  8639.000000       1.0000       0.0000    
  8640.000000       1.0000       0.0000    
  8641.000000       1.0000       0.0000    
  8642.000000       1.0000       0.0000    
  8643.000000       1.0000       0.0000    
  8644.000000       1.0000       0.0000    
  8645.000000       1.0000       0.0000    
  8646.000000       1.0000       0.0000    
  8647.000000       1.0000       0.0000    
  8648.000000       1.0000       0.0000    
  8649.000000       1.0000       0.0000    
  8650.000000       1.0000       0.0000    
  8651.000000       1.0000       0.0000    
  8652.000000       1.0000       0.0000    
  8653.000000       1.0000       0.0000    
  8654.000000       1.0000       0.0000    
  8655.000000       1.0000       0.0000    
  8656.000000       1.0000       0.0000    
  8657.000000       1.0000       0.0000    
  8658.000000       1.0000       0.0000    
  8659.000000       1.0000       0.0000    
  8660.000000       1.0000       0.0000    
  8661.000000       1.0000       0.0000    
  8662.000000       1.0000       0.0000    
  8663.000000       1.0000       0.0000    
  8664.000000       1.0000       0.0000    
  8665.000000       1.0000       0.0000    
  8666.000000       1.0000       0.0000    
  8667.000000       1.0000       0.0000    
  8668.000000       1.0000       0.0000    
  8669.000000       1.0000       0.0000    
  8670.000000       1.0000       0.0000    
  8671.000000       1.0000       0.0000    
  8672.000000       1.0000       0.0000    
  8673.000000       1.0000       0.0000    
  8674.000000       1.0000       0.0000    
  8675.000000       1.0000       0.0000    
  8676.000000       1.0000       0.0000    
  8677.000000       1.0000       0.0000    
  8678.000000       1.0000       0.0000    
  8679.000000       1.0000       0.0000    
  8680.000000       1.0000       0.0000    
  8681.000000       1.0000       0.0000    
  8682.000000       1.0000       0.0000    
  8683.000000       1.0000       0.0000    
  8684.000000       1.0000       0.0000    
  8685.000000       1.0000       0.0000    
  8686.000000       1.0000       0.0000    
  8687.000000       1.0000       0.0000    
  8688.000000       1.0000       0.0000    
  8689.000000       1.0000       0.0000    
  8690.000000       1.0000       0.0000    
  8691.000000       1.0000       0.0000    
  8692.000000       1.0000       0.0000    
  8693.000000       1.0000       0.0000    
  8694.000000       1.0000       0.0000    
  8695.000000       1.0000       0.0000    
  8696.000000       1.0000       0.0000    
  8697.000000       1.0000       0.0000    
  8698.000000       1.0000       0.0000    
  8699.000000       1.0000       0.0000    
  8700.000000       1.0000       0.0000    
  8701.000000       1.0000       0.0000    
  8702.000000       1.0000       0.0000    
  8703.000000       1.0000       0.0000    
  8704.000000       1.0000       0.0000    
  8705.000000       1.0000       0.0000    
  8706.000000       1.0000       0.0000    
  8707.000000       1.0000       0.0000    
  8708.000000       1.0000       0.0000    
  8709.000000       1.0000       0.0000    
  8710.000000       1.0000       0.0000    
  8711.000000       1.0000       0.0000    
  8712.000000       1.0000       0.0000    
  8713.000000       1.0000       0.0000    
  8714.000000       1.0000       0.0000    
  8715.000000       1.0000       0.0000    
  8716.000000       1.0000       0.0000    
  8717.000000       1.0000       0.0000    
  8718.000000       1.0000       0.0000    
  8719.000000       1.0000       0.0000    
  8720.000000       1.0000       0.0000    
  8721.000000       1.0000       0.0000    
  8722.000000       1.0000       0.0000    
  8723.000000       1.0000       0.0000    
  8724.000000       1.0000       0.0000    
  8725.000000       1.0000       0.0000    
  8726.000000       1.0000       0.0000    
  8727.000000       1.0000       0.0000    
  8728.000000       1.0000       0.0000    
  8729.000000       1.0000       0.0000    
  8730.000000       1.0000       0.0000    
  8731.000000       1.0000       0.0000    
  8732.000000       1.0000       0.0000    
  8733.000000       1.0000       0.0000    
  8734.000000       1.0000       0.0000    
  8735.000000       1.0000       0.0000    
  8736.000000       1.0000       0.0000    
