Irradiance_method,System,Software,scheme,scheme_type,Sky_condition,bin_order,kt_min,kt_max,mean_kt_tilt,mean_AOI_deg,n,RMSE_W,CVRMSE_percent,MAE_W,nMAE_percent,MBE_W,nMBE_percent,measured_energy_kWh,simulated_energy_kWh
Perez-Driesse,A,IDA ICE,nominal,nominal,Overcast/very cloudy,1,0.0,0.2,0.07239388640864322,45.00669504658409,1713,142.62494684169448,67.31417084443339,78.7721604754382,37.17780644584024,-8.713729646634985,-4.112586886898804,362.9496298846955,348.0230110000098
Perez-Driesse,A,PVsyst,nominal,nominal,Overcast/very cloudy,1,0.0,0.2,0.07239388640864322,45.00669504658409,1713,137.62637122807004,64.95501152283308,72.86042810677938,34.38766789390682,-12.882854573669306,-6.0802734229833355,362.9496298846955,340.88130000000007
Perez-Driesse,A,IDA ICE,nominal,nominal,Cloudy,2,0.2,0.4,0.2920818313888917,40.96745490598463,651,325.8532127200369,38.548004420347496,255.60129936150426,30.237295914277684,107.48535223432764,12.715375117726108,550.3020056954526,620.2749699999999
Perez-Driesse,A,PVsyst,nominal,nominal,Cloudy,2,0.2,0.4,0.2920818313888917,40.96745490598463,651,310.06288875741694,36.68002996390794,239.7571241006402,28.362950920425206,63.25544440022626,7.4830354747674095,550.3020056954526,591.4813
Perez-Driesse,A,IDA ICE,nominal,nominal,Mixed/broken,3,0.4,0.6,0.49757572488634855,34.64348699045118,497,445.13701320025615,27.526020299954713,367.99390948949764,22.75570784384681,189.31527862942073,11.706724105417571,803.7235065211779,897.8131999999999
Perez-Driesse,A,PVsyst,nominal,nominal,Mixed/broken,3,0.4,0.6,0.49757572488634855,34.64348699045118,497,409.4331416480093,25.31819335231783,332.83347850158566,20.58148573149009,101.79475549058775,6.294701233488063,803.7235065211779,854.3155
Perez-Driesse,A,IDA ICE,nominal,nominal,Mostly clear,4,0.6,0.75,0.672373223359715,29.812277046344217,336,394.2060957500098,15.921163912314729,297.36234748320214,12.009846439901565,122.51499316379622,4.948125635058421,831.9319422969645,873.09698
Perez-Driesse,A,PVsyst,nominal,nominal,Mostly clear,4,0.6,0.75,0.672373223359715,29.812277046344217,336,375.1294517409827,15.15069795697038,296.97884527811385,11.99435758385958,-37.28137588382277,-1.5057171939303906,831.9319422969645,819.4054
Perez-Driesse,A,IDA ICE,nominal,nominal,Clear,5,0.75,,0.9603779886437882,55.53919112784828,337,350.76670033260973,15.229933109934374,287.9792002431378,12.503763762627731,-109.19142976503552,-4.74098074282049,776.158221830817,739.3607099999999
Perez-Driesse,A,PVsyst,nominal,nominal,Clear,5,0.75,,0.9603779886437882,55.53919112784828,337,401.0179220321502,17.411790009265975,359.8102610525999,15.622595311649864,-251.1395306552432,-10.90422280539406,776.158221830817,691.5242
Perez-Driesse,A,IDA ICE,all_edges_minus_0p05,coordinated,Overcast/very cloudy,1,0.0,0.15000000000000002,0.05519685810169532,45.278828108507426,1467,109.38865650322859,70.25900035228378,60.18826173846535,38.658186670035334,-10.20813874671627,-6.5565630544199225,228.40228054144256,213.42694100000978
Perez-Driesse,A,PVsyst,all_edges_minus_0p05,coordinated,Overcast/very cloudy,1,0.0,0.15000000000000002,0.05519685810169532,45.278828108507426,1467,101.36282262366143,65.10410510631066,54.68192620788192,35.12153449466434,-9.75636028728191,-6.266391258228094,228.40228054144256,214.0897
Perez-Driesse,A,IDA ICE,all_edges_minus_0p05,coordinated,Cloudy,2,0.15000000000000002,0.35000000000000003,0.23806159436747396,41.92625686796364,754,295.70614073333587,41.896127186379516,223.91713130236752,31.724943516520128,62.68613517920032,8.881473633848971,532.1790940748829,579.44444
Perez-Driesse,A,PVsyst,all_edges_minus_0p05,coordinated,Cloudy,2,0.15000000000000002,0.35000000000000003,0.23806159436747396,41.92625686796364,754,286.9314574326688,40.652915778347015,211.34453616821105,29.94363778003058,23.796824834372735,3.371572864264433,532.1790940748829,550.1219
Perez-Driesse,A,IDA ICE,all_edges_minus_0p05,coordinated,Mixed/broken,3,0.35000000000000003,0.5499999999999999,0.4461908162648345,36.28256802968511,523,428.022685924891,30.57690200800246,353.9846079267555,25.287801382604552,177.65475134172618,12.691224324463096,732.1077350482772,825.0211700000001
Perez-Driesse,A,PVsyst,all_edges_minus_0p05,coordinated,Mixed/broken,3,0.35000000000000003,0.5499999999999999,0.4461908162648345,36.28256802968511,523,397.91734254691426,28.426249333141218,325.9303883930045,23.283676017751766,105.92727524229983,7.567187491615504,732.1077350482772,787.5077
Perez-Driesse,A,IDA ICE,all_edges_minus_0p05,coordinated,Mostly clear,4,0.5499999999999999,0.7,0.6259005510586764,32.06032057163089,348,422.3690465483538,19.165433381820314,334.550872771457,15.180592700457666,158.29871967990508,7.182968523014967,766.924625551393,822.01258
Perez-Driesse,A,PVsyst,all_edges_minus_0p05,coordinated,Mostly clear,4,0.5499999999999999,0.7,0.6259005510586764,32.06032057163089,348,388.1617570405589,17.6132421557068,303.2363956960509,13.759665837611601,22.394179450020054,1.0161591099000045,766.924625551393,774.7178
Perez-Driesse,A,IDA ICE,all_edges_minus_0p05,coordinated,Clear,5,0.7,,0.9035576888672404,48.75229443083138,442,351.9278970232792,14.599643448493737,277.15275653589293,11.497614881958546,-60.60595251835255,-2.5142232403524387,1065.4515710131118,1038.66374
Perez-Driesse,A,PVsyst,all_edges_minus_0p05,coordinated,Clear,5,0.7,,0.9035576888672404,48.75229443083138,442,390.58973591782444,16.203520457670226,343.41847305504365,14.246632059117898,-213.30536428305842,-8.848921300426856,1065.4515710131118,971.1705999999999
Perez-Driesse,A,IDA ICE,all_edges_plus_0p05,coordinated,Overcast/very cloudy,1,0.0,0.25,0.08831035630487111,44.916447160512895,1915,158.0279986921185,61.62184590824103,91.32752512401655,35.61249099495074,-2.7243037481519803,-1.0623220389124466,491.0979426777208,485.8809010000097
Perez-Driesse,A,PVsyst,all_edges_plus_0p05,coordinated,Overcast/very cloudy,1,0.0,0.25,0.08831035630487111,44.916447160512895,1915,153.74257360747686,59.95077618387155,85.16975360045518,33.2113136649617,-10.062998787321584,-3.9239917342449635,491.0979426777208,471.8273
Perez-Driesse,A,IDA ICE,all_edges_plus_0p05,coordinated,Cloudy,2,0.25,0.45,0.34787416656649695,38.65018205137844,589,383.78040194442303,37.135643290871926,307.89943280796047,29.793192795378914,147.09871819884003,14.233675038903312,608.7053749808832,695.34652
Perez-Driesse,A,PVsyst,all_edges_plus_0p05,coordinated,Cloudy,2,0.25,0.45,0.34787416656649695,38.65018205137844,589,359.9854364955226,34.83317723332438,286.804019181869,27.75194276926274,92.64571310546143,8.964653059097849,608.7053749808832,663.2737000000001
Perez-Driesse,A,IDA ICE,all_edges_plus_0p05,coordinated,Mixed/broken,3,0.45,0.65,0.5486216707835647,33.68630818792242,468,437.19361305355807,23.64802134544191,358.6588570300368,19.400037085489355,175.90032117102976,9.514536410240328,865.2166196919579,947.53797
Perez-Driesse,A,PVsyst,all_edges_plus_0p05,coordinated,Mixed/broken,3,0.45,0.65,0.5486216707835647,33.68630818792242,468,402.0778938816922,21.74859452002052,323.6173329370995,17.50462350902184,72.4969664701751,3.9213972010987836,865.2166196919579,899.1451999999999
Perez-Driesse,A,IDA ICE,all_edges_plus_0p05,coordinated,Mostly clear,4,0.65,0.8,0.7137229941128685,31.097043521965187,291,360.8984519641523,14.092449346364095,258.06227131705066,10.076877489916297,109.16906332671013,4.262859778834658,745.2320525719274,777.00025
Perez-Driesse,A,PVsyst,all_edges_plus_0p05,coordinated,Mostly clear,4,0.65,0.8,0.7137229941128685,31.097043521965187,291,347.89576319333077,13.584717235372551,274.67196266999355,10.725456703199649,-62.546228769509746,-2.4423201483501193,745.2320525719274,727.0311
Perez-Driesse,A,IDA ICE,all_edges_plus_0p05,coordinated,Clear,5,0.8,,1.0057393745293821,59.495726394913824,271,355.2216448977924,15.657609100856343,302.5661492680415,13.33663801301706,-155.0187686591074,-6.832982499303405,614.813316306618,572.80323
Perez-Driesse,A,PVsyst,all_edges_plus_0p05,coordinated,Clear,5,0.8,,1.0057393745293821,59.495726394913824,271,418.00750830355395,18.425110801238468,383.54572525965744,16.906089830612913,-289.60485721999294,-12.765324729478907,614.813316306618,536.3303999999999
Perez-Driesse,A,IDA ICE,edge_1_minus_0p05,one_at_a_time,Overcast/very cloudy,1,0.0,0.15000000000000002,0.05519685810169532,45.278828108507426,1467,109.38865650322859,70.25900035228378,60.18826173846535,38.658186670035334,-10.20813874671627,-6.5565630544199225,228.40228054144256,213.42694100000978
Perez-Driesse,A,PVsyst,edge_1_minus_0p05,one_at_a_time,Overcast/very cloudy,1,0.0,0.15000000000000002,0.05519685810169532,45.278828108507426,1467,101.36282262366143,65.10410510631066,54.68192620788192,35.12153449466434,-9.75636028728191,-6.266391258228094,228.40228054144256,214.0897
Perez-Driesse,A,IDA ICE,edge_1_minus_0p05,one_at_a_time,Cloudy,2,0.15000000000000002,0.4,0.2599578693611898,41.63014595698344,897,310.3834347130757,40.653311401876664,237.49941673181297,31.107129654286673,78.06207910958118,10.224392334769288,684.8493550387057,754.87104
Perez-Driesse,A,PVsyst,edge_1_minus_0p05,one_at_a_time,Cloudy,2,0.15000000000000002,0.4,0.2599578693611898,41.63014595698344,897,298.565639899388,39.10544370369086,223.71618215102234,29.301833156888286,37.261477102892215,4.880422930296156,684.8493550387057,718.2729000000002
Perez-Driesse,A,IDA ICE,edge_1_minus_0p05,one_at_a_time,Mixed/broken,3,0.4,0.6,0.49757572488634855,34.64348699045118,497,445.13701320025615,27.526020299954713,367.99390948949764,22.75570784384681,189.31527862942073,11.706724105417571,803.7235065211779,897.8131999999999
Perez-Driesse,A,PVsyst,edge_1_minus_0p05,one_at_a_time,Mixed/broken,3,0.4,0.6,0.49757572488634855,34.64348699045118,497,409.4331416480093,25.31819335231783,332.83347850158566,20.58148573149009,101.79475549058775,6.294701233488063,803.7235065211779,854.3155
Perez-Driesse,A,IDA ICE,edge_1_minus_0p05,one_at_a_time,Mostly clear,4,0.6,0.75,0.672373223359715,29.812277046344217,336,394.2060957500098,15.921163912314729,297.36234748320214,12.009846439901565,122.51499316379622,4.948125635058421,831.9319422969645,873.09698
Perez-Driesse,A,PVsyst,edge_1_minus_0p05,one_at_a_time,Mostly clear,4,0.6,0.75,0.672373223359715,29.812277046344217,336,375.1294517409827,15.15069795697038,296.97884527811385,11.99435758385958,-37.28137588382277,-1.5057171939303906,831.9319422969645,819.4054
Perez-Driesse,A,IDA ICE,edge_1_minus_0p05,one_at_a_time,Clear,5,0.75,,0.9603779886437882,55.53919112784828,337,350.76670033260973,15.229933109934374,287.9792002431378,12.503763762627731,-109.19142976503552,-4.74098074282049,776.158221830817,739.3607099999999
Perez-Driesse,A,PVsyst,edge_1_minus_0p05,one_at_a_time,Clear,5,0.75,,0.9603779886437882,55.53919112784828,337,401.0179220321502,17.411790009265975,359.8102610525999,15.622595311649864,-251.1395306552432,-10.90422280539406,776.158221830817,691.5242
Perez-Driesse,A,IDA ICE,edge_1_plus_0p05,one_at_a_time,Overcast/very cloudy,1,0.0,0.25,0.08831035630487111,44.916447160512895,1915,158.0279986921185,61.62184590824103,91.32752512401655,35.61249099495074,-2.7243037481519803,-1.0623220389124466,491.0979426777208,485.8809010000097
Perez-Driesse,A,PVsyst,edge_1_plus_0p05,one_at_a_time,Overcast/very cloudy,1,0.0,0.25,0.08831035630487111,44.916447160512895,1915,153.74257360747686,59.95077618387155,85.16975360045518,33.2113136649617,-10.062998787321584,-3.9239917342449635,491.0979426777208,471.8273
Perez-Driesse,A,IDA ICE,edge_1_plus_0p05,one_at_a_time,Cloudy,2,0.25,0.4,0.3230326666555594,39.53515689579588,449,353.61957182430865,37.610754191794406,281.6056707489382,29.951401182103986,134.21689776742227,14.275224429104144,422.1536929024274,482.41708
Perez-Driesse,A,PVsyst,edge_1_plus_0p05,one_at_a_time,Cloudy,2,0.25,0.4,0.3230326666555594,39.53515689579588,449,332.9292881518036,35.410148695468216,262.3423674644949,27.902568418081675,85.48242115272294,9.091856293779658,422.1536929024274,460.53530000000006
Perez-Driesse,A,IDA ICE,edge_1_plus_0p05,one_at_a_time,Mixed/broken,3,0.4,0.6,0.49757572488634855,34.64348699045118,497,445.13701320025615,27.526020299954713,367.99390948949764,22.75570784384681,189.31527862942073,11.706724105417571,803.7235065211779,897.8131999999999
Perez-Driesse,A,PVsyst,edge_1_plus_0p05,one_at_a_time,Mixed/broken,3,0.4,0.6,0.49757572488634855,34.64348699045118,497,409.4331416480093,25.31819335231783,332.83347850158566,20.58148573149009,101.79475549058775,6.294701233488063,803.7235065211779,854.3155
Perez-Driesse,A,IDA ICE,edge_1_plus_0p05,one_at_a_time,Mostly clear,4,0.6,0.75,0.672373223359715,29.812277046344217,336,394.2060957500098,15.921163912314729,297.36234748320214,12.009846439901565,122.51499316379622,4.948125635058421,831.9319422969645,873.09698
Perez-Driesse,A,PVsyst,edge_1_plus_0p05,one_at_a_time,Mostly clear,4,0.6,0.75,0.672373223359715,29.812277046344217,336,375.1294517409827,15.15069795697038,296.97884527811385,11.99435758385958,-37.28137588382277,-1.5057171939303906,831.9319422969645,819.4054
Perez-Driesse,A,IDA ICE,edge_1_plus_0p05,one_at_a_time,Clear,5,0.75,,0.9603779886437882,55.53919112784828,337,350.76670033260973,15.229933109934374,287.9792002431378,12.503763762627731,-109.19142976503552,-4.74098074282049,776.158221830817,739.3607099999999
Perez-Driesse,A,PVsyst,edge_1_plus_0p05,one_at_a_time,Clear,5,0.75,,0.9603779886437882,55.53919112784828,337,401.0179220321502,17.411790009265975,359.8102610525999,15.622595311649864,-251.1395306552432,-10.90422280539406,776.158221830817,691.5242
Perez-Driesse,A,IDA ICE,edge_2_minus_0p05,one_at_a_time,Overcast/very cloudy,1,0.0,0.2,0.07239388640864322,45.00669504658409,1713,142.62494684169448,67.31417084443339,78.7721604754382,37.17780644584024,-8.713729646634985,-4.112586886898804,362.9496298846955,348.0230110000098
Perez-Driesse,A,PVsyst,edge_2_minus_0p05,one_at_a_time,Overcast/very cloudy,1,0.0,0.2,0.07239388640864322,45.00669504658409,1713,137.62637122807004,64.95501152283308,72.86042810677938,34.38766789390682,-12.882854573669306,-6.0802734229833355,362.9496298846955,340.88130000000007
Perez-Driesse,A,IDA ICE,edge_2_minus_0p05,one_at_a_time,Cloudy,2,0.2,0.35000000000000003,0.2686250109650719,41.220413186666185,508,309.4307395479646,39.53175715295503,240.53737416907117,30.730188848568613,92.94611273301182,11.874460702386198,397.63174473162996,444.84837
Perez-Driesse,A,PVsyst,edge_2_minus_0p05,one_at_a_time,Cloudy,2,0.2,0.35000000000000003,0.2686250109650719,41.220413186666185,508,296.64521034428066,37.8983239772776,225.90994620252135,28.86144131886057,50.58770722120079,6.462903329238589,397.63174473162996,423.33029999999997
Perez-Driesse,A,IDA ICE,edge_2_minus_0p05,one_at_a_time,Mixed/broken,3,0.35000000000000003,0.6,0.47027953426941743,35.85571293628719,640,431.13722239463397,28.850859521822763,354.838176285518,23.74507661419836,182.57192580468654,12.217356123332529,956.3937674850006,1073.2398
Perez-Driesse,A,PVsyst,edge_2_minus_0p05,one_at_a_time,Mixed/broken,3,0.35000000000000003,0.6,0.47027953426941743,35.85571293628719,640,397.645709390258,26.60967298845937,323.02792802175617,21.61639702834704,103.23864455468656,6.908528135722679,956.3937674850006,1022.4665
Perez-Driesse,A,IDA ICE,edge_2_minus_0p05,one_at_a_time,Mostly clear,4,0.6,0.75,0.672373223359715,29.812277046344217,336,394.2060957500098,15.921163912314729,297.36234748320214,12.009846439901565,122.51499316379622,4.948125635058421,831.9319422969645,873.09698
Perez-Driesse,A,PVsyst,edge_2_minus_0p05,one_at_a_time,Mostly clear,4,0.6,0.75,0.672373223359715,29.812277046344217,336,375.1294517409827,15.15069795697038,296.97884527811385,11.99435758385958,-37.28137588382277,-1.5057171939303906,831.9319422969645,819.4054
Perez-Driesse,A,IDA ICE,edge_2_minus_0p05,one_at_a_time,Clear,5,0.75,,0.9603779886437882,55.53919112784828,337,350.76670033260973,15.229933109934374,287.9792002431378,12.503763762627731,-109.19142976503552,-4.74098074282049,776.158221830817,739.3607099999999
Perez-Driesse,A,PVsyst,edge_2_minus_0p05,one_at_a_time,Clear,5,0.75,,0.9603779886437882,55.53919112784828,337,401.0179220321502,17.411790009265975,359.8102610525999,15.622595311649864,-251.1395306552432,-10.90422280539406,776.158221830817,691.5242
Perez-Driesse,A,IDA ICE,edge_2_plus_0p05,one_at_a_time,Overcast/very cloudy,1,0.0,0.2,0.07239388640864322,45.00669504658409,1713,142.62494684169448,67.31417084443339,78.7721604754382,37.17780644584024,-8.713729646634985,-4.112586886898804,362.9496298846955,348.0230110000098
Perez-Driesse,A,PVsyst,edge_2_plus_0p05,one_at_a_time,Overcast/very cloudy,1,0.0,0.2,0.07239388640864322,45.00669504658409,1713,137.62637122807004,64.95501152283308,72.86042810677938,34.38766789390682,-12.882854573669306,-6.0802734229833355,362.9496298846955,340.88130000000007
Perez-Driesse,A,IDA ICE,edge_2_plus_0p05,one_at_a_time,Cloudy,2,0.2,0.45,0.3160575082344994,40.05497462180221,791,355.07811278569403,38.11703624121148,279.7828895599934,30.03422108268794,121.80875123399679,13.075963902301199,736.8536877739085,833.2044099999999
Perez-Driesse,A,PVsyst,edge_2_plus_0p05,one_at_a_time,Cloudy,2,0.2,0.45,0.3160575082344994,40.05497462180221,791,335.7100740501854,36.037909964993666,261.969319969759,28.121964446171127,72.52340357280845,7.78526499601279,736.8536877739085,794.2197000000001
Perez-Driesse,A,IDA ICE,edge_2_plus_0p05,one_at_a_time,Mixed/broken,3,0.45,0.6,0.525038987364691,34.185269614018715,357,436.02731810935165,25.221785311666483,358.49062537441137,20.736713535849756,189.66928727528827,10.971326440318089,617.1718244427221,684.88376
Perez-Driesse,A,PVsyst,edge_2_plus_0p05,one_at_a_time,Mixed/broken,3,0.45,0.6,0.525038987364691,34.185269614018715,357,398.71866274570544,23.0636845304378,320.1187521252813,18.517111440062447,96.37332088873367,5.574667247381927,617.1718244427221,651.5771
Perez-Driesse,A,IDA ICE,edge_2_plus_0p05,one_at_a_time,Mostly clear,4,0.6,0.75,0.672373223359715,29.812277046344217,336,394.2060957500098,15.921163912314729,297.36234748320214,12.009846439901565,122.51499316379622,4.948125635058421,831.9319422969645,873.09698
Perez-Driesse,A,PVsyst,edge_2_plus_0p05,one_at_a_time,Mostly clear,4,0.6,0.75,0.672373223359715,29.812277046344217,336,375.1294517409827,15.15069795697038,296.97884527811385,11.99435758385958,-37.28137588382277,-1.5057171939303906,831.9319422969645,819.4054
Perez-Driesse,A,IDA ICE,edge_2_plus_0p05,one_at_a_time,Clear,5,0.75,,0.9603779886437882,55.53919112784828,337,350.76670033260973,15.229933109934374,287.9792002431378,12.503763762627731,-109.19142976503552,-4.74098074282049,776.158221830817,739.3607099999999
Perez-Driesse,A,PVsyst,edge_2_plus_0p05,one_at_a_time,Clear,5,0.75,,0.9603779886437882,55.53919112784828,337,401.0179220321502,17.411790009265975,359.8102610525999,15.622595311649864,-251.1395306552432,-10.90422280539406,776.158221830817,691.5242
Perez-Driesse,A,IDA ICE,edge_3_minus_0p05,one_at_a_time,Overcast/very cloudy,1,0.0,0.2,0.07239388640864322,45.00669504658409,1713,142.62494684169448,67.31417084443339,78.7721604754382,37.17780644584024,-8.713729646634985,-4.112586886898804,362.9496298846955,348.0230110000098
Perez-Driesse,A,PVsyst,edge_3_minus_0p05,one_at_a_time,Overcast/very cloudy,1,0.0,0.2,0.07239388640864322,45.00669504658409,1713,137.62637122807004,64.95501152283308,72.86042810677938,34.38766789390682,-12.882854573669306,-6.0802734229833355,362.9496298846955,340.88130000000007
Perez-Driesse,A,IDA ICE,edge_3_minus_0p05,one_at_a_time,Cloudy,2,0.2,0.4,0.2920818313888917,40.96745490598463,651,325.8532127200369,38.548004420347496,255.60129936150426,30.237295914277684,107.48535223432764,12.715375117726108,550.3020056954526,620.2749699999999
Perez-Driesse,A,PVsyst,edge_3_minus_0p05,one_at_a_time,Cloudy,2,0.2,0.4,0.2920818313888917,40.96745490598463,651,310.06288875741694,36.68002996390794,239.7571241006402,28.362950920425206,63.25544440022626,7.4830354747674095,550.3020056954526,591.4813
Perez-Driesse,A,IDA ICE,edge_3_minus_0p05,one_at_a_time,Mixed/broken,3,0.4,0.5499999999999999,0.4728263953752539,34.857736406725635,380,445.24290520811786,29.19940658764238,370.86971089274203,24.32194955321461,184.62393661985664,12.107794033583673,579.4374740844545,649.59457
Perez-Driesse,A,PVsyst,edge_3_minus_0p05,one_at_a_time,Mixed/broken,3,0.4,0.5499999999999999,0.4728263953752539,34.857736406725635,380,413.35462134761,27.108145941074874,339.8472579234354,22.28747082935176,105.0505945145935,6.889306905567382,579.4374740844545,619.3566999999999
Perez-Driesse,A,IDA ICE,edge_3_minus_0p05,one_at_a_time,Mostly clear,4,0.5499999999999999,0.75,0.647987876544775,30.880349420022398,453,407.872973580738,17.493212712902455,313.19256430771355,13.43247653659431,143.70338910885673,6.163276598537878,1056.217974733688,1121.3156099999999
Perez-Driesse,A,PVsyst,edge_3_minus_0p05,one_at_a_time,Mostly clear,4,0.5499999999999999,0.75,0.647987876544775,30.880349420022398,453,380.74486477788014,16.329718663220795,300.355789884832,12.881921731367527,-4.092217955160869,-0.17551062167402326,1056.217974733688,1054.3642000000002
Perez-Driesse,A,IDA ICE,edge_3_minus_0p05,one_at_a_time,Clear,5,0.75,,0.9603779886437882,55.53919112784828,337,350.76670033260973,15.229933109934374,287.9792002431378,12.503763762627731,-109.19142976503552,-4.74098074282049,776.158221830817,739.3607099999999
Perez-Driesse,A,PVsyst,edge_3_minus_0p05,one_at_a_time,Clear,5,0.75,,0.9603779886437882,55.53919112784828,337,401.0179220321502,17.411790009265975,359.8102610525999,15.622595311649864,-251.1395306552432,-10.90422280539406,776.158221830817,691.5242
Perez-Driesse,A,IDA ICE,edge_3_plus_0p05,one_at_a_time,Overcast/very cloudy,1,0.0,0.2,0.07239388640864322,45.00669504658409,1713,142.62494684169448,67.31417084443339,78.7721604754382,37.17780644584024,-8.713729646634985,-4.112586886898804,362.9496298846955,348.0230110000098
Perez-Driesse,A,PVsyst,edge_3_plus_0p05,one_at_a_time,Overcast/very cloudy,1,0.0,0.2,0.07239388640864322,45.00669504658409,1713,137.62637122807004,64.95501152283308,72.86042810677938,34.38766789390682,-12.882854573669306,-6.0802734229833355,362.9496298846955,340.88130000000007
Perez-Driesse,A,IDA ICE,edge_3_plus_0p05,one_at_a_time,Cloudy,2,0.2,0.4,0.2920818313888917,40.96745490598463,651,325.8532127200369,38.548004420347496,255.60129936150426,30.237295914277684,107.48535223432764,12.715375117726108,550.3020056954526,620.2749699999999
Perez-Driesse,A,PVsyst,edge_3_plus_0p05,one_at_a_time,Cloudy,2,0.2,0.4,0.2920818313888917,40.96745490598463,651,310.06288875741694,36.68002996390794,239.7571241006402,28.362950920425206,63.25544440022626,7.4830354747674095,550.3020056954526,591.4813
Perez-Driesse,A,IDA ICE,edge_3_plus_0p05,one_at_a_time,Mixed/broken,3,0.4,0.65,0.5207420373454422,34.17576318091652,608,444.37079695566257,25.687924240943584,366.3884290257775,21.179965632421098,178.7814280091877,10.334891063613131,1051.768301770414,1160.4674100000002
Perez-Driesse,A,PVsyst,edge_3_plus_0p05,one_at_a_time,Mixed/broken,3,0.4,0.65,0.5207420373454422,34.17576318091652,608,410.0308680651908,23.70282193939463,333.2051909886928,19.261728631687497,82.42647735129297,4.764861057823131,1051.768301770414,1101.8836000000001
Perez-Driesse,A,IDA ICE,edge_3_plus_0p05,one_at_a_time,Mostly clear,4,0.65,0.75,0.696006131606003,28.692773812571755,225,368.9863042110552,14.218829591859636,266.8558085465046,10.283246895663467,118.02499089898451,4.54807458710866,583.8871470477285,610.44277
Perez-Driesse,A,PVsyst,edge_3_plus_0p05,one_at_a_time,Mostly clear,4,0.65,0.75,0.696006131606003,28.692773812571755,225,355.1355268993401,13.685092051841282,278.28610981159596,10.723711769337992,-53.5548757676821,-2.063728771673661,583.8871470477285,571.8373
Perez-Driesse,A,IDA ICE,edge_3_plus_0p05,one_at_a_time,Clear,5,0.75,,0.9603779886437882,55.53919112784828,337,350.76670033260973,15.229933109934374,287.9792002431378,12.503763762627731,-109.19142976503552,-4.74098074282049,776.158221830817,739.3607099999999
Perez-Driesse,A,PVsyst,edge_3_plus_0p05,one_at_a_time,Clear,5,0.75,,0.9603779886437882,55.53919112784828,337,401.0179220321502,17.411790009265975,359.8102610525999,15.622595311649864,-251.1395306552432,-10.90422280539406,776.158221830817,691.5242
Perez-Driesse,A,IDA ICE,edge_4_minus_0p05,one_at_a_time,Overcast/very cloudy,1,0.0,0.2,0.07239388640864322,45.00669504658409,1713,142.62494684169448,67.31417084443339,78.7721604754382,37.17780644584024,-8.713729646634985,-4.112586886898804,362.9496298846955,348.0230110000098
Perez-Driesse,A,PVsyst,edge_4_minus_0p05,one_at_a_time,Overcast/very cloudy,1,0.0,0.2,0.07239388640864322,45.00669504658409,1713,137.62637122807004,64.95501152283308,72.86042810677938,34.38766789390682,-12.882854573669306,-6.0802734229833355,362.9496298846955,340.88130000000007
Perez-Driesse,A,IDA ICE,edge_4_minus_0p05,one_at_a_time,Cloudy,2,0.2,0.4,0.2920818313888917,40.96745490598463,651,325.8532127200369,38.548004420347496,255.60129936150426,30.237295914277684,107.48535223432764,12.715375117726108,550.3020056954526,620.2749699999999
Perez-Driesse,A,PVsyst,edge_4_minus_0p05,one_at_a_time,Cloudy,2,0.2,0.4,0.2920818313888917,40.96745490598463,651,310.06288875741694,36.68002996390794,239.7571241006402,28.362950920425206,63.25544440022626,7.4830354747674095,550.3020056954526,591.4813
Perez-Driesse,A,IDA ICE,edge_4_minus_0p05,one_at_a_time,Mixed/broken,3,0.4,0.6,0.49757572488634855,34.64348699045118,497,445.13701320025615,27.526020299954713,367.99390948949764,22.75570784384681,189.31527862942073,11.706724105417571,803.7235065211779,897.8131999999999
Perez-Driesse,A,PVsyst,edge_4_minus_0p05,one_at_a_time,Mixed/broken,3,0.4,0.6,0.49757572488634855,34.64348699045118,497,409.4331416480093,25.31819335231783,332.83347850158566,20.58148573149009,101.79475549058775,6.294701233488063,803.7235065211779,854.3155
Perez-Driesse,A,IDA ICE,edge_4_minus_0p05,one_at_a_time,Mostly clear,4,0.6,0.7,0.6501830594913448,31.10440848151107,231,410.5444931592196,17.47678457137293,322.3429473914662,13.722065070976926,134.8716748282701,5.741456151598618,542.6385931146697,573.79395
Perez-Driesse,A,PVsyst,edge_4_minus_0p05,one_at_a_time,Mostly clear,4,0.6,0.7,0.6501830594913448,31.10440848151107,231,383.90642663656024,16.342808211266533,299.7834844062472,12.76171392461378,-12.465771059175754,-0.530665004518226,542.6385931146697,539.759
Perez-Driesse,A,IDA ICE,edge_4_minus_0p05,one_at_a_time,Clear,5,0.7,,0.9035576888672404,48.75229443083138,442,351.9278970232792,14.599643448493737,277.15275653589293,11.497614881958546,-60.60595251835255,-2.5142232403524387,1065.4515710131118,1038.66374
Perez-Driesse,A,PVsyst,edge_4_minus_0p05,one_at_a_time,Clear,5,0.7,,0.9035576888672404,48.75229443083138,442,390.58973591782444,16.203520457670226,343.41847305504365,14.246632059117898,-213.30536428305842,-8.848921300426856,1065.4515710131118,971.1705999999999
Perez-Driesse,A,IDA ICE,edge_4_plus_0p05,one_at_a_time,Overcast/very cloudy,1,0.0,0.2,0.07239388640864322,45.00669504658409,1713,142.62494684169448,67.31417084443339,78.7721604754382,37.17780644584024,-8.713729646634985,-4.112586886898804,362.9496298846955,348.0230110000098
Perez-Driesse,A,PVsyst,edge_4_plus_0p05,one_at_a_time,Overcast/very cloudy,1,0.0,0.2,0.07239388640864322,45.00669504658409,1713,137.62637122807004,64.95501152283308,72.86042810677938,34.38766789390682,-12.882854573669306,-6.0802734229833355,362.9496298846955,340.88130000000007
Perez-Driesse,A,IDA ICE,edge_4_plus_0p05,one_at_a_time,Cloudy,2,0.2,0.4,0.2920818313888917,40.96745490598463,651,325.8532127200369,38.548004420347496,255.60129936150426,30.237295914277684,107.48535223432764,12.715375117726108,550.3020056954526,620.2749699999999
Perez-Driesse,A,PVsyst,edge_4_plus_0p05,one_at_a_time,Cloudy,2,0.2,0.4,0.2920818313888917,40.96745490598463,651,310.06288875741694,36.68002996390794,239.7571241006402,28.362950920425206,63.25544440022626,7.4830354747674095,550.3020056954526,591.4813
Perez-Driesse,A,IDA ICE,edge_4_plus_0p05,one_at_a_time,Mixed/broken,3,0.4,0.6,0.49757572488634855,34.64348699045118,497,445.13701320025615,27.526020299954713,367.99390948949764,22.75570784384681,189.31527862942073,11.706724105417571,803.7235065211779,897.8131999999999
Perez-Driesse,A,PVsyst,edge_4_plus_0p05,one_at_a_time,Mixed/broken,3,0.4,0.6,0.49757572488634855,34.64348699045118,497,409.4331416480093,25.31819335231783,332.83347850158566,20.58148573149009,101.79475549058775,6.294701233488063,803.7235065211779,854.3155
Perez-Driesse,A,IDA ICE,edge_4_plus_0p05,one_at_a_time,Mostly clear,4,0.6,0.8,0.6890781460804934,31.36888220058428,402,384.66243368190936,15.568096516024807,285.98834026033364,11.574548730985187,115.36719447471808,4.669152641639627,993.2768478211634,1039.65446
Perez-Driesse,A,PVsyst,edge_4_plus_0p05,one_at_a_time,Mostly clear,4,0.6,0.8,0.6890781460804934,31.36888220058428,402,366.9339935843408,14.850589313993886,291.2936777184211,11.789266879588926,-46.46181050040626,-1.8804070448369268,993.2768478211634,974.5992
Perez-Driesse,A,IDA ICE,edge_4_plus_0p05,one_at_a_time,Clear,5,0.8,,1.0057393745293821,59.495726394913824,271,355.2216448977924,15.657609100856343,302.5661492680415,13.33663801301706,-155.0187686591074,-6.832982499303405,614.813316306618,572.80323
Perez-Driesse,A,PVsyst,edge_4_plus_0p05,one_at_a_time,Clear,5,0.8,,1.0057393745293821,59.495726394913824,271,418.00750830355395,18.425110801238468,383.54572525965744,16.906089830612913,-289.60485721999294,-12.765324729478907,614.813316306618,536.3303999999999
Perez-Driesse,B,IDA ICE,nominal,nominal,Overcast/very cloudy,1,0.0,0.2,0.06839593586104166,45.502129271552114,1827,181.0285711109036,74.66540951723461,100.81540118095985,41.58140987705822,-2.9692359087819975,-1.2246642268786754,442.9617430053447,437.53694900000005
Perez-Driesse,B,PVsyst,nominal,nominal,Overcast/very cloudy,1,0.0,0.2,0.06839593586104166,45.502129271552114,1827,172.82265540547974,71.28087163545447,92.83633139764552,38.290434815598026,3.765055826302859,1.5529009227716364,442.9617430053447,449.8405
Perez-Driesse,B,IDA ICE,nominal,nominal,Cloudy,2,0.2,0.4,0.2949499562541349,40.24910477403384,611,454.37689173807513,44.01724859135266,369.4713776882196,35.792122739522505,186.9837232193482,18.113837162800074,630.7170251129783,744.9640800000001
Perez-Driesse,B,PVsyst,nominal,nominal,Cloudy,2,0.2,0.4,0.2949499562541349,40.24910477403384,611,419.25081726354546,40.61444976883901,329.88691603703893,31.957422690869304,114.9225448232762,11.132991831708347,630.7170251129783,700.9346999999999
Perez-Driesse,B,IDA ICE,nominal,nominal,Mixed/broken,3,0.4,0.6,0.4959140163597251,34.17469789927842,469,581.4980079030424,29.572945504892417,470.09249274822196,23.90725244345152,284.8902010514121,14.488514622695018,922.2029157068879,1055.8164199999999
Perez-Driesse,B,PVsyst,nominal,nominal,Mixed/broken,3,0.4,0.6,0.4959140163597251,34.17469789927842,469,525.7504070112727,26.737818400767093,406.4038093389778,20.66826978462534,156.37203474011145,7.952532251201655,922.2029157068879,995.5414
Perez-Driesse,B,IDA ICE,nominal,nominal,Mostly clear,4,0.6,0.75,0.6728327471710244,29.489050913489617,311,484.0586458327147,16.107998547288425,364.77455204333995,12.138586935667528,225.59074518032827,7.506973435822582,934.5806582489179,1004.7393799999999
Perez-Driesse,B,PVsyst,nominal,nominal,Mostly clear,4,0.6,0.75,0.6728327471710244,29.489050913489617,311,429.92519092985674,14.306601918095097,322.57536405506283,10.734326388595653,42.32778698097141,1.4085399301700507,934.5806582489179,947.7446
Perez-Driesse,B,IDA ICE,nominal,nominal,Clear,5,0.75,,0.979495824429778,54.19162371583807,350,557.463816387105,20.165744874927192,345.2144757176756,12.487818652646503,74.30311257537495,2.6878472962046507,967.5434105986188,993.5495
Perez-Driesse,B,PVsyst,nominal,nominal,Clear,5,0.75,,0.979495824429778,54.19162371583807,350,528.6874853378268,19.124787357474204,369.78160199854887,13.376512028480228,-54.9623159960536,-1.9882116283254876,967.5434105986188,948.3066
Perez-Driesse,B,IDA ICE,all_edges_minus_0p05,coordinated,Overcast/very cloudy,1,0.0,0.15000000000000002,0.05173592420632866,45.86917280373925,1578,142.53510143929972,79.75542614665001,77.5902419167053,43.41557094638779,-8.890956966124053,-4.974929364937731,282.0126490925437,267.9827189999999
Perez-Driesse,B,PVsyst,all_edges_minus_0p05,coordinated,Overcast/very cloudy,1,0.0,0.15000000000000002,0.05173592420632866,45.86917280373925,1578,133.91313784065036,74.93101185089125,70.51313035094955,39.45557763165607,3.5578269375515084,1.9907798198136633,282.0126490925437,287.62690000000003
Perez-Driesse,B,IDA ICE,all_edges_minus_0p05,coordinated,Cloudy,2,0.15000000000000002,0.35000000000000003,0.23670597800903267,41.5323121974342,715,399.45212626880726,47.679767709322654,313.13588824707983,37.37681046420573,121.30587091438498,14.479421604287024,599.0135522962147,685.74725
Perez-Driesse,B,PVsyst,all_edges_minus_0p05,coordinated,Cloudy,2,0.15000000000000002,0.35000000000000003,0.23670597800903267,41.5323121974342,715,377.0989858326865,45.01163184652619,285.6344353457895,34.094157050264464,68.06412266263675,8.124331664489588,599.0135522962147,647.6794
Perez-Driesse,B,IDA ICE,all_edges_minus_0p05,coordinated,Mixed/broken,3,0.35000000000000003,0.5499999999999999,0.4428306973273664,35.58895738806351,500,562.528881424506,32.89669178330526,458.03788784068524,26.78605795886295,265.3097653112005,15.515316394852391,854.9930873443997,987.64797
Perez-Driesse,B,PVsyst,all_edges_minus_0p05,coordinated,Mixed/broken,3,0.35000000000000003,0.5499999999999999,0.4428306973273664,35.58895738806351,500,510.2664176297024,29.84038264067052,399.8309523178069,23.382116080007034,149.56782531120055,8.746727168038095,854.9930873443997,929.777
Perez-Driesse,B,IDA ICE,all_edges_minus_0p05,coordinated,Mostly clear,4,0.5499999999999999,0.7,0.6250085072544701,31.675068313377203,334,528.1318027693521,19.691756350931392,415.828393038834,15.50444672444034,262.36006018545135,9.78227471683591,895.7861298980592,983.4143899999999
Perez-Driesse,B,PVsyst,all_edges_minus_0p05,coordinated,Mostly clear,4,0.5499999999999999,0.7,0.6250085072544701,31.675068313377203,334,465.77198394158245,17.36662775233997,349.7923327646986,13.042246943107354,100.30769491599033,3.7400411754258123,895.7861298980592,929.2888999999999
Perez-Driesse,B,IDA ICE,all_edges_minus_0p05,coordinated,Clear,5,0.7,,0.9269381902993205,48.615828184342064,441,540.262531493496,18.816594024118874,341.144879760002,11.881602612910578,103.43234911217712,3.602405143337613,1266.2003340415301,1311.814
Perez-Driesse,B,PVsyst,all_edges_minus_0p05,coordinated,Clear,5,0.7,,0.9269381902993205,48.615828184342064,441,509.09292692345724,17.73099996401367,361.17077640448014,12.579076794742944,-41.2805760578909,-1.437745161812032,1266.2003340415301,1247.9956000000002
Perez-Driesse,B,IDA ICE,all_edges_plus_0p05,coordinated,Overcast/very cloudy,1,0.0,0.25,0.08138894014509838,45.07446583282865,1993,203.0891007371893,70.66910760538521,117.36592165974416,40.83993142355208,8.479684160033502,2.950683764859244,572.7489584690533,589.6489690000001
Perez-Driesse,B,PVsyst,all_edges_plus_0p05,coordinated,Overcast/very cloudy,1,0.0,0.25,0.08138894014509838,45.07446583282865,1993,193.15164128557007,67.21116038536468,107.78834500033636,37.50721296113498,10.417030371774615,3.624823969377602,572.7489584690533,593.5101
Perez-Driesse,B,IDA ICE,all_edges_plus_0p05,coordinated,Cloudy,2,0.25,0.45,0.34467072555371336,39.099165741226905,573,511.12388547598084,41.49674996787597,409.18077026390426,33.220267332042056,224.81285996172758,18.251941074339246,705.7757212419301,834.59349
Perez-Driesse,B,PVsyst,all_edges_plus_0p05,coordinated,Cloudy,2,0.25,0.45,0.34467072555371336,39.099165741226905,573,470.8440064791683,38.226536786759475,363.9908747850838,29.551423345201645,137.36156851321098,11.152009964237607,705.7757212419301,784.4839000000001
Perez-Driesse,B,IDA ICE,all_edges_plus_0p05,coordinated,Mixed/broken,3,0.45,0.65,0.546616634942057,32.94186972544523,447,564.5814198381362,24.956169596838414,463.93416745864675,20.507263183023994,272.40447684272243,12.041084038815942,1011.2445088513032,1133.0093100000001
Perez-Driesse,B,PVsyst,all_edges_plus_0p05,coordinated,Mixed/broken,3,0.45,0.65,0.546616634942057,32.94186972544523,447,503.5466868236015,22.25825376948941,392.07554102805955,17.33089923411521,130.62168042214077,5.773864840563745,1011.2445088513032,1069.6324
Perez-Driesse,B,IDA ICE,all_edges_plus_0p05,coordinated,Mostly clear,4,0.65,0.8,0.7160811899123417,30.094908196719278,270,468.86292842236463,15.045343496337072,340.3675516085628,10.922055079485775,239.93772681250522,7.6993622203640895,841.4097737606237,906.19296
Perez-Driesse,B,PVsyst,all_edges_plus_0p05,coordinated,Mostly clear,4,0.65,0.8,0.7160811899123417,30.094908196719278,270,410.04656195576314,13.157984989077768,313.4514217953832,10.058343333296099,47.08491199769041,1.5109078401308382,841.4097737606237,854.1227
Perez-Driesse,B,IDA ICE,all_edges_plus_0p05,coordinated,Clear,5,0.8,,1.0261331724064244,58.957250142181834,285,569.7421603686355,21.175122954557,340.4610736606416,12.653627548538795,22.22740228127253,0.8261069813787596,766.8267903498374,773.1615999999999
Perez-Driesse,B,PVsyst,all_edges_plus_0p05,coordinated,Clear,5,0.8,,1.0261331724064244,58.957250142181834,285,551.8453187039502,20.509966241382134,379.7971056172172,14.115596437563854,-91.95821175381518,-3.417732750036135,766.8267903498374,740.6187
Perez-Driesse,B,IDA ICE,edge_1_minus_0p05,one_at_a_time,Overcast/very cloudy,1,0.0,0.15000000000000002,0.05173592420632866,45.86917280373925,1578,142.53510143929972,79.75542614665001,77.5902419167053,43.41557094638779,-8.890956966124053,-4.974929364937731,282.0126490925437,267.9827189999999
Perez-Driesse,B,PVsyst,edge_1_minus_0p05,one_at_a_time,Overcast/very cloudy,1,0.0,0.15000000000000002,0.05173592420632866,45.86917280373925,1578,133.91313784065036,74.93101185089125,70.51313035094955,39.45557763165607,3.5578269375515084,1.9907798198136633,282.0126490925437,287.62690000000003
Perez-Driesse,B,IDA ICE,edge_1_minus_0p05,one_at_a_time,Cloudy,2,0.15000000000000002,0.4,0.2599238484788522,41.09655640902311,860,423.1117449179552,45.96332871706393,334.3015674192498,36.31573223499197,142.85138485374512,15.518182226290314,791.6661190257792,914.51831
Perez-Driesse,B,PVsyst,edge_1_minus_0p05,one_at_a_time,Cloudy,2,0.15000000000000002,0.4,0.2599238484788522,41.09655640902311,860,394.24142693824473,42.827098320706334,302.2129807771288,32.82989599051762,83.11881508630326,9.029334369163916,791.6661190257792,863.1483000000001
Perez-Driesse,B,IDA ICE,edge_1_minus_0p05,one_at_a_time,Mixed/broken,3,0.4,0.6,0.4959140163597251,34.17469789927842,469,581.4980079030424,29.572945504892417,470.09249274822196,23.90725244345152,284.8902010514121,14.488514622695018,922.2029157068879,1055.8164199999999
Perez-Driesse,B,PVsyst,edge_1_minus_0p05,one_at_a_time,Mixed/broken,3,0.4,0.6,0.4959140163597251,34.17469789927842,469,525.7504070112727,26.737818400767093,406.4038093389778,20.66826978462534,156.37203474011145,7.952532251201655,922.2029157068879,995.5414
Perez-Driesse,B,IDA ICE,edge_1_minus_0p05,one_at_a_time,Mostly clear,4,0.6,0.75,0.6728327471710244,29.489050913489617,311,484.0586458327147,16.107998547288425,364.77455204333995,12.138586935667528,225.59074518032827,7.506973435822582,934.5806582489179,1004.7393799999999
Perez-Driesse,B,PVsyst,edge_1_minus_0p05,one_at_a_time,Mostly clear,4,0.6,0.75,0.6728327471710244,29.489050913489617,311,429.92519092985674,14.306601918095097,322.57536405506283,10.734326388595653,42.32778698097141,1.4085399301700507,934.5806582489179,947.7446
Perez-Driesse,B,IDA ICE,edge_1_minus_0p05,one_at_a_time,Clear,5,0.75,,0.979495824429778,54.19162371583807,350,557.463816387105,20.165744874927192,345.2144757176756,12.487818652646503,74.30311257537495,2.6878472962046507,967.5434105986188,993.5495
Perez-Driesse,B,PVsyst,edge_1_minus_0p05,one_at_a_time,Clear,5,0.75,,0.979495824429778,54.19162371583807,350,528.6874853378268,19.124787357474204,369.78160199854887,13.376512028480228,-54.9623159960536,-1.9882116283254876,967.5434105986188,948.3066
Perez-Driesse,B,IDA ICE,edge_1_plus_0p05,one_at_a_time,Overcast/very cloudy,1,0.0,0.25,0.08138894014509838,45.07446583282865,1993,203.0891007371893,70.66910760538521,117.36592165974416,40.83993142355208,8.479684160033502,2.950683764859244,572.7489584690533,589.6489690000001
Perez-Driesse,B,PVsyst,edge_1_plus_0p05,one_at_a_time,Overcast/very cloudy,1,0.0,0.25,0.08138894014509838,45.07446583282865,1993,193.15164128557007,67.21116038536468,107.78834500033636,37.50721296113498,10.417030371774615,3.624823969377602,572.7489584690533,593.5101
Perez-Driesse,B,IDA ICE,edge_1_plus_0p05,one_at_a_time,Cloudy,2,0.25,0.4,0.321271101978019,40.204905148837966,445,483.0094169161777,42.908045476109834,395.5650963084173,35.13994664851192,206.56685472074216,18.350325450803258,500.9298096492697,592.85206
Perez-Driesse,B,PVsyst,edge_1_plus_0p05,one_at_a_time,Cloudy,2,0.25,0.4,0.321271101978019,40.204905148837966,445,443.7088470395728,39.416787168417166,351.34991365496353,31.212099692355917,126.5961580915287,11.24614452275737,500.9298096492697,557.2651
Perez-Driesse,B,IDA ICE,edge_1_plus_0p05,one_at_a_time,Mixed/broken,3,0.4,0.6,0.4959140163597251,34.17469789927842,469,581.4980079030424,29.572945504892417,470.09249274822196,23.90725244345152,284.8902010514121,14.488514622695018,922.2029157068879,1055.8164199999999
Perez-Driesse,B,PVsyst,edge_1_plus_0p05,one_at_a_time,Mixed/broken,3,0.4,0.6,0.4959140163597251,34.17469789927842,469,525.7504070112727,26.737818400767093,406.4038093389778,20.66826978462534,156.37203474011145,7.952532251201655,922.2029157068879,995.5414
Perez-Driesse,B,IDA ICE,edge_1_plus_0p05,one_at_a_time,Mostly clear,4,0.6,0.75,0.6728327471710244,29.489050913489617,311,484.0586458327147,16.107998547288425,364.77455204333995,12.138586935667528,225.59074518032827,7.506973435822582,934.5806582489179,1004.7393799999999
Perez-Driesse,B,PVsyst,edge_1_plus_0p05,one_at_a_time,Mostly clear,4,0.6,0.75,0.6728327471710244,29.489050913489617,311,429.92519092985674,14.306601918095097,322.57536405506283,10.734326388595653,42.32778698097141,1.4085399301700507,934.5806582489179,947.7446
Perez-Driesse,B,IDA ICE,edge_1_plus_0p05,one_at_a_time,Clear,5,0.75,,0.979495824429778,54.19162371583807,350,557.463816387105,20.165744874927192,345.2144757176756,12.487818652646503,74.30311257537495,2.6878472962046507,967.5434105986188,993.5495
Perez-Driesse,B,PVsyst,edge_1_plus_0p05,one_at_a_time,Clear,5,0.75,,0.979495824429778,54.19162371583807,350,528.6874853378268,19.124787357474204,369.78160199854887,13.376512028480228,-54.9623159960536,-1.9882116283254876,967.5434105986188,948.3066
Perez-Driesse,B,IDA ICE,edge_2_minus_0p05,one_at_a_time,Overcast/very cloudy,1,0.0,0.2,0.06839593586104166,45.502129271552114,1827,181.0285711109036,74.66540951723461,100.81540118095985,41.58140987705822,-2.9692359087819975,-1.2246642268786754,442.9617430053447,437.53694900000005
Perez-Driesse,B,PVsyst,edge_2_minus_0p05,one_at_a_time,Overcast/very cloudy,1,0.0,0.2,0.06839593586104166,45.502129271552114,1827,172.82265540547974,71.28087163545447,92.83633139764552,38.290434815598026,3.765055826302859,1.5529009227716364,442.9617430053447,449.8405
Perez-Driesse,B,IDA ICE,edge_2_minus_0p05,one_at_a_time,Cloudy,2,0.2,0.35000000000000003,0.2702246520513345,40.654007996438324,466,430.27248771623,45.771113231987066,347.9395362309215,37.012777635956326,167.6578575463224,17.834946460825314,438.0644583834138,516.1930199999999
Perez-Driesse,B,PVsyst,edge_2_minus_0p05,one_at_a_time,Cloudy,2,0.2,0.35000000000000003,0.2702246520513345,40.654007996438324,466,402.2608273346188,42.79131574145295,313.06086588527796,33.30248795825687,101.71961720297475,10.820631692311006,438.0644583834138,485.46580000000006
Perez-Driesse,B,IDA ICE,edge_2_minus_0p05,one_at_a_time,Mixed/broken,3,0.35000000000000003,0.6,0.4672205359740481,35.30190326605211,614,568.5300918177855,31.31145532990803,462.6719331967571,25.481380453183693,276.4364781165274,15.224573968332503,1114.8554824364521,1284.58748
Perez-Driesse,B,PVsyst,edge_2_minus_0p05,one_at_a_time,Mixed/broken,3,0.35000000000000003,0.6,0.4672205359740481,35.30190326605211,614,513.0685312561859,28.25694299882091,401.10411852780436,22.090569823260473,156.603937399915,8.62486834198519,1114.8554824364521,1211.0103000000001
Perez-Driesse,B,IDA ICE,edge_2_minus_0p05,one_at_a_time,Mostly clear,4,0.6,0.75,0.6728327471710244,29.489050913489617,311,484.0586458327147,16.107998547288425,364.77455204333995,12.138586935667528,225.59074518032827,7.506973435822582,934.5806582489179,1004.7393799999999
Perez-Driesse,B,PVsyst,edge_2_minus_0p05,one_at_a_time,Mostly clear,4,0.6,0.75,0.6728327471710244,29.489050913489617,311,429.92519092985674,14.306601918095097,322.57536405506283,10.734326388595653,42.32778698097141,1.4085399301700507,934.5806582489179,947.7446
Perez-Driesse,B,IDA ICE,edge_2_minus_0p05,one_at_a_time,Clear,5,0.75,,0.979495824429778,54.19162371583807,350,557.463816387105,20.165744874927192,345.2144757176756,12.487818652646503,74.30311257537495,2.6878472962046507,967.5434105986188,993.5495
Perez-Driesse,B,PVsyst,edge_2_minus_0p05,one_at_a_time,Clear,5,0.75,,0.979495824429778,54.19162371583807,350,528.6874853378268,19.124787357474204,369.78160199854887,13.376512028480228,-54.9623159960536,-1.9882116283254876,967.5434105986188,948.3066
Perez-Driesse,B,IDA ICE,edge_2_plus_0p05,one_at_a_time,Overcast/very cloudy,1,0.0,0.2,0.06839593586104166,45.502129271552114,1827,181.0285711109036,74.66540951723461,100.81540118095985,41.58140987705822,-2.9692359087819975,-1.2246642268786754,442.9617430053447,437.53694900000005
Perez-Driesse,B,PVsyst,edge_2_plus_0p05,one_at_a_time,Overcast/very cloudy,1,0.0,0.2,0.06839593586104166,45.502129271552114,1827,172.82265540547974,71.28087163545447,92.83633139764552,38.290434815598026,3.765055826302859,1.5529009227716364,442.9617430053447,449.8405
Perez-Driesse,B,IDA ICE,edge_2_plus_0p05,one_at_a_time,Cloudy,2,0.2,0.45,0.3176523797474096,39.38408957432314,739,482.47121894927784,42.67137939474264,384.5482074038885,34.010738483914835,204.52310324000183,18.08871201136193,835.5629367056387,986.70551
Perez-Driesse,B,PVsyst,edge_2_plus_0p05,one_at_a_time,Cloudy,2,0.2,0.45,0.3176523797474096,39.38408957432314,739,445.7230728473418,39.42124959884698,343.405907136705,30.37197489570177,125.29169593283001,11.081219526014017,835.5629367056387,928.1535
Perez-Driesse,B,IDA ICE,edge_2_plus_0p05,one_at_a_time,Mixed/broken,3,0.45,0.6,0.5221495258376885,33.769191015458816,341,574.916523037912,27.32900539501958,475.1884621552631,22.588371573095092,283.6304571430283,13.482545696364582,717.3570041142274,814.07499
Perez-Driesse,B,PVsyst,edge_2_plus_0p05,one_at_a_time,Mixed/broken,3,0.45,0.6,0.5221495258376885,33.769191015458816,341,514.3618481842832,24.450502222030497,405.82793813661686,19.291277022584204,149.45922547147407,7.104634874054596,717.3570041142274,768.3226000000001
Perez-Driesse,B,IDA ICE,edge_2_plus_0p05,one_at_a_time,Mostly clear,4,0.6,0.75,0.6728327471710244,29.489050913489617,311,484.0586458327147,16.107998547288425,364.77455204333995,12.138586935667528,225.59074518032827,7.506973435822582,934.5806582489179,1004.7393799999999
Perez-Driesse,B,PVsyst,edge_2_plus_0p05,one_at_a_time,Mostly clear,4,0.6,0.75,0.6728327471710244,29.489050913489617,311,429.92519092985674,14.306601918095097,322.57536405506283,10.734326388595653,42.32778698097141,1.4085399301700507,934.5806582489179,947.7446
Perez-Driesse,B,IDA ICE,edge_2_plus_0p05,one_at_a_time,Clear,5,0.75,,0.979495824429778,54.19162371583807,350,557.463816387105,20.165744874927192,345.2144757176756,12.487818652646503,74.30311257537495,2.6878472962046507,967.5434105986188,993.5495
Perez-Driesse,B,PVsyst,edge_2_plus_0p05,one_at_a_time,Clear,5,0.75,,0.979495824429778,54.19162371583807,350,528.6874853378268,19.124787357474204,369.78160199854887,13.376512028480228,-54.9623159960536,-1.9882116283254876,967.5434105986188,948.3066
Perez-Driesse,B,IDA ICE,edge_3_minus_0p05,one_at_a_time,Overcast/very cloudy,1,0.0,0.2,0.06839593586104166,45.502129271552114,1827,181.0285711109036,74.66540951723461,100.81540118095985,41.58140987705822,-2.9692359087819975,-1.2246642268786754,442.9617430053447,437.53694900000005
Perez-Driesse,B,PVsyst,edge_3_minus_0p05,one_at_a_time,Overcast/very cloudy,1,0.0,0.2,0.06839593586104166,45.502129271552114,1827,172.82265540547974,71.28087163545447,92.83633139764552,38.290434815598026,3.765055826302859,1.5529009227716364,442.9617430053447,449.8405
Perez-Driesse,B,IDA ICE,edge_3_minus_0p05,one_at_a_time,Cloudy,2,0.2,0.4,0.2949499562541349,40.24910477403384,611,454.37689173807513,44.01724859135266,369.4713776882196,35.792122739522505,186.9837232193482,18.113837162800074,630.7170251129783,744.9640800000001
Perez-Driesse,B,PVsyst,edge_3_minus_0p05,one_at_a_time,Cloudy,2,0.2,0.4,0.2949499562541349,40.24910477403384,611,419.25081726354546,40.61444976883901,329.88691603703893,31.957422690869304,114.9225448232762,11.132991831708347,630.7170251129783,700.9346999999999
Perez-Driesse,B,IDA ICE,edge_3_minus_0p05,one_at_a_time,Mixed/broken,3,0.4,0.5499999999999999,0.47077637534740474,34.21702367165447,355,577.3810472973812,30.94635846834513,465.9486085533798,24.973824020747205,271.93349122581617,14.575039029101264,662.3405206148353,758.8769100000001
Perez-Driesse,B,PVsyst,edge_3_minus_0p05,one_at_a_time,Mixed/broken,3,0.4,0.5499999999999999,0.47077637534740474,34.21702367165447,355,525.9328249399123,28.18884652872421,406.3124900360905,21.777458795502444,146.38754756384435,7.84605165586494,662.3405206148353,714.3081000000001
Perez-Driesse,B,IDA ICE,edge_3_minus_0p05,one_at_a_time,Mostly clear,4,0.5499999999999999,0.75,0.6463742230460494,30.710552342163556,425,515.8954539725672,18.356301485036262,396.48590293634123,14.107538092889094,252.31961566830498,8.977894455418433,1194.4430533409704,1301.67889
Perez-Driesse,B,PVsyst,edge_3_minus_0p05,one_at_a_time,Mostly clear,4,0.5499999999999999,0.75,0.6463742230460494,30.710552342163556,425,457.42739940620385,16.27592409733246,345.1373902077482,12.280484233049505,81.25846272712855,2.891292855061812,1194.4430533409704,1228.9778999999999
Perez-Driesse,B,IDA ICE,edge_3_minus_0p05,one_at_a_time,Clear,5,0.75,,0.979495824429778,54.19162371583807,350,557.463816387105,20.165744874927192,345.2144757176756,12.487818652646503,74.30311257537495,2.6878472962046507,967.5434105986188,993.5495
Perez-Driesse,B,PVsyst,edge_3_minus_0p05,one_at_a_time,Clear,5,0.75,,0.979495824429778,54.19162371583807,350,528.6874853378268,19.124787357474204,369.78160199854887,13.376512028480228,-54.9623159960536,-1.9882116283254876,967.5434105986188,948.3066
Perez-Driesse,B,IDA ICE,edge_3_plus_0p05,one_at_a_time,Overcast/very cloudy,1,0.0,0.2,0.06839593586104166,45.502129271552114,1827,181.0285711109036,74.66540951723461,100.81540118095985,41.58140987705822,-2.9692359087819975,-1.2246642268786754,442.9617430053447,437.53694900000005
Perez-Driesse,B,PVsyst,edge_3_plus_0p05,one_at_a_time,Overcast/very cloudy,1,0.0,0.2,0.06839593586104166,45.502129271552114,1827,172.82265540547974,71.28087163545447,92.83633139764552,38.290434815598026,3.765055826302859,1.5529009227716364,442.9617430053447,449.8405
Perez-Driesse,B,IDA ICE,edge_3_plus_0p05,one_at_a_time,Cloudy,2,0.2,0.4,0.2949499562541349,40.24910477403384,611,454.37689173807513,44.01724859135266,369.4713776882196,35.792122739522505,186.9837232193482,18.113837162800074,630.7170251129783,744.9640800000001
Perez-Driesse,B,PVsyst,edge_3_plus_0p05,one_at_a_time,Cloudy,2,0.2,0.4,0.2949499562541349,40.24910477403384,611,419.25081726354546,40.61444976883901,329.88691603703893,31.957422690869304,114.9225448232762,11.132991831708347,630.7170251129783,700.9346999999999
Perez-Driesse,B,IDA ICE,edge_3_plus_0p05,one_at_a_time,Mixed/broken,3,0.4,0.65,0.5197709933585369,33.45679121002459,575,572.34750933028,27.062117448862487,462.2829327964983,21.85797058256122,275.9309905322374,13.046753505229795,1216.0904204439632,1374.75074
Perez-Driesse,B,PVsyst,edge_3_plus_0p05,one_at_a_time,Mixed/broken,3,0.4,0.65,0.5197709933585369,33.45679121002459,575,515.4334487354434,24.371068798871175,395.60665480858586,18.705338245481126,140.45352966267222,6.641017657762065,1216.0904204439632,1296.8512
Perez-Driesse,B,IDA ICE,edge_3_plus_0p05,one_at_a_time,Mostly clear,4,0.65,0.75,0.6973967651792237,29.07986928337906,205,458.5206321543514,14.671099429799767,332.2223337873577,10.629983800060929,220.05808043003825,7.041109498499427,640.6931535118423,685.8050599999999
Perez-Driesse,B,PVsyst,edge_3_plus_0p05,one_at_a_time,Mostly clear,4,0.65,0.75,0.6973967651792237,29.07986928337906,205,409.4054421629144,13.099580537635036,309.51462578618657,9.903414440809295,28.008031649550453,0.8961616737569394,640.6931535118423,646.4348
Perez-Driesse,B,IDA ICE,edge_3_plus_0p05,one_at_a_time,Clear,5,0.75,,0.979495824429778,54.19162371583807,350,557.463816387105,20.165744874927192,345.2144757176756,12.487818652646503,74.30311257537495,2.6878472962046507,967.5434105986188,993.5495
Perez-Driesse,B,PVsyst,edge_3_plus_0p05,one_at_a_time,Clear,5,0.75,,0.979495824429778,54.19162371583807,350,528.6874853378268,19.124787357474204,369.78160199854887,13.376512028480228,-54.9623159960536,-1.9882116283254876,967.5434105986188,948.3066
Perez-Driesse,B,IDA ICE,edge_4_minus_0p05,one_at_a_time,Overcast/very cloudy,1,0.0,0.2,0.06839593586104166,45.502129271552114,1827,181.0285711109036,74.66540951723461,100.81540118095985,41.58140987705822,-2.9692359087819975,-1.2246642268786754,442.9617430053447,437.53694900000005
Perez-Driesse,B,PVsyst,edge_4_minus_0p05,one_at_a_time,Overcast/very cloudy,1,0.0,0.2,0.06839593586104166,45.502129271552114,1827,172.82265540547974,71.28087163545447,92.83633139764552,38.290434815598026,3.765055826302859,1.5529009227716364,442.9617430053447,449.8405
Perez-Driesse,B,IDA ICE,edge_4_minus_0p05,one_at_a_time,Cloudy,2,0.2,0.4,0.2949499562541349,40.24910477403384,611,454.37689173807513,44.01724859135266,369.4713776882196,35.792122739522505,186.9837232193482,18.113837162800074,630.7170251129783,744.9640800000001
Perez-Driesse,B,PVsyst,edge_4_minus_0p05,one_at_a_time,Cloudy,2,0.2,0.4,0.2949499562541349,40.24910477403384,611,419.25081726354546,40.61444976883901,329.88691603703893,31.957422690869304,114.9225448232762,11.132991831708347,630.7170251129783,700.9346999999999
Perez-Driesse,B,IDA ICE,edge_4_minus_0p05,one_at_a_time,Mixed/broken,3,0.4,0.6,0.4959140163597251,34.17469789927842,469,581.4980079030424,29.572945504892417,470.09249274822196,23.90725244345152,284.8902010514121,14.488514622695018,922.2029157068879,1055.8164199999999
Perez-Driesse,B,PVsyst,edge_4_minus_0p05,one_at_a_time,Mixed/broken,3,0.4,0.6,0.4959140163597251,34.17469789927842,469,525.7504070112727,26.737818400767093,406.4038093389778,20.66826978462534,156.37203474011145,7.952532251201655,922.2029157068879,995.5414
Perez-Driesse,B,IDA ICE,edge_4_minus_0p05,one_at_a_time,Mostly clear,4,0.6,0.7,0.6513399136300483,30.44810411519883,220,490.44817485881754,16.96722304316179,381.02300096592876,13.181621572605051,229.77793269996923,7.949246494064926,635.9237348060068,686.47488
Perez-Driesse,B,PVsyst,edge_4_minus_0p05,one_at_a_time,Mostly clear,4,0.6,0.7,0.6513399136300483,30.44810411519883,220,431.78335305552,14.937693385700177,320.30993875564036,11.08123233483929,55.14484179087835,1.9077547400702306,635.9237348060068,648.0556000000001
Perez-Driesse,B,IDA ICE,edge_4_minus_0p05,one_at_a_time,Clear,5,0.7,,0.9269381902993205,48.615828184342064,441,540.262531493496,18.816594024118874,341.144879760002,11.881602612910578,103.43234911217712,3.602405143337613,1266.2003340415301,1311.814
Perez-Driesse,B,PVsyst,edge_4_minus_0p05,one_at_a_time,Clear,5,0.7,,0.9269381902993205,48.615828184342064,441,509.09292692345724,17.73099996401367,361.17077640448014,12.579076794742944,-41.2805760578909,-1.437745161812032,1266.2003340415301,1247.9956000000002
Perez-Driesse,B,IDA ICE,edge_4_plus_0p05,one_at_a_time,Overcast/very cloudy,1,0.0,0.2,0.06839593586104166,45.502129271552114,1827,181.0285711109036,74.66540951723461,100.81540118095985,41.58140987705822,-2.9692359087819975,-1.2246642268786754,442.9617430053447,437.53694900000005
Perez-Driesse,B,PVsyst,edge_4_plus_0p05,one_at_a_time,Overcast/very cloudy,1,0.0,0.2,0.06839593586104166,45.502129271552114,1827,172.82265540547974,71.28087163545447,92.83633139764552,38.290434815598026,3.765055826302859,1.5529009227716364,442.9617430053447,449.8405
Perez-Driesse,B,IDA ICE,edge_4_plus_0p05,one_at_a_time,Cloudy,2,0.2,0.4,0.2949499562541349,40.24910477403384,611,454.37689173807513,44.01724859135266,369.4713776882196,35.792122739522505,186.9837232193482,18.113837162800074,630.7170251129783,744.9640800000001
Perez-Driesse,B,PVsyst,edge_4_plus_0p05,one_at_a_time,Cloudy,2,0.2,0.4,0.2949499562541349,40.24910477403384,611,419.25081726354546,40.61444976883901,329.88691603703893,31.957422690869304,114.9225448232762,11.132991831708347,630.7170251129783,700.9346999999999
Perez-Driesse,B,IDA ICE,edge_4_plus_0p05,one_at_a_time,Mixed/broken,3,0.4,0.6,0.4959140163597251,34.17469789927842,469,581.4980079030424,29.572945504892417,470.09249274822196,23.90725244345152,284.8902010514121,14.488514622695018,922.2029157068879,1055.8164199999999
Perez-Driesse,B,PVsyst,edge_4_plus_0p05,one_at_a_time,Mixed/broken,3,0.4,0.6,0.4959140163597251,34.17469789927842,469,525.7504070112727,26.737818400767093,406.4038093389778,20.66826978462534,156.37203474011145,7.952532251201655,922.2029157068879,995.5414
Perez-Driesse,B,IDA ICE,edge_4_plus_0p05,one_at_a_time,Mostly clear,4,0.6,0.8,0.6904961935765427,30.147199053502042,376,486.86631682545504,16.124563900004286,364.9961334930382,12.088335697852242,238.90957846356562,7.912465149319278,1135.2972784976992,1225.1272799999997
Perez-Driesse,B,PVsyst,edge_4_plus_0p05,one_at_a_time,Mostly clear,4,0.6,0.8,0.6904961935765427,30.147199053502042,376,426.8905865789783,14.138222965362385,323.1444782439089,10.702247430777751,53.551121016757115,1.773563795462008,1135.2972784976992,1155.4325
Perez-Driesse,B,IDA ICE,edge_4_plus_0p05,one_at_a_time,Clear,5,0.8,,1.0261331724064244,58.957250142181834,285,569.7421603686355,21.175122954557,340.4610736606416,12.653627548538795,22.22740228127253,0.8261069813787596,766.8267903498374,773.1615999999999
Perez-Driesse,B,PVsyst,edge_4_plus_0p05,one_at_a_time,Clear,5,0.8,,1.0261331724064244,58.957250142181834,285,551.8453187039502,20.509966241382134,379.7971056172172,14.115596437563854,-91.95821175381518,-3.417732750036135,766.8267903498374,740.6187
Perez-Driesse,C,IDA ICE,nominal,nominal,Overcast/very cloudy,1,0.0,0.2,0.06839593586104166,45.502129271552114,1827,125.53174148309647,90.36078371174024,64.75188430716,46.60997245541108,-12.341847280110304,-8.883960180155286,253.81197713075957,231.263422149998
Perez-Driesse,C,PVsyst,nominal,nominal,Overcast/very cloudy,1,0.0,0.2,0.06839593586104166,45.502129271552114,1827,130.3363789801267,93.81927799018476,75.85369675431356,54.60132557051648,30.943252801992575,22.27370178047801,253.81197713075957,310.3453
Perez-Driesse,C,IDA ICE,nominal,nominal,Cloudy,2,0.2,0.4,0.2949499562541349,40.24910477403384,611,326.5784605195542,47.564012387824626,265.45367359690505,38.661587782825464,123.84426351727299,18.03710530916624,419.51767599094626,495.18652099999997
Perez-Driesse,C,PVsyst,nominal,nominal,Cloudy,2,0.2,0.4,0.2949499562541349,40.24910477403384,611,343.8737929103484,50.0829641973792,283.5629511667646,41.2990853731351,173.1524124534432,25.21851403737682,419.51767599094626,525.3138
Perez-Driesse,C,IDA ICE,nominal,nominal,Mixed/broken,3,0.4,0.6,0.4959140163597251,34.17469789927842,469,436.6529579019303,32.47795145880991,362.7520931385453,26.9812551577434,240.49184939053308,17.887620979998932,630.55158363584,743.3422609999999
Perez-Driesse,C,PVsyst,nominal,nominal,Mixed/broken,3,0.4,0.6,0.4959140163597251,34.17469789927842,469,431.126685151202,32.06691103208594,356.68499185265784,26.529988270635783,245.25845706643923,18.24215803263935,630.55158363584,745.5777999999999
Perez-Driesse,C,IDA ICE,nominal,nominal,Mostly clear,4,0.6,0.75,0.6728327471710244,29.489050913489617,311,449.5008245520795,21.895087089175263,382.4513466533243,18.629121649979755,311.5397980394499,15.175035588900284,638.475452809731,735.36433
Perez-Driesse,C,PVsyst,nominal,nominal,Mostly clear,4,0.6,0.75,0.6728327471710244,29.489050913489617,311,364.034515399171,17.732041817883445,285.8458256188851,13.923487798357904,212.46381733205448,10.349066185628283,638.475452809731,704.5517
Perez-Driesse,C,IDA ICE,nominal,nominal,Clear,5,0.75,,0.979495824429778,54.19162371583807,350,430.1901924090676,22.80369835264723,284.4190685662975,15.07660276726948,166.63860131893028,8.833247399491,660.2725795383744,718.5960900000001
Perez-Driesse,C,PVsyst,nominal,nominal,Clear,5,0.75,,0.979495824429778,54.19162371583807,350,369.52282764154853,19.587817771406524,203.53147283930124,10.788879881027267,124.71691560464463,6.611045470363754,660.2725795383744,703.9235
Perez-Driesse,C,IDA ICE,all_edges_minus_0p05,coordinated,Overcast/very cloudy,1,0.0,0.15000000000000002,0.05173592420632866,45.86917280373925,1578,98.35975099289377,102.89448814328652,47.65588573774488,49.85299292140822,-15.68224874032551,-16.405256629696762,150.84548246223366,126.09889395
Perez-Driesse,C,PVsyst,all_edges_minus_0p05,coordinated,Overcast/very cloudy,1,0.0,0.15000000000000002,0.05173592420632866,45.86917280373925,1578,102.77000183531459,107.5080673607367,57.57699889616295,60.23150496461992,24.597032660181466,25.73104404865689,150.84548246223366,189.6596
Perez-Driesse,C,IDA ICE,all_edges_minus_0p05,coordinated,Cloudy,2,0.15000000000000002,0.35000000000000003,0.23670597800903267,41.5323121974342,715,283.24334716711326,51.508625804148224,220.57531917364665,40.11226279656495,71.72615112016418,13.04360902161124,393.1749101490807,444.459108199998
Perez-Driesse,C,PVsyst,all_edges_minus_0p05,coordinated,Cloudy,2,0.15000000000000002,0.35000000000000003,0.23670597800903267,41.5323121974342,715,299.11929571282656,54.39571318362544,241.0782812115223,43.84078602596496,127.86460119009698,23.25254930846281,393.1749101490807,484.5981
Perez-Driesse,C,IDA ICE,all_edges_minus_0p05,coordinated,Mixed/broken,3,0.35000000000000003,0.5499999999999999,0.4428306973273664,35.58895738806351,500,414.36782688989103,35.65267408295962,346.02045990750577,29.771989721577164,211.4921074108395,18.197018897996166,581.1174582945803,686.8635120000001
Perez-Driesse,C,PVsyst,all_edges_minus_0p05,coordinated,Mixed/broken,3,0.35000000000000003,0.5499999999999999,0.4428306973273664,35.58895738806351,500,419.5285240156963,36.09670627061326,349.6150299242799,30.081270570523188,231.38308341083953,19.908460854874775,581.1174582945803,696.809
Perez-Driesse,C,IDA ICE,all_edges_minus_0p05,coordinated,Mostly clear,4,0.5499999999999999,0.7,0.6250085072544701,31.675068313377203,334,451.7494689261168,24.57836952571854,381.2438050177902,20.74236222433888,295.64167239366344,16.08500014082206,613.8906914205163,712.63501
Perez-Driesse,C,PVsyst,all_edges_minus_0p05,coordinated,Mostly clear,4,0.5499999999999999,0.7,0.6250085072544701,31.675068313377203,334,395.6200130169447,21.524529723996967,318.8895456452916,17.349849042191853,236.61319933977128,12.87343328119447,613.8906914205163,692.9195
Perez-Driesse,C,IDA ICE,all_edges_minus_0p05,coordinated,Clear,5,0.7,,0.9269381902993205,48.615828184342064,441,437.3361128673077,22.332684514262137,308.0627209824092,15.73130449529726,204.29789845977265,10.432526331556753,863.6007267792403,953.6961
Perez-Driesse,C,PVsyst,all_edges_minus_0p05,coordinated,Clear,5,0.7,,0.9269381902993205,48.615828184342064,441,364.36513972452985,18.60640243064468,214.77754431088064,10.967672224448064,140.87340866385432,7.193737950227621,863.6007267792403,925.7259
Perez-Driesse,C,IDA ICE,all_edges_plus_0p05,coordinated,Overcast/very cloudy,1,0.0,0.25,0.08138894014509838,45.07446583282865,1993,140.91040257401525,83.2193572439777,76.39337405955979,45.11666541862304,-4.383205733231122,-2.5886489366603893,337.46287117632767,328.72714214999803
Perez-Driesse,C,PVsyst,all_edges_plus_0p05,coordinated,Overcast/very cloudy,1,0.0,0.25,0.08138894014509838,45.07446583282865,1993,149.24030892644367,88.13886240391436,88.96421237550719,52.540794975854354,40.39364215939404,23.855818135799574,337.46287117632767,417.9674
Perez-Driesse,C,IDA ICE,all_edges_plus_0p05,coordinated,Cloudy,2,0.25,0.45,0.34467072555371336,39.099165741226905,573,370.1939985262179,44.723549477524344,301.20831207309766,36.389311824807244,157.19900794287514,18.991387320000015,474.29411044873257,564.369142
Perez-Driesse,C,PVsyst,all_edges_plus_0p05,coordinated,Cloudy,2,0.25,0.45,0.34467072555371336,39.099165741226905,573,383.3205151185046,46.30937857421377,314.47921786433,37.99258474151745,198.3977130039572,23.968648787081147,474.29411044873257,587.976
Perez-Driesse,C,IDA ICE,all_edges_plus_0p05,coordinated,Mixed/broken,3,0.45,0.65,0.546616634942057,32.94186972544523,447,443.60771715214383,28.624311009443883,375.1746371373382,24.208585831682534,257.87696349604306,16.639815133671576,692.7420873172688,808.01309
Perez-Driesse,C,PVsyst,all_edges_plus_0p05,coordinated,Mixed/broken,3,0.45,0.65,0.546616634942057,32.94186972544523,447,421.3645215692895,27.189042587390833,351.3100517654878,22.668695321705258,240.0163594691974,15.487338599306835,692.7420873172688,800.0294
Perez-Driesse,C,IDA ICE,all_edges_plus_0p05,coordinated,Mostly clear,4,0.65,0.8,0.7160811899123417,30.094908196719278,270,448.4007122258202,21.04062279073409,384.61810114875715,18.0477063575311,338.83735984712786,15.89950435306449,575.4021328412755,666.8882199999999
Perez-Driesse,C,PVsyst,all_edges_plus_0p05,coordinated,Mostly clear,4,0.65,0.8,0.7160811899123417,30.094908196719278,270,339.51137069609916,15.93113143938126,260.98946307305135,12.246592601554052,213.50395243972048,10.01839650368939,575.4021328412755,633.0482
Perez-Driesse,C,IDA ICE,all_edges_plus_0p05,coordinated,Clear,5,0.8,,1.0261331724064244,58.957250142181834,285,421.5187334039877,22.981899486587935,255.1556289723293,13.9115074936874,115.88407957176568,6.318191951534464,522.7280673220467,555.75503
Perez-Driesse,C,PVsyst,all_edges_plus_0p05,coordinated,Clear,5,0.8,,1.0261331724064244,58.957250142181834,285,376.483916400379,20.52652667452865,190.3718607144051,10.379389149995454,98.11590413316921,5.349441598039449,522.7280673220467,550.6911
Perez-Driesse,C,IDA ICE,edge_1_minus_0p05,one_at_a_time,Overcast/very cloudy,1,0.0,0.15000000000000002,0.05173592420632866,45.86917280373925,1578,98.35975099289377,102.89448814328652,47.65588573774488,49.85299292140822,-15.68224874032551,-16.405256629696762,150.84548246223366,126.09889395
Perez-Driesse,C,PVsyst,edge_1_minus_0p05,one_at_a_time,Overcast/very cloudy,1,0.0,0.15000000000000002,0.05173592420632866,45.86917280373925,1578,102.77000183531459,107.5080673607367,57.57699889616295,60.23150496461992,24.597032660181466,25.73104404865689,150.84548246223366,189.6596
Perez-Driesse,C,IDA ICE,edge_1_minus_0p05,one_at_a_time,Cloudy,2,0.15000000000000002,0.4,0.2599238484788522,41.09655640902311,860,302.4876790467591,49.78895411355114,238.71267384038242,39.29169743910348,90.54288202386735,14.903203372121961,522.4841706594722,600.351049199998
Perez-Driesse,C,PVsyst,edge_1_minus_0p05,one_at_a_time,Cloudy,2,0.15000000000000002,0.4,0.2599238484788522,41.09655640902311,860,317.3660225444719,52.23790398161755,256.95949171497546,42.2950924227914,143.622475977358,23.64001366484052,522.4841706594722,645.9995
Perez-Driesse,C,IDA ICE,edge_1_minus_0p05,one_at_a_time,Mixed/broken,3,0.4,0.6,0.4959140163597251,34.17469789927842,469,436.6529579019303,32.47795145880991,362.7520931385453,26.9812551577434,240.49184939053308,17.887620979998932,630.55158363584,743.3422609999999
Perez-Driesse,C,PVsyst,edge_1_minus_0p05,one_at_a_time,Mixed/broken,3,0.4,0.6,0.4959140163597251,34.17469789927842,469,431.126685151202,32.06691103208594,356.68499185265784,26.529988270635783,245.25845706643923,18.24215803263935,630.55158363584,745.5777999999999
Perez-Driesse,C,IDA ICE,edge_1_minus_0p05,one_at_a_time,Mostly clear,4,0.6,0.75,0.6728327471710244,29.489050913489617,311,449.5008245520795,21.895087089175263,382.4513466533243,18.629121649979755,311.5397980394499,15.175035588900284,638.475452809731,735.36433
Perez-Driesse,C,PVsyst,edge_1_minus_0p05,one_at_a_time,Mostly clear,4,0.6,0.75,0.6728327471710244,29.489050913489617,311,364.034515399171,17.732041817883445,285.8458256188851,13.923487798357904,212.46381733205448,10.349066185628283,638.475452809731,704.5517
Perez-Driesse,C,IDA ICE,edge_1_minus_0p05,one_at_a_time,Clear,5,0.75,,0.979495824429778,54.19162371583807,350,430.1901924090676,22.80369835264723,284.4190685662975,15.07660276726948,166.63860131893028,8.833247399491,660.2725795383744,718.5960900000001
Perez-Driesse,C,PVsyst,edge_1_minus_0p05,one_at_a_time,Clear,5,0.75,,0.979495824429778,54.19162371583807,350,369.52282764154853,19.587817771406524,203.53147283930124,10.788879881027267,124.71691560464463,6.611045470363754,660.2725795383744,703.9235
Perez-Driesse,C,IDA ICE,edge_1_plus_0p05,one_at_a_time,Overcast/very cloudy,1,0.0,0.25,0.08138894014509838,45.07446583282865,1993,140.91040257401525,83.2193572439777,76.39337405955979,45.11666541862304,-4.383205733231122,-2.5886489366603893,337.46287117632767,328.72714214999803
Perez-Driesse,C,PVsyst,edge_1_plus_0p05,one_at_a_time,Overcast/very cloudy,1,0.0,0.25,0.08138894014509838,45.07446583282865,1993,149.24030892644367,88.13886240391436,88.96421237550719,52.540794975854354,40.39364215939404,23.855818135799574,337.46287117632767,417.9674
Perez-Driesse,C,IDA ICE,edge_1_plus_0p05,one_at_a_time,Cloudy,2,0.25,0.4,0.321271101978019,40.204905148837966,445,349.5841976778224,46.31746166309785,288.1840285307588,38.182368602633524,139.00229001038628,18.416831428325505,335.86678194537814,397.722801
Perez-Driesse,C,PVsyst,edge_1_plus_0p05,one_at_a_time,Cloudy,2,0.25,0.4,0.321271101978019,40.204905148837966,445,363.8036105957332,48.20143444296608,302.32807161491735,40.05635540656645,183.87622034746494,24.36231340910905,335.86678194537814,417.69169999999997
Perez-Driesse,C,IDA ICE,edge_1_plus_0p05,one_at_a_time,Mixed/broken,3,0.4,0.6,0.4959140163597251,34.17469789927842,469,436.6529579019303,32.47795145880991,362.7520931385453,26.9812551577434,240.49184939053308,17.887620979998932,630.55158363584,743.3422609999999
Perez-Driesse,C,PVsyst,edge_1_plus_0p05,one_at_a_time,Mixed/broken,3,0.4,0.6,0.4959140163597251,34.17469789927842,469,431.126685151202,32.06691103208594,356.68499185265784,26.529988270635783,245.25845706643923,18.24215803263935,630.55158363584,745.5777999999999
Perez-Driesse,C,IDA ICE,edge_1_plus_0p05,one_at_a_time,Mostly clear,4,0.6,0.75,0.6728327471710244,29.489050913489617,311,449.5008245520795,21.895087089175263,382.4513466533243,18.629121649979755,311.5397980394499,15.175035588900284,638.475452809731,735.36433
Perez-Driesse,C,PVsyst,edge_1_plus_0p05,one_at_a_time,Mostly clear,4,0.6,0.75,0.6728327471710244,29.489050913489617,311,364.034515399171,17.732041817883445,285.8458256188851,13.923487798357904,212.46381733205448,10.349066185628283,638.475452809731,704.5517
Perez-Driesse,C,IDA ICE,edge_1_plus_0p05,one_at_a_time,Clear,5,0.75,,0.979495824429778,54.19162371583807,350,430.1901924090676,22.80369835264723,284.4190685662975,15.07660276726948,166.63860131893028,8.833247399491,660.2725795383744,718.5960900000001
Perez-Driesse,C,PVsyst,edge_1_plus_0p05,one_at_a_time,Clear,5,0.75,,0.979495824429778,54.19162371583807,350,369.52282764154853,19.587817771406524,203.53147283930124,10.788879881027267,124.71691560464463,6.611045470363754,660.2725795383744,703.9235
Perez-Driesse,C,IDA ICE,edge_2_minus_0p05,one_at_a_time,Overcast/very cloudy,1,0.0,0.2,0.06839593586104166,45.502129271552114,1827,125.53174148309647,90.36078371174024,64.75188430716,46.60997245541108,-12.341847280110304,-8.883960180155286,253.81197713075957,231.263422149998
Perez-Driesse,C,PVsyst,edge_2_minus_0p05,one_at_a_time,Overcast/very cloudy,1,0.0,0.2,0.06839593586104166,45.502129271552114,1827,130.3363789801267,93.81927799018476,75.85369675431356,54.60132557051648,30.943252801992575,22.27370178047801,253.81197713075957,310.3453
Perez-Driesse,C,IDA ICE,edge_2_minus_0p05,one_at_a_time,Cloudy,2,0.2,0.35000000000000003,0.2702246520513345,40.654007996438324,466,306.7148229234792,49.25050407158788,245.94559715480136,39.49253093999849,105.33511699451772,16.914107896617576,290.2084154805547,339.29457999999994
Perez-Driesse,C,PVsyst,edge_2_minus_0p05,one_at_a_time,Cloudy,2,0.2,0.35000000000000003,0.2702246520513345,40.654007996438324,466,326.2570914336831,52.38848927118153,267.4737582709285,42.94939936454196,158.1630569086808,25.396914971400523,290.2084154805547,363.91240000000005
Perez-Driesse,C,IDA ICE,edge_2_minus_0p05,one_at_a_time,Mixed/broken,3,0.35000000000000003,0.6,0.4672205359740481,35.30190326605211,614,424.70351773974835,34.31785726308882,354.58025728916823,28.65159846737038,226.99243950125168,18.341958126604933,759.8608441462314,899.2342020000001
Perez-Driesse,C,PVsyst,edge_2_minus_0p05,one_at_a_time,Mixed/broken,3,0.35000000000000003,0.6,0.4672205359740481,35.30190326605211,614,422.91955914138475,34.17370579274612,351.62777359533715,28.413025180961714,239.60644275858067,19.361223438097877,759.8608441462314,906.9792
Perez-Driesse,C,IDA ICE,edge_2_minus_0p05,one_at_a_time,Mostly clear,4,0.6,0.75,0.6728327471710244,29.489050913489617,311,449.5008245520795,21.895087089175263,382.4513466533243,18.629121649979755,311.5397980394499,15.175035588900284,638.475452809731,735.36433
Perez-Driesse,C,PVsyst,edge_2_minus_0p05,one_at_a_time,Mostly clear,4,0.6,0.75,0.6728327471710244,29.489050913489617,311,364.034515399171,17.732041817883445,285.8458256188851,13.923487798357904,212.46381733205448,10.349066185628283,638.475452809731,704.5517
Perez-Driesse,C,IDA ICE,edge_2_minus_0p05,one_at_a_time,Clear,5,0.75,,0.979495824429778,54.19162371583807,350,430.1901924090676,22.80369835264723,284.4190685662975,15.07660276726948,166.63860131893028,8.833247399491,660.2725795383744,718.5960900000001
Perez-Driesse,C,PVsyst,edge_2_minus_0p05,one_at_a_time,Clear,5,0.75,,0.979495824429778,54.19162371583807,350,369.52282764154853,19.587817771406524,203.53147283930124,10.788879881027267,124.71691560464463,6.611045470363754,660.2725795383744,703.9235
Perez-Driesse,C,IDA ICE,edge_2_plus_0p05,one_at_a_time,Overcast/very cloudy,1,0.0,0.2,0.06839593586104166,45.502129271552114,1827,125.53174148309647,90.36078371174024,64.75188430716,46.60997245541108,-12.341847280110304,-8.883960180155286,253.81197713075957,231.263422149998
Perez-Driesse,C,PVsyst,edge_2_plus_0p05,one_at_a_time,Overcast/very cloudy,1,0.0,0.2,0.06839593586104166,45.502129271552114,1827,130.3363789801267,93.81927799018476,75.85369675431356,54.60132557051648,30.943252801992575,22.27370178047801,253.81197713075957,310.3453
Perez-Driesse,C,IDA ICE,edge_2_plus_0p05,one_at_a_time,Cloudy,2,0.2,0.45,0.3176523797474096,39.38408957432314,739,347.63498119585074,46.04436799941954,279.48939741462283,37.0184629355376,140.57896820798288,18.619730738490837,557.9450044943006,661.832862
Perez-Driesse,C,PVsyst,edge_2_plus_0p05,one_at_a_time,Cloudy,2,0.2,0.45,0.3176523797474096,39.38408957432314,739,363.3155716048011,48.121267374603875,296.23486215225444,39.23640526702704,186.269412051014,24.671445106039204,557.9450044943006,695.5981
Perez-Driesse,C,IDA ICE,edge_2_plus_0p05,one_at_a_time,Mixed/broken,3,0.45,0.6,0.5221495258376885,33.769191015458816,341,437.5328610716295,30.31728350500823,368.85707202428284,25.558638951136224,248.01074741206585,17.185022681872645,492.12425513248553,576.6959199999999
Perez-Driesse,C,PVsyst,edge_2_plus_0p05,one_at_a_time,Mixed/broken,3,0.45,0.6,0.5221495258376885,33.769191015458816,341,425.97726757483167,29.516579751573595,356.6705607368729,24.71421799328523,243.89807879036496,16.900049936600734,492.12425513248553,575.2935
Perez-Driesse,C,IDA ICE,edge_2_plus_0p05,one_at_a_time,Mostly clear,4,0.6,0.75,0.6728327471710244,29.489050913489617,311,449.5008245520795,21.895087089175263,382.4513466533243,18.629121649979755,311.5397980394499,15.175035588900284,638.475452809731,735.36433
Perez-Driesse,C,PVsyst,edge_2_plus_0p05,one_at_a_time,Mostly clear,4,0.6,0.75,0.6728327471710244,29.489050913489617,311,364.034515399171,17.732041817883445,285.8458256188851,13.923487798357904,212.46381733205448,10.349066185628283,638.475452809731,704.5517
Perez-Driesse,C,IDA ICE,edge_2_plus_0p05,one_at_a_time,Clear,5,0.75,,0.979495824429778,54.19162371583807,350,430.1901924090676,22.80369835264723,284.4190685662975,15.07660276726948,166.63860131893028,8.833247399491,660.2725795383744,718.5960900000001
Perez-Driesse,C,PVsyst,edge_2_plus_0p05,one_at_a_time,Clear,5,0.75,,0.979495824429778,54.19162371583807,350,369.52282764154853,19.587817771406524,203.53147283930124,10.788879881027267,124.71691560464463,6.611045470363754,660.2725795383744,703.9235
Perez-Driesse,C,IDA ICE,edge_3_minus_0p05,one_at_a_time,Overcast/very cloudy,1,0.0,0.2,0.06839593586104166,45.502129271552114,1827,125.53174148309647,90.36078371174024,64.75188430716,46.60997245541108,-12.341847280110304,-8.883960180155286,253.81197713075957,231.263422149998
Perez-Driesse,C,PVsyst,edge_3_minus_0p05,one_at_a_time,Overcast/very cloudy,1,0.0,0.2,0.06839593586104166,45.502129271552114,1827,130.3363789801267,93.81927799018476,75.85369675431356,54.60132557051648,30.943252801992575,22.27370178047801,253.81197713075957,310.3453
Perez-Driesse,C,IDA ICE,edge_3_minus_0p05,one_at_a_time,Cloudy,2,0.2,0.4,0.2949499562541349,40.24910477403384,611,326.5784605195542,47.564012387824626,265.45367359690505,38.661587782825464,123.84426351727299,18.03710530916624,419.51767599094626,495.18652099999997
Perez-Driesse,C,PVsyst,edge_3_minus_0p05,one_at_a_time,Cloudy,2,0.2,0.4,0.2949499562541349,40.24910477403384,611,343.8737929103484,50.0829641973792,283.5629511667646,41.2990853731351,173.1524124534432,25.21851403737682,419.51767599094626,525.3138
Perez-Driesse,C,IDA ICE,edge_3_minus_0p05,one_at_a_time,Mixed/broken,3,0.4,0.5499999999999999,0.47077637534740474,34.21702367165447,355,426.32904355032804,33.49802221443068,353.3202356624828,27.761489117577675,222.99541750932738,17.521455698248417,451.8081977841888,530.971571
Perez-Driesse,C,PVsyst,edge_3_minus_0p05,one_at_a_time,Mixed/broken,3,0.4,0.5499999999999999,0.47077637534740474,34.21702367165447,355,429.0657992361519,33.71305777005633,355.47414972816756,27.93072896250925,235.4912738473556,18.503294678097767,451.8081977841888,535.4076
Perez-Driesse,C,IDA ICE,edge_3_minus_0p05,one_at_a_time,Mostly clear,4,0.5499999999999999,0.75,0.6463742230460494,30.710552342163556,425,454.35560104449604,23.629060088753416,385.04568666112993,20.024552676616274,307.0968972673358,15.97077492148925,817.2188386613822,947.73502
Perez-Driesse,C,PVsyst,edge_3_minus_0p05,one_at_a_time,Mostly clear,4,0.5499999999999999,0.75,0.6463742230460494,30.710552342163556,425,385.1129861811106,20.028052632153106,305.85879951263604,15.906386838291203,229.41896785557114,11.931083416815175,817.2188386613822,914.7219
Perez-Driesse,C,IDA ICE,edge_3_minus_0p05,one_at_a_time,Clear,5,0.75,,0.979495824429778,54.19162371583807,350,430.1901924090676,22.80369835264723,284.4190685662975,15.07660276726948,166.63860131893028,8.833247399491,660.2725795383744,718.5960900000001
Perez-Driesse,C,PVsyst,edge_3_minus_0p05,one_at_a_time,Clear,5,0.75,,0.979495824429778,54.19162371583807,350,369.52282764154853,19.587817771406524,203.53147283930124,10.788879881027267,124.71691560464463,6.611045470363754,660.2725795383744,703.9235
Perez-Driesse,C,IDA ICE,edge_3_plus_0p05,one_at_a_time,Overcast/very cloudy,1,0.0,0.2,0.06839593586104166,45.502129271552114,1827,125.53174148309647,90.36078371174024,64.75188430716,46.60997245541108,-12.341847280110304,-8.883960180155286,253.81197713075957,231.263422149998
Perez-Driesse,C,PVsyst,edge_3_plus_0p05,one_at_a_time,Overcast/very cloudy,1,0.0,0.2,0.06839593586104166,45.502129271552114,1827,130.3363789801267,93.81927799018476,75.85369675431356,54.60132557051648,30.943252801992575,22.27370178047801,253.81197713075957,310.3453
Perez-Driesse,C,IDA ICE,edge_3_plus_0p05,one_at_a_time,Cloudy,2,0.2,0.4,0.2949499562541349,40.24910477403384,611,326.5784605195542,47.564012387824626,265.45367359690505,38.661587782825464,123.84426351727299,18.03710530916624,419.51767599094626,495.18652099999997
Perez-Driesse,C,PVsyst,edge_3_plus_0p05,one_at_a_time,Cloudy,2,0.2,0.4,0.2949499562541349,40.24910477403384,611,343.8737929103484,50.0829641973792,283.5629511667646,41.2990853731351,173.1524124534432,25.21851403737682,419.51767599094626,525.3138
Perez-Driesse,C,IDA ICE,edge_3_plus_0p05,one_at_a_time,Mixed/broken,3,0.4,0.65,0.5197709933585369,33.45679121002459,575,441.5527461904076,30.546459509558954,368.7887529079782,25.512672733840258,249.54785248587274,17.26363030787261,831.1694158206232,974.6594309999999
Perez-Driesse,C,PVsyst,edge_3_plus_0p05,one_at_a_time,Mixed/broken,3,0.4,0.65,0.5197709933585369,33.45679121002459,575,426.6357854168834,29.514509550679875,352.51511844660166,24.38686857921398,241.99005944239445,16.740784914709362,831.1694158206232,970.3136999999999
Perez-Driesse,C,IDA ICE,edge_3_plus_0p05,one_at_a_time,Mostly clear,4,0.65,0.75,0.6973967651792237,29.07986928337906,205,442.5703484050401,20.720644599845034,375.70520765402017,17.59009411761413,322.8758018295225,15.116680915723416,437.8576206249478,504.04716
Perez-Driesse,C,PVsyst,edge_3_plus_0p05,one_at_a_time,Mostly clear,4,0.65,0.75,0.6973967651792237,29.07986928337906,205,340.20653537248467,15.928086315322574,260.91277970523856,12.215642099190259,204.67404573196168,9.582607998272554,437.8576206249478,479.8158
Perez-Driesse,C,IDA ICE,edge_3_plus_0p05,one_at_a_time,Clear,5,0.75,,0.979495824429778,54.19162371583807,350,430.1901924090676,22.80369835264723,284.4190685662975,15.07660276726948,166.63860131893028,8.833247399491,660.2725795383744,718.5960900000001
Perez-Driesse,C,PVsyst,edge_3_plus_0p05,one_at_a_time,Clear,5,0.75,,0.979495824429778,54.19162371583807,350,369.52282764154853,19.587817771406524,203.53147283930124,10.788879881027267,124.71691560464463,6.611045470363754,660.2725795383744,703.9235
Perez-Driesse,C,IDA ICE,edge_4_minus_0p05,one_at_a_time,Overcast/very cloudy,1,0.0,0.2,0.06839593586104166,45.502129271552114,1827,125.53174148309647,90.36078371174024,64.75188430716,46.60997245541108,-12.341847280110304,-8.883960180155286,253.81197713075957,231.263422149998
Perez-Driesse,C,PVsyst,edge_4_minus_0p05,one_at_a_time,Overcast/very cloudy,1,0.0,0.2,0.06839593586104166,45.502129271552114,1827,130.3363789801267,93.81927799018476,75.85369675431356,54.60132557051648,30.943252801992575,22.27370178047801,253.81197713075957,310.3453
Perez-Driesse,C,IDA ICE,edge_4_minus_0p05,one_at_a_time,Cloudy,2,0.2,0.4,0.2949499562541349,40.24910477403384,611,326.5784605195542,47.564012387824626,265.45367359690505,38.661587782825464,123.84426351727299,18.03710530916624,419.51767599094626,495.18652099999997
Perez-Driesse,C,PVsyst,edge_4_minus_0p05,one_at_a_time,Cloudy,2,0.2,0.4,0.2949499562541349,40.24910477403384,611,343.8737929103484,50.0829641973792,283.5629511667646,41.2990853731351,173.1524124534432,25.21851403737682,419.51767599094626,525.3138
Perez-Driesse,C,IDA ICE,edge_4_minus_0p05,one_at_a_time,Mixed/broken,3,0.4,0.6,0.4959140163597251,34.17469789927842,469,436.6529579019303,32.47795145880991,362.7520931385453,26.9812551577434,240.49184939053308,17.887620979998932,630.55158363584,743.3422609999999
Perez-Driesse,C,PVsyst,edge_4_minus_0p05,one_at_a_time,Mixed/broken,3,0.4,0.6,0.4959140163597251,34.17469789927842,469,431.126685151202,32.06691103208594,356.68499185265784,26.529988270635783,245.25845706643923,18.24215803263935,630.55158363584,745.5777999999999
Perez-Driesse,C,IDA ICE,edge_4_minus_0p05,one_at_a_time,Mostly clear,4,0.6,0.7,0.6513399136300483,30.44810411519883,220,443.4533423963439,22.419933222304216,375.60628570066166,18.989749401325028,295.9864292324309,14.964361170985022,435.14730556886514,500.26432000000005
Perez-Driesse,C,PVsyst,edge_4_minus_0p05,one_at_a_time,Mostly clear,4,0.6,0.7,0.6513399136300483,30.44810411519883,220,372.07978622241376,18.811458078987574,297.3507737278652,15.033339143536903,216.37270195970373,10.93928281801149,435.14730556886514,482.74930000000006
Perez-Driesse,C,IDA ICE,edge_4_minus_0p05,one_at_a_time,Clear,5,0.7,,0.9269381902993205,48.615828184342064,441,437.3361128673077,22.332684514262137,308.0627209824092,15.73130449529726,204.29789845977265,10.432526331556753,863.6007267792403,953.6961
Perez-Driesse,C,PVsyst,edge_4_minus_0p05,one_at_a_time,Clear,5,0.7,,0.9269381902993205,48.615828184342064,441,364.36513972452985,18.60640243064468,214.77754431088064,10.967672224448064,140.87340866385432,7.193737950227621,863.6007267792403,925.7259
Perez-Driesse,C,IDA ICE,edge_4_plus_0p05,one_at_a_time,Overcast/very cloudy,1,0.0,0.2,0.06839593586104166,45.502129271552114,1827,125.53174148309647,90.36078371174024,64.75188430716,46.60997245541108,-12.341847280110304,-8.883960180155286,253.81197713075957,231.263422149998
Perez-Driesse,C,PVsyst,edge_4_plus_0p05,one_at_a_time,Overcast/very cloudy,1,0.0,0.2,0.06839593586104166,45.502129271552114,1827,130.3363789801267,93.81927799018476,75.85369675431356,54.60132557051648,30.943252801992575,22.27370178047801,253.81197713075957,310.3453
Perez-Driesse,C,IDA ICE,edge_4_plus_0p05,one_at_a_time,Cloudy,2,0.2,0.4,0.2949499562541349,40.24910477403384,611,326.5784605195542,47.564012387824626,265.45367359690505,38.661587782825464,123.84426351727299,18.03710530916624,419.51767599094626,495.18652099999997
Perez-Driesse,C,PVsyst,edge_4_plus_0p05,one_at_a_time,Cloudy,2,0.2,0.4,0.2949499562541349,40.24910477403384,611,343.8737929103484,50.0829641973792,283.5629511667646,41.2990853731351,173.1524124534432,25.21851403737682,419.51767599094626,525.3138
Perez-Driesse,C,IDA ICE,edge_4_plus_0p05,one_at_a_time,Mixed/broken,3,0.4,0.6,0.4959140163597251,34.17469789927842,469,436.6529579019303,32.47795145880991,362.7520931385453,26.9812551577434,240.49184939053308,17.887620979998932,630.55158363584,743.3422609999999
Perez-Driesse,C,PVsyst,edge_4_plus_0p05,one_at_a_time,Mixed/broken,3,0.4,0.6,0.4959140163597251,34.17469789927842,469,431.126685151202,32.06691103208594,356.68499185265784,26.529988270635783,245.25845706643923,18.24215803263935,630.55158363584,745.5777999999999
Perez-Driesse,C,IDA ICE,edge_4_plus_0p05,one_at_a_time,Mostly clear,4,0.6,0.8,0.6904961935765427,30.147199053502042,376,452.4515864474743,21.922347899713852,387.685341889027,18.784270395076653,324.96123663282265,15.745139362469668,776.0199650260587,898.20539
Perez-Driesse,C,PVsyst,edge_4_plus_0p05,one_at_a_time,Mostly clear,4,0.6,0.8,0.6904961935765427,30.147199053502042,376,359.55655046757755,17.42136402009572,281.59065680218947,13.643732343157932,217.45780578175885,10.536344251297153,776.0199650260587,857.7841000000001
Perez-Driesse,C,IDA ICE,edge_4_plus_0p05,one_at_a_time,Clear,5,0.8,,1.0261331724064244,58.957250142181834,285,421.5187334039877,22.981899486587935,255.1556289723293,13.9115074936874,115.88407957176568,6.318191951534464,522.7280673220467,555.75503
Perez-Driesse,C,PVsyst,edge_4_plus_0p05,one_at_a_time,Clear,5,0.8,,1.0261331724064244,58.957250142181834,285,376.483916400379,20.52652667452865,190.3718607144051,10.379389149995454,98.11590413316921,5.349441598039449,522.7280673220467,550.6911
Engerer2,A,IDA ICE,nominal,nominal,Overcast/very cloudy,1,0.0,0.2,0.07239388640864322,45.00669504658409,1713,152.38901404860056,71.9224816810483,90.00064630177674,42.4772735445196,7.107182203913876,3.3543506075959315,362.9496298846955,375.124233
Engerer2,A,PVsyst,nominal,nominal,Overcast/very cloudy,1,0.0,0.2,0.07239388640864322,45.00669504658409,1713,142.81518301067163,67.40395590842738,76.86370418513846,36.27707935973685,-8.642866249092542,-4.079141750164881,362.9496298846955,348.1444
Engerer2,A,IDA ICE,nominal,nominal,Cloudy,2,0.2,0.4,0.2920818313888917,40.96745490598463,651,371.31803269507037,43.926432537530594,294.74037732086026,34.86739711104519,167.16432304845975,19.775318493891245,550.3020056954526,659.12598
Engerer2,A,PVsyst,nominal,nominal,Cloudy,2,0.2,0.4,0.2920818313888917,40.96745490598463,651,328.6263350571719,38.876061127899085,250.1921304090924,29.597398375912377,102.39062105153192,12.112675151948494,550.3020056954526,616.9583
Engerer2,A,IDA ICE,nominal,nominal,Mixed/broken,3,0.4,0.6,0.49757572488634855,34.64348699045118,497,468.35418204744826,28.961704689353674,385.64871509615085,23.847431342701007,209.1737293336461,12.934714816143405,803.7235065211779,907.68285
Engerer2,A,PVsyst,nominal,nominal,Mixed/broken,3,0.4,0.6,0.49757572488634855,34.64348699045118,497,420.41477834895915,25.997266864052705,338.65027873060535,20.9411802894278,132.9975723919962,8.224195627290689,803.7235065211779,869.8233
Engerer2,A,IDA ICE,nominal,nominal,Mostly clear,4,0.6,0.75,0.672373223359715,29.812277046344217,336,413.9814751748807,16.719850337121436,323.10164881129646,13.049403260182013,99.00674911617716,3.9986765757770213,831.9319422969645,865.19821
Engerer2,A,PVsyst,nominal,nominal,Mostly clear,4,0.6,0.75,0.672373223359715,29.812277046344217,336,387.1762847862525,15.63724447567176,305.0743676875186,12.32131888817611,-26.907268740965634,-1.0867285936879263,831.9319422969645,822.8911
Engerer2,A,IDA ICE,nominal,nominal,Clear,5,0.75,,0.9603779886437882,55.53919112784828,337,384.91850942616355,16.712769900270708,321.9930656866363,13.980611180080919,-169.6840113674094,-7.367507065238761,776.158221830817,718.97471
Engerer2,A,PVsyst,nominal,nominal,Clear,5,0.75,,0.9603779886437882,55.53919112784828,337,391.4407846593943,16.995960452374128,348.69577225844426,15.140015520792879,-241.3427947501987,-10.478858503742734,776.158221830817,694.8257
Engerer2,A,IDA ICE,all_edges_minus_0p05,coordinated,Overcast/very cloudy,1,0.0,0.15000000000000002,0.05519685810169532,45.278828108507426,1467,112.72183741290833,72.39986181080715,68.60946731719106,44.06702433781381,-0.5189417460412845,-0.3333099562919785,228.40228054144256,227.640993
Engerer2,A,PVsyst,all_edges_minus_0p05,coordinated,Overcast/very cloudy,1,0.0,0.15000000000000002,0.05519685810169532,45.278828108507426,1467,105.37374494243092,67.68027160853926,57.54722189652372,36.96187898039939,-9.535501391576387,-6.124536282335585,228.40228054144256,214.41369999999995
Engerer2,A,IDA ICE,all_edges_minus_0p05,coordinated,Cloudy,2,0.15000000000000002,0.35000000000000003,0.23806159436747396,41.92625686796364,754,331.5149457022284,46.969576941763144,255.6989443014144,36.22784249697302,118.05829698291384,16.72669161870376,532.1790940748829,621.19505
Engerer2,A,PVsyst,all_edges_minus_0p05,coordinated,Cloudy,2,0.15000000000000002,0.35000000000000003,0.23806159436747396,41.92625686796364,754,299.6850462144409,42.459864989340076,220.5520828329697,31.248177973834423,59.2580980439218,8.395783754487363,532.1790940748829,576.8597000000001
Engerer2,A,IDA ICE,all_edges_minus_0p05,coordinated,Mixed/broken,3,0.35000000000000003,0.5499999999999999,0.4461908162648345,36.28256802968511,523,466.13043874518655,33.299227394128906,386.61855504683933,27.619091372687553,218.24641482164972,15.590994260454838,732.1077350482772,846.2506099999999
Engerer2,A,PVsyst,all_edges_minus_0p05,coordinated,Mixed/broken,3,0.35000000000000003,0.5499999999999999,0.4461908162648345,36.28256802968511,523,414.72848436157466,29.627196509104003,335.2281830154858,23.947887902801316,142.78157734555032,10.199969400241148,732.1077350482772,806.7825
Engerer2,A,IDA ICE,all_edges_minus_0p05,coordinated,Mostly clear,4,0.5499999999999999,0.7,0.6259005510586764,32.06032057163089,348,434.6315454953375,19.72185698478941,349.13831054460536,15.842512813064017,137.01288634657175,6.217101767246853,766.924625551393,814.60511
Engerer2,A,PVsyst,all_edges_minus_0p05,coordinated,Mostly clear,4,0.5499999999999999,0.7,0.6259005510586764,32.06032057163089,348,399.65271811870235,18.13465642797885,311.19298863313077,14.120704491196765,32.50452427760625,1.4749264884374178,766.924625551393,778.2362
Engerer2,A,IDA ICE,all_edges_minus_0p05,coordinated,Clear,5,0.7,,0.9035576888672404,48.75229443083138,442,384.04578317829987,15.932046165495734,311.40179270135127,12.91842784023671,-110.94423306133896,-4.602494599213309,1065.4515710131118,1016.41422
Engerer2,A,PVsyst,all_edges_minus_0p05,coordinated,Clear,5,0.7,,0.9035576888672404,48.75229443083138,442,385.0931654852147,15.975496566457284,336.0400650429553,13.940540592356813,-201.58568102513985,-8.362733083061483,1065.4515710131118,976.3507
Engerer2,A,IDA ICE,all_edges_plus_0p05,coordinated,Overcast/very cloudy,1,0.0,0.25,0.08831035630487111,44.916447160512895,1915,171.6409417635531,66.93011208416037,104.76454623438431,40.85215770706333,17.807874841921237,6.944048703673432,491.0979426777208,525.2000230000001
Engerer2,A,PVsyst,all_edges_plus_0p05,coordinated,Overcast/very cloudy,1,0.0,0.25,0.08831035630487111,44.916447160512895,1915,157.69689866500593,61.49273590862193,88.910589609602,34.670024918862694,-3.1999178473738024,-1.2477842290091166,491.0979426777208,484.9701
Engerer2,A,IDA ICE,all_edges_plus_0p05,coordinated,Cloudy,2,0.25,0.45,0.34787416656649695,38.65018205137844,589,430.0934513712928,41.61702085604999,347.2896728874173,33.604700358874425,203.86773347897585,19.726800510491287,608.7053749808832,728.78347
Engerer2,A,PVsyst,all_edges_plus_0p05,coordinated,Cloudy,2,0.25,0.45,0.34787416656649695,38.65018205137844,589,383.57032783493554,37.11531594441272,299.7095060349567,29.000713039560967,138.6469015604699,13.415854102106698,608.7053749808832,690.3684000000001
Engerer2,A,IDA ICE,all_edges_plus_0p05,coordinated,Mixed/broken,3,0.45,0.65,0.5486216707835647,33.68630818792242,468,454.9875035423315,24.610501787820702,373.76810599604624,20.21730392423893,175.03777843598704,9.467881041999284,865.2166196919579,947.1343
Engerer2,A,PVsyst,all_edges_plus_0p05,coordinated,Mixed/broken,3,0.45,0.65,0.5486216707835647,33.68630818792242,468,409.752521497987,22.16371896893653,328.752377480983,17.782380638489958,91.1640604872691,4.931109659362742,865.2166196919579,907.8813999999999
Engerer2,A,IDA ICE,all_edges_plus_0p05,coordinated,Mostly clear,4,0.65,0.8,0.7137229941128685,31.097043521965187,291,379.02898254979783,14.80041465491658,281.40678362748537,10.988439607902471,91.26504270815343,3.56373928582592,745.2320525719274,771.79018
Engerer2,A,PVsyst,all_edges_plus_0p05,coordinated,Mostly clear,4,0.65,0.8,0.7137229941128685,31.097043521965187,291,358.1240777162374,13.98411491504744,280.65507261243755,10.95908661582115,-47.66341090009395,-1.8611723051980036,745.2320525719274,731.362
Engerer2,A,IDA ICE,all_edges_plus_0p05,coordinated,Clear,5,0.8,,1.0057393745293821,59.495726394913824,271,393.7401776754512,17.355445192867673,342.42712280191876,15.093646773428071,-227.36275389895977,-10.021791114864122,614.813316306618,553.1980099999998
Engerer2,A,PVsyst,all_edges_plus_0p05,coordinated,Clear,5,0.8,,1.0057393745293821,59.495726394913824,271,407.11113033577993,17.94481566921272,371.0252270862637,16.35420604491795,-283.2192483639044,-12.483857175978983,614.813316306618,538.0609000000001
Engerer2,A,IDA ICE,edge_1_minus_0p05,one_at_a_time,Overcast/very cloudy,1,0.0,0.15000000000000002,0.05519685810169532,45.278828108507426,1467,112.72183741290833,72.39986181080715,68.60946731719106,44.06702433781381,-0.5189417460412845,-0.3333099562919785,228.40228054144256,227.640993
Engerer2,A,PVsyst,edge_1_minus_0p05,one_at_a_time,Overcast/very cloudy,1,0.0,0.15000000000000002,0.05519685810169532,45.278828108507426,1467,105.37374494243092,67.68027160853926,57.54722189652372,36.96187898039939,-9.535501391576387,-6.124536282335585,228.40228054144256,214.41369999999995
Engerer2,A,IDA ICE,edge_1_minus_0p05,one_at_a_time,Cloudy,2,0.15000000000000002,0.4,0.2599578693611898,41.63014595698344,897,351.61350833563984,46.05353201497044,273.5752555144976,35.83226039289111,135.74120954436378,17.779072735552596,684.8493550387057,806.6092199999999
Engerer2,A,PVsyst,edge_1_minus_0p05,one_at_a_time,Cloudy,2,0.15000000000000002,0.4,0.2599578693611898,41.63014595698344,897,314.9110230683348,41.246324555030306,234.24841431801678,30.681320803957778,73.39982715863358,9.613741252274854,684.8493550387057,750.689
Engerer2,A,IDA ICE,edge_1_minus_0p05,one_at_a_time,Mixed/broken,3,0.4,0.6,0.49757572488634855,34.64348699045118,497,468.35418204744826,28.961704689353674,385.64871509615085,23.847431342701007,209.1737293336461,12.934714816143405,803.7235065211779,907.68285
Engerer2,A,PVsyst,edge_1_minus_0p05,one_at_a_time,Mixed/broken,3,0.4,0.6,0.49757572488634855,34.64348699045118,497,420.41477834895915,25.997266864052705,338.65027873060535,20.9411802894278,132.9975723919962,8.224195627290689,803.7235065211779,869.8233
Engerer2,A,IDA ICE,edge_1_minus_0p05,one_at_a_time,Mostly clear,4,0.6,0.75,0.672373223359715,29.812277046344217,336,413.9814751748807,16.719850337121436,323.10164881129646,13.049403260182013,99.00674911617716,3.9986765757770213,831.9319422969645,865.19821
Engerer2,A,PVsyst,edge_1_minus_0p05,one_at_a_time,Mostly clear,4,0.6,0.75,0.672373223359715,29.812277046344217,336,387.1762847862525,15.63724447567176,305.0743676875186,12.32131888817611,-26.907268740965634,-1.0867285936879263,831.9319422969645,822.8911
Engerer2,A,IDA ICE,edge_1_minus_0p05,one_at_a_time,Clear,5,0.75,,0.9603779886437882,55.53919112784828,337,384.91850942616355,16.712769900270708,321.9930656866363,13.980611180080919,-169.6840113674094,-7.367507065238761,776.158221830817,718.97471
Engerer2,A,PVsyst,edge_1_minus_0p05,one_at_a_time,Clear,5,0.75,,0.9603779886437882,55.53919112784828,337,391.4407846593943,16.995960452374128,348.69577225844426,15.140015520792879,-241.3427947501987,-10.478858503742734,776.158221830817,694.8257
Engerer2,A,IDA ICE,edge_1_plus_0p05,one_at_a_time,Overcast/very cloudy,1,0.0,0.25,0.08831035630487111,44.916447160512895,1915,171.6409417635531,66.93011208416037,104.76454623438431,40.85215770706333,17.807874841921237,6.944048703673432,491.0979426777208,525.2000230000001
Engerer2,A,PVsyst,edge_1_plus_0p05,one_at_a_time,Overcast/very cloudy,1,0.0,0.25,0.08831035630487111,44.916447160512895,1915,157.69689866500593,61.49273590862193,88.910589609602,34.670024918862694,-3.1999178473738024,-1.2477842290091166,491.0979426777208,484.9701
Engerer2,A,IDA ICE,edge_1_plus_0p05,one_at_a_time,Cloudy,2,0.25,0.4,0.3230326666555594,39.53515689579588,449,403.5502176229184,42.92134612560877,323.8819303162085,34.44787743348945,193.53340110817948,20.58409023977365,422.1536929024274,509.05018999999993
Engerer2,A,PVsyst,edge_1_plus_0p05,one_at_a_time,Cloudy,2,0.25,0.4,0.3230326666555594,39.53515689579588,449,358.23357984563563,38.10149716915233,276.7902518108541,29.439236266920005,129.12896903691,13.73407554460818,422.1536929024274,480.1326
Engerer2,A,IDA ICE,edge_1_plus_0p05,one_at_a_time,Mixed/broken,3,0.4,0.6,0.49757572488634855,34.64348699045118,497,468.35418204744826,28.961704689353674,385.64871509615085,23.847431342701007,209.1737293336461,12.934714816143405,803.7235065211779,907.68285
Engerer2,A,PVsyst,edge_1_plus_0p05,one_at_a_time,Mixed/broken,3,0.4,0.6,0.49757572488634855,34.64348699045118,497,420.41477834895915,25.997266864052705,338.65027873060535,20.9411802894278,132.9975723919962,8.224195627290689,803.7235065211779,869.8233
Engerer2,A,IDA ICE,edge_1_plus_0p05,one_at_a_time,Mostly clear,4,0.6,0.75,0.672373223359715,29.812277046344217,336,413.9814751748807,16.719850337121436,323.10164881129646,13.049403260182013,99.00674911617716,3.9986765757770213,831.9319422969645,865.19821
Engerer2,A,PVsyst,edge_1_plus_0p05,one_at_a_time,Mostly clear,4,0.6,0.75,0.672373223359715,29.812277046344217,336,387.1762847862525,15.63724447567176,305.0743676875186,12.32131888817611,-26.907268740965634,-1.0867285936879263,831.9319422969645,822.8911
Engerer2,A,IDA ICE,edge_1_plus_0p05,one_at_a_time,Clear,5,0.75,,0.9603779886437882,55.53919112784828,337,384.91850942616355,16.712769900270708,321.9930656866363,13.980611180080919,-169.6840113674094,-7.367507065238761,776.158221830817,718.97471
Engerer2,A,PVsyst,edge_1_plus_0p05,one_at_a_time,Clear,5,0.75,,0.9603779886437882,55.53919112784828,337,391.4407846593943,16.995960452374128,348.69577225844426,15.140015520792879,-241.3427947501987,-10.478858503742734,776.158221830817,694.8257
Engerer2,A,IDA ICE,edge_2_minus_0p05,one_at_a_time,Overcast/very cloudy,1,0.0,0.2,0.07239388640864322,45.00669504658409,1713,152.38901404860056,71.9224816810483,90.00064630177674,42.4772735445196,7.107182203913876,3.3543506075959315,362.9496298846955,375.124233
Engerer2,A,PVsyst,edge_2_minus_0p05,one_at_a_time,Overcast/very cloudy,1,0.0,0.2,0.07239388640864322,45.00669504658409,1713,142.81518301067163,67.40395590842738,76.86370418513846,36.27707935973685,-8.642866249092542,-4.079141750164881,362.9496298846955,348.1444
Engerer2,A,IDA ICE,edge_2_minus_0p05,one_at_a_time,Cloudy,2,0.2,0.35000000000000003,0.2686250109650719,41.220413186666185,508,348.58050422775153,44.53339012638743,274.16532567449246,35.02637485260199,149.76390800860236,19.133297649491755,397.63174473162996,473.71181000000007
Engerer2,A,PVsyst,edge_2_minus_0p05,one_at_a_time,Cloudy,2,0.2,0.35000000000000003,0.2686250109650719,41.220413186666185,508,310.7900742308269,39.70542085763739,234.35141675023073,29.93989320180332,89.56152611883859,11.44205810305137,397.63174473162996,443.129
Engerer2,A,IDA ICE,edge_2_minus_0p05,one_at_a_time,Mixed/broken,3,0.35000000000000003,0.6,0.47027953426941743,35.85571293628719,640,462.75581116056577,30.96671362900814,381.6678306187888,25.540464597376804,213.5988320546865,14.293615994015072,956.3937674850006,1093.09702
Engerer2,A,PVsyst,edge_2_minus_0p05,one_at_a_time,Mixed/broken,3,0.35000000000000003,0.6,0.47027953426941743,35.85571293628719,640,412.84267549823954,27.626624231741154,331.45897768173876,22.180586378574425,136.34192580468655,9.123734959551365,956.3937674850006,1043.6526
Engerer2,A,IDA ICE,edge_2_minus_0p05,one_at_a_time,Mostly clear,4,0.6,0.75,0.672373223359715,29.812277046344217,336,413.9814751748807,16.719850337121436,323.10164881129646,13.049403260182013,99.00674911617716,3.9986765757770213,831.9319422969645,865.19821
Engerer2,A,PVsyst,edge_2_minus_0p05,one_at_a_time,Mostly clear,4,0.6,0.75,0.672373223359715,29.812277046344217,336,387.1762847862525,15.63724447567176,305.0743676875186,12.32131888817611,-26.907268740965634,-1.0867285936879263,831.9319422969645,822.8911
Engerer2,A,IDA ICE,edge_2_minus_0p05,one_at_a_time,Clear,5,0.75,,0.9603779886437882,55.53919112784828,337,384.91850942616355,16.712769900270708,321.9930656866363,13.980611180080919,-169.6840113674094,-7.367507065238761,776.158221830817,718.97471
Engerer2,A,PVsyst,edge_2_minus_0p05,one_at_a_time,Clear,5,0.75,,0.9603779886437882,55.53919112784828,337,391.4407846593943,16.995960452374128,348.69577225844426,15.140015520792879,-241.3427947501987,-10.478858503742734,776.158221830817,694.8257
Engerer2,A,IDA ICE,edge_2_plus_0p05,one_at_a_time,Overcast/very cloudy,1,0.0,0.2,0.07239388640864322,45.00669504658409,1713,152.38901404860056,71.9224816810483,90.00064630177674,42.4772735445196,7.107182203913876,3.3543506075959315,362.9496298846955,375.124233
Engerer2,A,PVsyst,edge_2_plus_0p05,one_at_a_time,Overcast/very cloudy,1,0.0,0.2,0.07239388640864322,45.00669504658409,1713,142.81518301067163,67.40395590842738,76.86370418513846,36.27707935973685,-8.642866249092542,-4.079141750164881,362.9496298846955,348.1444
Engerer2,A,IDA ICE,edge_2_plus_0p05,one_at_a_time,Cloudy,2,0.2,0.45,0.3160575082344994,40.05497462180221,791,398.46501401616086,42.774546876325445,317.3282127112404,34.06464816820031,179.52663998241653,19.271881865055356,736.8536877739085,878.8592600000001
Engerer2,A,PVsyst,edge_2_plus_0p05,one_at_a_time,Cloudy,2,0.2,0.45,0.3160575082344994,40.05497462180221,791,354.3864492397697,38.04278732668423,271.9660592766563,29.195097542056786,114.21038208102588,12.260291795378915,736.8536877739085,827.1941
Engerer2,A,IDA ICE,edge_2_plus_0p05,one_at_a_time,Mixed/broken,3,0.45,0.6,0.525038987364691,34.185269614018715,357,452.7760881004548,26.19060965685153,371.25148679012835,21.474859275008296,198.25699035652076,11.468077892438945,617.1718244427221,687.9495700000001
Engerer2,A,PVsyst,edge_2_plus_0p05,one_at_a_time,Mixed/broken,3,0.45,0.6,0.525038987364691,34.185269614018715,357,405.86550383990925,23.477090031075257,325.09555332659636,18.80499205264125,118.81141612682892,6.872587807386919,617.1718244427221,659.5875
Engerer2,A,IDA ICE,edge_2_plus_0p05,one_at_a_time,Mostly clear,4,0.6,0.75,0.672373223359715,29.812277046344217,336,413.9814751748807,16.719850337121436,323.10164881129646,13.049403260182013,99.00674911617716,3.9986765757770213,831.9319422969645,865.19821
Engerer2,A,PVsyst,edge_2_plus_0p05,one_at_a_time,Mostly clear,4,0.6,0.75,0.672373223359715,29.812277046344217,336,387.1762847862525,15.63724447567176,305.0743676875186,12.32131888817611,-26.907268740965634,-1.0867285936879263,831.9319422969645,822.8911
Engerer2,A,IDA ICE,edge_2_plus_0p05,one_at_a_time,Clear,5,0.75,,0.9603779886437882,55.53919112784828,337,384.91850942616355,16.712769900270708,321.9930656866363,13.980611180080919,-169.6840113674094,-7.367507065238761,776.158221830817,718.97471
Engerer2,A,PVsyst,edge_2_plus_0p05,one_at_a_time,Clear,5,0.75,,0.9603779886437882,55.53919112784828,337,391.4407846593943,16.995960452374128,348.69577225844426,15.140015520792879,-241.3427947501987,-10.478858503742734,776.158221830817,694.8257
Engerer2,A,IDA ICE,edge_3_minus_0p05,one_at_a_time,Overcast/very cloudy,1,0.0,0.2,0.07239388640864322,45.00669504658409,1713,152.38901404860056,71.9224816810483,90.00064630177674,42.4772735445196,7.107182203913876,3.3543506075959315,362.9496298846955,375.124233
Engerer2,A,PVsyst,edge_3_minus_0p05,one_at_a_time,Overcast/very cloudy,1,0.0,0.2,0.07239388640864322,45.00669504658409,1713,142.81518301067163,67.40395590842738,76.86370418513846,36.27707935973685,-8.642866249092542,-4.079141750164881,362.9496298846955,348.1444
Engerer2,A,IDA ICE,edge_3_minus_0p05,one_at_a_time,Cloudy,2,0.2,0.4,0.2920818313888917,40.96745490598463,651,371.31803269507037,43.926432537530594,294.74037732086026,34.86739711104519,167.16432304845975,19.775318493891245,550.3020056954526,659.12598
Engerer2,A,PVsyst,edge_3_minus_0p05,one_at_a_time,Cloudy,2,0.2,0.4,0.2920818313888917,40.96745490598463,651,328.6263350571719,38.876061127899085,250.1921304090924,29.597398375912377,102.39062105153192,12.112675151948494,550.3020056954526,616.9583
Engerer2,A,IDA ICE,edge_3_minus_0p05,one_at_a_time,Mixed/broken,3,0.4,0.5499999999999999,0.4728263953752539,34.857736406725635,380,474.6312927768922,31.12672191942683,393.68816867436607,25.81840332861425,214.20780504090928,14.04792916512014,579.4374740844545,660.8364399999999
Engerer2,A,PVsyst,edge_3_minus_0p05,one_at_a_time,Mixed/broken,3,0.4,0.5499999999999999,0.4728263953752539,34.857736406725635,380,425.25190889133404,27.888380128337015,346.052059289203,22.694386954808987,140.83085767248826,9.235806848720571,579.4374740844545,632.9531999999999
Engerer2,A,IDA ICE,edge_3_minus_0p05,one_at_a_time,Mostly clear,4,0.5499999999999999,0.75,0.647987876544775,30.880349420022398,453,422.8548172727962,18.13576712447773,332.51227661616656,14.261077250186208,123.23762751945276,5.2855231213413205,1056.217974733688,1112.04462
Engerer2,A,PVsyst,edge_3_minus_0p05,one_at_a_time,Mostly clear,4,0.5499999999999999,0.75,0.647987876544775,30.880349420022398,453,391.67212786158916,16.79837667656016,307.53729258768215,13.189928298403213,7.821689329607342,0.33546345082846235,1056.217974733688,1059.7612
Engerer2,A,IDA ICE,edge_3_minus_0p05,one_at_a_time,Clear,5,0.75,,0.9603779886437882,55.53919112784828,337,384.91850942616355,16.712769900270708,321.9930656866363,13.980611180080919,-169.6840113674094,-7.367507065238761,776.158221830817,718.97471
Engerer2,A,PVsyst,edge_3_minus_0p05,one_at_a_time,Clear,5,0.75,,0.9603779886437882,55.53919112784828,337,391.4407846593943,16.995960452374128,348.69577225844426,15.140015520792879,-241.3427947501987,-10.478858503742734,776.158221830817,694.8257
Engerer2,A,IDA ICE,edge_3_plus_0p05,one_at_a_time,Overcast/very cloudy,1,0.0,0.2,0.07239388640864322,45.00669504658409,1713,152.38901404860056,71.9224816810483,90.00064630177674,42.4772735445196,7.107182203913876,3.3543506075959315,362.9496298846955,375.124233
Engerer2,A,PVsyst,edge_3_plus_0p05,one_at_a_time,Overcast/very cloudy,1,0.0,0.2,0.07239388640864322,45.00669504658409,1713,142.81518301067163,67.40395590842738,76.86370418513846,36.27707935973685,-8.642866249092542,-4.079141750164881,362.9496298846955,348.1444
Engerer2,A,IDA ICE,edge_3_plus_0p05,one_at_a_time,Cloudy,2,0.2,0.4,0.2920818313888917,40.96745490598463,651,371.31803269507037,43.926432537530594,294.74037732086026,34.86739711104519,167.16432304845975,19.775318493891245,550.3020056954526,659.12598
Engerer2,A,PVsyst,edge_3_plus_0p05,one_at_a_time,Cloudy,2,0.2,0.4,0.2920818313888917,40.96745490598463,651,328.6263350571719,38.876061127899085,250.1921304090924,29.597398375912377,102.39062105153192,12.112675151948494,550.3020056954526,616.9583
Engerer2,A,IDA ICE,edge_3_plus_0p05,one_at_a_time,Mixed/broken,3,0.4,0.65,0.5207420373454422,34.17576318091652,608,467.20565370767906,27.007948136116706,384.9574082645736,22.253390203040308,189.30802340392452,10.943406265034088,1051.768301770414,1166.86758
Engerer2,A,PVsyst,edge_3_plus_0p05,one_at_a_time,Mixed/broken,3,0.4,0.65,0.5207420373454422,34.17576318091652,608,420.7067074968628,24.319964551843647,338.9904418628554,19.5961589929724,109.12647735129299,6.308318868129299,1051.768301770414,1118.1172
Engerer2,A,IDA ICE,edge_3_plus_0p05,one_at_a_time,Mostly clear,4,0.65,0.75,0.696006131606003,28.692773812571755,225,388.09353205522785,14.955123632013843,294.1131607934302,11.333604706512308,98.33925756565115,3.78948792830044,583.8871470477285,606.01348
Engerer2,A,PVsyst,edge_3_plus_0p05,one_at_a_time,Mostly clear,4,0.65,0.75,0.696006131606003,28.692773812571755,225,368.78089627711194,14.210914229212776,287.5910551977825,11.082276386229761,-41.288653545459894,-1.5910518144988537,583.8871470477285,574.5971999999999
Engerer2,A,IDA ICE,edge_3_plus_0p05,one_at_a_time,Clear,5,0.75,,0.9603779886437882,55.53919112784828,337,384.91850942616355,16.712769900270708,321.9930656866363,13.980611180080919,-169.6840113674094,-7.367507065238761,776.158221830817,718.97471
Engerer2,A,PVsyst,edge_3_plus_0p05,one_at_a_time,Clear,5,0.75,,0.9603779886437882,55.53919112784828,337,391.4407846593943,16.995960452374128,348.69577225844426,15.140015520792879,-241.3427947501987,-10.478858503742734,776.158221830817,694.8257
Engerer2,A,IDA ICE,edge_4_minus_0p05,one_at_a_time,Overcast/very cloudy,1,0.0,0.2,0.07239388640864322,45.00669504658409,1713,152.38901404860056,71.9224816810483,90.00064630177674,42.4772735445196,7.107182203913876,3.3543506075959315,362.9496298846955,375.124233
Engerer2,A,PVsyst,edge_4_minus_0p05,one_at_a_time,Overcast/very cloudy,1,0.0,0.2,0.07239388640864322,45.00669504658409,1713,142.81518301067163,67.40395590842738,76.86370418513846,36.27707935973685,-8.642866249092542,-4.079141750164881,362.9496298846955,348.1444
Engerer2,A,IDA ICE,edge_4_minus_0p05,one_at_a_time,Cloudy,2,0.2,0.4,0.2920818313888917,40.96745490598463,651,371.31803269507037,43.926432537530594,294.74037732086026,34.86739711104519,167.16432304845975,19.775318493891245,550.3020056954526,659.12598
Engerer2,A,PVsyst,edge_4_minus_0p05,one_at_a_time,Cloudy,2,0.2,0.4,0.2920818313888917,40.96745490598463,651,328.6263350571719,38.876061127899085,250.1921304090924,29.597398375912377,102.39062105153192,12.112675151948494,550.3020056954526,616.9583
Engerer2,A,IDA ICE,edge_4_minus_0p05,one_at_a_time,Mixed/broken,3,0.4,0.6,0.49757572488634855,34.64348699045118,497,468.35418204744826,28.961704689353674,385.64871509615085,23.847431342701007,209.1737293336461,12.934714816143405,803.7235065211779,907.68285
Engerer2,A,PVsyst,edge_4_minus_0p05,one_at_a_time,Mixed/broken,3,0.4,0.6,0.49757572488634855,34.64348699045118,497,420.41477834895915,25.997266864052705,338.65027873060535,20.9411802894278,132.9975723919962,8.224195627290689,803.7235065211779,869.8233
Engerer2,A,IDA ICE,edge_4_minus_0p05,one_at_a_time,Mostly clear,4,0.6,0.7,0.6501830594913448,31.10440848151107,231,428.0403817814451,18.221580522677492,343.8711028701074,14.638513694179666,108.7450514516467,4.629251808490894,542.6385931146697,567.7587000000001
Engerer2,A,PVsyst,edge_4_minus_0p05,one_at_a_time,Mostly clear,4,0.6,0.7,0.6501830594913448,31.10440848151107,231,397.2753644509702,16.911920816656927,309.4621387234448,13.17373201098682,-5.5086282020329,-0.23450103454044197,542.6385931146697,541.3661
Engerer2,A,IDA ICE,edge_4_minus_0p05,one_at_a_time,Clear,5,0.7,,0.9035576888672404,48.75229443083138,442,384.04578317829987,15.932046165495734,311.40179270135127,12.91842784023671,-110.94423306133896,-4.602494599213309,1065.4515710131118,1016.41422
Engerer2,A,PVsyst,edge_4_minus_0p05,one_at_a_time,Clear,5,0.7,,0.9035576888672404,48.75229443083138,442,385.0931654852147,15.975496566457284,336.0400650429553,13.940540592356813,-201.58568102513985,-8.362733083061483,1065.4515710131118,976.3507
Engerer2,A,IDA ICE,edge_4_plus_0p05,one_at_a_time,Overcast/very cloudy,1,0.0,0.2,0.07239388640864322,45.00669504658409,1713,152.38901404860056,71.9224816810483,90.00064630177674,42.4772735445196,7.107182203913876,3.3543506075959315,362.9496298846955,375.124233
Engerer2,A,PVsyst,edge_4_plus_0p05,one_at_a_time,Overcast/very cloudy,1,0.0,0.2,0.07239388640864322,45.00669504658409,1713,142.81518301067163,67.40395590842738,76.86370418513846,36.27707935973685,-8.642866249092542,-4.079141750164881,362.9496298846955,348.1444
Engerer2,A,IDA ICE,edge_4_plus_0p05,one_at_a_time,Cloudy,2,0.2,0.4,0.2920818313888917,40.96745490598463,651,371.31803269507037,43.926432537530594,294.74037732086026,34.86739711104519,167.16432304845975,19.775318493891245,550.3020056954526,659.12598
Engerer2,A,PVsyst,edge_4_plus_0p05,one_at_a_time,Cloudy,2,0.2,0.4,0.2920818313888917,40.96745490598463,651,328.6263350571719,38.876061127899085,250.1921304090924,29.597398375912377,102.39062105153192,12.112675151948494,550.3020056954526,616.9583
Engerer2,A,IDA ICE,edge_4_plus_0p05,one_at_a_time,Mixed/broken,3,0.4,0.6,0.49757572488634855,34.64348699045118,497,468.35418204744826,28.961704689353674,385.64871509615085,23.847431342701007,209.1737293336461,12.934714816143405,803.7235065211779,907.68285
Engerer2,A,PVsyst,edge_4_plus_0p05,one_at_a_time,Mixed/broken,3,0.4,0.6,0.49757572488634855,34.64348699045118,497,420.41477834895915,25.997266864052705,338.65027873060535,20.9411802894278,132.9975723919962,8.224195627290689,803.7235065211779,869.8233
Engerer2,A,IDA ICE,edge_4_plus_0p05,one_at_a_time,Mostly clear,4,0.6,0.8,0.6890781460804934,31.36888220058428,402,403.65584897300107,16.33679992069669,309.14444491958227,12.511724916399908,93.77627407670813,3.7953227503017466,993.2768478211634,1030.9749100000001
Engerer2,A,PVsyst,edge_4_plus_0p05,one_at_a_time,Mostly clear,4,0.6,0.8,0.6890781460804934,31.36888220058428,402,376.8485679631564,15.251852960582124,297.1831498848868,12.027626186574954,-33.88295477901322,-1.3713143370896053,993.2768478211634,979.6559
Engerer2,A,IDA ICE,edge_4_plus_0p05,one_at_a_time,Clear,5,0.8,,1.0057393745293821,59.495726394913824,271,393.7401776754512,17.355445192867673,342.42712280191876,15.093646773428071,-227.36275389895977,-10.021791114864122,614.813316306618,553.1980099999998
Engerer2,A,PVsyst,edge_4_plus_0p05,one_at_a_time,Clear,5,0.8,,1.0057393745293821,59.495726394913824,271,407.11113033577993,17.94481566921272,371.0252270862637,16.35420604491795,-283.2192483639044,-12.483857175978983,614.813316306618,538.0609000000001
Engerer2,B,IDA ICE,nominal,nominal,Overcast/very cloudy,1,0.0,0.2,0.06839593586104166,45.502129271552114,1827,200.33486109581358,82.62830752353149,108.18062870781702,44.619205105213105,-9.02479431053343,-3.7222851557060164,442.9617430053447,426.47344380000004
Engerer2,B,PVsyst,nominal,nominal,Overcast/very cloudy,1,0.0,0.2,0.06839593586104166,45.502129271552114,1827,192.30614770556753,79.3168569083025,103.03711524891538,42.49775799656293,8.31218226308447,3.4283676264277494,442.9617430053447,458.1481
Engerer2,B,IDA ICE,nominal,nominal,Cloudy,2,0.2,0.4,0.2949499562541349,40.24910477403384,611,453.16488751386305,43.899837049962784,350.54692353888464,33.9588376013621,148.52174940592758,14.38787685662466,630.7170251129783,721.4638139999998
Engerer2,B,PVsyst,nominal,nominal,Cloudy,2,0.2,0.4,0.2949499562541349,40.24910477403384,611,448.1511800790632,43.41413980053242,340.92951655470523,33.02716215367919,149.18261028972466,14.451897008915251,630.7170251129783,721.8675999999999
Engerer2,B,IDA ICE,nominal,nominal,Mixed/broken,3,0.4,0.6,0.4959140163597251,34.17469789927842,469,551.1276434253105,28.028415478207542,434.213313016338,22.0825634289568,225.12777034778733,11.449207381021909,922.2029157068879,1027.78784
Engerer2,B,PVsyst,nominal,nominal,Mixed/broken,3,0.4,0.6,0.4959140163597251,34.17469789927842,469,543.287850857932,27.629711174471726,418.41481597464417,21.27910737971249,204.302738364845,10.39011942612064,922.2029157068879,1018.0209
Engerer2,B,IDA ICE,nominal,nominal,Mostly clear,4,0.6,0.75,0.6728327471710244,29.489050913489617,311,456.88894931187446,15.203873735438231,362.2468070479723,12.05447127517095,14.12421784913857,0.4700109843180762,934.5806582489179,938.97329
Engerer2,B,PVsyst,nominal,nominal,Mostly clear,4,0.6,0.75,0.6728327471710244,29.489050913489617,311,457.3673376842864,15.219793044543009,337.51680656049484,11.231532122330377,63.54064871730583,2.1144394094467653,934.5806582489179,954.3418
Engerer2,B,IDA ICE,nominal,nominal,Clear,5,0.75,,0.979495824429778,54.19162371583807,350,558.2040635259211,20.192522639702144,425.09252794753746,15.377334303748343,-151.65517313891078,-5.485987503731602,967.5434105986188,914.4641
Engerer2,B,PVsyst,nominal,nominal,Clear,5,0.75,,0.979495824429778,54.19162371583807,350,533.7536870304357,19.30805258082124,372.6630534417871,13.480745905129693,-56.95774456748217,-2.0603944360785684,967.5434105986188,947.6081999999999
Engerer2,B,IDA ICE,all_edges_minus_0p05,coordinated,Overcast/very cloudy,1,0.0,0.15000000000000002,0.05173592420632866,45.86917280373925,1578,167.30906831062353,93.61768369032507,86.64515152471866,48.48223990872791,-9.270408930636007,-5.1872514724483665,282.0126490925437,267.38394380000005
Engerer2,B,PVsyst,all_edges_minus_0p05,coordinated,Overcast/very cloudy,1,0.0,0.15000000000000002,0.05173592420632866,45.86917280373925,1578,156.8401072878882,87.75978315039032,80.55048042639275,45.07197053815004,7.0222756067530305,3.92930988844403,282.0126490925437,293.0938
Engerer2,B,IDA ICE,all_edges_minus_0p05,coordinated,Cloudy,2,0.15000000000000002,0.35000000000000003,0.23670597800903267,41.5323121974342,715,406.8351617123729,48.56102829548365,302.29656543923744,36.08299736466924,80.54583455074864,9.614185101993591,599.0135522962147,656.603824
Engerer2,B,PVsyst,all_edges_minus_0p05,coordinated,Cloudy,2,0.15000000000000002,0.35000000000000003,0.23670597800903267,41.5323121974342,715,404.45050357651263,48.27638856394433,298.51781115892624,35.63195426221094,91.72342336193744,10.948374615630494,599.0135522962147,664.5957999999999
Engerer2,B,IDA ICE,all_edges_minus_0p05,coordinated,Mixed/broken,3,0.35000000000000003,0.5499999999999999,0.4428306973273664,35.58895738806351,500,537.0589152099355,31.407208032408505,427.14563259915354,24.97947871870308,217.7894853112005,12.736330184121872,854.9930873443997,963.8878300000001
Engerer2,B,PVsyst,all_edges_minus_0p05,coordinated,Mixed/broken,3,0.35000000000000003,0.5499999999999999,0.4428306973273664,35.58895738806351,500,526.6073321523336,30.795999403221547,408.70282641688135,23.90094332144301,198.35642531120055,11.599884738676291,854.9930873443997,954.1713
Engerer2,B,IDA ICE,all_edges_minus_0p05,coordinated,Mostly clear,4,0.5499999999999999,0.7,0.6250085072544701,31.675068313377203,334,485.63165456285157,18.107109187150613,369.9479964414562,13.793764681923335,129.2559583890441,4.819397025811693,895.7861298980592,938.95762
Engerer2,B,PVsyst,all_edges_minus_0p05,coordinated,Mostly clear,4,0.5499999999999999,0.7,0.6250085072544701,31.675068313377203,334,490.9000042007506,18.303543215355372,365.12316033297407,13.61386735973367,128.0822458141939,4.775634347766591,895.7861298980592,938.5656
Engerer2,B,IDA ICE,all_edges_minus_0p05,coordinated,Clear,5,0.7,,0.9269381902993205,48.615828184342064,441,542.3771648116921,18.89024376723242,423.8408707564086,14.761789187574612,-144.83234476537393,-5.044309523885737,1266.2003340415301,1202.32927
Engerer2,B,PVsyst,all_edges_minus_0p05,coordinated,Clear,5,0.7,,0.9269381902993205,48.615828184342064,441,518.4916133170426,18.058343164622492,365.8540738335754,12.742189543231863,-37.73295701027185,-1.3141865148950516,1266.2003340415301,1249.5601000000001
Engerer2,B,IDA ICE,all_edges_plus_0p05,coordinated,Overcast/very cloudy,1,0.0,0.25,0.08138894014509838,45.07446583282865,1993,219.69449242287604,76.44730154885998,123.17215499128329,42.860331960060904,0.14781702506116748,0.0514360308457592,572.7489584690533,573.0435578
Engerer2,B,PVsyst,all_edges_plus_0p05,coordinated,Overcast/very cloudy,1,0.0,0.25,0.08138894014509838,45.07446583282865,1993,212.70948743942324,74.01672271913459,118.22019612091253,41.13719412057373,16.996307842923635,5.914221410631699,572.7489584690533,606.6226000000001
Engerer2,B,IDA ICE,all_edges_plus_0p05,coordinated,Cloudy,2,0.25,0.45,0.34467072555371336,39.099165741226905,573,503.9045200536152,40.9106294394259,387.72737520778975,31.47852487800547,187.98769416766123,15.262206607011636,705.7757212419301,813.49267
Engerer2,B,PVsyst,all_edges_plus_0p05,coordinated,Cloudy,2,0.25,0.45,0.34467072555371336,39.099165741226905,573,496.9605807583653,40.346870004746464,374.2825069772669,30.386972807819028,180.26802575579387,14.635467847534853,705.7757212419301,809.0693
Engerer2,B,IDA ICE,all_edges_plus_0p05,coordinated,Mixed/broken,3,0.45,0.65,0.546616634942057,32.94186972544523,447,528.6650854086706,23.36856132312745,418.33540630182296,18.491662993485917,189.10483478455683,8.358993340267073,1011.2445088513032,1095.7743699999999
Engerer2,B,PVsyst,all_edges_plus_0p05,coordinated,Mixed/broken,3,0.45,0.65,0.546616634942057,32.94186972544523,447,521.905644950453,23.069774050773763,403.0577094374653,17.81634357878519,169.03823523198417,7.471990254318161,1011.2445088513032,1086.8046000000002
Engerer2,B,IDA ICE,all_edges_plus_0p05,coordinated,Mostly clear,4,0.65,0.8,0.7160811899123417,30.094908196719278,270,449.9133063774481,14.437269034679694,372.2536753008942,11.945248969717285,-49.550310224531835,-1.5900200090175949,841.4097737606237,828.0311899999999
Engerer2,B,PVsyst,all_edges_plus_0p05,coordinated,Mostly clear,4,0.65,0.8,0.7160811899123417,30.094908196719278,270,437.463483711208,14.037766648956143,324.9243770860633,10.426499019750592,67.05380088657931,2.151689557688339,841.4097737606237,859.5143
Engerer2,B,IDA ICE,all_edges_plus_0p05,coordinated,Clear,5,0.8,,1.0261331724064244,58.957250142181834,285,574.1731815155168,21.339806953962533,427.2387883151326,15.878821163024668,-168.44242228013104,-6.260356439546964,766.8267903498374,718.8207
Engerer2,B,PVsyst,all_edges_plus_0p05,coordinated,Clear,5,0.8,,1.0261331724064244,58.957250142181834,285,556.8182272975731,20.694790111259707,386.73678285264606,14.37351752704417,-101.23154508714853,-3.7623868535781195,766.8267903498374,737.9758
Engerer2,B,IDA ICE,edge_1_minus_0p05,one_at_a_time,Overcast/very cloudy,1,0.0,0.15000000000000002,0.05173592420632866,45.86917280373925,1578,167.30906831062353,93.61768369032507,86.64515152471866,48.48223990872791,-9.270408930636007,-5.1872514724483665,282.0126490925437,267.38394380000005
Engerer2,B,PVsyst,edge_1_minus_0p05,one_at_a_time,Overcast/very cloudy,1,0.0,0.15000000000000002,0.05173592420632866,45.86917280373925,1578,156.8401072878882,87.75978315039032,80.55048042639275,45.07197053815004,7.0222756067530305,3.92930988844403,282.0126490925437,293.0938
Engerer2,B,IDA ICE,edge_1_minus_0p05,one_at_a_time,Cloudy,2,0.15000000000000002,0.4,0.2599238484788522,41.09655640902311,860,424.02696447868647,46.062750531805406,319.88852305283035,34.75001938493667,103.35720345839627,11.227863974222489,791.6661190257792,880.553314
Engerer2,B,PVsyst,edge_1_minus_0p05,one_at_a_time,Cloudy,2,0.15000000000000002,0.4,0.2599238484788522,41.09655640902311,860,419.66413521916576,45.58880917281369,313.31172797889013,34.03557125741684,110.76253601653582,12.032317499129828,791.6661190257792,886.9218999999999
Engerer2,B,IDA ICE,edge_1_minus_0p05,one_at_a_time,Mixed/broken,3,0.4,0.6,0.4959140163597251,34.17469789927842,469,551.1276434253105,28.028415478207542,434.213313016338,22.0825634289568,225.12777034778733,11.449207381021909,922.2029157068879,1027.78784
Engerer2,B,PVsyst,edge_1_minus_0p05,one_at_a_time,Mixed/broken,3,0.4,0.6,0.4959140163597251,34.17469789927842,469,543.287850857932,27.629711174471726,418.41481597464417,21.27910737971249,204.302738364845,10.39011942612064,922.2029157068879,1018.0209
Engerer2,B,IDA ICE,edge_1_minus_0p05,one_at_a_time,Mostly clear,4,0.6,0.75,0.6728327471710244,29.489050913489617,311,456.88894931187446,15.203873735438231,362.2468070479723,12.05447127517095,14.12421784913857,0.4700109843180762,934.5806582489179,938.97329
Engerer2,B,PVsyst,edge_1_minus_0p05,one_at_a_time,Mostly clear,4,0.6,0.75,0.6728327471710244,29.489050913489617,311,457.3673376842864,15.219793044543009,337.51680656049484,11.231532122330377,63.54064871730583,2.1144394094467653,934.5806582489179,954.3418
Engerer2,B,IDA ICE,edge_1_minus_0p05,one_at_a_time,Clear,5,0.75,,0.979495824429778,54.19162371583807,350,558.2040635259211,20.192522639702144,425.09252794753746,15.377334303748343,-151.65517313891078,-5.485987503731602,967.5434105986188,914.4641
Engerer2,B,PVsyst,edge_1_minus_0p05,one_at_a_time,Clear,5,0.75,,0.979495824429778,54.19162371583807,350,533.7536870304357,19.30805258082124,372.6630534417871,13.480745905129693,-56.95774456748217,-2.0603944360785684,967.5434105986188,947.6081999999999
Engerer2,B,IDA ICE,edge_1_plus_0p05,one_at_a_time,Overcast/very cloudy,1,0.0,0.25,0.08138894014509838,45.07446583282865,1993,219.69449242287604,76.44730154885998,123.17215499128329,42.860331960060904,0.14781702506116748,0.0514360308457592,572.7489584690533,573.0435578
Engerer2,B,PVsyst,edge_1_plus_0p05,one_at_a_time,Overcast/very cloudy,1,0.0,0.25,0.08138894014509838,45.07446583282865,1993,212.70948743942324,74.01672271913459,118.22019612091253,41.13719412057373,16.996307842923635,5.914221410631699,572.7489584690533,606.6226000000001
Engerer2,B,IDA ICE,edge_1_plus_0p05,one_at_a_time,Cloudy,2,0.25,0.4,0.321271101978019,40.204905148837966,445,480.1812222866152,42.656803368750225,373.81589670519685,33.20786082790374,166.21098955220288,14.765320195760903,500.9298096492697,574.8937
Engerer2,B,PVsyst,edge_1_plus_0p05,one_at_a_time,Cloudy,2,0.25,0.4,0.321271101978019,40.204905148837966,445,474.29301678127644,42.133725803909286,361.67167034992065,32.12903089524677,162.8388547207422,14.465757268761081,500.9298096492697,573.3931000000001
Engerer2,B,IDA ICE,edge_1_plus_0p05,one_at_a_time,Mixed/broken,3,0.4,0.6,0.4959140163597251,34.17469789927842,469,551.1276434253105,28.028415478207542,434.213313016338,22.0825634289568,225.12777034778733,11.449207381021909,922.2029157068879,1027.78784
Engerer2,B,PVsyst,edge_1_plus_0p05,one_at_a_time,Mixed/broken,3,0.4,0.6,0.4959140163597251,34.17469789927842,469,543.287850857932,27.629711174471726,418.41481597464417,21.27910737971249,204.302738364845,10.39011942612064,922.2029157068879,1018.0209
Engerer2,B,IDA ICE,edge_1_plus_0p05,one_at_a_time,Mostly clear,4,0.6,0.75,0.6728327471710244,29.489050913489617,311,456.88894931187446,15.203873735438231,362.2468070479723,12.05447127517095,14.12421784913857,0.4700109843180762,934.5806582489179,938.97329
Engerer2,B,PVsyst,edge_1_plus_0p05,one_at_a_time,Mostly clear,4,0.6,0.75,0.6728327471710244,29.489050913489617,311,457.3673376842864,15.219793044543009,337.51680656049484,11.231532122330377,63.54064871730583,2.1144394094467653,934.5806582489179,954.3418
Engerer2,B,IDA ICE,edge_1_plus_0p05,one_at_a_time,Clear,5,0.75,,0.979495824429778,54.19162371583807,350,558.2040635259211,20.192522639702144,425.09252794753746,15.377334303748343,-151.65517313891078,-5.485987503731602,967.5434105986188,914.4641
Engerer2,B,PVsyst,edge_1_plus_0p05,one_at_a_time,Clear,5,0.75,,0.979495824429778,54.19162371583807,350,533.7536870304357,19.30805258082124,372.6630534417871,13.480745905129693,-56.95774456748217,-2.0603944360785684,967.5434105986188,947.6081999999999
Engerer2,B,IDA ICE,edge_2_minus_0p05,one_at_a_time,Overcast/very cloudy,1,0.0,0.2,0.06839593586104166,45.502129271552114,1827,200.33486109581358,82.62830752353149,108.18062870781702,44.619205105213105,-9.02479431053343,-3.7222851557060164,442.9617430053447,426.47344380000004
Engerer2,B,PVsyst,edge_2_minus_0p05,one_at_a_time,Overcast/very cloudy,1,0.0,0.2,0.06839593586104166,45.502129271552114,1827,192.30614770556753,79.3168569083025,103.03711524891538,42.49775799656293,8.31218226308447,3.4283676264277494,442.9617430053447,458.1481
Engerer2,B,IDA ICE,edge_2_minus_0p05,one_at_a_time,Cloudy,2,0.2,0.35000000000000003,0.2702246520513345,40.654007996438324,466,437.4871754072497,46.538590346296246,333.09460245896815,35.43361753626261,127.57481891971295,13.571031495221881,438.0644583834138,497.51432400000004
Engerer2,B,PVsyst,edge_2_minus_0p05,one_at_a_time,Cloudy,2,0.2,0.35000000000000003,0.2702246520513345,40.654007996438324,466,435.08004332196856,46.28252676243909,326.82421358736394,34.76659213435017,131.92498200984173,14.033788964175395,438.0644583834138,499.5415
Engerer2,B,IDA ICE,edge_2_minus_0p05,one_at_a_time,Mixed/broken,3,0.35000000000000003,0.6,0.4672205359740481,35.30190326605211,614,539.5419036510071,29.71494817585934,427.70053638606174,23.555351655725552,222.93460515235796,12.277990261518061,1114.8554824364521,1251.7373300000002
Engerer2,B,PVsyst,edge_2_minus_0p05,one_at_a_time,Mixed/broken,3,0.35000000000000003,0.6,0.4672205359740481,35.30190326605211,614,530.7060786648366,29.228320390735814,410.82149800540947,22.62574869561173,204.38357909372604,11.256303578405817,1114.8554824364521,1240.347
Engerer2,B,IDA ICE,edge_2_minus_0p05,one_at_a_time,Mostly clear,4,0.6,0.75,0.6728327471710244,29.489050913489617,311,456.88894931187446,15.203873735438231,362.2468070479723,12.05447127517095,14.12421784913857,0.4700109843180762,934.5806582489179,938.97329
Engerer2,B,PVsyst,edge_2_minus_0p05,one_at_a_time,Mostly clear,4,0.6,0.75,0.6728327471710244,29.489050913489617,311,457.3673376842864,15.219793044543009,337.51680656049484,11.231532122330377,63.54064871730583,2.1144394094467653,934.5806582489179,954.3418
Engerer2,B,IDA ICE,edge_2_minus_0p05,one_at_a_time,Clear,5,0.75,,0.979495824429778,54.19162371583807,350,558.2040635259211,20.192522639702144,425.09252794753746,15.377334303748343,-151.65517313891078,-5.485987503731602,967.5434105986188,914.4641
Engerer2,B,PVsyst,edge_2_minus_0p05,one_at_a_time,Clear,5,0.75,,0.979495824429778,54.19162371583807,350,533.7536870304357,19.30805258082124,372.6630534417871,13.480745905129693,-56.95774456748217,-2.0603944360785684,967.5434105986188,947.6081999999999
Engerer2,B,IDA ICE,edge_2_plus_0p05,one_at_a_time,Overcast/very cloudy,1,0.0,0.2,0.06839593586104166,45.502129271552114,1827,200.33486109581358,82.62830752353149,108.18062870781702,44.619205105213105,-9.02479431053343,-3.7222851557060164,442.9617430053447,426.47344380000004
Engerer2,B,PVsyst,edge_2_plus_0p05,one_at_a_time,Overcast/very cloudy,1,0.0,0.2,0.06839593586104166,45.502129271552114,1827,192.30614770556753,79.3168569083025,103.03711524891538,42.49775799656293,8.31218226308447,3.4283676264277494,442.9617430053447,458.1481
Engerer2,B,IDA ICE,edge_2_plus_0p05,one_at_a_time,Cloudy,2,0.2,0.45,0.3176523797474096,39.38408957432314,739,477.3128784003142,42.215158385142374,365.363846065642,32.31400896107834,168.4706999923699,14.900116056514548,835.5629367056387,960.062784
Engerer2,B,PVsyst,edge_2_plus_0p05,one_at_a_time,Cloudy,2,0.2,0.45,0.3176523797474096,39.38408957432314,739,471.2608807913318,41.67989933563601,354.3002947323196,31.335511223067076,165.06206129142268,14.598644570724195,835.5629367056387,957.5438
Engerer2,B,IDA ICE,edge_2_plus_0p05,one_at_a_time,Mixed/broken,3,0.45,0.6,0.5221495258376885,33.769191015458816,341,540.3492268567421,25.685828018877032,433.5083045290662,20.607080016866004,210.6506330961075,10.013405525254285,717.3570041142274,789.1888700000001
Engerer2,B,PVsyst,edge_2_plus_0p05,one_at_a_time,Mixed/broken,3,0.45,0.6,0.5221495258376885,33.769191015458816,341,533.4049211205694,25.355726236577038,418.5236524922253,19.894775499692976,190.57975333071164,9.059324090104576,717.3570041142274,782.3447000000001
Engerer2,B,IDA ICE,edge_2_plus_0p05,one_at_a_time,Mostly clear,4,0.6,0.75,0.6728327471710244,29.489050913489617,311,456.88894931187446,15.203873735438231,362.2468070479723,12.05447127517095,14.12421784913857,0.4700109843180762,934.5806582489179,938.97329
Engerer2,B,PVsyst,edge_2_plus_0p05,one_at_a_time,Mostly clear,4,0.6,0.75,0.6728327471710244,29.489050913489617,311,457.3673376842864,15.219793044543009,337.51680656049484,11.231532122330377,63.54064871730583,2.1144394094467653,934.5806582489179,954.3418
Engerer2,B,IDA ICE,edge_2_plus_0p05,one_at_a_time,Clear,5,0.75,,0.979495824429778,54.19162371583807,350,558.2040635259211,20.192522639702144,425.09252794753746,15.377334303748343,-151.65517313891078,-5.485987503731602,967.5434105986188,914.4641
Engerer2,B,PVsyst,edge_2_plus_0p05,one_at_a_time,Clear,5,0.75,,0.979495824429778,54.19162371583807,350,533.7536870304357,19.30805258082124,372.6630534417871,13.480745905129693,-56.95774456748217,-2.0603944360785684,967.5434105986188,947.6081999999999
Engerer2,B,IDA ICE,edge_3_minus_0p05,one_at_a_time,Overcast/very cloudy,1,0.0,0.2,0.06839593586104166,45.502129271552114,1827,200.33486109581358,82.62830752353149,108.18062870781702,44.619205105213105,-9.02479431053343,-3.7222851557060164,442.9617430053447,426.47344380000004
Engerer2,B,PVsyst,edge_3_minus_0p05,one_at_a_time,Overcast/very cloudy,1,0.0,0.2,0.06839593586104166,45.502129271552114,1827,192.30614770556753,79.3168569083025,103.03711524891538,42.49775799656293,8.31218226308447,3.4283676264277494,442.9617430053447,458.1481
Engerer2,B,IDA ICE,edge_3_minus_0p05,one_at_a_time,Cloudy,2,0.2,0.4,0.2949499562541349,40.24910477403384,611,453.16488751386305,43.899837049962784,350.54692353888464,33.9588376013621,148.52174940592758,14.38787685662466,630.7170251129783,721.4638139999998
Engerer2,B,PVsyst,edge_3_minus_0p05,one_at_a_time,Cloudy,2,0.2,0.4,0.2949499562541349,40.24910477403384,611,448.1511800790632,43.41413980053242,340.92951655470523,33.02716215367919,149.18261028972466,14.451897008915251,630.7170251129783,721.8675999999999
Engerer2,B,IDA ICE,edge_3_minus_0p05,one_at_a_time,Mixed/broken,3,0.4,0.5499999999999999,0.47077637534740474,34.21702367165447,355,551.3931927499119,29.553466432117663,435.5231852484435,23.343088026635588,218.5854067187739,11.715698642917467,662.3405206148353,739.93834
Engerer2,B,PVsyst,edge_3_minus_0p05,one_at_a_time,Mixed/broken,3,0.4,0.5499999999999999,0.47077637534740474,34.21702367165447,355,541.66156182022,29.03187234682243,417.86918908514747,22.396872531296058,195.78782925398522,10.49379846497164,662.3405206148353,731.8452
Engerer2,B,IDA ICE,edge_3_minus_0p05,one_at_a_time,Mostly clear,4,0.5499999999999999,0.75,0.6463742230460494,30.710552342163556,425,483.7186664803251,17.211405154821755,380.4566353726694,13.537193722305204,76.18761566830497,2.710864830973768,1194.4430533409704,1226.82279
Engerer2,B,PVsyst,edge_3_minus_0p05,one_at_a_time,Mostly clear,4,0.5499999999999999,0.75,0.6463742230460494,30.710552342163556,425,483.44671189853347,17.201728620060372,359.672266840458,12.797656027185953,108.41046272712856,3.8574000267451045,1194.4430533409704,1240.5175
Engerer2,B,IDA ICE,edge_3_minus_0p05,one_at_a_time,Clear,5,0.75,,0.979495824429778,54.19162371583807,350,558.2040635259211,20.192522639702144,425.09252794753746,15.377334303748343,-151.65517313891078,-5.485987503731602,967.5434105986188,914.4641
Engerer2,B,PVsyst,edge_3_minus_0p05,one_at_a_time,Clear,5,0.75,,0.979495824429778,54.19162371583807,350,533.7536870304357,19.30805258082124,372.6630534417871,13.480745905129693,-56.95774456748217,-2.0603944360785684,967.5434105986188,947.6081999999999
Engerer2,B,IDA ICE,edge_3_plus_0p05,one_at_a_time,Overcast/very cloudy,1,0.0,0.2,0.06839593586104166,45.502129271552114,1827,200.33486109581358,82.62830752353149,108.18062870781702,44.619205105213105,-9.02479431053343,-3.7222851557060164,442.9617430053447,426.47344380000004
Engerer2,B,PVsyst,edge_3_plus_0p05,one_at_a_time,Overcast/very cloudy,1,0.0,0.2,0.06839593586104166,45.502129271552114,1827,192.30614770556753,79.3168569083025,103.03711524891538,42.49775799656293,8.31218226308447,3.4283676264277494,442.9617430053447,458.1481
Engerer2,B,IDA ICE,edge_3_plus_0p05,one_at_a_time,Cloudy,2,0.2,0.4,0.2949499562541349,40.24910477403384,611,453.16488751386305,43.899837049962784,350.54692353888464,33.9588376013621,148.52174940592758,14.38787685662466,630.7170251129783,721.4638139999998
Engerer2,B,PVsyst,edge_3_plus_0p05,one_at_a_time,Cloudy,2,0.2,0.4,0.2949499562541349,40.24910477403384,611,448.1511800790632,43.41413980053242,340.92951655470523,33.02716215367919,149.18261028972466,14.451897008915251,630.7170251129783,721.8675999999999
Engerer2,B,IDA ICE,edge_3_plus_0p05,one_at_a_time,Mixed/broken,3,0.4,0.65,0.5197709933585369,33.45679121002459,575,540.2433913323642,25.544149085781203,422.28806709072313,19.96690661279283,205.70942531484613,9.726490527970318,1216.0904204439632,1334.3733399999999
Engerer2,B,PVsyst,edge_3_plus_0p05,one_at_a_time,Mixed/broken,3,0.4,0.65,0.5197709933585369,33.45679121002459,575,532.6970840332206,25.187339540696268,406.4117901057501,19.216233873916487,185.0267470539766,8.74855831174101,1216.0904204439632,1322.4808
Engerer2,B,IDA ICE,edge_3_plus_0p05,one_at_a_time,Mostly clear,4,0.65,0.75,0.6973967651792237,29.07986928337906,205,439.257376450157,14.054740819174022,358.4837181434934,11.470258705996583,-40.513968350449574,-1.2963090781160738,640.6931535118423,632.38779
Engerer2,B,PVsyst,edge_3_plus_0p05,one_at_a_time,Mostly clear,4,0.65,0.75,0.6973967651792237,29.07986928337906,205,443.499249823538,14.190466327832363,329.35364010544265,10.53819536724108,44.823153600769984,1.434188337707593,640.6931535118423,649.8819
Engerer2,B,IDA ICE,edge_3_plus_0p05,one_at_a_time,Clear,5,0.75,,0.979495824429778,54.19162371583807,350,558.2040635259211,20.192522639702144,425.09252794753746,15.377334303748343,-151.65517313891078,-5.485987503731602,967.5434105986188,914.4641
Engerer2,B,PVsyst,edge_3_plus_0p05,one_at_a_time,Clear,5,0.75,,0.979495824429778,54.19162371583807,350,533.7536870304357,19.30805258082124,372.6630534417871,13.480745905129693,-56.95774456748217,-2.0603944360785684,967.5434105986188,947.6081999999999
Engerer2,B,IDA ICE,edge_4_minus_0p05,one_at_a_time,Overcast/very cloudy,1,0.0,0.2,0.06839593586104166,45.502129271552114,1827,200.33486109581358,82.62830752353149,108.18062870781702,44.619205105213105,-9.02479431053343,-3.7222851557060164,442.9617430053447,426.47344380000004
Engerer2,B,PVsyst,edge_4_minus_0p05,one_at_a_time,Overcast/very cloudy,1,0.0,0.2,0.06839593586104166,45.502129271552114,1827,192.30614770556753,79.3168569083025,103.03711524891538,42.49775799656293,8.31218226308447,3.4283676264277494,442.9617430053447,458.1481
Engerer2,B,IDA ICE,edge_4_minus_0p05,one_at_a_time,Cloudy,2,0.2,0.4,0.2949499562541349,40.24910477403384,611,453.16488751386305,43.899837049962784,350.54692353888464,33.9588376013621,148.52174940592758,14.38787685662466,630.7170251129783,721.4638139999998
Engerer2,B,PVsyst,edge_4_minus_0p05,one_at_a_time,Cloudy,2,0.2,0.4,0.2949499562541349,40.24910477403384,611,448.1511800790632,43.41413980053242,340.92951655470523,33.02716215367919,149.18261028972466,14.451897008915251,630.7170251129783,721.8675999999999
Engerer2,B,IDA ICE,edge_4_minus_0p05,one_at_a_time,Mixed/broken,3,0.4,0.6,0.4959140163597251,34.17469789927842,469,551.1276434253105,28.028415478207542,434.213313016338,22.0825634289568,225.12777034778733,11.449207381021909,922.2029157068879,1027.78784
Engerer2,B,PVsyst,edge_4_minus_0p05,one_at_a_time,Mixed/broken,3,0.4,0.6,0.4959140163597251,34.17469789927842,469,543.287850857932,27.629711174471726,418.41481597464417,21.27910737971249,204.302738364845,10.39011942612064,922.2029157068879,1018.0209
Engerer2,B,IDA ICE,edge_4_minus_0p05,one_at_a_time,Mostly clear,4,0.6,0.7,0.6513399136300483,30.44810411519883,220,448.46865661220863,15.514927192453953,338.7605353180967,11.719537059379673,69.0199326999692,2.387768275173018,635.9237348060068,651.1081200000001
Engerer2,B,PVsyst,edge_4_minus_0p05,one_at_a_time,Mostly clear,4,0.6,0.7,0.6513399136300483,30.44810411519883,220,458.3242734020031,15.855885639997386,336.62794992878463,11.645759535445647,74.84620542724201,2.589330181081599,635.9237348060068,652.3899000000001
Engerer2,B,IDA ICE,edge_4_minus_0p05,one_at_a_time,Clear,5,0.7,,0.9269381902993205,48.615828184342064,441,542.3771648116921,18.89024376723242,423.8408707564086,14.761789187574612,-144.83234476537393,-5.044309523885737,1266.2003340415301,1202.32927
Engerer2,B,PVsyst,edge_4_minus_0p05,one_at_a_time,Clear,5,0.7,,0.9269381902993205,48.615828184342064,441,518.4916133170426,18.058343164622492,365.8540738335754,12.742189543231863,-37.73295701027185,-1.3141865148950516,1266.2003340415301,1249.5601000000001
Engerer2,B,IDA ICE,edge_4_plus_0p05,one_at_a_time,Overcast/very cloudy,1,0.0,0.2,0.06839593586104166,45.502129271552114,1827,200.33486109581358,82.62830752353149,108.18062870781702,44.619205105213105,-9.02479431053343,-3.7222851557060164,442.9617430053447,426.47344380000004
Engerer2,B,PVsyst,edge_4_plus_0p05,one_at_a_time,Overcast/very cloudy,1,0.0,0.2,0.06839593586104166,45.502129271552114,1827,192.30614770556753,79.3168569083025,103.03711524891538,42.49775799656293,8.31218226308447,3.4283676264277494,442.9617430053447,458.1481
Engerer2,B,IDA ICE,edge_4_plus_0p05,one_at_a_time,Cloudy,2,0.2,0.4,0.2949499562541349,40.24910477403384,611,453.16488751386305,43.899837049962784,350.54692353888464,33.9588376013621,148.52174940592758,14.38787685662466,630.7170251129783,721.4638139999998
Engerer2,B,PVsyst,edge_4_plus_0p05,one_at_a_time,Cloudy,2,0.2,0.4,0.2949499562541349,40.24910477403384,611,448.1511800790632,43.41413980053242,340.92951655470523,33.02716215367919,149.18261028972466,14.451897008915251,630.7170251129783,721.8675999999999
Engerer2,B,IDA ICE,edge_4_plus_0p05,one_at_a_time,Mixed/broken,3,0.4,0.6,0.4959140163597251,34.17469789927842,469,551.1276434253105,28.028415478207542,434.213313016338,22.0825634289568,225.12777034778733,11.449207381021909,922.2029157068879,1027.78784
Engerer2,B,PVsyst,edge_4_plus_0p05,one_at_a_time,Mixed/broken,3,0.4,0.6,0.4959140163597251,34.17469789927842,469,543.287850857932,27.629711174471726,418.41481597464417,21.27910737971249,204.302738364845,10.39011942612064,922.2029157068879,1018.0209
Engerer2,B,IDA ICE,edge_4_plus_0p05,one_at_a_time,Mostly clear,4,0.6,0.8,0.6904961935765427,30.147199053502042,376,461.3240309759157,15.278626922851013,371.4842742120869,12.303216941431941,-1.8100757917535595,-0.059948042736430965,1135.2972784976992,1134.6166899999998
Engerer2,B,PVsyst,edge_4_plus_0p05,one_at_a_time,Mostly clear,4,0.6,0.8,0.6904961935765427,30.147199053502042,376,450.78473012770365,14.92957498782202,332.92503306365757,11.026170396319587,76.2684082507997,2.5259394209284016,1135.2972784976992,1163.9742
Engerer2,B,IDA ICE,edge_4_plus_0p05,one_at_a_time,Clear,5,0.8,,1.0261331724064244,58.957250142181834,285,574.1731815155168,21.339806953962533,427.2387883151326,15.878821163024668,-168.44242228013104,-6.260356439546964,766.8267903498374,718.8207
Engerer2,B,PVsyst,edge_4_plus_0p05,one_at_a_time,Clear,5,0.8,,1.0261331724064244,58.957250142181834,285,556.8182272975731,20.694790111259707,386.73678285264606,14.37351752704417,-101.23154508714853,-3.7623868535781195,766.8267903498374,737.9758
Engerer2,C,IDA ICE,nominal,nominal,Overcast/very cloudy,1,0.0,0.2,0.06839593586104166,45.502129271552114,1827,141.87177628749325,102.12273597463641,73.20412692826632,52.694101125511494,-3.7205450086259213,-2.6781382847262702,253.81197713075957,247.01454139999998
Engerer2,C,PVsyst,nominal,nominal,Overcast/very cloudy,1,0.0,0.2,0.06839593586104166,45.502129271552114,1827,145.6730125021933,104.85895774114475,81.30812233245106,58.52755302593845,35.66136993390281,25.669916607471432,253.81197713075957,318.96530000000007
Engerer2,C,IDA ICE,nominal,nominal,Cloudy,2,0.2,0.4,0.2949499562541349,40.24910477403384,611,349.5587856926625,50.91094613682646,275.668176944935,40.14926324987324,149.849968918255,21.82466586009352,419.51767599094626,511.076007
Engerer2,C,PVsyst,nominal,nominal,Cloudy,2,0.2,0.4,0.2949499562541349,40.24910477403384,611,372.62941214526603,54.27103167535451,298.7412265930654,43.50970171094822,198.64946646326317,28.931992846869512,419.51767599094626,540.8925
Engerer2,C,IDA ICE,nominal,nominal,Mixed/broken,3,0.4,0.6,0.4959140163597251,34.17469789927842,469,459.8356404043021,34.202263692064356,381.3797584180889,28.366768293041687,278.44374491292115,20.710457281093632,630.55158363584,761.1417
Engerer2,C,PVsyst,nominal,nominal,Mixed/broken,3,0.4,0.6,0.4959140163597251,34.17469789927842,469,453.3289652589976,33.718301598820254,373.36483361309547,27.770623610973484,278.54417135215357,20.717926931669787,630.55158363584,761.1888
Engerer2,C,IDA ICE,nominal,nominal,Mostly clear,4,0.6,0.75,0.6728327471710244,29.489050913489617,311,467.96474996703364,22.794460867568898,397.6103193625952,19.367511903173742,325.4523060780351,15.85271081994623,638.475452809731,739.69112
Engerer2,C,PVsyst,nominal,nominal,Mostly clear,4,0.6,0.75,0.6728327471710244,29.489050913489617,311,380.31747948120443,18.525181445605593,301.2906439126259,14.675801527603937,225.83101990440173,11.000179706391762,638.475452809731,708.7089
Engerer2,C,IDA ICE,nominal,nominal,Clear,5,0.75,,0.979495824429778,54.19162371583807,350,434.9007711122329,23.053398642679042,292.6680536887044,15.5138683576202,163.78420131893031,8.681940192292046,660.2725795383744,717.5970500000001
Engerer2,C,PVsyst,nominal,nominal,Clear,5,0.75,,0.979495824429778,54.19162371583807,350,373.29839881739696,19.78795479852203,213.93061580418475,11.340121921133477,122.80348703321602,6.5096176630075515,660.2725795383744,703.2538000000001
Engerer2,C,IDA ICE,all_edges_minus_0p05,coordinated,Overcast/very cloudy,1,0.0,0.15000000000000002,0.05173592420632866,45.86917280373925,1578,117.96741911460103,123.40614006087085,56.67798858815689,59.29104705837223,-7.103437935509278,-7.430931890877164,150.84548246223366,139.6362574
Engerer2,C,PVsyst,all_edges_minus_0p05,coordinated,Overcast/very cloudy,1,0.0,0.15000000000000002,0.05173592420632866,45.86917280373925,1578,119.37681781898668,124.88051709836508,62.6825389547825,65.5724287238175,28.565600467532544,29.88257705964241,150.84548246223366,195.922
Engerer2,C,IDA ICE,all_edges_minus_0p05,coordinated,Cloudy,2,0.15000000000000002,0.35000000000000003,0.23670597800903267,41.5323121974342,715,302.75861581918076,55.057534121044014,228.83870355153772,41.614983259564944,89.13100818310397,16.208732858044083,393.1749101490807,456.90358100000003
Engerer2,C,PVsyst,all_edges_minus_0p05,coordinated,Cloudy,2,0.15000000000000002,0.35000000000000003,0.23670597800903267,41.5323121974342,715,324.61095826809407,59.031446099569976,254.31316723923692,46.24758851146126,146.02767811317392,26.555557629893052,393.1749101490807,497.58469999999994
Engerer2,C,IDA ICE,all_edges_minus_0p05,coordinated,Mixed/broken,3,0.35000000000000003,0.5499999999999999,0.4428306973273664,35.58895738806351,500,438.16351766625814,37.70008209288251,362.8841930264563,31.222964294638594,250.3318834108395,21.53883692855268,581.1174582945803,706.2833999999999
Engerer2,C,PVsyst,all_edges_minus_0p05,coordinated,Mixed/broken,3,0.35000000000000003,0.5499999999999999,0.4428306973273664,35.58895738806351,500,443.4840957503329,38.157870618087834,365.6622432383024,31.4619908607995,265.69548341083953,22.860738360071185,581.1174582945803,713.9652
Engerer2,C,IDA ICE,all_edges_minus_0p05,coordinated,Mostly clear,4,0.5499999999999999,0.7,0.6250085072544701,31.675068313377203,334,469.1160041940385,25.52323200051253,396.53733688299405,21.574438637023732,316.31529514815446,17.2097915892837,613.8906914205163,719.54
Engerer2,C,PVsyst,all_edges_minus_0p05,coordinated,Mostly clear,4,0.5499999999999999,0.7,0.6250085072544701,31.675068313377203,334,411.9468640970782,22.412826017942425,332.2239457201872,18.075334814701204,254.95032508827424,13.871102749976924,613.8906914205163,699.0441000000001
Engerer2,C,IDA ICE,all_edges_minus_0p05,coordinated,Clear,5,0.7,,0.9269381902993205,48.615828184342064,441,446.47902276535956,22.799569631424806,317.89529423715646,16.23340745455658,205.3434313395912,10.485916745170643,863.6007267792403,954.1571799999999
Engerer2,C,PVsyst,all_edges_minus_0p05,coordinated,Clear,5,0.7,,0.9269381902993205,48.615828184342064,441,371.613406556377,18.97653709747917,227.2679391523565,11.605497547457423,142.61354471827602,7.282598459048861,863.6007267792403,926.4933000000001
Engerer2,C,IDA ICE,all_edges_plus_0p05,coordinated,Overcast/very cloudy,1,0.0,0.25,0.08138894014509838,45.07446583282865,1993,157.10727957397566,92.78496537988855,84.99798463374343,50.198406356394976,5.214067849308751,3.0793423843782235,337.46287117632767,347.85450840000004
Engerer2,C,PVsyst,all_edges_plus_0p05,coordinated,Overcast/very cloudy,1,0.0,0.25,0.08138894014509838,45.07446583282865,1993,165.0562374800016,97.47948867706987,95.17402539087175,56.20820801494833,46.556462028937446,27.495477798856925,337.46287117632767,430.2499
Engerer2,C,IDA ICE,all_edges_plus_0p05,coordinated,Cloudy,2,0.25,0.45,0.34467072555371336,39.099165741226905,573,395.25546600327067,47.751253289988924,313.8676984449372,37.91870639903065,191.29928368458545,23.111079631067,474.29411044873257,583.9086
Engerer2,C,PVsyst,all_edges_plus_0p05,coordinated,Cloudy,2,0.25,0.45,0.34467072555371336,39.099165741226905,573,412.6389221569467,49.85136799869413,330.25653261391,39.89865971743401,229.636980019664,27.74269944587272,474.29411044873257,605.8761
Engerer2,C,IDA ICE,all_edges_plus_0p05,coordinated,Mixed/broken,3,0.45,0.65,0.546616634942057,32.94186972544523,447,462.9810283871547,29.87439676005653,390.6474045783295,25.206984394834294,287.25269056539435,18.53531855989637,692.7420873172688,821.14404
Engerer2,C,PVsyst,all_edges_plus_0p05,coordinated,Mixed/broken,3,0.45,0.65,0.546616634942057,32.94186972544523,447,440.13067923151954,28.399951037821825,365.1411255985135,23.56116166907343,266.1948829591304,17.176538694730045,692.7420873172688,811.7312
Engerer2,C,IDA ICE,all_edges_plus_0p05,coordinated,Mostly clear,4,0.65,0.8,0.7160811899123417,30.094908196719278,270,470.8003964585458,22.091698968184446,404.30321237676304,18.97140471181366,352.42269318046124,16.53697852819269,575.4021328412755,670.5562600000001
Engerer2,C,PVsyst,all_edges_plus_0p05,coordinated,Mostly clear,4,0.65,0.8,0.7160811899123417,30.094908196719278,270,358.36915193211564,16.816008405092642,281.9505645264583,13.230165144894112,226.91654503231308,10.647765043238925,575.4021328412755,636.6696000000001
Engerer2,C,IDA ICE,all_edges_plus_0p05,coordinated,Clear,5,0.8,,1.0261331724064244,58.957250142181834,285,421.0856929881786,22.958289405893805,260.022803684057,14.17687392024046,106.4173427296604,5.8020497795975245,522.7280673220467,553.05701
Engerer2,C,PVsyst,all_edges_plus_0p05,coordinated,Clear,5,0.8,,1.0261331724064244,58.957250142181834,285,377.52919628501917,20.583517065086525,198.2543170039545,10.809153722238623,90.36643044895867,4.926927457692109,522.7280673220467,548.4825
Engerer2,C,IDA ICE,edge_1_minus_0p05,one_at_a_time,Overcast/very cloudy,1,0.0,0.15000000000000002,0.05173592420632866,45.86917280373925,1578,117.96741911460103,123.40614006087085,56.67798858815689,59.29104705837223,-7.103437935509278,-7.430931890877164,150.84548246223366,139.6362574
Engerer2,C,PVsyst,edge_1_minus_0p05,one_at_a_time,Overcast/very cloudy,1,0.0,0.15000000000000002,0.05173592420632866,45.86917280373925,1578,119.37681781898668,124.88051709836508,62.6825389547825,65.5724287238175,28.565600467532544,29.88257705964241,150.84548246223366,195.922
Engerer2,C,IDA ICE,edge_1_minus_0p05,one_at_a_time,Cloudy,2,0.15000000000000002,0.4,0.2599238484788522,41.09655640902311,860,322.54817226033185,53.0908769530311,247.37131397579796,40.716894781839926,111.59316318666032,18.368043613531054,522.4841706594722,618.454291
Engerer2,C,PVsyst,edge_1_minus_0p05,one_at_a_time,Cloudy,2,0.15000000000000002,0.4,0.2599238484788522,41.09655640902311,860,342.9035904578327,56.44134393995538,269.96253776640026,44.435371541699595,164.47863876805567,27.072902354532502,522.4841706594722,663.9358000000001
Engerer2,C,IDA ICE,edge_1_minus_0p05,one_at_a_time,Mixed/broken,3,0.4,0.6,0.4959140163597251,34.17469789927842,469,459.8356404043021,34.202263692064356,381.3797584180889,28.366768293041687,278.44374491292115,20.710457281093632,630.55158363584,761.1417
Engerer2,C,PVsyst,edge_1_minus_0p05,one_at_a_time,Mixed/broken,3,0.4,0.6,0.4959140163597251,34.17469789927842,469,453.3289652589976,33.718301598820254,373.36483361309547,27.770623610973484,278.54417135215357,20.717926931669787,630.55158363584,761.1888
Engerer2,C,IDA ICE,edge_1_minus_0p05,one_at_a_time,Mostly clear,4,0.6,0.75,0.6728327471710244,29.489050913489617,311,467.96474996703364,22.794460867568898,397.6103193625952,19.367511903173742,325.4523060780351,15.85271081994623,638.475452809731,739.69112
Engerer2,C,PVsyst,edge_1_minus_0p05,one_at_a_time,Mostly clear,4,0.6,0.75,0.6728327471710244,29.489050913489617,311,380.31747948120443,18.525181445605593,301.2906439126259,14.675801527603937,225.83101990440173,11.000179706391762,638.475452809731,708.7089
Engerer2,C,IDA ICE,edge_1_minus_0p05,one_at_a_time,Clear,5,0.75,,0.979495824429778,54.19162371583807,350,434.9007711122329,23.053398642679042,292.6680536887044,15.5138683576202,163.78420131893031,8.681940192292046,660.2725795383744,717.5970500000001
Engerer2,C,PVsyst,edge_1_minus_0p05,one_at_a_time,Clear,5,0.75,,0.979495824429778,54.19162371583807,350,373.29839881739696,19.78795479852203,213.93061580418475,11.340121921133477,122.80348703321602,6.5096176630075515,660.2725795383744,703.2538000000001
Engerer2,C,IDA ICE,edge_1_plus_0p05,one_at_a_time,Overcast/very cloudy,1,0.0,0.25,0.08138894014509838,45.07446583282865,1993,157.10727957397566,92.78496537988855,84.99798463374343,50.198406356394976,5.214067849308751,3.0793423843782235,337.46287117632767,347.85450840000004
Engerer2,C,PVsyst,edge_1_plus_0p05,one_at_a_time,Overcast/very cloudy,1,0.0,0.25,0.08138894014509838,45.07446583282865,1993,165.0562374800016,97.47948867706987,95.17402539087175,56.20820801494833,46.556462028937446,27.495477798856925,337.46287117632767,430.2499
Engerer2,C,IDA ICE,edge_1_plus_0p05,one_at_a_time,Cloudy,2,0.25,0.4,0.321271101978019,40.204905148837966,445,373.98378481939386,49.55023634093578,298.3735115421286,39.53240384988134,167.12192821263346,22.14248685858923,335.86678194537814,410.23604
Engerer2,C,PVsyst,edge_1_plus_0p05,one_at_a_time,Cloudy,2,0.25,0.4,0.321271101978019,40.204905148837966,445,394.6628581371044,52.29006895346182,317.75055358594074,42.09972642329937,210.6541978755548,27.91020818184603,335.86678194537814,429.60790000000003
Engerer2,C,IDA ICE,edge_1_plus_0p05,one_at_a_time,Mixed/broken,3,0.4,0.6,0.4959140163597251,34.17469789927842,469,459.8356404043021,34.202263692064356,381.3797584180889,28.366768293041687,278.44374491292115,20.710457281093632,630.55158363584,761.1417
Engerer2,C,PVsyst,edge_1_plus_0p05,one_at_a_time,Mixed/broken,3,0.4,0.6,0.4959140163597251,34.17469789927842,469,453.3289652589976,33.718301598820254,373.36483361309547,27.770623610973484,278.54417135215357,20.717926931669787,630.55158363584,761.1888
Engerer2,C,IDA ICE,edge_1_plus_0p05,one_at_a_time,Mostly clear,4,0.6,0.75,0.6728327471710244,29.489050913489617,311,467.96474996703364,22.794460867568898,397.6103193625952,19.367511903173742,325.4523060780351,15.85271081994623,638.475452809731,739.69112
Engerer2,C,PVsyst,edge_1_plus_0p05,one_at_a_time,Mostly clear,4,0.6,0.75,0.6728327471710244,29.489050913489617,311,380.31747948120443,18.525181445605593,301.2906439126259,14.675801527603937,225.83101990440173,11.000179706391762,638.475452809731,708.7089
Engerer2,C,IDA ICE,edge_1_plus_0p05,one_at_a_time,Clear,5,0.75,,0.979495824429778,54.19162371583807,350,434.9007711122329,23.053398642679042,292.6680536887044,15.5138683576202,163.78420131893031,8.681940192292046,660.2725795383744,717.5970500000001
Engerer2,C,PVsyst,edge_1_plus_0p05,one_at_a_time,Clear,5,0.75,,0.979495824429778,54.19162371583807,350,373.29839881739696,19.78795479852203,213.93061580418475,11.340121921133477,122.80348703321602,6.5096176630075515,660.2725795383744,703.2538000000001
Engerer2,C,IDA ICE,edge_2_minus_0p05,one_at_a_time,Overcast/very cloudy,1,0.0,0.2,0.06839593586104166,45.502129271552114,1827,141.87177628749325,102.12273597463641,73.20412692826632,52.694101125511494,-3.7205450086259213,-2.6781382847262702,253.81197713075957,247.01454139999998
Engerer2,C,PVsyst,edge_2_minus_0p05,one_at_a_time,Overcast/very cloudy,1,0.0,0.2,0.06839593586104166,45.502129271552114,1827,145.6730125021933,104.85895774114475,81.30812233245106,58.52755302593845,35.66136993390281,25.669916607471432,253.81197713075957,318.96530000000007
Engerer2,C,IDA ICE,edge_2_minus_0p05,one_at_a_time,Cloudy,2,0.2,0.35000000000000003,0.2702246520513345,40.654007996438324,466,329.92943953788125,52.97817383071526,256.037766380941,41.11307349097636,127.28944532069796,20.439407803258465,290.2084154805547,349.525297
Engerer2,C,PVsyst,edge_2_minus_0p05,one_at_a_time,Cloudy,2,0.2,0.35000000000000003,0.2702246520513345,40.654007996438324,466,355.9997486285258,57.16439428063684,283.6845955908007,45.55244248393304,180.97206978421727,29.05945521248881,290.2084154805547,374.5414
Engerer2,C,IDA ICE,edge_2_minus_0p05,one_at_a_time,Mixed/broken,3,0.35000000000000003,0.6,0.4672205359740481,35.30190326605211,614,447.7644536067258,36.18127932666856,371.31394735817673,30.003752059902904,265.19798998985107,21.42912970291603,759.8608441462314,922.6924099999999
Engerer2,C,PVsyst,edge_2_minus_0p05,one_at_a_time,Mixed/broken,3,0.35000000000000003,0.6,0.4672205359740481,35.30190326605211,614,446.0520774243184,36.04291202111546,367.1693401752306,29.668850106481653,273.09292484327125,22.067074141999026,759.8608441462314,927.5398999999999
Engerer2,C,IDA ICE,edge_2_minus_0p05,one_at_a_time,Mostly clear,4,0.6,0.75,0.6728327471710244,29.489050913489617,311,467.96474996703364,22.794460867568898,397.6103193625952,19.367511903173742,325.4523060780351,15.85271081994623,638.475452809731,739.69112
Engerer2,C,PVsyst,edge_2_minus_0p05,one_at_a_time,Mostly clear,4,0.6,0.75,0.6728327471710244,29.489050913489617,311,380.31747948120443,18.525181445605593,301.2906439126259,14.675801527603937,225.83101990440173,11.000179706391762,638.475452809731,708.7089
Engerer2,C,IDA ICE,edge_2_minus_0p05,one_at_a_time,Clear,5,0.75,,0.979495824429778,54.19162371583807,350,434.9007711122329,23.053398642679042,292.6680536887044,15.5138683576202,163.78420131893031,8.681940192292046,660.2725795383744,717.5970500000001
Engerer2,C,PVsyst,edge_2_minus_0p05,one_at_a_time,Clear,5,0.75,,0.979495824429778,54.19162371583807,350,373.29839881739696,19.78795479852203,213.93061580418475,11.340121921133477,122.80348703321602,6.5096176630075515,660.2725795383744,703.2538000000001
Engerer2,C,IDA ICE,edge_2_plus_0p05,one_at_a_time,Overcast/very cloudy,1,0.0,0.2,0.06839593586104166,45.502129271552114,1827,141.87177628749325,102.12273597463641,73.20412692826632,52.694101125511494,-3.7205450086259213,-2.6781382847262702,253.81197713075957,247.01454139999998
Engerer2,C,PVsyst,edge_2_plus_0p05,one_at_a_time,Overcast/very cloudy,1,0.0,0.2,0.06839593586104166,45.502129271552114,1827,145.6730125021933,104.85895774114475,81.30812233245106,58.52755302593845,35.66136993390281,25.669916607471432,253.81197713075957,318.96530000000007
Engerer2,C,IDA ICE,edge_2_plus_0p05,one_at_a_time,Cloudy,2,0.2,0.45,0.3176523797474096,39.38408957432314,739,371.40244220765743,49.19237605509604,291.6146612801855,38.62445813658296,171.5880412797014,22.72689270166136,557.9450044943006,684.7485670000001
Engerer2,C,PVsyst,edge_2_plus_0p05,one_at_a_time,Cloudy,2,0.2,0.45,0.3176523797474096,39.38408957432314,739,391.1946029997234,51.81385428458454,311.73056331581836,41.28881600063559,215.44749053545246,28.53609123178838,557.9450044943006,717.1606999999999
Engerer2,C,IDA ICE,edge_2_plus_0p05,one_at_a_time,Mixed/broken,3,0.45,0.6,0.5221495258376885,33.769191015458816,341,459.15552132386983,31.815548845339602,386.50184200991754,26.781270532967444,279.6037679399251,19.3741486775218,492.12425513248553,587.46914
Engerer2,C,PVsyst,edge_2_plus_0p05,one_at_a_time,Mixed/broken,3,0.45,0.6,0.5221495258376885,33.769191015458816,341,446.9849885361865,30.972235060798997,373.22612939153953,25.8613772426747,272.1300435997491,18.856283529965943,492.12425513248553,584.9205999999999
Engerer2,C,IDA ICE,edge_2_plus_0p05,one_at_a_time,Mostly clear,4,0.6,0.75,0.6728327471710244,29.489050913489617,311,467.96474996703364,22.794460867568898,397.6103193625952,19.367511903173742,325.4523060780351,15.85271081994623,638.475452809731,739.69112
Engerer2,C,PVsyst,edge_2_plus_0p05,one_at_a_time,Mostly clear,4,0.6,0.75,0.6728327471710244,29.489050913489617,311,380.31747948120443,18.525181445605593,301.2906439126259,14.675801527603937,225.83101990440173,11.000179706391762,638.475452809731,708.7089
Engerer2,C,IDA ICE,edge_2_plus_0p05,one_at_a_time,Clear,5,0.75,,0.979495824429778,54.19162371583807,350,434.9007711122329,23.053398642679042,292.6680536887044,15.5138683576202,163.78420131893031,8.681940192292046,660.2725795383744,717.5970500000001
Engerer2,C,PVsyst,edge_2_plus_0p05,one_at_a_time,Clear,5,0.75,,0.979495824429778,54.19162371583807,350,373.29839881739696,19.78795479852203,213.93061580418475,11.340121921133477,122.80348703321602,6.5096176630075515,660.2725795383744,703.2538000000001
Engerer2,C,IDA ICE,edge_3_minus_0p05,one_at_a_time,Overcast/very cloudy,1,0.0,0.2,0.06839593586104166,45.502129271552114,1827,141.87177628749325,102.12273597463641,73.20412692826632,52.694101125511494,-3.7205450086259213,-2.6781382847262702,253.81197713075957,247.01454139999998
Engerer2,C,PVsyst,edge_3_minus_0p05,one_at_a_time,Overcast/very cloudy,1,0.0,0.2,0.06839593586104166,45.502129271552114,1827,145.6730125021933,104.85895774114475,81.30812233245106,58.52755302593845,35.66136993390281,25.669916607471432,253.81197713075957,318.96530000000007
Engerer2,C,IDA ICE,edge_3_minus_0p05,one_at_a_time,Cloudy,2,0.2,0.4,0.2949499562541349,40.24910477403384,611,349.5587856926625,50.91094613682646,275.668176944935,40.14926324987324,149.849968918255,21.82466586009352,419.51767599094626,511.076007
Engerer2,C,PVsyst,edge_3_minus_0p05,one_at_a_time,Cloudy,2,0.2,0.4,0.2949499562541349,40.24910477403384,611,372.62941214526603,54.27103167535451,298.7412265930654,43.50970171094822,198.64946646326317,28.931992846869512,419.51767599094626,540.8925
Engerer2,C,IDA ICE,edge_3_minus_0p05,one_at_a_time,Mixed/broken,3,0.4,0.5499999999999999,0.47077637534740474,34.21702367165447,355,450.5409057949353,35.400424857629545,372.73926629124315,29.287303812180188,261.7591330022852,20.56724350543937,451.8081977841888,544.73269
Engerer2,C,PVsyst,edge_3_minus_0p05,one_at_a_time,Mixed/broken,3,0.4,0.5499999999999999,0.47077637534740474,34.21702367165447,355,452.0967659243673,35.52267371204546,373.23170060873616,29.325995934980824,269.8757808896091,21.204994217828244,451.8081977841888,547.6141
Engerer2,C,IDA ICE,edge_3_minus_0p05,one_at_a_time,Mostly clear,4,0.5499999999999999,0.75,0.6463742230460494,30.710552342163556,425,473.3243503437379,24.615542297776276,400.47406232108113,20.826915439841336,326.77950903204174,16.994382014749874,817.2188386613822,956.1001300000001
Engerer2,C,PVsyst,edge_3_minus_0p05,one_at_a_time,Mostly clear,4,0.5499999999999999,0.75,0.6463742230460494,30.710552342163556,425,402.36754357091087,20.925387170191534,320.73469060062837,16.680017280138664,247.2112031496888,12.856380245799953,817.2188386613822,922.2836000000001
Engerer2,C,IDA ICE,edge_3_minus_0p05,one_at_a_time,Clear,5,0.75,,0.979495824429778,54.19162371583807,350,434.9007711122329,23.053398642679042,292.6680536887044,15.5138683576202,163.78420131893031,8.681940192292046,660.2725795383744,717.5970500000001
Engerer2,C,PVsyst,edge_3_minus_0p05,one_at_a_time,Clear,5,0.75,,0.979495824429778,54.19162371583807,350,373.29839881739696,19.78795479852203,213.93061580418475,11.340121921133477,122.80348703321602,6.5096176630075515,660.2725795383744,703.2538000000001
Engerer2,C,IDA ICE,edge_3_plus_0p05,one_at_a_time,Overcast/very cloudy,1,0.0,0.2,0.06839593586104166,45.502129271552114,1827,141.87177628749325,102.12273597463641,73.20412692826632,52.694101125511494,-3.7205450086259213,-2.6781382847262702,253.81197713075957,247.01454139999998
Engerer2,C,PVsyst,edge_3_plus_0p05,one_at_a_time,Overcast/very cloudy,1,0.0,0.2,0.06839593586104166,45.502129271552114,1827,145.6730125021933,104.85895774114475,81.30812233245106,58.52755302593845,35.66136993390281,25.669916607471432,253.81197713075957,318.96530000000007
Engerer2,C,IDA ICE,edge_3_plus_0p05,one_at_a_time,Cloudy,2,0.2,0.4,0.2949499562541349,40.24910477403384,611,349.5587856926625,50.91094613682646,275.668176944935,40.14926324987324,149.849968918255,21.82466586009352,419.51767599094626,511.076007
Engerer2,C,PVsyst,edge_3_plus_0p05,one_at_a_time,Cloudy,2,0.2,0.4,0.2949499562541349,40.24910477403384,611,372.62941214526603,54.27103167535451,298.7412265930654,43.50970171094822,198.64946646326317,28.931992846869512,419.51767599094626,540.8925
Engerer2,C,IDA ICE,edge_3_plus_0p05,one_at_a_time,Mixed/broken,3,0.4,0.65,0.5197709933585369,33.45679121002459,575,462.68342421948654,32.00827218402129,385.5467276855914,26.671983376618662,284.60379857282925,19.688787997306907,831.1694158206232,994.8166000000001
Engerer2,C,PVsyst,edge_3_plus_0p05,one_at_a_time,Mixed/broken,3,0.4,0.65,0.5197709933585369,33.45679121002459,575,446.90855507056426,30.916972433575722,367.05405214706485,25.39266676170756,272.74779857282925,18.868594199238764,831.1694158206232,987.9994
Engerer2,C,IDA ICE,edge_3_plus_0p05,one_at_a_time,Mostly clear,4,0.65,0.75,0.6973967651792237,29.07986928337906,205,464.24355562096207,21.735359719550516,394.3148663445644,18.461377350304357,332.4809725612298,15.566384177068871,437.8576206249478,506.01622
Engerer2,C,PVsyst,edge_3_plus_0p05,one_at_a_time,Mostly clear,4,0.65,0.75,0.6973967651792237,29.07986928337906,205,359.6960231068089,16.840562151607887,281.7239865210054,13.189999332288766,214.83258231732754,10.058219224823247,437.8576206249478,481.8983
Engerer2,C,IDA ICE,edge_3_plus_0p05,one_at_a_time,Clear,5,0.75,,0.979495824429778,54.19162371583807,350,434.9007711122329,23.053398642679042,292.6680536887044,15.5138683576202,163.78420131893031,8.681940192292046,660.2725795383744,717.5970500000001
Engerer2,C,PVsyst,edge_3_plus_0p05,one_at_a_time,Clear,5,0.75,,0.979495824429778,54.19162371583807,350,373.29839881739696,19.78795479852203,213.93061580418475,11.340121921133477,122.80348703321602,6.5096176630075515,660.2725795383744,703.2538000000001
Engerer2,C,IDA ICE,edge_4_minus_0p05,one_at_a_time,Overcast/very cloudy,1,0.0,0.2,0.06839593586104166,45.502129271552114,1827,141.87177628749325,102.12273597463641,73.20412692826632,52.694101125511494,-3.7205450086259213,-2.6781382847262702,253.81197713075957,247.01454139999998
Engerer2,C,PVsyst,edge_4_minus_0p05,one_at_a_time,Overcast/very cloudy,1,0.0,0.2,0.06839593586104166,45.502129271552114,1827,145.6730125021933,104.85895774114475,81.30812233245106,58.52755302593845,35.66136993390281,25.669916607471432,253.81197713075957,318.96530000000007
Engerer2,C,IDA ICE,edge_4_minus_0p05,one_at_a_time,Cloudy,2,0.2,0.4,0.2949499562541349,40.24910477403384,611,349.5587856926625,50.91094613682646,275.668176944935,40.14926324987324,149.849968918255,21.82466586009352,419.51767599094626,511.076007
Engerer2,C,PVsyst,edge_4_minus_0p05,one_at_a_time,Cloudy,2,0.2,0.4,0.2949499562541349,40.24910477403384,611,372.62941214526603,54.27103167535451,298.7412265930654,43.50970171094822,198.64946646326317,28.931992846869512,419.51767599094626,540.8925
Engerer2,C,IDA ICE,edge_4_minus_0p05,one_at_a_time,Mixed/broken,3,0.4,0.6,0.4959140163597251,34.17469789927842,469,459.8356404043021,34.202263692064356,381.3797584180889,28.366768293041687,278.44374491292115,20.710457281093632,630.55158363584,761.1417
Engerer2,C,PVsyst,edge_4_minus_0p05,one_at_a_time,Mixed/broken,3,0.4,0.6,0.4959140163597251,34.17469789927842,469,453.3289652589976,33.718301598820254,373.36483361309547,27.770623610973484,278.54417135215357,20.717926931669787,630.55158363584,761.1888
Engerer2,C,IDA ICE,edge_4_minus_0p05,one_at_a_time,Mostly clear,4,0.6,0.7,0.6513399136300483,30.44810411519883,220,459.2199421370209,23.217054541581238,390.4491061555802,19.740166664236312,309.01674741424915,15.623142683202463,435.14730556886514,503.13099
Engerer2,C,PVsyst,edge_4_minus_0p05,one_at_a_time,Mostly clear,4,0.6,0.7,0.6513399136300483,30.44810411519883,220,386.4523776290766,19.538101693460195,310.6906573731914,15.707771540202017,228.7367928687946,11.56438148349536,435.14730556886514,485.4694
Engerer2,C,IDA ICE,edge_4_minus_0p05,one_at_a_time,Clear,5,0.7,,0.9269381902993205,48.615828184342064,441,446.47902276535956,22.799569631424806,317.89529423715646,16.23340745455658,205.3434313395912,10.485916745170643,863.6007267792403,954.1571799999999
Engerer2,C,PVsyst,edge_4_minus_0p05,one_at_a_time,Clear,5,0.7,,0.9269381902993205,48.615828184342064,441,371.613406556377,18.97653709747917,227.2679391523565,11.605497547457423,142.61354471827602,7.282598459048861,863.6007267792403,926.4933000000001
Engerer2,C,IDA ICE,edge_4_plus_0p05,one_at_a_time,Overcast/very cloudy,1,0.0,0.2,0.06839593586104166,45.502129271552114,1827,141.87177628749325,102.12273597463641,73.20412692826632,52.694101125511494,-3.7205450086259213,-2.6781382847262702,253.81197713075957,247.01454139999998
Engerer2,C,PVsyst,edge_4_plus_0p05,one_at_a_time,Overcast/very cloudy,1,0.0,0.2,0.06839593586104166,45.502129271552114,1827,145.6730125021933,104.85895774114475,81.30812233245106,58.52755302593845,35.66136993390281,25.669916607471432,253.81197713075957,318.96530000000007
Engerer2,C,IDA ICE,edge_4_plus_0p05,one_at_a_time,Cloudy,2,0.2,0.4,0.2949499562541349,40.24910477403384,611,349.5587856926625,50.91094613682646,275.668176944935,40.14926324987324,149.849968918255,21.82466586009352,419.51767599094626,511.076007
Engerer2,C,PVsyst,edge_4_plus_0p05,one_at_a_time,Cloudy,2,0.2,0.4,0.2949499562541349,40.24910477403384,611,372.62941214526603,54.27103167535451,298.7412265930654,43.50970171094822,198.64946646326317,28.931992846869512,419.51767599094626,540.8925
Engerer2,C,IDA ICE,edge_4_plus_0p05,one_at_a_time,Mixed/broken,3,0.4,0.6,0.4959140163597251,34.17469789927842,469,459.8356404043021,34.202263692064356,381.3797584180889,28.366768293041687,278.44374491292115,20.710457281093632,630.55158363584,761.1417
Engerer2,C,PVsyst,edge_4_plus_0p05,one_at_a_time,Mixed/broken,3,0.4,0.6,0.4959140163597251,34.17469789927842,469,453.3289652589976,33.718301598820254,373.36483361309547,27.770623610973484,278.54417135215357,20.717926931669787,630.55158363584,761.1888
Engerer2,C,IDA ICE,edge_4_plus_0p05,one_at_a_time,Mostly clear,4,0.6,0.8,0.6904961935765427,30.147199053502042,376,472.0104428093796,22.870020681796134,404.213109209727,19.58507975471401,340.98722067537585,16.52163613723984,776.0199650260587,904.2311600000002
Engerer2,C,PVsyst,edge_4_plus_0p05,one_at_a_time,Mostly clear,4,0.6,0.8,0.6904961935765427,30.147199053502042,376,375.92439289480404,18.214424640956228,298.07081234618164,14.442234799771015,232.60700790941843,11.27035887163089,776.0199650260587,863.4802
Engerer2,C,IDA ICE,edge_4_plus_0p05,one_at_a_time,Clear,5,0.8,,1.0261331724064244,58.957250142181834,285,421.0856929881786,22.958289405893805,260.022803684057,14.17687392024046,106.4173427296604,5.8020497795975245,522.7280673220467,553.05701
Engerer2,C,PVsyst,edge_4_plus_0p05,one_at_a_time,Clear,5,0.8,,1.0261331724064244,58.957250142181834,285,377.52919628501917,20.583517065086525,198.2543170039545,10.809153722238623,90.36643044895867,4.926927457692109,522.7280673220467,548.4825
