#      time         order        p_syst    
  0.000000000       1.0000       0.0000    
  1.000000000       1.0000       0.0000    
  2.000000000       1.0000       0.0000    
  3.000000000       1.0000       0.0000    
  4.000000000       1.0000       0.0000    
  5.000000000       1.0000       0.0000    
  6.000000000       1.0000       0.0000    
  7.000000000       1.0000       0.0000    
  8.000000000       1.0000       0.0000    
  9.000000000       1.0000      0.64164    
  10.00000000       1.0000       9.8533    
  11.00000000       1.0000       39.908    
  12.00000000       1.0000       27.108    
  13.00000000       1.0000       17.720    
  14.00000000       1.0000       55.439    
  15.00000000       1.0000       49.229    
  16.00000000       1.0000       1.1117    
  17.00000000       1.0000       0.0000    
  18.00000000       1.0000       0.0000    
  19.00000000       1.0000       0.0000    
  20.00000000       1.0000       0.0000    
  21.00000000       1.0000       0.0000    
  22.00000000       1.0000       0.0000    
  23.00000000       1.0000       0.0000    
  24.00000000       1.0000       0.0000    
  25.00000000       1.0000       0.0000    
  26.00000000       1.0000       0.0000    
  27.00000000       1.0000       0.0000    
  28.00000000       1.0000       0.0000    
  29.00000000       1.0000       0.0000    
  30.00000000       1.0000       0.0000    
  31.00000000       1.0000       0.0000    
  32.00000000       1.0000       0.0000    
  33.00000000       1.0000      0.46545    
  34.00000000       1.0000       8.4056    
  35.00000000       1.0000       33.571    
  36.00000000       1.0000       66.633    
  37.00000000       1.0000       72.571    
  38.00000000       1.0000       64.970    
  39.00000000       1.0000       29.809    
  40.00000000       1.0000       3.0413    
  41.00000000       1.0000       0.0000    
  42.00000000       1.0000       0.0000    
  43.00000000       1.0000       0.0000    
  44.00000000       1.0000       0.0000    
  45.00000000       1.0000       0.0000    
  46.00000000       1.0000       0.0000    
  47.00000000       1.0000       0.0000    
  48.00000000       1.0000       0.0000    
  49.00000000       1.0000       0.0000    
  50.00000000       1.0000       0.0000    
  51.00000000       1.0000       0.0000    
  52.00000000       1.0000       0.0000    
  53.00000000       1.0000       0.0000    
  54.00000000       1.0000       0.0000    
  55.00000000       1.0000       0.0000    
  56.00000000       1.0000       0.0000    
  57.00000000       1.0000      0.69708    
  58.00000000       1.0000       6.7886    
  59.00000000       1.0000       84.327    
  60.00000000       1.0000       112.62    
  61.00000000       1.0000       144.50    
  62.00000000       1.0000       135.74    
  63.00000000       1.0000       64.927    
  64.00000000       1.0000       18.712    
  65.00000000       1.0000       2.0122    
  66.00000000       1.0000       0.0000    
  67.00000000       1.0000       0.0000    
  68.00000000       1.0000       0.0000    
  69.00000000       1.0000       0.0000    
  70.00000000       1.0000       0.0000    
  71.00000000       1.0000       0.0000    
  72.00000000       1.0000       0.0000    
  73.00000000       1.0000       0.0000    
  74.00000000       1.0000       0.0000    
  75.00000000       1.0000       0.0000    
  76.00000000       1.0000       0.0000    
  77.00000000       1.0000       0.0000    
  78.00000000       1.0000       0.0000    
  79.00000000       1.0000       0.0000    
  80.00000000       1.0000       0.0000    
  81.00000000       1.0000      0.68663    
  82.00000000       1.0000       8.9216    
  83.00000000       1.0000       44.026    
  84.00000000       1.0000       69.211    
  85.00000000       1.0000       247.83    
  86.00000000       1.0000       195.96    
  87.00000000       1.0000       101.47    
  88.00000000       1.0000       4.4616    
  89.00000000       1.0000      0.19010    
  90.00000000       1.0000       0.0000    
  91.00000000       1.0000       0.0000    
  92.00000000       1.0000       0.0000    
  93.00000000       1.0000       0.0000    
  94.00000000       1.0000       0.0000    
  95.00000000       1.0000       0.0000    
  96.00000000       1.0000       0.0000    
  97.00000000       1.0000       0.0000    
  98.00000000       1.0000       0.0000    
  99.00000000       1.0000       0.0000    
  100.0000000       1.0000       0.0000    
  101.0000000       1.0000       0.0000    
  102.0000000       1.0000       0.0000    
  103.0000000       1.0000       0.0000    
  104.0000000       1.0000       0.0000    
  105.0000000       1.0000      0.66923    
  106.0000000       1.0000       5.9534    
  107.0000000       1.0000       84.277    
  108.0000000       1.0000       99.866    
  109.0000000       1.0000       70.284    
  110.0000000       1.0000       72.594    
  111.0000000       1.0000       40.126    
  112.0000000       1.0000       4.4189    
  113.0000000       1.0000      0.13038    
  114.0000000       1.0000       0.0000    
  115.0000000       1.0000       0.0000    
  116.0000000       1.0000       0.0000    
  117.0000000       1.0000       0.0000    
  118.0000000       1.0000       0.0000    
  119.0000000       1.0000       0.0000    
  120.0000000       1.0000       0.0000    
  121.0000000       1.0000       0.0000    
  122.0000000       1.0000       0.0000    
  123.0000000       1.0000       0.0000    
  124.0000000       1.0000       0.0000    
  125.0000000       1.0000       0.0000    
  126.0000000       1.0000       0.0000    
  127.0000000       1.0000       0.0000    
  128.0000000       1.0000       0.0000    
  129.0000000       1.0000       1.9056    
  130.0000000       1.0000       15.612    
  131.0000000       1.0000       58.231    
  132.0000000       1.0000       79.701    
  133.0000000       1.0000       83.942    
  134.0000000       1.0000       65.918    
  135.0000000       1.0000       36.547    
  136.0000000       1.0000       5.9333    
  137.0000000       1.0000      0.39266    
  138.0000000       1.0000       0.0000    
  139.0000000       1.0000       0.0000    
  140.0000000       1.0000       0.0000    
  141.0000000       1.0000       0.0000    
  142.0000000       1.0000       0.0000    
  143.0000000       1.0000       0.0000    
  144.0000000       1.0000       0.0000    
  145.0000000       1.0000       0.0000    
  146.0000000       1.0000       0.0000    
  147.0000000       1.0000       0.0000    
  148.0000000       1.0000       0.0000    
  149.0000000       1.0000       0.0000    
  150.0000000       1.0000       0.0000    
  151.0000000       1.0000       0.0000    
  152.0000000       1.0000       0.0000    
  153.0000000       1.0000      0.85260    
  154.0000000       1.0000       6.8860    
  155.0000000       1.0000       10.323    
  156.0000000       1.0000       10.788    
  157.0000000       1.0000       10.806    
  158.0000000       1.0000       10.465    
  159.0000000       1.0000       6.7850    
  160.0000000       1.0000      0.75649    
  161.0000000       1.0000       0.0000    
  162.0000000       1.0000       0.0000    
  163.0000000       1.0000       0.0000    
  164.0000000       1.0000       0.0000    
  165.0000000       1.0000       0.0000    
  166.0000000       1.0000       0.0000    
  167.0000000       1.0000       0.0000    
  168.0000000       1.0000       0.0000    
  169.0000000       1.0000       0.0000    
  170.0000000       1.0000       0.0000    
  171.0000000       1.0000       0.0000    
  172.0000000       1.0000       0.0000    
  173.0000000       1.0000       0.0000    
  174.0000000       1.0000       0.0000    
  175.0000000       1.0000       0.0000    
  176.0000000       1.0000       0.0000    
  177.0000000       1.0000      0.26553    
  178.0000000       1.0000       3.2694    
  179.0000000       1.0000       10.029    
  180.0000000       1.0000       10.698    
  181.0000000       1.0000       10.800    
  182.0000000       1.0000       10.876    
  183.0000000       1.0000       10.384    
  184.0000000       1.0000       3.5512    
  185.0000000       1.0000      1.18418E-03
  186.0000000       1.0000       0.0000    
  187.0000000       1.0000       0.0000    
  188.0000000       1.0000       0.0000    
  189.0000000       1.0000       0.0000    
  190.0000000       1.0000       0.0000    
  191.0000000       1.0000       0.0000    
  192.0000000       1.0000       0.0000    
  193.0000000       1.0000       0.0000    
  194.0000000       1.0000       0.0000    
  195.0000000       1.0000       0.0000    
  196.0000000       1.0000       0.0000    
  197.0000000       1.0000       0.0000    
  198.0000000       1.0000       0.0000    
  199.0000000       1.0000       0.0000    
  200.0000000       1.0000       0.0000    
  201.0000000       1.0000      2.51188E-02
  202.0000000       1.0000       13.059    
  203.0000000       1.0000       19.853    
  204.0000000       1.0000       51.320    
  205.0000000       1.0000       584.56    
  206.0000000       1.0000       240.79    
  207.0000000       1.0000       139.10    
  208.0000000       1.0000       22.267    
  209.0000000       1.0000      0.86329    
  210.0000000       1.0000       0.0000    
  211.0000000       1.0000       0.0000    
  212.0000000       1.0000       0.0000    
  213.0000000       1.0000       0.0000    
  214.0000000       1.0000       0.0000    
  215.0000000       1.0000       0.0000    
  216.0000000       1.0000       0.0000    
  217.0000000       1.0000       0.0000    
  218.0000000       1.0000       0.0000    
  219.0000000       1.0000       0.0000    
  220.0000000       1.0000       0.0000    
  221.0000000       1.0000       0.0000    
  222.0000000       1.0000       0.0000    
  223.0000000       1.0000       0.0000    
  224.0000000       1.0000       0.0000    
  225.0000000       1.0000      8.75821E-02
  226.0000000       1.0000       3.5559    
  227.0000000       1.0000       9.5216    
  228.0000000       1.0000       10.519    
  229.0000000       1.0000       15.766    
  230.0000000       1.0000       52.128    
  231.0000000       1.0000       49.893    
  232.0000000       1.0000       4.9237    
  233.0000000       1.0000      3.34355E-02
  234.0000000       1.0000     -1.10395E-18
  235.0000000       1.0000       0.0000    
  236.0000000       1.0000       0.0000    
  237.0000000       1.0000       0.0000    
  238.0000000       1.0000       0.0000    
  239.0000000       1.0000       0.0000    
  240.0000000       1.0000       0.0000    
  241.0000000       1.0000       0.0000    
  242.0000000       1.0000       0.0000    
  243.0000000       1.0000       0.0000    
  244.0000000       1.0000       0.0000    
  245.0000000       1.0000       0.0000    
  246.0000000       1.0000       0.0000    
  247.0000000       1.0000       0.0000    
  248.0000000       1.0000       0.0000    
  249.0000000       1.0000      0.10433    
  250.0000000       1.0000       1.6708    
  251.0000000       1.0000       7.8704    
  252.0000000       1.0000       9.8466    
  253.0000000       1.0000       4.2891    
  254.0000000       1.0000       1.9892    
  255.0000000       1.0000      0.17988    
  256.0000000       1.0000       0.0000    
  257.0000000       1.0000       0.0000    
  258.0000000       1.0000       0.0000    
  259.0000000       1.0000       0.0000    
  260.0000000       1.0000       0.0000    
  261.0000000       1.0000       0.0000    
  262.0000000       1.0000       0.0000    
  263.0000000       1.0000       0.0000    
  264.0000000       1.0000       0.0000    
  265.0000000       1.0000       0.0000    
  266.0000000       1.0000       0.0000    
  267.0000000       1.0000       0.0000    
  268.0000000       1.0000       0.0000    
  269.0000000       1.0000       0.0000    
  270.0000000       1.0000       0.0000    
  271.0000000       1.0000       0.0000    
  272.0000000       1.0000      3.49365E-02
  273.0000000       1.0000       1.8967    
  274.0000000       1.0000       76.939    
  275.0000000       1.0000       233.26    
  276.0000000       1.0000       280.01    
  277.0000000       1.0000       1220.6    
  278.0000000       1.0000       377.81    
  279.0000000       1.0000       491.58    
  280.0000000       1.0000       41.116    
  281.0000000       1.0000      0.34787    
  282.0000000       1.0000     -3.44203E-33
  283.0000000       1.0000      3.84941E-81
  284.0000000       1.0000       0.0000    
  285.0000000       1.0000       0.0000    
  286.0000000       1.0000       0.0000    
  287.0000000       1.0000       0.0000    
  288.0000000       1.0000       0.0000    
  289.0000000       1.0000       0.0000    
  290.0000000       1.0000       0.0000    
  291.0000000       1.0000       0.0000    
  292.0000000       1.0000       0.0000    
  293.0000000       1.0000       0.0000    
  294.0000000       1.0000       0.0000    
  295.0000000       1.0000       0.0000    
  296.0000000       1.0000       0.0000    
  297.0000000       1.0000      0.87907    
  298.0000000       1.0000       21.494    
  299.0000000       1.0000       95.044    
  300.0000000       1.0000       261.40    
  301.0000000       1.0000       278.65    
  302.0000000       1.0000       182.65    
  303.0000000       1.0000       39.687    
  304.0000000       1.0000       11.871    
  305.0000000       1.0000      0.16277    
  306.0000000       1.0000      1.02724E-33
  307.0000000       1.0000      1.69214E-49
  308.0000000       1.0000       0.0000    
  309.0000000       1.0000       0.0000    
  310.0000000       1.0000       0.0000    
  311.0000000       1.0000       0.0000    
  312.0000000       1.0000       0.0000    
  313.0000000       1.0000       0.0000    
  314.0000000       1.0000       0.0000    
  315.0000000       1.0000       0.0000    
  316.0000000       1.0000       0.0000    
  317.0000000       1.0000       0.0000    
  318.0000000       1.0000       0.0000    
  319.0000000       1.0000       0.0000    
  320.0000000       1.0000       0.0000    
  321.0000000       1.0000      8.89927E-02
  322.0000000       1.0000       9.2144    
  323.0000000       1.0000       43.921    
  324.0000000       1.0000       64.901    
  325.0000000       1.0000       56.085    
  326.0000000       1.0000       52.437    
  327.0000000       1.0000       13.046    
  328.0000000       1.0000       4.0327    
  329.0000000       1.0000      0.12980    
  330.0000000       1.0000     -1.50701E-32
  331.0000000       1.0000       0.0000    
  332.0000000       1.0000       0.0000    
  333.0000000       1.0000       0.0000    
  334.0000000       1.0000       0.0000    
  335.0000000       1.0000       0.0000    
  336.0000000       1.0000       0.0000    
  337.0000000       1.0000       0.0000    
  338.0000000       1.0000       0.0000    
  339.0000000       1.0000       0.0000    
  340.0000000       1.0000       0.0000    
  341.0000000       1.0000       0.0000    
  342.0000000       1.0000       0.0000    
  343.0000000       1.0000       0.0000    
  344.0000000       1.0000       0.0000    
  345.0000000       1.0000      0.34320    
  346.0000000       1.0000       10.477    
  347.0000000       1.0000       59.127    
  348.0000000       1.0000       80.722    
  349.0000000       1.0000       78.894    
  350.0000000       1.0000       87.713    
  351.0000000       1.0000       77.899    
  352.0000000       1.0000       46.381    
  353.0000000       1.0000       4.3541    
  354.0000000       1.0000     -1.71762E-29
  355.0000000       1.0000       0.0000    
  356.0000000       1.0000       0.0000    
  357.0000000       1.0000       0.0000    
  358.0000000       1.0000       0.0000    
  359.0000000       1.0000       0.0000    
  360.0000000       1.0000       0.0000    
  361.0000000       1.0000       0.0000    
  362.0000000       1.0000       0.0000    
  363.0000000       1.0000       0.0000    
  364.0000000       1.0000       0.0000    
  365.0000000       1.0000       0.0000    
  366.0000000       1.0000       0.0000    
  367.0000000       1.0000       0.0000    
  368.0000000       1.0000      0.16058    
  369.0000000       1.0000       5.2767    
  370.0000000       1.0000       140.90    
  371.0000000       1.0000       379.87    
  372.0000000       1.0000       475.32    
  373.0000000       1.0000       1863.1    
  374.0000000       1.0000       400.91    
  375.0000000       1.0000       609.79    
  376.0000000       1.0000       39.098    
  377.0000000       1.0000      0.86408    
  378.0000000       1.0000     -6.13768E-33
  379.0000000       1.0000     -1.22019E-63
  380.0000000       1.0000     -3.36494E-80
  381.0000000       1.0000       0.0000    
  382.0000000       1.0000       0.0000    
  383.0000000       1.0000       0.0000    
  384.0000000       1.0000       0.0000    
  385.0000000       1.0000       0.0000    
  386.0000000       1.0000       0.0000    
  387.0000000       1.0000       0.0000    
  388.0000000       1.0000       0.0000    
  389.0000000       1.0000       0.0000    
  390.0000000       1.0000       0.0000    
  391.0000000       1.0000       0.0000    
  392.0000000       1.0000       0.0000    
  393.0000000       1.0000      8.95732E-03
  394.0000000       1.0000       8.5649    
  395.0000000       1.0000       61.259    
  396.0000000       1.0000       83.905    
  397.0000000       1.0000       90.284    
  398.0000000       1.0000       83.945    
  399.0000000       1.0000       72.337    
  400.0000000       1.0000       33.788    
  401.0000000       1.0000       4.0297    
  402.0000000       1.0000       0.0000    
  403.0000000       1.0000       0.0000    
  404.0000000       1.0000       0.0000    
  405.0000000       1.0000       0.0000    
  406.0000000       1.0000       0.0000    
  407.0000000       1.0000       0.0000    
  408.0000000       1.0000       0.0000    
  409.0000000       1.0000       0.0000    
  410.0000000       1.0000       0.0000    
  411.0000000       1.0000       0.0000    
  412.0000000       1.0000       0.0000    
  413.0000000       1.0000       0.0000    
  414.0000000       1.0000       0.0000    
  415.0000000       1.0000       0.0000    
  416.0000000       1.0000       0.0000    
  417.0000000       1.0000      0.45028    
  418.0000000       1.0000       7.1263    
  419.0000000       1.0000       11.449    
  420.0000000       1.0000       11.626    
  421.0000000       1.0000       11.529    
  422.0000000       1.0000       11.662    
  423.0000000       1.0000       10.623    
  424.0000000       1.0000       2.7271    
  425.0000000       1.0000      0.19940    
  426.0000000       1.0000       0.0000    
  427.0000000       1.0000       0.0000    
  428.0000000       1.0000       0.0000    
  429.0000000       1.0000       0.0000    
  430.0000000       1.0000       0.0000    
  431.0000000       1.0000       0.0000    
  432.0000000       1.0000       0.0000    
  433.0000000       1.0000       0.0000    
  434.0000000       1.0000       0.0000    
  435.0000000       1.0000       0.0000    
  436.0000000       1.0000       0.0000    
  437.0000000       1.0000       0.0000    
  438.0000000       1.0000       0.0000    
  439.0000000       1.0000       0.0000    
  440.0000000       1.0000       0.0000    
  441.0000000       1.0000      0.57286    
  442.0000000       1.0000       9.5675    
  443.0000000       1.0000       12.337    
  444.0000000       1.0000       15.074    
  445.0000000       1.0000       37.911    
  446.0000000       1.0000       42.517    
  447.0000000       1.0000       16.132    
  448.0000000       1.0000       2.0147    
  449.0000000       1.0000      2.48776E-02
  450.0000000       1.0000       0.0000    
  451.0000000       1.0000       0.0000    
  452.0000000       1.0000       0.0000    
  453.0000000       1.0000       0.0000    
  454.0000000       1.0000       0.0000    
  455.0000000       1.0000       0.0000    
  456.0000000       1.0000       0.0000    
  457.0000000       1.0000       0.0000    
  458.0000000       1.0000       0.0000    
  459.0000000       1.0000       0.0000    
  460.0000000       1.0000       0.0000    
  461.0000000       1.0000       0.0000    
  462.0000000       1.0000       0.0000    
  463.0000000       1.0000       0.0000    
  464.0000000       1.0000      9.50551E-02
  465.0000000       1.0000       1.7466    
  466.0000000       1.0000       9.1842    
  467.0000000       1.0000       13.241    
  468.0000000       1.0000       32.620    
  469.0000000       1.0000       31.039    
  470.0000000       1.0000       18.182    
  471.0000000       1.0000       30.479    
  472.0000000       1.0000       7.1197    
  473.0000000       1.0000      0.27103    
  474.0000000       1.0000     -5.13538E-30
  475.0000000       1.0000       0.0000    
  476.0000000       1.0000       0.0000    
  477.0000000       1.0000       0.0000    
  478.0000000       1.0000       0.0000    
  479.0000000       1.0000       0.0000    
  480.0000000       1.0000       0.0000    
  481.0000000       1.0000       0.0000    
  482.0000000       1.0000       0.0000    
  483.0000000       1.0000       0.0000    
  484.0000000       1.0000       0.0000    
  485.0000000       1.0000       0.0000    
  486.0000000       1.0000       0.0000    
  487.0000000       1.0000       0.0000    
  488.0000000       1.0000       0.0000    
  489.0000000       1.0000      0.13778    
  490.0000000       1.0000       3.7566    
  491.0000000       1.0000       28.499    
  492.0000000       1.0000       43.725    
  493.0000000       1.0000       35.195    
  494.0000000       1.0000       61.678    
  495.0000000       1.0000       83.900    
  496.0000000       1.0000       53.715    
  497.0000000       1.0000       4.7381    
  498.0000000       1.0000       0.0000    
  499.0000000       1.0000       0.0000    
  500.0000000       1.0000       0.0000    
  501.0000000       1.0000       0.0000    
  502.0000000       1.0000       0.0000    
  503.0000000       1.0000       0.0000    
  504.0000000       1.0000       0.0000    
  505.0000000       1.0000       0.0000    
  506.0000000       1.0000       0.0000    
  507.0000000       1.0000       0.0000    
  508.0000000       1.0000       0.0000    
  509.0000000       1.0000       0.0000    
  510.0000000       1.0000       0.0000    
  511.0000000       1.0000       0.0000    
  512.0000000       1.0000       0.0000    
  513.0000000       1.0000       0.0000    
  514.0000000       1.0000      0.11230    
  515.0000000       1.0000       5.9685    
  516.0000000       1.0000       20.675    
  517.0000000       1.0000       46.725    
  518.0000000       1.0000       68.287    
  519.0000000       1.0000       50.613    
  520.0000000       1.0000       11.068    
  521.0000000       1.0000      0.77617    
  522.0000000       1.0000       0.0000    
  523.0000000       1.0000       0.0000    
  524.0000000       1.0000       0.0000    
  525.0000000       1.0000       0.0000    
  526.0000000       1.0000       0.0000    
  527.0000000       1.0000       0.0000    
  528.0000000       1.0000       0.0000    
  529.0000000       1.0000       0.0000    
  530.0000000       1.0000       0.0000    
  531.0000000       1.0000       0.0000    
  532.0000000       1.0000       0.0000    
  533.0000000       1.0000       0.0000    
  534.0000000       1.0000       0.0000    
  535.0000000       1.0000       0.0000    
  536.0000000       1.0000       1.4743    
  537.0000000       1.0000       16.168    
  538.0000000       1.0000       72.138    
  539.0000000       1.0000       76.113    
  540.0000000       1.0000       241.35    
  541.0000000       1.0000       208.48    
  542.0000000       1.0000       163.95    
  543.0000000       1.0000       80.564    
  544.0000000       1.0000       39.148    
  545.0000000       1.0000      2.45631E-02
  546.0000000       1.0000     -6.71451E-18
  547.0000000       1.0000       0.0000    
  548.0000000       1.0000       0.0000    
  549.0000000       1.0000       0.0000    
  550.0000000       1.0000       0.0000    
  551.0000000       1.0000       0.0000    
  552.0000000       1.0000       0.0000    
  553.0000000       1.0000       0.0000    
  554.0000000       1.0000       0.0000    
  555.0000000       1.0000       0.0000    
  556.0000000       1.0000       0.0000    
  557.0000000       1.0000       0.0000    
  558.0000000       1.0000       0.0000    
  559.0000000       1.0000       0.0000    
  560.0000000       1.0000      9.45798E-02
  561.0000000       1.0000       3.3800    
  562.0000000       1.0000       42.205    
  563.0000000       1.0000       62.354    
  564.0000000       1.0000       85.193    
  565.0000000       1.0000       83.593    
  566.0000000       1.0000       82.622    
  567.0000000       1.0000       60.483    
  568.0000000       1.0000       24.800    
  569.0000000       1.0000       1.2554    
  570.0000000       1.0000       0.0000    
  571.0000000       1.0000       0.0000    
  572.0000000       1.0000       0.0000    
  573.0000000       1.0000       0.0000    
  574.0000000       1.0000       0.0000    
  575.0000000       1.0000       0.0000    
  576.0000000       1.0000       0.0000    
  577.0000000       1.0000       0.0000    
  578.0000000       1.0000       0.0000    
  579.0000000       1.0000       0.0000    
  580.0000000       1.0000       0.0000    
  581.0000000       1.0000       0.0000    
  582.0000000       1.0000       0.0000    
  583.0000000       1.0000       0.0000    
  584.0000000       1.0000      0.35295    
  585.0000000       1.0000       8.5313    
  586.0000000       1.0000       60.157    
  587.0000000       1.0000       196.06    
  588.0000000       1.0000       578.57    
  589.0000000       1.0000       525.73    
  590.0000000       1.0000       298.10    
  591.0000000       1.0000       221.78    
  592.0000000       1.0000       37.080    
  593.0000000       1.0000       2.5900    
  594.0000000       1.0000       0.0000    
  595.0000000       1.0000       0.0000    
  596.0000000       1.0000       0.0000    
  597.0000000       1.0000       0.0000    
  598.0000000       1.0000       0.0000    
  599.0000000       1.0000       0.0000    
  600.0000000       1.0000       0.0000    
  601.0000000       1.0000       0.0000    
  602.0000000       1.0000       0.0000    
  603.0000000       1.0000       0.0000    
  604.0000000       1.0000       0.0000    
  605.0000000       1.0000       0.0000    
  606.0000000       1.0000       0.0000    
  607.0000000       1.0000       0.0000    
  608.0000000       1.0000      8.29025E-02
  609.0000000       1.0000       4.9687    
  610.0000000       1.0000       35.255    
  611.0000000       1.0000       113.84    
  612.0000000       1.0000       191.32    
  613.0000000       1.0000       285.66    
  614.0000000       1.0000       257.65    
  615.0000000       1.0000       227.49    
  616.0000000       1.0000       77.400    
  617.0000000       1.0000       11.975    
  618.0000000       1.0000      1.95146E-02
  619.0000000       1.0000      7.16329E-49
  620.0000000       1.0000      1.38417E-77
  621.0000000       1.0000     -5.35996E-96
  622.0000000       1.0000       0.0000    
  623.0000000       1.0000       0.0000    
  624.0000000       1.0000       0.0000    
  625.0000000       1.0000       0.0000    
  626.0000000       1.0000       0.0000    
  627.0000000       1.0000       0.0000    
  628.0000000       1.0000       0.0000    
  629.0000000       1.0000       0.0000    
  630.0000000       1.0000       0.0000    
  631.0000000       1.0000       0.0000    
  632.0000000       1.0000      8.60779E-02
  633.0000000       1.0000       2.6647    
  634.0000000       1.0000       11.568    
  635.0000000       1.0000       45.131    
  636.0000000       1.0000       54.716    
  637.0000000       1.0000       56.176    
  638.0000000       1.0000       50.158    
  639.0000000       1.0000       31.502    
  640.0000000       1.0000       9.6779    
  641.0000000       1.0000      0.61148    
  642.0000000       1.0000       0.0000    
  643.0000000       1.0000       0.0000    
  644.0000000       1.0000       0.0000    
  645.0000000       1.0000       0.0000    
  646.0000000       1.0000       0.0000    
  647.0000000       1.0000       0.0000    
  648.0000000       1.0000       0.0000    
  649.0000000       1.0000       0.0000    
  650.0000000       1.0000       0.0000    
  651.0000000       1.0000       0.0000    
  652.0000000       1.0000       0.0000    
  653.0000000       1.0000       0.0000    
  654.0000000       1.0000       0.0000    
  655.0000000       1.0000       0.0000    
  656.0000000       1.0000      3.10442E-02
  657.0000000       1.0000       2.9889    
  658.0000000       1.0000       24.497    
  659.0000000       1.0000       71.920    
  660.0000000       1.0000       298.73    
  661.0000000       1.0000       1447.1    
  662.0000000       1.0000       1137.7    
  663.0000000       1.0000       532.85    
  664.0000000       1.0000       80.069    
  665.0000000       1.0000       5.3171    
  666.0000000       1.0000      1.07388E-66
  667.0000000       1.0000       0.0000    
  668.0000000       1.0000       0.0000    
  669.0000000       1.0000       0.0000    
  670.0000000       1.0000       0.0000    
  671.0000000       1.0000       0.0000    
  672.0000000       1.0000       0.0000    
  673.0000000       1.0000       0.0000    
  674.0000000       1.0000       0.0000    
  675.0000000       1.0000       0.0000    
  676.0000000       1.0000       0.0000    
  677.0000000       1.0000       0.0000    
  678.0000000       1.0000       0.0000    
  679.0000000       1.0000       0.0000    
  680.0000000       1.0000      1.81280E-02
  681.0000000       1.0000       4.5677    
  682.0000000       1.0000       98.059    
  683.0000000       1.0000       89.650    
  684.0000000       1.0000       127.51    
  685.0000000       1.0000       135.00    
  686.0000000       1.0000       161.33    
  687.0000000       1.0000       112.73    
  688.0000000       1.0000       37.906    
  689.0000000       1.0000       4.0445    
  690.0000000       1.0000       0.0000    
  691.0000000       1.0000       0.0000    
  692.0000000       1.0000       0.0000    
  693.0000000       1.0000       0.0000    
  694.0000000       1.0000       0.0000    
  695.0000000       1.0000       0.0000    
  696.0000000       1.0000       0.0000    
  697.0000000       1.0000       0.0000    
  698.0000000       1.0000       0.0000    
  699.0000000       1.0000       0.0000    
  700.0000000       1.0000       0.0000    
  701.0000000       1.0000       0.0000    
  702.0000000       1.0000       0.0000    
  703.0000000       1.0000       0.0000    
  704.0000000       1.0000       1.0495    
  705.0000000       1.0000       20.296    
  706.0000000       1.0000       107.67    
  707.0000000       1.0000       437.34    
  708.0000000       1.0000       691.37    
  709.0000000       1.0000       2390.3    
  710.0000000       1.0000       1380.8    
  711.0000000       1.0000       609.50    
  712.0000000       1.0000       214.31    
  713.0000000       1.0000       16.912    
  714.0000000       1.0000       1.1157    
  715.0000000       1.0000     -6.30398E-17
  716.0000000       1.0000       0.0000    
  717.0000000       1.0000       0.0000    
  718.0000000       1.0000       0.0000    
  719.0000000       1.0000       0.0000    
  720.0000000       1.0000       0.0000    
  721.0000000       1.0000       0.0000    
  722.0000000       1.0000       0.0000    
  723.0000000       1.0000       0.0000    
  724.0000000       1.0000       0.0000    
  725.0000000       1.0000       0.0000    
  726.0000000       1.0000       0.0000    
  727.0000000       1.0000       0.0000    
  728.0000000       1.0000      7.15088E-02
  729.0000000       1.0000       24.552    
  730.0000000       1.0000       194.28    
  731.0000000       1.0000       403.47    
  732.0000000       1.0000       1204.9    
  733.0000000       1.0000       906.35    
  734.0000000       1.0000       1767.2    
  735.0000000       1.0000       2076.4    
  736.0000000       1.0000       206.67    
  737.0000000       1.0000       19.170    
  738.0000000       1.0000      1.41436E-02
  739.0000000       1.0000      8.45864E-33
  740.0000000       1.0000     -2.24069E-49
  741.0000000       1.0000       0.0000    
  742.0000000       1.0000       0.0000    
  743.0000000       1.0000       0.0000    
  744.0000000       1.0000       0.0000    
  745.0000000       1.0000       0.0000    
  746.0000000       1.0000       0.0000    
  747.0000000       1.0000       0.0000    
  748.0000000       1.0000       0.0000    
  749.0000000       1.0000       0.0000    
  750.0000000       1.0000       0.0000    
  751.0000000       1.0000       0.0000    
  752.0000000       1.0000      2.34066E-04
  753.0000000       1.0000       1.2201    
  754.0000000       1.0000       8.2200    
  755.0000000       1.0000       10.978    
  756.0000000       1.0000       11.096    
  757.0000000       1.0000       11.000    
  758.0000000       1.0000       11.102    
  759.0000000       1.0000       11.293    
  760.0000000       1.0000       11.201    
  761.0000000       1.0000       1.9866    
  762.0000000       1.0000      0.12662    
  763.0000000       1.0000      7.89562E-18
  764.0000000       1.0000       0.0000    
  765.0000000       1.0000       0.0000    
  766.0000000       1.0000       0.0000    
  767.0000000       1.0000       0.0000    
  768.0000000       1.0000       0.0000    
  769.0000000       1.0000       0.0000    
  770.0000000       1.0000       0.0000    
  771.0000000       1.0000       0.0000    
  772.0000000       1.0000       0.0000    
  773.0000000       1.0000       0.0000    
  774.0000000       1.0000       0.0000    
  775.0000000       1.0000       0.0000    
  776.0000000       1.0000      1.57639E-02
  777.0000000       1.0000       2.6794    
  778.0000000       1.0000       11.701    
  779.0000000       1.0000       11.733    
  780.0000000       1.0000       32.749    
  781.0000000       1.0000       178.64    
  782.0000000       1.0000       900.88    
  783.0000000       1.0000       1666.2    
  784.0000000       1.0000       407.38    
  785.0000000       1.0000       24.641    
  786.0000000       1.0000       1.6444    
  787.0000000       1.0000       0.0000    
  788.0000000       1.0000       0.0000    
  789.0000000       1.0000       0.0000    
  790.0000000       1.0000       0.0000    
  791.0000000       1.0000       0.0000    
  792.0000000       1.0000       0.0000    
  793.0000000       1.0000       0.0000    
  794.0000000       1.0000       0.0000    
  795.0000000       1.0000       0.0000    
  796.0000000       1.0000       0.0000    
  797.0000000       1.0000       0.0000    
  798.0000000       1.0000       0.0000    
  799.0000000       1.0000       0.0000    
  800.0000000       1.0000      8.95217E-02
  801.0000000       1.0000       7.6003    
  802.0000000       1.0000       105.87    
  803.0000000       1.0000       667.34    
  804.0000000       1.0000       315.07    
  805.0000000       1.0000       280.04    
  806.0000000       1.0000       328.83    
  807.0000000       1.0000       231.89    
  808.0000000       1.0000       219.91    
  809.0000000       1.0000       23.580    
  810.0000000       1.0000      0.87516    
  811.0000000       1.0000     -1.02409E-45
  812.0000000       1.0000       0.0000    
  813.0000000       1.0000       0.0000    
  814.0000000       1.0000       0.0000    
  815.0000000       1.0000       0.0000    
  816.0000000       1.0000       0.0000    
  817.0000000       1.0000       0.0000    
  818.0000000       1.0000       0.0000    
  819.0000000       1.0000       0.0000    
  820.0000000       1.0000       0.0000    
  821.0000000       1.0000       0.0000    
  822.0000000       1.0000       0.0000    
  823.0000000       1.0000       0.0000    
  824.0000000       1.0000       1.3799    
  825.0000000       1.0000       87.135    
  826.0000000       1.0000       759.14    
  827.0000000       1.0000       1024.0    
  828.0000000       1.0000       835.59    
  829.0000000       1.0000       2117.5    
  830.0000000       1.0000       1360.3    
  831.0000000       1.0000       453.16    
  832.0000000       1.0000       110.72    
  833.0000000       1.0000       27.133    
  834.0000000       1.0000      0.53654    
  835.0000000       1.0000      1.40090E-16
  836.0000000       1.0000       0.0000    
  837.0000000       1.0000       0.0000    
  838.0000000       1.0000       0.0000    
  839.0000000       1.0000       0.0000    
  840.0000000       1.0000       0.0000    
  841.0000000       1.0000       0.0000    
  842.0000000       1.0000       0.0000    
  843.0000000       1.0000       0.0000    
  844.0000000       1.0000       0.0000    
  845.0000000       1.0000       0.0000    
  846.0000000       1.0000       0.0000    
  847.0000000       1.0000       0.0000    
  848.0000000       1.0000       1.3852    
  849.0000000       1.0000       50.607    
  850.0000000       1.0000       880.66    
  851.0000000       1.0000       1301.7    
  852.0000000       1.0000       1167.1    
  853.0000000       1.0000       1936.4    
  854.0000000       1.0000       2252.8    
  855.0000000       1.0000       2410.6    
  856.0000000       1.0000       736.83    
  857.0000000       1.0000       63.937    
  858.0000000       1.0000       2.0790    
  859.0000000       1.0000     -2.35175E-32
  860.0000000       1.0000      2.90959E-60
  861.0000000       1.0000       0.0000    
  862.0000000       1.0000       0.0000    
  863.0000000       1.0000       0.0000    
  864.0000000       1.0000       0.0000    
  865.0000000       1.0000       0.0000    
  866.0000000       1.0000       0.0000    
  867.0000000       1.0000       0.0000    
  868.0000000       1.0000       0.0000    
  869.0000000       1.0000       0.0000    
  870.0000000       1.0000       0.0000    
  871.0000000       1.0000       0.0000    
  872.0000000       1.0000       4.5280    
  873.0000000       1.0000       128.90    
  874.0000000       1.0000       1235.1    
  875.0000000       1.0000       2229.8    
  876.0000000       1.0000       2206.9    
  877.0000000       1.0000       2783.9    
  878.0000000       1.0000       2588.4    
  879.0000000       1.0000       2674.6    
  880.0000000       1.0000       888.27    
  881.0000000       1.0000       61.522    
  882.0000000       1.0000       4.4607    
  883.0000000       1.0000       0.0000    
  884.0000000       1.0000       0.0000    
  885.0000000       1.0000       0.0000    
  886.0000000       1.0000       0.0000    
  887.0000000       1.0000       0.0000    
  888.0000000       1.0000       0.0000    
  889.0000000       1.0000       0.0000    
  890.0000000       1.0000       0.0000    
  891.0000000       1.0000       0.0000    
  892.0000000       1.0000       0.0000    
  893.0000000       1.0000       0.0000    
  894.0000000       1.0000       0.0000    
  895.0000000       1.0000       0.0000    
  896.0000000       1.0000       3.5723    
  897.0000000       1.0000       33.764    
  898.0000000       1.0000       133.93    
  899.0000000       1.0000       651.18    
  900.0000000       1.0000       549.26    
  901.0000000       1.0000       1323.4    
  902.0000000       1.0000       1629.6    
  903.0000000       1.0000       972.85    
  904.0000000       1.0000       1061.9    
  905.0000000       1.0000       58.727    
  906.0000000       1.0000       3.5815    
  907.0000000       1.0000     -1.04744E-29
  908.0000000       1.0000      1.19224E-49
  909.0000000       1.0000      1.55164E-93
  910.0000000       1.0000       0.0000    
  911.0000000       1.0000       0.0000    
  912.0000000       1.0000       0.0000    
  913.0000000       1.0000       0.0000    
  914.0000000       1.0000       0.0000    
  915.0000000       1.0000       0.0000    
  916.0000000       1.0000       0.0000    
  917.0000000       1.0000       0.0000    
  918.0000000       1.0000       0.0000    
  919.0000000       1.0000       0.0000    
  920.0000000       1.0000       3.8867    
  921.0000000       1.0000       64.052    
  922.0000000       1.0000       334.97    
  923.0000000       1.0000       288.28    
  924.0000000       1.0000       974.08    
  925.0000000       1.0000       1253.3    
  926.0000000       1.0000       606.98    
  927.0000000       1.0000       492.72    
  928.0000000       1.0000       237.35    
  929.0000000       1.0000       30.920    
  930.0000000       1.0000      0.27318    
  931.0000000       1.0000     -9.09659E-32
  932.0000000       1.0000     -1.21036E-62
  933.0000000       1.0000       0.0000    
  934.0000000       1.0000       0.0000    
  935.0000000       1.0000       0.0000    
  936.0000000       1.0000       0.0000    
  937.0000000       1.0000       0.0000    
  938.0000000       1.0000       0.0000    
  939.0000000       1.0000       0.0000    
  940.0000000       1.0000       0.0000    
  941.0000000       1.0000       0.0000    
  942.0000000       1.0000       0.0000    
  943.0000000       1.0000       0.0000    
  944.0000000       1.0000      0.41536    
  945.0000000       1.0000       31.903    
  946.0000000       1.0000       183.77    
  947.0000000       1.0000       222.85    
  948.0000000       1.0000       245.55    
  949.0000000       1.0000       317.59    
  950.0000000       1.0000       277.20    
  951.0000000       1.0000       224.00    
  952.0000000       1.0000       82.872    
  953.0000000       1.0000       23.106    
  954.0000000       1.0000      0.43638    
  955.0000000       1.0000     -9.65568E-29
  956.0000000       1.0000       0.0000    
  957.0000000       1.0000       0.0000    
  958.0000000       1.0000       0.0000    
  959.0000000       1.0000       0.0000    
  960.0000000       1.0000       0.0000    
  961.0000000       1.0000       0.0000    
  962.0000000       1.0000       0.0000    
  963.0000000       1.0000       0.0000    
  964.0000000       1.0000       0.0000    
  965.0000000       1.0000       0.0000    
  966.0000000       1.0000       0.0000    
  967.0000000       1.0000       0.0000    
  968.0000000       1.0000       2.0189    
  969.0000000       1.0000       44.053    
  970.0000000       1.0000       177.76    
  971.0000000       1.0000       622.93    
  972.0000000       1.0000       2099.6    
  973.0000000       1.0000       3174.9    
  974.0000000       1.0000       3178.2    
  975.0000000       1.0000       2885.8    
  976.0000000       1.0000       1570.1    
  977.0000000       1.0000       101.21    
  978.0000000       1.0000      0.92700    
  979.0000000       1.0000     -1.29193E-29
  980.0000000       1.0000      1.64472E-45
  981.0000000       1.0000       0.0000    
  982.0000000       1.0000       0.0000    
  983.0000000       1.0000       0.0000    
  984.0000000       1.0000       0.0000    
  985.0000000       1.0000       0.0000    
  986.0000000       1.0000       0.0000    
  987.0000000       1.0000       0.0000    
  988.0000000       1.0000       0.0000    
  989.0000000       1.0000       0.0000    
  990.0000000       1.0000       0.0000    
  991.0000000       1.0000      0.18247    
  992.0000000       1.0000       2.1571    
  993.0000000       1.0000       92.447    
  994.0000000       1.0000       775.21    
  995.0000000       1.0000       2462.4    
  996.0000000       1.0000       2940.6    
  997.0000000       1.0000       3703.6    
  998.0000000       1.0000       3370.9    
  999.0000000       1.0000       2984.8    
  1000.000000       1.0000       1634.6    
  1001.000000       1.0000       119.53    
  1002.000000       1.0000       6.8928    
  1003.000000       1.0000      4.75875E-28
  1004.000000       1.0000     -4.55962E-44
  1005.000000       1.0000      5.30480E-63
  1006.000000       1.0000      3.08994E-92
  1007.000000       1.0000       0.0000    
  1008.000000       1.0000       0.0000    
  1009.000000       1.0000       0.0000    
  1010.000000       1.0000       0.0000    
  1011.000000       1.0000       0.0000    
  1012.000000       1.0000       0.0000    
  1013.000000       1.0000       0.0000    
  1014.000000       1.0000       0.0000    
  1015.000000       1.0000      0.19437    
  1016.000000       1.0000       7.6019    
  1017.000000       1.0000       109.45    
  1018.000000       1.0000       692.94    
  1019.000000       1.0000       1854.2    
  1020.000000       1.0000       1639.3    
  1021.000000       1.0000       2355.7    
  1022.000000       1.0000       3305.4    
  1023.000000       1.0000       2922.8    
  1024.000000       1.0000       1696.6    
  1025.000000       1.0000       148.87    
  1026.000000       1.0000       4.1522    
  1027.000000       1.0000      4.65501E-44
  1028.000000       1.0000     -3.09985E-65
  1029.000000       1.0000      3.70642E-96
  1030.000000       1.0000       0.0000    
  1031.000000       1.0000       0.0000    
  1032.000000       1.0000       0.0000    
  1033.000000       1.0000       0.0000    
  1034.000000       1.0000       0.0000    
  1035.000000       1.0000       0.0000    
  1036.000000       1.0000       0.0000    
  1037.000000       1.0000       0.0000    
  1038.000000       1.0000       0.0000    
  1039.000000       1.0000      0.21787    
  1040.000000       1.0000       3.6099    
  1041.000000       1.0000       402.52    
  1042.000000       1.0000       1871.1    
  1043.000000       1.0000       2935.1    
  1044.000000       1.0000       3209.5    
  1045.000000       1.0000       3727.2    
  1046.000000       1.0000       3572.1    
  1047.000000       1.0000       3065.0    
  1048.000000       1.0000       1867.3    
  1049.000000       1.0000       191.69    
  1050.000000       1.0000       11.044    
  1051.000000       1.0000     -1.25692E-31
  1052.000000       1.0000     -6.84450E-82
  1053.000000       1.0000       0.0000    
  1054.000000       1.0000       0.0000    
  1055.000000       1.0000       0.0000    
  1056.000000       1.0000       0.0000    
  1057.000000       1.0000       0.0000    
  1058.000000       1.0000       0.0000    
  1059.000000       1.0000       0.0000    
  1060.000000       1.0000       0.0000    
  1061.000000       1.0000       0.0000    
  1062.000000       1.0000       0.0000    
  1063.000000       1.0000      0.24738    
  1064.000000       1.0000       26.448    
  1065.000000       1.0000       443.09    
  1066.000000       1.0000       1947.5    
  1067.000000       1.0000       3023.0    
  1068.000000       1.0000       3313.4    
  1069.000000       1.0000       3880.5    
  1070.000000       1.0000       3650.9    
  1071.000000       1.0000       3089.1    
  1072.000000       1.0000       1937.6    
  1073.000000       1.0000       226.16    
  1074.000000       1.0000       4.3327    
  1075.000000       1.0000      4.86187E-44
  1076.000000       1.0000       0.0000    
  1077.000000       1.0000       0.0000    
  1078.000000       1.0000       0.0000    
  1079.000000       1.0000       0.0000    
  1080.000000       1.0000       0.0000    
  1081.000000       1.0000       0.0000    
  1082.000000       1.0000       0.0000    
  1083.000000       1.0000       0.0000    
  1084.000000       1.0000       0.0000    
  1085.000000       1.0000       0.0000    
  1086.000000       1.0000       0.0000    
  1087.000000       1.0000      0.74991    
  1088.000000       1.0000       7.8242    
  1089.000000       1.0000       133.39    
  1090.000000       1.0000       1164.4    
  1091.000000       1.0000       568.50    
  1092.000000       1.0000       330.47    
  1093.000000       1.0000       334.94    
  1094.000000       1.0000       369.30    
  1095.000000       1.0000       202.51    
  1096.000000       1.0000       102.25    
  1097.000000       1.0000       32.001    
  1098.000000       1.0000       3.5418    
  1099.000000       1.0000       0.0000    
  1100.000000       1.0000       0.0000    
  1101.000000       1.0000       0.0000    
  1102.000000       1.0000       0.0000    
  1103.000000       1.0000       0.0000    
  1104.000000       1.0000       0.0000    
  1105.000000       1.0000       0.0000    
  1106.000000       1.0000       0.0000    
  1107.000000       1.0000       0.0000    
  1108.000000       1.0000       0.0000    
  1109.000000       1.0000       0.0000    
  1110.000000       1.0000       0.0000    
  1111.000000       1.0000       0.0000    
  1112.000000       1.0000       1.6707    
  1113.000000       1.0000       30.840    
  1114.000000       1.0000       64.814    
  1115.000000       1.0000       103.16    
  1116.000000       1.0000       155.13    
  1117.000000       1.0000       131.63    
  1118.000000       1.0000       89.676    
  1119.000000       1.0000       89.969    
  1120.000000       1.0000       53.553    
  1121.000000       1.0000       18.279    
  1122.000000       1.0000       1.9100    
  1123.000000       1.0000       0.0000    
  1124.000000       1.0000       0.0000    
  1125.000000       1.0000       0.0000    
  1126.000000       1.0000       0.0000    
  1127.000000       1.0000       0.0000    
  1128.000000       1.0000       0.0000    
  1129.000000       1.0000       0.0000    
  1130.000000       1.0000       0.0000    
  1131.000000       1.0000       0.0000    
  1132.000000       1.0000       0.0000    
  1133.000000       1.0000       0.0000    
  1134.000000       1.0000       0.0000    
  1135.000000       1.0000       0.0000    
  1136.000000       1.0000      0.88786    
  1137.000000       1.0000       7.5939    
  1138.000000       1.0000       11.514    
  1139.000000       1.0000       24.346    
  1140.000000       1.0000       56.934    
  1141.000000       1.0000       80.583    
  1142.000000       1.0000       188.45    
  1143.000000       1.0000       173.41    
  1144.000000       1.0000       95.523    
  1145.000000       1.0000       38.100    
  1146.000000       1.0000       2.6432    
  1147.000000       1.0000     -4.48489E-16
  1148.000000       1.0000       0.0000    
  1149.000000       1.0000       0.0000    
  1150.000000       1.0000       0.0000    
  1151.000000       1.0000       0.0000    
  1152.000000       1.0000       0.0000    
  1153.000000       1.0000       0.0000    
  1154.000000       1.0000       0.0000    
  1155.000000       1.0000       0.0000    
  1156.000000       1.0000       0.0000    
  1157.000000       1.0000       0.0000    
  1158.000000       1.0000       0.0000    
  1159.000000       1.0000      0.17834    
  1160.000000       1.0000       2.1621    
  1161.000000       1.0000       11.807    
  1162.000000       1.0000       19.641    
  1163.000000       1.0000       50.086    
  1164.000000       1.0000       54.510    
  1165.000000       1.0000       51.594    
  1166.000000       1.0000       45.448    
  1167.000000       1.0000       29.691    
  1168.000000       1.0000       11.849    
  1169.000000       1.0000       4.0599    
  1170.000000       1.0000      0.22292    
  1171.000000       1.0000       0.0000    
  1172.000000       1.0000       0.0000    
  1173.000000       1.0000       0.0000    
  1174.000000       1.0000       0.0000    
  1175.000000       1.0000       0.0000    
  1176.000000       1.0000       0.0000    
  1177.000000       1.0000       0.0000    
  1178.000000       1.0000       0.0000    
  1179.000000       1.0000       0.0000    
  1180.000000       1.0000       0.0000    
  1181.000000       1.0000       0.0000    
  1182.000000       1.0000       0.0000    
  1183.000000       1.0000       0.0000    
  1184.000000       1.0000      0.79365    
  1185.000000       1.0000       7.9741    
  1186.000000       1.0000       46.905    
  1187.000000       1.0000       70.888    
  1188.000000       1.0000       85.917    
  1189.000000       1.0000       131.07    
  1190.000000       1.0000       156.89    
  1191.000000       1.0000       138.58    
  1192.000000       1.0000       81.942    
  1193.000000       1.0000       33.481    
  1194.000000       1.0000       2.1056    
  1195.000000       1.0000       0.0000    
  1196.000000       1.0000       0.0000    
  1197.000000       1.0000       0.0000    
  1198.000000       1.0000       0.0000    
  1199.000000       1.0000       0.0000    
  1200.000000       1.0000       0.0000    
  1201.000000       1.0000       0.0000    
  1202.000000       1.0000       0.0000    
  1203.000000       1.0000       0.0000    
  1204.000000       1.0000       0.0000    
  1205.000000       1.0000       0.0000    
  1206.000000       1.0000       0.0000    
  1207.000000       1.0000      0.40459    
  1208.000000       1.0000       5.9399    
  1209.000000       1.0000       70.028    
  1210.000000       1.0000       124.79    
  1211.000000       1.0000       305.14    
  1212.000000       1.0000       652.61    
  1213.000000       1.0000       437.92    
  1214.000000       1.0000       727.62    
  1215.000000       1.0000       473.41    
  1216.000000       1.0000       178.03    
  1217.000000       1.0000       60.644    
  1218.000000       1.0000       2.6588    
  1219.000000       1.0000      1.22304E-28
  1220.000000       1.0000       0.0000    
  1221.000000       1.0000       0.0000    
  1222.000000       1.0000       0.0000    
  1223.000000       1.0000       0.0000    
  1224.000000       1.0000       0.0000    
  1225.000000       1.0000       0.0000    
  1226.000000       1.0000       0.0000    
  1227.000000       1.0000       0.0000    
  1228.000000       1.0000       0.0000    
  1229.000000       1.0000       0.0000    
  1230.000000       1.0000       0.0000    
  1231.000000       1.0000      0.27668    
  1232.000000       1.0000       6.0272    
  1233.000000       1.0000       73.730    
  1234.000000       1.0000       288.06    
  1235.000000       1.0000       1747.5    
  1236.000000       1.0000       2566.1    
  1237.000000       1.0000       2610.6    
  1238.000000       1.0000       911.74    
  1239.000000       1.0000       795.54    
  1240.000000       1.0000       386.96    
  1241.000000       1.0000       235.23    
  1242.000000       1.0000       21.642    
  1243.000000       1.0000      0.72410    
  1244.000000       1.0000     -7.34783E-17
  1245.000000       1.0000       0.0000    
  1246.000000       1.0000       0.0000    
  1247.000000       1.0000       0.0000    
  1248.000000       1.0000       0.0000    
  1249.000000       1.0000       0.0000    
  1250.000000       1.0000       0.0000    
  1251.000000       1.0000       0.0000    
  1252.000000       1.0000       0.0000    
  1253.000000       1.0000       0.0000    
  1254.000000       1.0000       0.0000    
  1255.000000       1.0000      0.87591    
  1256.000000       1.0000       35.158    
  1257.000000       1.0000       500.03    
  1258.000000       1.0000       1837.2    
  1259.000000       1.0000       2824.8    
  1260.000000       1.0000       3308.0    
  1261.000000       1.0000       3380.3    
  1262.000000       1.0000       2679.5    
  1263.000000       1.0000       1579.8    
  1264.000000       1.0000       1133.1    
  1265.000000       1.0000       313.48    
  1266.000000       1.0000       20.966    
  1267.000000       1.0000      0.67131    
  1268.000000       1.0000     -3.89288E-29
  1269.000000       1.0000     -4.35839E-45
  1270.000000       1.0000     -1.72067E-61
  1271.000000       1.0000       0.0000    
  1272.000000       1.0000       0.0000    
  1273.000000       1.0000       0.0000    
  1274.000000       1.0000       0.0000    
  1275.000000       1.0000       0.0000    
  1276.000000       1.0000       0.0000    
  1277.000000       1.0000       0.0000    
  1278.000000       1.0000       0.0000    
  1279.000000       1.0000      0.19522    
  1280.000000       1.0000       5.5094    
  1281.000000       1.0000       59.672    
  1282.000000       1.0000       200.08    
  1283.000000       1.0000       461.18    
  1284.000000       1.0000       810.94    
  1285.000000       1.0000       1439.2    
  1286.000000       1.0000       499.90    
  1287.000000       1.0000       258.90    
  1288.000000       1.0000       241.21    
  1289.000000       1.0000       61.790    
  1290.000000       1.0000       6.5138    
  1291.000000       1.0000       0.0000    
  1292.000000       1.0000       0.0000    
  1293.000000       1.0000       0.0000    
  1294.000000       1.0000       0.0000    
  1295.000000       1.0000       0.0000    
  1296.000000       1.0000       0.0000    
  1297.000000       1.0000       0.0000    
  1298.000000       1.0000       0.0000    
  1299.000000       1.0000       0.0000    
  1300.000000       1.0000       0.0000    
  1301.000000       1.0000       0.0000    
  1302.000000       1.0000       0.0000    
  1303.000000       1.0000      0.14154    
  1304.000000       1.0000       3.8952    
  1305.000000       1.0000       37.121    
  1306.000000       1.0000       123.44    
  1307.000000       1.0000       409.49    
  1308.000000       1.0000       726.64    
  1309.000000       1.0000       555.80    
  1310.000000       1.0000       184.33    
  1311.000000       1.0000       130.34    
  1312.000000       1.0000       60.824    
  1313.000000       1.0000       12.031    
  1314.000000       1.0000      0.79382    
  1315.000000       1.0000       0.0000    
  1316.000000       1.0000       0.0000    
  1317.000000       1.0000       0.0000    
  1318.000000       1.0000       0.0000    
  1319.000000       1.0000       0.0000    
  1320.000000       1.0000       0.0000    
  1321.000000       1.0000       0.0000    
  1322.000000       1.0000       0.0000    
  1323.000000       1.0000       0.0000    
  1324.000000       1.0000       0.0000    
  1325.000000       1.0000       0.0000    
  1326.000000       1.0000       0.0000    
  1327.000000       1.0000       1.5752    
  1328.000000       1.0000       18.850    
  1329.000000       1.0000       138.95    
  1330.000000       1.0000       397.87    
  1331.000000       1.0000       428.30    
  1332.000000       1.0000       711.53    
  1333.000000       1.0000       163.54    
  1334.000000       1.0000       81.686    
  1335.000000       1.0000       61.274    
  1336.000000       1.0000       55.333    
  1337.000000       1.0000       16.985    
  1338.000000       1.0000       4.1942    
  1339.000000       1.0000      1.12238E-02
  1340.000000       1.0000     -2.07419E-30
  1341.000000       1.0000     -3.51630E-65
  1342.000000       1.0000      5.10311E-97
  1343.000000       1.0000       0.0000    
  1344.000000       1.0000       0.0000    
  1345.000000       1.0000       0.0000    
  1346.000000       1.0000       0.0000    
  1347.000000       1.0000       0.0000    
  1348.000000       1.0000       0.0000    
  1349.000000       1.0000       0.0000    
  1350.000000       1.0000       0.0000    
  1351.000000       1.0000       3.0761    
  1352.000000       1.0000       40.728    
  1353.000000       1.0000       745.67    
  1354.000000       1.0000       2226.3    
  1355.000000       1.0000       3190.9    
  1356.000000       1.0000       3772.9    
  1357.000000       1.0000       3863.5    
  1358.000000       1.0000       3687.0    
  1359.000000       1.0000       3108.5    
  1360.000000       1.0000       2219.7    
  1361.000000       1.0000       868.07    
  1362.000000       1.0000       50.651    
  1363.000000       1.0000       1.2195    
  1364.000000       1.0000      1.90634E-16
  1365.000000       1.0000      5.71475E-34
  1366.000000       1.0000      1.16551E-77
  1367.000000       1.0000     -3.03626E-93
  1368.000000       1.0000       0.0000    
  1369.000000       1.0000       0.0000    
  1370.000000       1.0000       0.0000    
  1371.000000       1.0000       0.0000    
  1372.000000       1.0000       0.0000    
  1373.000000       1.0000       0.0000    
  1374.000000       1.0000       0.0000    
  1375.000000       1.0000       1.2602    
  1376.000000       1.0000       134.41    
  1377.000000       1.0000       742.41    
  1378.000000       1.0000       2451.8    
  1379.000000       1.0000       3211.2    
  1380.000000       1.0000       3353.0    
  1381.000000       1.0000       2371.4    
  1382.000000       1.0000       830.35    
  1383.000000       1.0000       707.49    
  1384.000000       1.0000       321.39    
  1385.000000       1.0000       548.90    
  1386.000000       1.0000       37.155    
  1387.000000       1.0000      0.52552    
  1388.000000       1.0000      6.23073E-17
  1389.000000       1.0000       0.0000    
  1390.000000       1.0000       0.0000    
  1391.000000       1.0000       0.0000    
  1392.000000       1.0000       0.0000    
  1393.000000       1.0000       0.0000    
  1394.000000       1.0000       0.0000    
  1395.000000       1.0000       0.0000    
  1396.000000       1.0000       0.0000    
  1397.000000       1.0000       0.0000    
  1398.000000       1.0000       0.0000    
  1399.000000       1.0000       1.8820    
  1400.000000       1.0000       36.491    
  1401.000000       1.0000       368.57    
  1402.000000       1.0000       1881.6    
  1403.000000       1.0000       2274.7    
  1404.000000       1.0000       3610.3    
  1405.000000       1.0000       3800.5    
  1406.000000       1.0000       3367.9    
  1407.000000       1.0000       3010.7    
  1408.000000       1.0000       2256.7    
  1409.000000       1.0000       955.99    
  1410.000000       1.0000       35.058    
  1411.000000       1.0000       1.4116    
  1412.000000       1.0000       0.0000    
  1413.000000       1.0000       0.0000    
  1414.000000       1.0000       0.0000    
  1415.000000       1.0000       0.0000    
  1416.000000       1.0000       0.0000    
  1417.000000       1.0000       0.0000    
  1418.000000       1.0000       0.0000    
  1419.000000       1.0000       0.0000    
  1420.000000       1.0000       0.0000    
  1421.000000       1.0000       0.0000    
  1422.000000       1.0000       0.0000    
  1423.000000       1.0000      0.61428    
  1424.000000       1.0000       18.387    
  1425.000000       1.0000       113.88    
  1426.000000       1.0000       525.69    
  1427.000000       1.0000       3301.1    
  1428.000000       1.0000       3679.7    
  1429.000000       1.0000       3874.1    
  1430.000000       1.0000       3705.3    
  1431.000000       1.0000       2977.9    
  1432.000000       1.0000       2308.7    
  1433.000000       1.0000       738.03    
  1434.000000       1.0000       58.225    
  1435.000000       1.0000       2.4295    
  1436.000000       1.0000       0.0000    
  1437.000000       1.0000       0.0000    
  1438.000000       1.0000       0.0000    
  1439.000000       1.0000       0.0000    
  1440.000000       1.0000       0.0000    
  1441.000000       1.0000       0.0000    
  1442.000000       1.0000       0.0000    
  1443.000000       1.0000       0.0000    
  1444.000000       1.0000       0.0000    
  1445.000000       1.0000       0.0000    
  1446.000000       1.0000       0.0000    
  1447.000000       1.0000      0.77826    
  1448.000000       1.0000       16.502    
  1449.000000       1.0000       108.84    
  1450.000000       1.0000       303.09    
  1451.000000       1.0000       641.70    
  1452.000000       1.0000       1892.6    
  1453.000000       1.0000       3794.1    
  1454.000000       1.0000       3679.0    
  1455.000000       1.0000       3173.7    
  1456.000000       1.0000       2362.2    
  1457.000000       1.0000       1087.2    
  1458.000000       1.0000       26.162    
  1459.000000       1.0000       1.0266    
  1460.000000       1.0000      3.99814E-33
  1461.000000       1.0000     -8.65234E-78
  1462.000000       1.0000       0.0000    
  1463.000000       1.0000       0.0000    
  1464.000000       1.0000       0.0000    
  1465.000000       1.0000       0.0000    
  1466.000000       1.0000       0.0000    
  1467.000000       1.0000       0.0000    
  1468.000000       1.0000       0.0000    
  1469.000000       1.0000       0.0000    
  1470.000000       1.0000       0.0000    
  1471.000000       1.0000      0.87384    
  1472.000000       1.0000       11.476    
  1473.000000       1.0000       64.993    
  1474.000000       1.0000       160.63    
  1475.000000       1.0000       236.98    
  1476.000000       1.0000       306.46    
  1477.000000       1.0000       309.34    
  1478.000000       1.0000       339.25    
  1479.000000       1.0000       443.40    
  1480.000000       1.0000       235.81    
  1481.000000       1.0000       109.96    
  1482.000000       1.0000       20.488    
  1483.000000       1.0000      0.84119    
  1484.000000       1.0000     -2.26665E-17
  1485.000000       1.0000     -3.15435E-33
  1486.000000       1.0000      3.39497E-49
  1487.000000       1.0000       0.0000    
  1488.000000       1.0000       0.0000    
  1489.000000       1.0000       0.0000    
  1490.000000       1.0000       0.0000    
  1491.000000       1.0000       0.0000    
  1492.000000       1.0000       0.0000    
  1493.000000       1.0000       0.0000    
  1494.000000       1.0000       0.0000    
  1495.000000       1.0000       3.2409    
  1496.000000       1.0000       157.11    
  1497.000000       1.0000       1333.6    
  1498.000000       1.0000       2717.8    
  1499.000000       1.0000       3486.6    
  1500.000000       1.0000       3931.2    
  1501.000000       1.0000       4049.8    
  1502.000000       1.0000       3876.1    
  1503.000000       1.0000       3374.2    
  1504.000000       1.0000       2488.9    
  1505.000000       1.0000       1244.8    
  1506.000000       1.0000       38.502    
  1507.000000       1.0000      0.68684    
  1508.000000       1.0000     -8.91604E-47
  1509.000000       1.0000     -6.95991E-66
  1510.000000       1.0000     -2.14224E-95
  1511.000000       1.0000       0.0000    
  1512.000000       1.0000       0.0000    
  1513.000000       1.0000       0.0000    
  1514.000000       1.0000       0.0000    
  1515.000000       1.0000       0.0000    
  1516.000000       1.0000       0.0000    
  1517.000000       1.0000       0.0000    
  1518.000000       1.0000       0.0000    
  1519.000000       1.0000       6.4618    
  1520.000000       1.0000       235.60    
  1521.000000       1.0000       1356.6    
  1522.000000       1.0000       2716.6    
  1523.000000       1.0000       3443.6    
  1524.000000       1.0000       3857.2    
  1525.000000       1.0000       4023.2    
  1526.000000       1.0000       3449.9    
  1527.000000       1.0000       3362.9    
  1528.000000       1.0000       2369.2    
  1529.000000       1.0000       1029.0    
  1530.000000       1.0000       83.067    
  1531.000000       1.0000       1.5935    
  1532.000000       1.0000     -2.01891E-28
  1533.000000       1.0000      6.46895E-48
  1534.000000       1.0000     -1.14038E-82
  1535.000000       1.0000       0.0000    
  1536.000000       1.0000       0.0000    
  1537.000000       1.0000       0.0000    
  1538.000000       1.0000       0.0000    
  1539.000000       1.0000       0.0000    
  1540.000000       1.0000       0.0000    
  1541.000000       1.0000       0.0000    
  1542.000000       1.0000       0.0000    
  1543.000000       1.0000      0.69674    
  1544.000000       1.0000       19.629    
  1545.000000       1.0000       107.12    
  1546.000000       1.0000       248.04    
  1547.000000       1.0000       1942.9    
  1548.000000       1.0000       3719.1    
  1549.000000       1.0000       3279.1    
  1550.000000       1.0000       1172.9    
  1551.000000       1.0000       671.48    
  1552.000000       1.0000       481.54    
  1553.000000       1.0000       223.46    
  1554.000000       1.0000       41.012    
  1555.000000       1.0000       2.7861    
  1556.000000       1.0000     -6.34843E-28
  1557.000000       1.0000     -2.54199E-45
  1558.000000       1.0000       0.0000    
  1559.000000       1.0000       0.0000    
  1560.000000       1.0000       0.0000    
  1561.000000       1.0000       0.0000    
  1562.000000       1.0000       0.0000    
  1563.000000       1.0000       0.0000    
  1564.000000       1.0000       0.0000    
  1565.000000       1.0000       0.0000    
  1566.000000       1.0000       0.0000    
  1567.000000       1.0000       1.7672    
  1568.000000       1.0000       64.358    
  1569.000000       1.0000       1216.1    
  1570.000000       1.0000       2790.7    
  1571.000000       1.0000       3635.1    
  1572.000000       1.0000       4035.1    
  1573.000000       1.0000       3936.3    
  1574.000000       1.0000       2989.0    
  1575.000000       1.0000       1951.3    
  1576.000000       1.0000       1541.4    
  1577.000000       1.0000       892.08    
  1578.000000       1.0000       47.391    
  1579.000000       1.0000       1.7613    
  1580.000000       1.0000      4.31865E-32
  1581.000000       1.0000      9.53017E-62
  1582.000000       1.0000       0.0000    
  1583.000000       1.0000       0.0000    
  1584.000000       1.0000       0.0000    
  1585.000000       1.0000       0.0000    
  1586.000000       1.0000       0.0000    
  1587.000000       1.0000       0.0000    
  1588.000000       1.0000       0.0000    
  1589.000000       1.0000       0.0000    
  1590.000000       1.0000      3.58717E-02
  1591.000000       1.0000       12.786    
  1592.000000       1.0000       375.21    
  1593.000000       1.0000       1161.7    
  1594.000000       1.0000       2566.7    
  1595.000000       1.0000       3476.1    
  1596.000000       1.0000       4004.6    
  1597.000000       1.0000       4017.8    
  1598.000000       1.0000       3817.3    
  1599.000000       1.0000       3076.3    
  1600.000000       1.0000       1978.4    
  1601.000000       1.0000       682.80    
  1602.000000       1.0000       73.897    
  1603.000000       1.0000      0.33135    
  1604.000000       1.0000      1.26784E-50
  1605.000000       1.0000       0.0000    
  1606.000000       1.0000       0.0000    
  1607.000000       1.0000       0.0000    
  1608.000000       1.0000       0.0000    
  1609.000000       1.0000       0.0000    
  1610.000000       1.0000       0.0000    
  1611.000000       1.0000       0.0000    
  1612.000000       1.0000       0.0000    
  1613.000000       1.0000       0.0000    
  1614.000000       1.0000      2.98529E-02
  1615.000000       1.0000       2.9357    
  1616.000000       1.0000       87.599    
  1617.000000       1.0000       769.39    
  1618.000000       1.0000       1267.9    
  1619.000000       1.0000       1191.5    
  1620.000000       1.0000       888.09    
  1621.000000       1.0000       424.77    
  1622.000000       1.0000       10.359    
  1623.000000       1.0000       334.38    
  1624.000000       1.0000       914.24    
  1625.000000       1.0000       357.03    
  1626.000000       1.0000       55.589    
  1627.000000       1.0000       3.0151    
  1628.000000       1.0000      4.93650E-33
  1629.000000       1.0000      4.37915E-50
  1630.000000       1.0000       0.0000    
  1631.000000       1.0000       0.0000    
  1632.000000       1.0000       0.0000    
  1633.000000       1.0000       0.0000    
  1634.000000       1.0000       0.0000    
  1635.000000       1.0000       0.0000    
  1636.000000       1.0000       0.0000    
  1637.000000       1.0000       0.0000    
  1638.000000       1.0000      7.68442E-02
  1639.000000       1.0000       5.2214    
  1640.000000       1.0000       147.44    
  1641.000000       1.0000       1463.9    
  1642.000000       1.0000       1166.2    
  1643.000000       1.0000       740.85    
  1644.000000       1.0000       1193.1    
  1645.000000       1.0000       808.04    
  1646.000000       1.0000       999.09    
  1647.000000       1.0000       446.30    
  1648.000000       1.0000       361.88    
  1649.000000       1.0000       227.42    
  1650.000000       1.0000       46.539    
  1651.000000       1.0000       4.1739    
  1652.000000       1.0000       0.0000    
  1653.000000       1.0000       0.0000    
  1654.000000       1.0000       0.0000    
  1655.000000       1.0000       0.0000    
  1656.000000       1.0000       0.0000    
  1657.000000       1.0000       0.0000    
  1658.000000       1.0000       0.0000    
  1659.000000       1.0000       0.0000    
  1660.000000       1.0000       0.0000    
  1661.000000       1.0000       0.0000    
  1662.000000       1.0000       0.0000    
  1663.000000       1.0000      0.46083    
  1664.000000       1.0000       5.4251    
  1665.000000       1.0000       50.534    
  1666.000000       1.0000       97.143    
  1667.000000       1.0000       154.16    
  1668.000000       1.0000       74.449    
  1669.000000       1.0000       171.60    
  1670.000000       1.0000       65.829    
  1671.000000       1.0000       91.690    
  1672.000000       1.0000       75.857    
  1673.000000       1.0000       68.855    
  1674.000000       1.0000       19.988    
  1675.000000       1.0000      0.27869    
  1676.000000       1.0000       0.0000    
  1677.000000       1.0000       0.0000    
  1678.000000       1.0000       0.0000    
  1679.000000       1.0000       0.0000    
  1680.000000       1.0000       0.0000    
  1681.000000       1.0000       0.0000    
  1682.000000       1.0000       0.0000    
  1683.000000       1.0000       0.0000    
  1684.000000       1.0000       0.0000    
  1685.000000       1.0000       0.0000    
  1686.000000       1.0000      0.16499    
  1687.000000       1.0000       5.6214    
  1688.000000       1.0000       94.148    
  1689.000000       1.0000       420.32    
  1690.000000       1.0000       458.68    
  1691.000000       1.0000       581.82    
  1692.000000       1.0000       610.55    
  1693.000000       1.0000       643.48    
  1694.000000       1.0000       832.69    
  1695.000000       1.0000       749.21    
  1696.000000       1.0000       684.83    
  1697.000000       1.0000       186.71    
  1698.000000       1.0000       38.241    
  1699.000000       1.0000       2.2490    
  1700.000000       1.0000      5.76394E-29
  1701.000000       1.0000      3.60309E-49
  1702.000000       1.0000     -3.78783E-76
  1703.000000       1.0000       0.0000    
  1704.000000       1.0000       0.0000    
  1705.000000       1.0000       0.0000    
  1706.000000       1.0000       0.0000    
  1707.000000       1.0000       0.0000    
  1708.000000       1.0000       0.0000    
  1709.000000       1.0000       0.0000    
  1710.000000       1.0000       0.0000    
  1711.000000       1.0000       2.0528    
  1712.000000       1.0000       40.892    
  1713.000000       1.0000       179.83    
  1714.000000       1.0000       465.54    
  1715.000000       1.0000       431.57    
  1716.000000       1.0000       437.70    
  1717.000000       1.0000       942.00    
  1718.000000       1.0000       535.09    
  1719.000000       1.0000       1393.2    
  1720.000000       1.0000       773.13    
  1721.000000       1.0000       214.03    
  1722.000000       1.0000       58.706    
  1723.000000       1.0000       2.2306    
  1724.000000       1.0000       0.0000    
  1725.000000       1.0000       0.0000    
  1726.000000       1.0000       0.0000    
  1727.000000       1.0000       0.0000    
  1728.000000       1.0000       0.0000    
  1729.000000       1.0000       0.0000    
  1730.000000       1.0000       0.0000    
  1731.000000       1.0000       0.0000    
  1732.000000       1.0000       0.0000    
  1733.000000       1.0000       0.0000    
  1734.000000       1.0000      0.72397    
  1735.000000       1.0000       8.1451    
  1736.000000       1.0000       59.218    
  1737.000000       1.0000       748.58    
  1738.000000       1.0000       2476.9    
  1739.000000       1.0000       3162.1    
  1740.000000       1.0000       3031.8    
  1741.000000       1.0000       2332.0    
  1742.000000       1.0000       1391.0    
  1743.000000       1.0000       2184.4    
  1744.000000       1.0000       1774.2    
  1745.000000       1.0000       178.63    
  1746.000000       1.0000       38.445    
  1747.000000       1.0000       3.3017    
  1748.000000       1.0000       0.0000    
  1749.000000       1.0000       0.0000    
  1750.000000       1.0000       0.0000    
  1751.000000       1.0000       0.0000    
  1752.000000       1.0000       0.0000    
  1753.000000       1.0000       0.0000    
  1754.000000       1.0000       0.0000    
  1755.000000       1.0000       0.0000    
  1756.000000       1.0000       0.0000    
  1757.000000       1.0000       0.0000    
  1758.000000       1.0000      0.30373    
  1759.000000       1.0000       5.4731    
  1760.000000       1.0000       37.681    
  1761.000000       1.0000       120.53    
  1762.000000       1.0000       547.68    
  1763.000000       1.0000       826.42    
  1764.000000       1.0000       913.62    
  1765.000000       1.0000       905.73    
  1766.000000       1.0000       620.94    
  1767.000000       1.0000       588.07    
  1768.000000       1.0000       910.47    
  1769.000000       1.0000       1404.1    
  1770.000000       1.0000       186.89    
  1771.000000       1.0000       9.5501    
  1772.000000       1.0000       0.0000    
  1773.000000       1.0000       0.0000    
  1774.000000       1.0000       0.0000    
  1775.000000       1.0000       0.0000    
  1776.000000       1.0000       0.0000    
  1777.000000       1.0000       0.0000    
  1778.000000       1.0000       0.0000    
  1779.000000       1.0000       0.0000    
  1780.000000       1.0000       0.0000    
  1781.000000       1.0000       0.0000    
  1782.000000       1.0000      0.20450    
  1783.000000       1.0000       26.306    
  1784.000000       1.0000       623.13    
  1785.000000       1.0000       1829.1    
  1786.000000       1.0000       2877.2    
  1787.000000       1.0000       3594.1    
  1788.000000       1.0000       3960.2    
  1789.000000       1.0000       3456.7    
  1790.000000       1.0000       1777.2    
  1791.000000       1.0000       848.74    
  1792.000000       1.0000       814.09    
  1793.000000       1.0000       604.12    
  1794.000000       1.0000       88.272    
  1795.000000       1.0000       4.9462    
  1796.000000       1.0000      0.22163    
  1797.000000       1.0000      4.58621E-18
  1798.000000       1.0000      2.74562E-45
  1799.000000       1.0000      3.23010E-61
  1800.000000       1.0000     -3.06323E-77
  1801.000000       1.0000       0.0000    
  1802.000000       1.0000       0.0000    
  1803.000000       1.0000       0.0000    
  1804.000000       1.0000       0.0000    
  1805.000000       1.0000       0.0000    
  1806.000000       1.0000      6.22957E-02
  1807.000000       1.0000       17.661    
  1808.000000       1.0000       204.35    
  1809.000000       1.0000       940.60    
  1810.000000       1.0000       2554.8    
  1811.000000       1.0000       3662.4    
  1812.000000       1.0000       4017.1    
  1813.000000       1.0000       4054.2    
  1814.000000       1.0000       3952.0    
  1815.000000       1.0000       3075.3    
  1816.000000       1.0000       2510.7    
  1817.000000       1.0000       755.37    
  1818.000000       1.0000       280.76    
  1819.000000       1.0000       2.1702    
  1820.000000       1.0000       0.0000    
  1821.000000       1.0000       0.0000    
  1822.000000       1.0000       0.0000    
  1823.000000       1.0000       0.0000    
  1824.000000       1.0000       0.0000    
  1825.000000       1.0000       0.0000    
  1826.000000       1.0000       0.0000    
  1827.000000       1.0000       0.0000    
  1828.000000       1.0000       0.0000    
  1829.000000       1.0000       0.0000    
  1830.000000       1.0000      8.28493E-02
  1831.000000       1.0000       41.302    
  1832.000000       1.0000       744.56    
  1833.000000       1.0000       1908.4    
  1834.000000       1.0000       2773.5    
  1835.000000       1.0000       3612.3    
  1836.000000       1.0000       4075.3    
  1837.000000       1.0000       3444.6    
  1838.000000       1.0000       2333.8    
  1839.000000       1.0000       2426.8    
  1840.000000       1.0000       1901.4    
  1841.000000       1.0000       1081.4    
  1842.000000       1.0000       293.59    
  1843.000000       1.0000       10.052    
  1844.000000       1.0000      0.41400    
  1845.000000       1.0000      1.27187E-17
  1846.000000       1.0000     -8.96512E-47
  1847.000000       1.0000     -1.43385E-65
  1848.000000       1.0000       0.0000    
  1849.000000       1.0000       0.0000    
  1850.000000       1.0000       0.0000    
  1851.000000       1.0000       0.0000    
  1852.000000       1.0000       0.0000    
  1853.000000       1.0000       0.0000    
  1854.000000       1.0000      0.46020    
  1855.000000       1.0000       30.112    
  1856.000000       1.0000       655.10    
  1857.000000       1.0000       1957.6    
  1858.000000       1.0000       3028.1    
  1859.000000       1.0000       3731.9    
  1860.000000       1.0000       3620.1    
  1861.000000       1.0000       4079.3    
  1862.000000       1.0000       3963.5    
  1863.000000       1.0000       3429.4    
  1864.000000       1.0000       2721.0    
  1865.000000       1.0000       1609.4    
  1866.000000       1.0000       255.37    
  1867.000000       1.0000       18.265    
  1868.000000       1.0000     -5.64861E-31
  1869.000000       1.0000     -2.04110E-63
  1870.000000       1.0000      3.00502E-95
  1871.000000       1.0000       0.0000    
  1872.000000       1.0000       0.0000    
  1873.000000       1.0000       0.0000    
  1874.000000       1.0000       0.0000    
  1875.000000       1.0000       0.0000    
  1876.000000       1.0000       0.0000    
  1877.000000       1.0000       0.0000    
  1878.000000       1.0000      0.18611    
  1879.000000       1.0000       7.0152    
  1880.000000       1.0000       58.458    
  1881.000000       1.0000       150.37    
  1882.000000       1.0000       207.05    
  1883.000000       1.0000       259.47    
  1884.000000       1.0000       282.70    
  1885.000000       1.0000       248.41    
  1886.000000       1.0000       221.13    
  1887.000000       1.0000       191.20    
  1888.000000       1.0000       90.037    
  1889.000000       1.0000       75.889    
  1890.000000       1.0000       21.147    
  1891.000000       1.0000       1.0938    
  1892.000000       1.0000      7.31836E-32
  1893.000000       1.0000       0.0000    
  1894.000000       1.0000       0.0000    
  1895.000000       1.0000       0.0000    
  1896.000000       1.0000       0.0000    
  1897.000000       1.0000       0.0000    
  1898.000000       1.0000       0.0000    
  1899.000000       1.0000       0.0000    
  1900.000000       1.0000       0.0000    
  1901.000000       1.0000       0.0000    
  1902.000000       1.0000      0.58211    
  1903.000000       1.0000       35.774    
  1904.000000       1.0000       775.66    
  1905.000000       1.0000       1780.8    
  1906.000000       1.0000       3046.6    
  1907.000000       1.0000       3733.8    
  1908.000000       1.0000       3638.4    
  1909.000000       1.0000       3210.2    
  1910.000000       1.0000       3110.4    
  1911.000000       1.0000       3184.1    
  1912.000000       1.0000       2322.2    
  1913.000000       1.0000       1387.5    
  1914.000000       1.0000       318.66    
  1915.000000       1.0000       27.452    
  1916.000000       1.0000      0.43815    
  1917.000000       1.0000       0.0000    
  1918.000000       1.0000       0.0000    
  1919.000000       1.0000       0.0000    
  1920.000000       1.0000       0.0000    
  1921.000000       1.0000       0.0000    
  1922.000000       1.0000       0.0000    
  1923.000000       1.0000       0.0000    
  1924.000000       1.0000       0.0000    
  1925.000000       1.0000       0.0000    
  1926.000000       1.0000      0.73143    
  1927.000000       1.0000       48.482    
  1928.000000       1.0000       333.06    
  1929.000000       1.0000       956.32    
  1930.000000       1.0000       2440.2    
  1931.000000       1.0000       3657.9    
  1932.000000       1.0000       4055.6    
  1933.000000       1.0000       4066.7    
  1934.000000       1.0000       3921.5    
  1935.000000       1.0000       3330.9    
  1936.000000       1.0000       2133.5    
  1937.000000       1.0000       1517.9    
  1938.000000       1.0000       395.09    
  1939.000000       1.0000       35.912    
  1940.000000       1.0000       1.0429    
  1941.000000       1.0000       0.0000    
  1942.000000       1.0000       0.0000    
  1943.000000       1.0000       0.0000    
  1944.000000       1.0000       0.0000    
  1945.000000       1.0000       0.0000    
  1946.000000       1.0000       0.0000    
  1947.000000       1.0000       0.0000    
  1948.000000       1.0000       0.0000    
  1949.000000       1.0000       0.0000    
  1950.000000       1.0000      0.74678    
  1951.000000       1.0000       20.017    
  1952.000000       1.0000       99.115    
  1953.000000       1.0000       277.41    
  1954.000000       1.0000       445.82    
  1955.000000       1.0000       706.78    
  1956.000000       1.0000       921.92    
  1957.000000       1.0000       561.83    
  1958.000000       1.0000       351.20    
  1959.000000       1.0000       270.00    
  1960.000000       1.0000       167.59    
  1961.000000       1.0000       94.803    
  1962.000000       1.0000       54.340    
  1963.000000       1.0000       7.7832    
  1964.000000       1.0000      0.28087    
  1965.000000       1.0000       0.0000    
  1966.000000       1.0000       0.0000    
  1967.000000       1.0000       0.0000    
  1968.000000       1.0000       0.0000    
  1969.000000       1.0000       0.0000    
  1970.000000       1.0000       0.0000    
  1971.000000       1.0000       0.0000    
  1972.000000       1.0000       0.0000    
  1973.000000       1.0000       0.0000    
  1974.000000       1.0000       2.7490    
  1975.000000       1.0000       22.303    
  1976.000000       1.0000       55.001    
  1977.000000       1.0000       63.051    
  1978.000000       1.0000       179.47    
  1979.000000       1.0000       673.30    
  1980.000000       1.0000       1276.3    
  1981.000000       1.0000       798.18    
  1982.000000       1.0000       799.60    
  1983.000000       1.0000       356.26    
  1984.000000       1.0000       238.52    
  1985.000000       1.0000       114.90    
  1986.000000       1.0000       32.160    
  1987.000000       1.0000       4.0228    
  1988.000000       1.0000      1.91530E-03
  1989.000000       1.0000     -5.58496E-53
  1990.000000       1.0000     -4.91961E-69
  1991.000000       1.0000      2.97838E-85
  1992.000000       1.0000       0.0000    
  1993.000000       1.0000       0.0000    
  1994.000000       1.0000       0.0000    
  1995.000000       1.0000       0.0000    
  1996.000000       1.0000       0.0000    
  1997.000000       1.0000       0.0000    
  1998.000000       1.0000      0.61390    
  1999.000000       1.0000       40.289    
  2000.000000       1.0000       213.96    
  2001.000000       1.0000       689.92    
  2002.000000       1.0000       1986.5    
  2003.000000       1.0000       3317.2    
  2004.000000       1.0000       1342.5    
  2005.000000       1.0000       483.69    
  2006.000000       1.0000       878.50    
  2007.000000       1.0000       450.03    
  2008.000000       1.0000       248.40    
  2009.000000       1.0000       89.218    
  2010.000000       1.0000       83.172    
  2011.000000       1.0000       12.628    
  2012.000000       1.0000      0.43194    
  2013.000000       1.0000      1.15216E-32
  2014.000000       1.0000     -4.28802E-62
  2015.000000       1.0000       0.0000    
  2016.000000       1.0000       0.0000    
  2017.000000       1.0000       0.0000    
  2018.000000       1.0000       0.0000    
  2019.000000       1.0000       0.0000    
  2020.000000       1.0000       0.0000    
  2021.000000       1.0000       0.0000    
  2022.000000       1.0000      0.48424    
  2023.000000       1.0000       30.630    
  2024.000000       1.0000       122.85    
  2025.000000       1.0000       242.75    
  2026.000000       1.0000       264.56    
  2027.000000       1.0000       673.51    
  2028.000000       1.0000       1822.4    
  2029.000000       1.0000       1128.8    
  2030.000000       1.0000       258.41    
  2031.000000       1.0000       424.35    
  2032.000000       1.0000       290.27    
  2033.000000       1.0000       94.838    
  2034.000000       1.0000       52.179    
  2035.000000       1.0000       3.1770    
  2036.000000       1.0000       0.0000    
  2037.000000       1.0000       0.0000    
  2038.000000       1.0000       0.0000    
  2039.000000       1.0000       0.0000    
  2040.000000       1.0000       0.0000    
  2041.000000       1.0000       0.0000    
  2042.000000       1.0000       0.0000    
  2043.000000       1.0000       0.0000    
  2044.000000       1.0000       0.0000    
  2045.000000       1.0000       0.0000    
  2046.000000       1.0000      0.38121    
  2047.000000       1.0000       8.4021    
  2048.000000       1.0000       47.017    
  2049.000000       1.0000       89.181    
  2050.000000       1.0000       111.15    
  2051.000000       1.0000       213.84    
  2052.000000       1.0000       247.24    
  2053.000000       1.0000       302.93    
  2054.000000       1.0000       128.47    
  2055.000000       1.0000       90.293    
  2056.000000       1.0000       57.402    
  2057.000000       1.0000       59.859    
  2058.000000       1.0000       54.294    
  2059.000000       1.0000       5.4060    
  2060.000000       1.0000      7.61319E-02
  2061.000000       1.0000       0.0000    
  2062.000000       1.0000       0.0000    
  2063.000000       1.0000       0.0000    
  2064.000000       1.0000       0.0000    
  2065.000000       1.0000       0.0000    
  2066.000000       1.0000       0.0000    
  2067.000000       1.0000       0.0000    
  2068.000000       1.0000       0.0000    
  2069.000000       1.0000       0.0000    
  2070.000000       1.0000      0.91873    
  2071.000000       1.0000       31.983    
  2072.000000       1.0000       164.52    
  2073.000000       1.0000       242.94    
  2074.000000       1.0000       1206.6    
  2075.000000       1.0000       1510.3    
  2076.000000       1.0000       3146.8    
  2077.000000       1.0000       1551.0    
  2078.000000       1.0000       304.64    
  2079.000000       1.0000       116.97    
  2080.000000       1.0000       144.17    
  2081.000000       1.0000       74.148    
  2082.000000       1.0000       25.592    
  2083.000000       1.0000       1.6716    
  2084.000000       1.0000       0.0000    
  2085.000000       1.0000       0.0000    
  2086.000000       1.0000       0.0000    
  2087.000000       1.0000       0.0000    
  2088.000000       1.0000       0.0000    
  2089.000000       1.0000       0.0000    
  2090.000000       1.0000       0.0000    
  2091.000000       1.0000       0.0000    
  2092.000000       1.0000       0.0000    
  2093.000000       1.0000       0.0000    
  2094.000000       1.0000      0.29007    
  2095.000000       1.0000       9.7115    
  2096.000000       1.0000       68.929    
  2097.000000       1.0000       92.120    
  2098.000000       1.0000       132.43    
  2099.000000       1.0000       224.69    
  2100.000000       1.0000       276.68    
  2101.000000       1.0000       321.83    
  2102.000000       1.0000       346.84    
  2103.000000       1.0000       425.64    
  2104.000000       1.0000       257.83    
  2105.000000       1.0000       79.890    
  2106.000000       1.0000       40.980    
  2107.000000       1.0000      0.47019    
  2108.000000       1.0000       0.0000    
  2109.000000       1.0000       0.0000    
  2110.000000       1.0000       0.0000    
  2111.000000       1.0000       0.0000    
  2112.000000       1.0000       0.0000    
  2113.000000       1.0000       0.0000    
  2114.000000       1.0000       0.0000    
  2115.000000       1.0000       0.0000    
  2116.000000       1.0000       0.0000    
  2117.000000       1.0000       0.0000    
  2118.000000       1.0000      0.67173    
  2119.000000       1.0000       7.8165    
  2120.000000       1.0000       54.960    
  2121.000000       1.0000       172.96    
  2122.000000       1.0000       369.75    
  2123.000000       1.0000       423.45    
  2124.000000       1.0000       400.33    
  2125.000000       1.0000       256.79    
  2126.000000       1.0000       333.19    
  2127.000000       1.0000       345.90    
  2128.000000       1.0000       471.55    
  2129.000000       1.0000       661.72    
  2130.000000       1.0000       252.68    
  2131.000000       1.0000       40.190    
  2132.000000       1.0000      0.26810    
  2133.000000       1.0000     -3.54896E-49
  2134.000000       1.0000     -3.21718E-76
  2135.000000       1.0000       0.0000    
  2136.000000       1.0000       0.0000    
  2137.000000       1.0000       0.0000    
  2138.000000       1.0000       0.0000    
  2139.000000       1.0000       0.0000    
  2140.000000       1.0000       0.0000    
  2141.000000       1.0000       0.0000    
  2142.000000       1.0000       1.6574    
  2143.000000       1.0000       13.605    
  2144.000000       1.0000       66.156    
  2145.000000       1.0000       156.89    
  2146.000000       1.0000       240.95    
  2147.000000       1.0000       279.49    
  2148.000000       1.0000       310.32    
  2149.000000       1.0000       665.05    
  2150.000000       1.0000       1794.8    
  2151.000000       1.0000       1246.8    
  2152.000000       1.0000       968.36    
  2153.000000       1.0000       493.72    
  2154.000000       1.0000       134.45    
  2155.000000       1.0000       16.504    
  2156.000000       1.0000      0.34289    
  2157.000000       1.0000       0.0000    
  2158.000000       1.0000       0.0000    
  2159.000000       1.0000       0.0000    
  2160.000000       1.0000       0.0000    
  2161.000000       1.0000       0.0000    
  2162.000000       1.0000       0.0000    
  2163.000000       1.0000       0.0000    
  2164.000000       1.0000       0.0000    
  2165.000000       1.0000      0.23123    
  2166.000000       1.0000       3.8150    
  2167.000000       1.0000       79.576    
  2168.000000       1.0000       573.49    
  2169.000000       1.0000       2199.3    
  2170.000000       1.0000       3201.0    
  2171.000000       1.0000       3296.5    
  2172.000000       1.0000       2675.4    
  2173.000000       1.0000       2129.8    
  2174.000000       1.0000       3788.1    
  2175.000000       1.0000       3510.7    
  2176.000000       1.0000       2709.5    
  2177.000000       1.0000       1653.9    
  2178.000000       1.0000       460.62    
  2179.000000       1.0000       43.221    
  2180.000000       1.0000       3.0236    
  2181.000000       1.0000     -8.88112E-17
  2182.000000       1.0000      1.46803E-48
  2183.000000       1.0000       0.0000    
  2184.000000       1.0000       0.0000    
  2185.000000       1.0000       0.0000    
  2186.000000       1.0000       0.0000    
  2187.000000       1.0000       0.0000    
  2188.000000       1.0000       0.0000    
  2189.000000       1.0000      0.20092    
  2190.000000       1.0000       6.6757    
  2191.000000       1.0000       49.345    
  2192.000000       1.0000       372.97    
  2193.000000       1.0000       2066.6    
  2194.000000       1.0000       3139.6    
  2195.000000       1.0000       3665.1    
  2196.000000       1.0000       3686.4    
  2197.000000       1.0000       3640.4    
  2198.000000       1.0000       1490.4    
  2199.000000       1.0000       1891.6    
  2200.000000       1.0000       1877.2    
  2201.000000       1.0000       1453.4    
  2202.000000       1.0000       401.20    
  2203.000000       1.0000       42.969    
  2204.000000       1.0000      0.96245    
  2205.000000       1.0000      7.55686E-35
  2206.000000       1.0000     -5.09513E-64
  2207.000000       1.0000      2.23211E-92
  2208.000000       1.0000       0.0000    
  2209.000000       1.0000       0.0000    
  2210.000000       1.0000       0.0000    
  2211.000000       1.0000       0.0000    
  2212.000000       1.0000       0.0000    
  2213.000000       1.0000      0.39492    
  2214.000000       1.0000       10.091    
  2215.000000       1.0000       124.35    
  2216.000000       1.0000       1097.0    
  2217.000000       1.0000       2221.8    
  2218.000000       1.0000       2748.3    
  2219.000000       1.0000       3575.4    
  2220.000000       1.0000       3224.8    
  2221.000000       1.0000       3630.5    
  2222.000000       1.0000       3641.6    
  2223.000000       1.0000       3217.1    
  2224.000000       1.0000       2558.1    
  2225.000000       1.0000       1497.0    
  2226.000000       1.0000       491.55    
  2227.000000       1.0000       52.794    
  2228.000000       1.0000       2.7769    
  2229.000000       1.0000     -1.62670E-16
  2230.000000       1.0000       0.0000    
  2231.000000       1.0000       0.0000    
  2232.000000       1.0000       0.0000    
  2233.000000       1.0000       0.0000    
  2234.000000       1.0000       0.0000    
  2235.000000       1.0000       0.0000    
  2236.000000       1.0000       0.0000    
  2237.000000       1.0000      0.50978    
  2238.000000       1.0000       12.078    
  2239.000000       1.0000       70.042    
  2240.000000       1.0000       125.45    
  2241.000000       1.0000       179.53    
  2242.000000       1.0000       575.54    
  2243.000000       1.0000       1687.0    
  2244.000000       1.0000       2637.7    
  2245.000000       1.0000       3604.1    
  2246.000000       1.0000       3676.1    
  2247.000000       1.0000       1242.4    
  2248.000000       1.0000       277.49    
  2249.000000       1.0000       47.725    
  2250.000000       1.0000       10.529    
  2251.000000       1.0000       2.2067    
  2252.000000       1.0000      0.21602    
  2253.000000       1.0000       0.0000    
  2254.000000       1.0000       0.0000    
  2255.000000       1.0000       0.0000    
  2256.000000       1.0000       0.0000    
  2257.000000       1.0000       0.0000    
  2258.000000       1.0000       0.0000    
  2259.000000       1.0000       0.0000    
  2260.000000       1.0000       0.0000    
  2261.000000       1.0000      0.59582    
  2262.000000       1.0000       20.331    
  2263.000000       1.0000       139.41    
  2264.000000       1.0000       738.42    
  2265.000000       1.0000       1333.9    
  2266.000000       1.0000       3351.5    
  2267.000000       1.0000       2454.2    
  2268.000000       1.0000       2723.0    
  2269.000000       1.0000       2713.8    
  2270.000000       1.0000       2870.5    
  2271.000000       1.0000       2322.9    
  2272.000000       1.0000       1370.6    
  2273.000000       1.0000       685.43    
  2274.000000       1.0000       557.17    
  2275.000000       1.0000       53.985    
  2276.000000       1.0000       3.4858    
  2277.000000       1.0000      5.45483E-16
  2278.000000       1.0000       0.0000    
  2279.000000       1.0000       0.0000    
  2280.000000       1.0000       0.0000    
  2281.000000       1.0000       0.0000    
  2282.000000       1.0000       0.0000    
  2283.000000       1.0000       0.0000    
  2284.000000       1.0000       0.0000    
  2285.000000       1.0000       1.5110    
  2286.000000       1.0000       13.224    
  2287.000000       1.0000       186.53    
  2288.000000       1.0000       1194.0    
  2289.000000       1.0000       2369.4    
  2290.000000       1.0000       3412.6    
  2291.000000       1.0000       3882.8    
  2292.000000       1.0000       3854.2    
  2293.000000       1.0000       3845.7    
  2294.000000       1.0000       3928.6    
  2295.000000       1.0000       3800.8    
  2296.000000       1.0000       2890.7    
  2297.000000       1.0000       1835.2    
  2298.000000       1.0000       576.79    
  2299.000000       1.0000       70.859    
  2300.000000       1.0000       4.6826    
  2301.000000       1.0000      9.12155E-16
  2302.000000       1.0000       0.0000    
  2303.000000       1.0000       0.0000    
  2304.000000       1.0000       0.0000    
  2305.000000       1.0000       0.0000    
  2306.000000       1.0000       0.0000    
  2307.000000       1.0000       0.0000    
  2308.000000       1.0000       0.0000    
  2309.000000       1.0000      0.48471    
  2310.000000       1.0000       13.418    
  2311.000000       1.0000       168.48    
  2312.000000       1.0000       1159.2    
  2313.000000       1.0000       2287.5    
  2314.000000       1.0000       2304.4    
  2315.000000       1.0000       1784.7    
  2316.000000       1.0000       2115.0    
  2317.000000       1.0000       2917.8    
  2318.000000       1.0000       2934.1    
  2319.000000       1.0000       2890.5    
  2320.000000       1.0000       2014.3    
  2321.000000       1.0000       1218.5    
  2322.000000       1.0000       318.69    
  2323.000000       1.0000       36.169    
  2324.000000       1.0000      0.89695    
  2325.000000       1.0000       0.0000    
  2326.000000       1.0000       0.0000    
  2327.000000       1.0000       0.0000    
  2328.000000       1.0000       0.0000    
  2329.000000       1.0000       0.0000    
  2330.000000       1.0000       0.0000    
  2331.000000       1.0000       0.0000    
  2332.000000       1.0000       0.0000    
  2333.000000       1.0000      0.47325    
  2334.000000       1.0000       17.360    
  2335.000000       1.0000       161.19    
  2336.000000       1.0000       1134.7    
  2337.000000       1.0000       2220.4    
  2338.000000       1.0000       2519.4    
  2339.000000       1.0000       3199.6    
  2340.000000       1.0000       3554.3    
  2341.000000       1.0000       3285.0    
  2342.000000       1.0000       2828.9    
  2343.000000       1.0000       1032.3    
  2344.000000       1.0000       511.82    
  2345.000000       1.0000       206.19    
  2346.000000       1.0000       205.12    
  2347.000000       1.0000       60.893    
  2348.000000       1.0000       5.6924    
  2349.000000       1.0000       0.0000    
  2350.000000       1.0000       0.0000    
  2351.000000       1.0000       0.0000    
  2352.000000       1.0000       0.0000    
  2353.000000       1.0000       0.0000    
  2354.000000       1.0000       0.0000    
  2355.000000       1.0000       0.0000    
  2356.000000       1.0000       0.0000    
  2357.000000       1.0000       0.0000    
  2358.000000       1.0000      0.90547    
  2359.000000       1.0000       8.6929    
  2360.000000       1.0000       75.280    
  2361.000000       1.0000       573.22    
  2362.000000       1.0000       895.98    
  2363.000000       1.0000       2149.7    
  2364.000000       1.0000       1768.9    
  2365.000000       1.0000       1945.7    
  2366.000000       1.0000       2029.8    
  2367.000000       1.0000       1435.6    
  2368.000000       1.0000       629.07    
  2369.000000       1.0000       507.61    
  2370.000000       1.0000       136.20    
  2371.000000       1.0000       62.601    
  2372.000000       1.0000       6.1080    
  2373.000000       1.0000       0.0000    
  2374.000000       1.0000       0.0000    
  2375.000000       1.0000       0.0000    
  2376.000000       1.0000       0.0000    
  2377.000000       1.0000       0.0000    
  2378.000000       1.0000       0.0000    
  2379.000000       1.0000       0.0000    
  2380.000000       1.0000       0.0000    
  2381.000000       1.0000       3.6256    
  2382.000000       1.0000       33.070    
  2383.000000       1.0000       178.88    
  2384.000000       1.0000       945.87    
  2385.000000       1.0000       2206.1    
  2386.000000       1.0000       2541.3    
  2387.000000       1.0000       2166.4    
  2388.000000       1.0000       3213.7    
  2389.000000       1.0000       3367.5    
  2390.000000       1.0000       3460.0    
  2391.000000       1.0000       2861.9    
  2392.000000       1.0000       2405.8    
  2393.000000       1.0000       1596.3    
  2394.000000       1.0000       463.74    
  2395.000000       1.0000       70.003    
  2396.000000       1.0000       2.7104    
  2397.000000       1.0000     -4.07018E-16
  2398.000000       1.0000       0.0000    
  2399.000000       1.0000       0.0000    
  2400.000000       1.0000       0.0000    
  2401.000000       1.0000       0.0000    
  2402.000000       1.0000       0.0000    
  2403.000000       1.0000       0.0000    
  2404.000000       1.0000       0.0000    
  2405.000000       1.0000       2.4655    
  2406.000000       1.0000       23.289    
  2407.000000       1.0000       111.84    
  2408.000000       1.0000       249.43    
  2409.000000       1.0000       479.93    
  2410.000000       1.0000       537.72    
  2411.000000       1.0000       546.15    
  2412.000000       1.0000       431.91    
  2413.000000       1.0000       250.91    
  2414.000000       1.0000       121.03    
  2415.000000       1.0000       149.36    
  2416.000000       1.0000       135.11    
  2417.000000       1.0000       69.241    
  2418.000000       1.0000       30.496    
  2419.000000       1.0000       4.0383    
  2420.000000       1.0000      9.94137E-02
  2421.000000       1.0000     -2.26349E-32
  2422.000000       1.0000       0.0000    
  2423.000000       1.0000       0.0000    
  2424.000000       1.0000       0.0000    
  2425.000000       1.0000       0.0000    
  2426.000000       1.0000       0.0000    
  2427.000000       1.0000       0.0000    
  2428.000000       1.0000       0.0000    
  2429.000000       1.0000      0.45020    
  2430.000000       1.0000       9.7252    
  2431.000000       1.0000       108.41    
  2432.000000       1.0000       388.70    
  2433.000000       1.0000       831.12    
  2434.000000       1.0000       1172.8    
  2435.000000       1.0000       913.58    
  2436.000000       1.0000       1834.5    
  2437.000000       1.0000       921.98    
  2438.000000       1.0000       554.06    
  2439.000000       1.0000       1954.4    
  2440.000000       1.0000       1534.5    
  2441.000000       1.0000       1320.5    
  2442.000000       1.0000       411.89    
  2443.000000       1.0000       75.754    
  2444.000000       1.0000       4.9858    
  2445.000000       1.0000     -9.56430E-29
  2446.000000       1.0000     -6.39515E-49
  2447.000000       1.0000       0.0000    
  2448.000000       1.0000       0.0000    
  2449.000000       1.0000       0.0000    
  2450.000000       1.0000       0.0000    
  2451.000000       1.0000       0.0000    
  2452.000000       1.0000       0.0000    
  2453.000000       1.0000      0.10205    
  2454.000000       1.0000       10.313    
  2455.000000       1.0000       102.21    
  2456.000000       1.0000       272.06    
  2457.000000       1.0000       1449.2    
  2458.000000       1.0000       2118.9    
  2459.000000       1.0000       1951.1    
  2460.000000       1.0000       1906.7    
  2461.000000       1.0000       1974.3    
  2462.000000       1.0000       1434.7    
  2463.000000       1.0000       677.53    
  2464.000000       1.0000       841.96    
  2465.000000       1.0000       1154.3    
  2466.000000       1.0000       500.38    
  2467.000000       1.0000       51.375    
  2468.000000       1.0000       7.4450    
  2469.000000       1.0000      0.60939    
  2470.000000       1.0000     -6.99094E-30
  2471.000000       1.0000       0.0000    
  2472.000000       1.0000       0.0000    
  2473.000000       1.0000       0.0000    
  2474.000000       1.0000       0.0000    
  2475.000000       1.0000       0.0000    
  2476.000000       1.0000       0.0000    
  2477.000000       1.0000       1.2781    
  2478.000000       1.0000       33.445    
  2479.000000       1.0000       185.76    
  2480.000000       1.0000       1335.1    
  2481.000000       1.0000       2450.2    
  2482.000000       1.0000       3331.3    
  2483.000000       1.0000       3767.6    
  2484.000000       1.0000       3382.3    
  2485.000000       1.0000       1722.3    
  2486.000000       1.0000       1406.3    
  2487.000000       1.0000       1750.8    
  2488.000000       1.0000       2095.5    
  2489.000000       1.0000       994.79    
  2490.000000       1.0000       357.19    
  2491.000000       1.0000       68.278    
  2492.000000       1.0000       4.2064    
  2493.000000       1.0000       0.0000    
  2494.000000       1.0000       0.0000    
  2495.000000       1.0000       0.0000    
  2496.000000       1.0000       0.0000    
  2497.000000       1.0000       0.0000    
  2498.000000       1.0000       0.0000    
  2499.000000       1.0000       0.0000    
  2500.000000       1.0000       0.0000    
  2501.000000       1.0000      0.60831    
  2502.000000       1.0000       38.386    
  2503.000000       1.0000       237.89    
  2504.000000       1.0000       1255.5    
  2505.000000       1.0000       2403.8    
  2506.000000       1.0000       3225.8    
  2507.000000       1.0000       3340.4    
  2508.000000       1.0000       3532.6    
  2509.000000       1.0000       2946.0    
  2510.000000       1.0000       3052.3    
  2511.000000       1.0000       2979.9    
  2512.000000       1.0000       1950.8    
  2513.000000       1.0000       975.87    
  2514.000000       1.0000       341.31    
  2515.000000       1.0000       104.09    
  2516.000000       1.0000       10.065    
  2517.000000       1.0000      0.96247    
  2518.000000       1.0000       0.0000    
  2519.000000       1.0000       0.0000    
  2520.000000       1.0000       0.0000    
  2521.000000       1.0000       0.0000    
  2522.000000       1.0000       0.0000    
  2523.000000       1.0000       0.0000    
  2524.000000       1.0000       0.0000    
  2525.000000       1.0000       2.5057    
  2526.000000       1.0000       43.620    
  2527.000000       1.0000       218.22    
  2528.000000       1.0000       1279.7    
  2529.000000       1.0000       2425.5    
  2530.000000       1.0000       3285.6    
  2531.000000       1.0000       3897.9    
  2532.000000       1.0000       4103.7    
  2533.000000       1.0000       4071.0    
  2534.000000       1.0000       3964.8    
  2535.000000       1.0000       3554.9    
  2536.000000       1.0000       2365.5    
  2537.000000       1.0000       1415.6    
  2538.000000       1.0000       239.01    
  2539.000000       1.0000       65.114    
  2540.000000       1.0000       7.3471    
  2541.000000       1.0000       0.0000    
  2542.000000       1.0000       0.0000    
  2543.000000       1.0000       0.0000    
  2544.000000       1.0000       0.0000    
  2545.000000       1.0000       0.0000    
  2546.000000       1.0000       0.0000    
  2547.000000       1.0000       0.0000    
  2548.000000       1.0000       0.0000    
  2549.000000       1.0000       3.5875    
  2550.000000       1.0000       47.577    
  2551.000000       1.0000       181.03    
  2552.000000       1.0000       566.56    
  2553.000000       1.0000       1142.8    
  2554.000000       1.0000       1245.2    
  2555.000000       1.0000       1297.0    
  2556.000000       1.0000       3307.6    
  2557.000000       1.0000       3146.2    
  2558.000000       1.0000       2457.4    
  2559.000000       1.0000       2816.1    
  2560.000000       1.0000       2091.5    
  2561.000000       1.0000       907.91    
  2562.000000       1.0000       301.75    
  2563.000000       1.0000       92.821    
  2564.000000       1.0000       14.453    
  2565.000000       1.0000      0.76498    
  2566.000000       1.0000       0.0000    
  2567.000000       1.0000       0.0000    
  2568.000000       1.0000       0.0000    
  2569.000000       1.0000       0.0000    
  2570.000000       1.0000       0.0000    
  2571.000000       1.0000       0.0000    
  2572.000000       1.0000       0.0000    
  2573.000000       1.0000      0.62911    
  2574.000000       1.0000       46.469    
  2575.000000       1.0000       253.04    
  2576.000000       1.0000       1093.5    
  2577.000000       1.0000       2154.2    
  2578.000000       1.0000       3019.4    
  2579.000000       1.0000       3583.6    
  2580.000000       1.0000       3842.0    
  2581.000000       1.0000       3775.2    
  2582.000000       1.0000       3657.1    
  2583.000000       1.0000       3140.6    
  2584.000000       1.0000       2447.3    
  2585.000000       1.0000       1508.4    
  2586.000000       1.0000       578.98    
  2587.000000       1.0000       108.60    
  2588.000000       1.0000       15.282    
  2589.000000       1.0000      0.19118    
  2590.000000       1.0000     -1.35219E-18
  2591.000000       1.0000     -5.46973E-47
  2592.000000       1.0000      1.87679E-66
  2593.000000       1.0000       0.0000    
  2594.000000       1.0000       0.0000    
  2595.000000       1.0000       0.0000    
  2596.000000       1.0000       0.0000    
  2597.000000       1.0000       3.0522    
  2598.000000       1.0000       48.222    
  2599.000000       1.0000       255.15    
  2600.000000       1.0000       1216.4    
  2601.000000       1.0000       2248.6    
  2602.000000       1.0000       3079.5    
  2603.000000       1.0000       3712.6    
  2604.000000       1.0000       4051.3    
  2605.000000       1.0000       4077.2    
  2606.000000       1.0000       3917.1    
  2607.000000       1.0000       3427.7    
  2608.000000       1.0000       2693.5    
  2609.000000       1.0000       1693.8    
  2610.000000       1.0000       636.18    
  2611.000000       1.0000       87.309    
  2612.000000       1.0000       16.101    
  2613.000000       1.0000      0.86620    
  2614.000000       1.0000     -2.68825E-29
  2615.000000       1.0000       0.0000    
  2616.000000       1.0000       0.0000    
  2617.000000       1.0000       0.0000    
  2618.000000       1.0000       0.0000    
  2619.000000       1.0000       0.0000    
  2620.000000       1.0000      9.35093E-02
  2621.000000       1.0000       2.9416    
  2622.000000       1.0000       51.587    
  2623.000000       1.0000       255.62    
  2624.000000       1.0000       1325.3    
  2625.000000       1.0000       2390.2    
  2626.000000       1.0000       3200.3    
  2627.000000       1.0000       3794.2    
  2628.000000       1.0000       4046.4    
  2629.000000       1.0000       4080.4    
  2630.000000       1.0000       3871.6    
  2631.000000       1.0000       3372.4    
  2632.000000       1.0000       2648.2    
  2633.000000       1.0000       1696.3    
  2634.000000       1.0000       639.22    
  2635.000000       1.0000       84.483    
  2636.000000       1.0000       13.139    
  2637.000000       1.0000      0.83237    
  2638.000000       1.0000       0.0000    
  2639.000000       1.0000       0.0000    
  2640.000000       1.0000       0.0000    
  2641.000000       1.0000       0.0000    
  2642.000000       1.0000       0.0000    
  2643.000000       1.0000       0.0000    
  2644.000000       1.0000       0.0000    
  2645.000000       1.0000      0.84178    
  2646.000000       1.0000       24.801    
  2647.000000       1.0000       133.25    
  2648.000000       1.0000       478.69    
  2649.000000       1.0000       1674.4    
  2650.000000       1.0000       2433.8    
  2651.000000       1.0000       3130.0    
  2652.000000       1.0000       2447.8    
  2653.000000       1.0000       2611.9    
  2654.000000       1.0000       2593.1    
  2655.000000       1.0000       1744.0    
  2656.000000       1.0000       403.93    
  2657.000000       1.0000       308.90    
  2658.000000       1.0000       241.52    
  2659.000000       1.0000       60.821    
  2660.000000       1.0000       5.9595    
  2661.000000       1.0000     -1.10719E-27
  2662.000000       1.0000      5.02808E-44
  2663.000000       1.0000       0.0000    
  2664.000000       1.0000       0.0000    
  2665.000000       1.0000       0.0000    
  2666.000000       1.0000       0.0000    
  2667.000000       1.0000       0.0000    
  2668.000000       1.0000       0.0000    
  2669.000000       1.0000      0.29295    
  2670.000000       1.0000       15.828    
  2671.000000       1.0000       165.49    
  2672.000000       1.0000       454.76    
  2673.000000       1.0000       1336.3    
  2674.000000       1.0000       2154.9    
  2675.000000       1.0000       3771.9    
  2676.000000       1.0000       2540.1    
  2677.000000       1.0000       3391.4    
  2678.000000       1.0000       3330.3    
  2679.000000       1.0000       2879.6    
  2680.000000       1.0000       1693.7    
  2681.000000       1.0000       1071.3    
  2682.000000       1.0000       437.16    
  2683.000000       1.0000       84.836    
  2684.000000       1.0000       16.507    
  2685.000000       1.0000      0.77029    
  2686.000000       1.0000     -9.37293E-31
  2687.000000       1.0000      1.13643E-64
  2688.000000       1.0000      3.66009E-97
  2689.000000       1.0000       0.0000    
  2690.000000       1.0000       0.0000    
  2691.000000       1.0000       0.0000    
  2692.000000       1.0000      0.10008    
  2693.000000       1.0000       4.1891    
  2694.000000       1.0000       51.536    
  2695.000000       1.0000       263.88    
  2696.000000       1.0000       1472.7    
  2697.000000       1.0000       2600.7    
  2698.000000       1.0000       3434.2    
  2699.000000       1.0000       3447.7    
  2700.000000       1.0000       3735.5    
  2701.000000       1.0000       3677.8    
  2702.000000       1.0000       3574.4    
  2703.000000       1.0000       2828.7    
  2704.000000       1.0000       2309.9    
  2705.000000       1.0000       700.52    
  2706.000000       1.0000       299.78    
  2707.000000       1.0000       163.11    
  2708.000000       1.0000       29.402    
  2709.000000       1.0000       1.6095    
  2710.000000       1.0000       0.0000    
  2711.000000       1.0000       0.0000    
  2712.000000       1.0000       0.0000    
  2713.000000       1.0000       0.0000    
  2714.000000       1.0000       0.0000    
  2715.000000       1.0000       0.0000    
  2716.000000       1.0000      1.87263E-02
  2717.000000       1.0000       3.3901    
  2718.000000       1.0000       63.057    
  2719.000000       1.0000       294.68    
  2720.000000       1.0000       1468.2    
  2721.000000       1.0000       2593.1    
  2722.000000       1.0000       3449.3    
  2723.000000       1.0000       3135.1    
  2724.000000       1.0000       3246.0    
  2725.000000       1.0000       3356.6    
  2726.000000       1.0000       3191.9    
  2727.000000       1.0000       1899.6    
  2728.000000       1.0000       1476.0    
  2729.000000       1.0000       1175.4    
  2730.000000       1.0000       545.03    
  2731.000000       1.0000       100.78    
  2732.000000       1.0000       30.137    
  2733.000000       1.0000       2.1234    
  2734.000000       1.0000      1.04052E-31
  2735.000000       1.0000     -1.17193E-49
  2736.000000       1.0000     -9.16226E-76
  2737.000000       1.0000       0.0000    
  2738.000000       1.0000       0.0000    
  2739.000000       1.0000       0.0000    
  2740.000000       1.0000      3.13257E-03
  2741.000000       1.0000       6.0637    
  2742.000000       1.0000       66.276    
  2743.000000       1.0000       302.21    
  2744.000000       1.0000       1438.5    
  2745.000000       1.0000       1661.3    
  2746.000000       1.0000       2015.9    
  2747.000000       1.0000       2506.6    
  2748.000000       1.0000       3197.0    
  2749.000000       1.0000       3673.6    
  2750.000000       1.0000       3343.4    
  2751.000000       1.0000       1827.6    
  2752.000000       1.0000       1806.4    
  2753.000000       1.0000       1241.9    
  2754.000000       1.0000       419.83    
  2755.000000       1.0000       137.88    
  2756.000000       1.0000       24.226    
  2757.000000       1.0000      0.85135    
  2758.000000       1.0000     -1.59371E-16
  2759.000000       1.0000     -1.80874E-45
  2760.000000       1.0000       0.0000    
  2761.000000       1.0000       0.0000    
  2762.000000       1.0000       0.0000    
  2763.000000       1.0000       0.0000    
  2764.000000       1.0000      5.32581E-02
  2765.000000       1.0000       5.7680    
  2766.000000       1.0000       73.220    
  2767.000000       1.0000       323.03    
  2768.000000       1.0000       1460.8    
  2769.000000       1.0000       2577.4    
  2770.000000       1.0000       3436.2    
  2771.000000       1.0000       3326.7    
  2772.000000       1.0000       2699.2    
  2773.000000       1.0000       3187.0    
  2774.000000       1.0000       3355.1    
  2775.000000       1.0000       3471.4    
  2776.000000       1.0000       2809.4    
  2777.000000       1.0000       1791.2    
  2778.000000       1.0000       697.99    
  2779.000000       1.0000       88.214    
  2780.000000       1.0000       25.641    
  2781.000000       1.0000       1.0067    
  2782.000000       1.0000       0.0000    
  2783.000000       1.0000       0.0000    
  2784.000000       1.0000       0.0000    
  2785.000000       1.0000       0.0000    
  2786.000000       1.0000       0.0000    
  2787.000000       1.0000       0.0000    
  2788.000000       1.0000      9.95894E-02
  2789.000000       1.0000       4.7529    
  2790.000000       1.0000       73.546    
  2791.000000       1.0000       332.06    
  2792.000000       1.0000       1416.3    
  2793.000000       1.0000       2434.8    
  2794.000000       1.0000       2748.3    
  2795.000000       1.0000       2454.1    
  2796.000000       1.0000       2352.9    
  2797.000000       1.0000       1676.4    
  2798.000000       1.0000       1858.3    
  2799.000000       1.0000       1518.5    
  2800.000000       1.0000       1126.3    
  2801.000000       1.0000       742.05    
  2802.000000       1.0000       392.57    
  2803.000000       1.0000       138.29    
  2804.000000       1.0000       32.712    
  2805.000000       1.0000       1.1614    
  2806.000000       1.0000     -7.49531E-33
  2807.000000       1.0000     -1.28313E-48
  2808.000000       1.0000       0.0000    
  2809.000000       1.0000       0.0000    
  2810.000000       1.0000       0.0000    
  2811.000000       1.0000       0.0000    
  2812.000000       1.0000      0.20994    
  2813.000000       1.0000       4.2522    
  2814.000000       1.0000       82.146    
  2815.000000       1.0000       227.91    
  2816.000000       1.0000       584.51    
  2817.000000       1.0000       923.74    
  2818.000000       1.0000       1246.6    
  2819.000000       1.0000       1822.0    
  2820.000000       1.0000       1376.7    
  2821.000000       1.0000       831.04    
  2822.000000       1.0000       409.55    
  2823.000000       1.0000       443.30    
  2824.000000       1.0000       541.26    
  2825.000000       1.0000       328.17    
  2826.000000       1.0000       246.86    
  2827.000000       1.0000       110.45    
  2828.000000       1.0000       14.252    
  2829.000000       1.0000      0.23182    
  2830.000000       1.0000       0.0000    
  2831.000000       1.0000       0.0000    
  2832.000000       1.0000       0.0000    
  2833.000000       1.0000       0.0000    
  2834.000000       1.0000       0.0000    
  2835.000000       1.0000       0.0000    
  2836.000000       1.0000      0.34342    
  2837.000000       1.0000       8.2628    
  2838.000000       1.0000       70.319    
  2839.000000       1.0000       353.14    
  2840.000000       1.0000       1422.0    
  2841.000000       1.0000       2413.4    
  2842.000000       1.0000       2908.5    
  2843.000000       1.0000       3823.7    
  2844.000000       1.0000       3095.5    
  2845.000000       1.0000       1615.3    
  2846.000000       1.0000       958.50    
  2847.000000       1.0000       440.24    
  2848.000000       1.0000       373.28    
  2849.000000       1.0000       156.34    
  2850.000000       1.0000       159.85    
  2851.000000       1.0000       28.090    
  2852.000000       1.0000       1.8385    
  2853.000000       1.0000      2.49713E-16
  2854.000000       1.0000       0.0000    
  2855.000000       1.0000       0.0000    
  2856.000000       1.0000       0.0000    
  2857.000000       1.0000       0.0000    
  2858.000000       1.0000       0.0000    
  2859.000000       1.0000       0.0000    
  2860.000000       1.0000       0.0000    
  2861.000000       1.0000       0.0000    
  2862.000000       1.0000       0.0000    
  2863.000000       1.0000       0.0000    
  2864.000000       1.0000       0.0000    
  2865.000000       1.0000       0.0000    
  2866.000000       1.0000       0.0000    
  2867.000000       1.0000       0.0000    
  2868.000000       1.0000       0.0000    
  2869.000000       1.0000       0.0000    
  2870.000000       1.0000       9.2941    
  2871.000000       1.0000       1518.0    
  2872.000000       1.0000       1468.8    
  2873.000000       1.0000       1139.3    
  2874.000000       1.0000       536.02    
  2875.000000       1.0000       162.80    
  2876.000000       1.0000       29.801    
  2877.000000       1.0000      0.13919    
  2878.000000       1.0000      7.24104E-46
  2879.000000       1.0000       0.0000    
  2880.000000       1.0000       0.0000    
  2881.000000       1.0000       0.0000    
  2882.000000       1.0000       0.0000    
  2883.000000       1.0000       0.0000    
  2884.000000       1.0000      0.70949    
  2885.000000       1.0000       14.828    
  2886.000000       1.0000       78.590    
  2887.000000       1.0000       406.25    
  2888.000000       1.0000       1363.0    
  2889.000000       1.0000       2512.8    
  2890.000000       1.0000       3304.2    
  2891.000000       1.0000       3302.5    
  2892.000000       1.0000       2430.7    
  2893.000000       1.0000       2654.8    
  2894.000000       1.0000       2316.3    
  2895.000000       1.0000       1021.4    
  2896.000000       1.0000       662.07    
  2897.000000       1.0000       757.12    
  2898.000000       1.0000       406.41    
  2899.000000       1.0000       177.04    
  2900.000000       1.0000       34.228    
  2901.000000       1.0000       2.3952    
  2902.000000       1.0000       0.0000    
  2903.000000       1.0000       0.0000    
  2904.000000       1.0000       0.0000    
  2905.000000       1.0000       0.0000    
  2906.000000       1.0000       0.0000    
  2907.000000       1.0000       0.0000    
  2908.000000       1.0000       1.1611    
  2909.000000       1.0000       14.664    
  2910.000000       1.0000       98.189    
  2911.000000       1.0000       423.02    
  2912.000000       1.0000       1382.3    
  2913.000000       1.0000       2219.7    
  2914.000000       1.0000       2258.7    
  2915.000000       1.0000       1744.6    
  2916.000000       1.0000       751.54    
  2917.000000       1.0000       659.54    
  2918.000000       1.0000       1432.9    
  2919.000000       1.0000       1135.9    
  2920.000000       1.0000       1176.4    
  2921.000000       1.0000       334.66    
  2922.000000       1.0000       203.53    
  2923.000000       1.0000       111.82    
  2924.000000       1.0000       18.902    
  2925.000000       1.0000       1.3518    
  2926.000000       1.0000       0.0000    
  2927.000000       1.0000       0.0000    
  2928.000000       1.0000       0.0000    
  2929.000000       1.0000       0.0000    
  2930.000000       1.0000       0.0000    
  2931.000000       1.0000       0.0000    
  2932.000000       1.0000      0.62783    
  2933.000000       1.0000       6.1529    
  2934.000000       1.0000       22.058    
  2935.000000       1.0000       203.92    
  2936.000000       1.0000       313.14    
  2937.000000       1.0000       1490.4    
  2938.000000       1.0000       2424.7    
  2939.000000       1.0000       2031.7    
  2940.000000       1.0000       2144.2    
  2941.000000       1.0000       3143.0    
  2942.000000       1.0000       674.98    
  2943.000000       1.0000       1544.5    
  2944.000000       1.0000       824.00    
  2945.000000       1.0000       652.43    
  2946.000000       1.0000       476.88    
  2947.000000       1.0000       220.89    
  2948.000000       1.0000       49.989    
  2949.000000       1.0000       5.7865    
  2950.000000       1.0000       0.0000    
  2951.000000       1.0000       0.0000    
  2952.000000       1.0000       0.0000    
  2953.000000       1.0000       0.0000    
  2954.000000       1.0000       0.0000    
  2955.000000       1.0000       0.0000    
  2956.000000       1.0000      0.33892    
  2957.000000       1.0000       13.271    
  2958.000000       1.0000       70.386    
  2959.000000       1.0000       107.54    
  2960.000000       1.0000       123.27    
  2961.000000       1.0000       139.17    
  2962.000000       1.0000       188.93    
  2963.000000       1.0000       482.64    
  2964.000000       1.0000       431.37    
  2965.000000       1.0000       400.95    
  2966.000000       1.0000       329.43    
  2967.000000       1.0000       355.17    
  2968.000000       1.0000       296.49    
  2969.000000       1.0000       122.07    
  2970.000000       1.0000       60.859    
  2971.000000       1.0000       28.396    
  2972.000000       1.0000       2.1260    
  2973.000000       1.0000      6.56920E-17
  2974.000000       1.0000       0.0000    
  2975.000000       1.0000       0.0000    
  2976.000000       1.0000       0.0000    
  2977.000000       1.0000       0.0000    
  2978.000000       1.0000       0.0000    
  2979.000000       1.0000       0.0000    
  2980.000000       1.0000      0.21700    
  2981.000000       1.0000       2.3604    
  2982.000000       1.0000       74.552    
  2983.000000       1.0000       146.26    
  2984.000000       1.0000       32.372    
  2985.000000       1.0000      5.94565E-02
  2986.000000       1.0000       38.209    
  2987.000000       1.0000       886.27    
  2988.000000       1.0000       1979.0    
  2989.000000       1.0000       661.27    
  2990.000000       1.0000       469.76    
  2991.000000       1.0000       565.88    
  2992.000000       1.0000       1440.5    
  2993.000000       1.0000       683.03    
  2994.000000       1.0000       242.96    
  2995.000000       1.0000       50.617    
  2996.000000       1.0000      0.76909    
  2997.000000       1.0000       0.0000    
  2998.000000       1.0000       0.0000    
  2999.000000       1.0000       0.0000    
  3000.000000       1.0000       0.0000    
  3001.000000       1.0000       0.0000    
  3002.000000       1.0000       0.0000    
  3003.000000       1.0000       0.0000    
  3004.000000       1.0000      0.44522    
  3005.000000       1.0000       6.9583    
  3006.000000       1.0000       66.654    
  3007.000000       1.0000       270.30    
  3008.000000       1.0000       704.85    
  3009.000000       1.0000       1048.6    
  3010.000000       1.0000       818.23    
  3011.000000       1.0000       840.07    
  3012.000000       1.0000       985.67    
  3013.000000       1.0000       762.33    
  3014.000000       1.0000       943.23    
  3015.000000       1.0000       1223.4    
  3016.000000       1.0000       1145.1    
  3017.000000       1.0000       643.84    
  3018.000000       1.0000       382.09    
  3019.000000       1.0000       142.52    
  3020.000000       1.0000       28.130    
  3021.000000       1.0000       1.6250    
  3022.000000       1.0000       0.0000    
  3023.000000       1.0000       0.0000    
  3024.000000       1.0000       0.0000    
  3025.000000       1.0000       0.0000    
  3026.000000       1.0000       0.0000    
  3027.000000       1.0000       0.0000    
  3028.000000       1.0000       3.2643    
  3029.000000       1.0000       33.867    
  3030.000000       1.0000       153.22    
  3031.000000       1.0000       495.64    
  3032.000000       1.0000       1408.3    
  3033.000000       1.0000       2424.1    
  3034.000000       1.0000       1456.4    
  3035.000000       1.0000       1269.9    
  3036.000000       1.0000       1479.9    
  3037.000000       1.0000       2085.2    
  3038.000000       1.0000       751.03    
  3039.000000       1.0000       781.05    
  3040.000000       1.0000       1474.9    
  3041.000000       1.0000       1105.7    
  3042.000000       1.0000       770.19    
  3043.000000       1.0000       158.80    
  3044.000000       1.0000       43.029    
  3045.000000       1.0000       4.3829    
  3046.000000       1.0000      4.94176E-16
  3047.000000       1.0000       0.0000    
  3048.000000       1.0000       0.0000    
  3049.000000       1.0000       0.0000    
  3050.000000       1.0000       0.0000    
  3051.000000       1.0000       0.0000    
  3052.000000       1.0000       1.9604    
  3053.000000       1.0000       31.160    
  3054.000000       1.0000       154.09    
  3055.000000       1.0000       500.16    
  3056.000000       1.0000       1443.3    
  3057.000000       1.0000       1232.8    
  3058.000000       1.0000       1604.3    
  3059.000000       1.0000       1533.1    
  3060.000000       1.0000       627.83    
  3061.000000       1.0000       1719.7    
  3062.000000       1.0000       2666.3    
  3063.000000       1.0000       2800.4    
  3064.000000       1.0000       1857.7    
  3065.000000       1.0000       1774.6    
  3066.000000       1.0000       810.28    
  3067.000000       1.0000       206.52    
  3068.000000       1.0000       51.247    
  3069.000000       1.0000       3.3967    
  3070.000000       1.0000       0.0000    
  3071.000000       1.0000       0.0000    
  3072.000000       1.0000       0.0000    
  3073.000000       1.0000       0.0000    
  3074.000000       1.0000       0.0000    
  3075.000000       1.0000       0.0000    
  3076.000000       1.0000       0.0000    
  3077.000000       1.0000       2.7121    
  3078.000000       1.0000       26.838    
  3079.000000       1.0000       55.761    
  3080.000000       1.0000       82.574    
  3081.000000       1.0000       153.96    
  3082.000000       1.0000       300.41    
  3083.000000       1.0000       268.34    
  3084.000000       1.0000       278.49    
  3085.000000       1.0000       202.72    
  3086.000000       1.0000       252.69    
  3087.000000       1.0000       545.36    
  3088.000000       1.0000       883.29    
  3089.000000       1.0000       1218.5    
  3090.000000       1.0000       639.84    
  3091.000000       1.0000       236.63    
  3092.000000       1.0000       54.398    
  3093.000000       1.0000       1.7550    
  3094.000000       1.0000     -6.49851E-17
  3095.000000       1.0000       0.0000    
  3096.000000       1.0000       0.0000    
  3097.000000       1.0000       0.0000    
  3098.000000       1.0000       0.0000    
  3099.000000       1.0000       0.0000    
  3100.000000       1.0000       1.3050    
  3101.000000       1.0000       20.642    
  3102.000000       1.0000       124.23    
  3103.000000       1.0000       279.70    
  3104.000000       1.0000       665.63    
  3105.000000       1.0000       811.63    
  3106.000000       1.0000       2488.9    
  3107.000000       1.0000       3203.2    
  3108.000000       1.0000       1388.1    
  3109.000000       1.0000       1631.6    
  3110.000000       1.0000       1613.5    
  3111.000000       1.0000       1954.8    
  3112.000000       1.0000       744.44    
  3113.000000       1.0000       346.07    
  3114.000000       1.0000       413.36    
  3115.000000       1.0000       129.02    
  3116.000000       1.0000       6.9353    
  3117.000000       1.0000      0.69089    
  3118.000000       1.0000       0.0000    
  3119.000000       1.0000       0.0000    
  3120.000000       1.0000       0.0000    
  3121.000000       1.0000       0.0000    
  3122.000000       1.0000       0.0000    
  3123.000000       1.0000       0.0000    
  3124.000000       1.0000       1.0665    
  3125.000000       1.0000       17.324    
  3126.000000       1.0000       26.682    
  3127.000000       1.0000       34.246    
  3128.000000       1.0000       71.622    
  3129.000000       1.0000       121.78    
  3130.000000       1.0000       112.99    
  3131.000000       1.0000       84.497    
  3132.000000       1.0000       109.65    
  3133.000000       1.0000       480.02    
  3134.000000       1.0000       1089.3    
  3135.000000       1.0000       929.24    
  3136.000000       1.0000       507.13    
  3137.000000       1.0000       262.47    
  3138.000000       1.0000       289.22    
  3139.000000       1.0000       89.958    
  3140.000000       1.0000       27.936    
  3141.000000       1.0000       1.0989    
  3142.000000       1.0000       0.0000    
  3143.000000       1.0000       0.0000    
  3144.000000       1.0000       0.0000    
  3145.000000       1.0000       0.0000    
  3146.000000       1.0000       0.0000    
  3147.000000       1.0000       0.0000    
  3148.000000       1.0000       4.7715    
  3149.000000       1.0000       42.814    
  3150.000000       1.0000       192.60    
  3151.000000       1.0000       510.34    
  3152.000000       1.0000       513.72    
  3153.000000       1.0000       588.87    
  3154.000000       1.0000       1076.2    
  3155.000000       1.0000       3204.2    
  3156.000000       1.0000       3684.2    
  3157.000000       1.0000       3711.3    
  3158.000000       1.0000       3243.0    
  3159.000000       1.0000       3092.3    
  3160.000000       1.0000       2321.6    
  3161.000000       1.0000       1418.8    
  3162.000000       1.0000       558.57    
  3163.000000       1.0000       200.12    
  3164.000000       1.0000       42.965    
  3165.000000       1.0000       4.7299    
  3166.000000       1.0000      3.00548E-16
  3167.000000       1.0000       0.0000    
  3168.000000       1.0000       0.0000    
  3169.000000       1.0000       0.0000    
  3170.000000       1.0000       0.0000    
  3171.000000       1.0000       0.0000    
  3172.000000       1.0000      0.10215    
  3173.000000       1.0000       10.942    
  3174.000000       1.0000       72.069    
  3175.000000       1.0000       257.84    
  3176.000000       1.0000       598.94    
  3177.000000       1.0000       1200.1    
  3178.000000       1.0000       2332.7    
  3179.000000       1.0000       3509.6    
  3180.000000       1.0000       2980.0    
  3181.000000       1.0000       3580.2    
  3182.000000       1.0000       2935.8    
  3183.000000       1.0000       1040.0    
  3184.000000       1.0000       43.795    
  3185.000000       1.0000       9.6233    
  3186.000000       1.0000       6.6571    
  3187.000000       1.0000       36.186    
  3188.000000       1.0000       19.848    
  3189.000000       1.0000       1.4072    
  3190.000000       1.0000       0.0000    
  3191.000000       1.0000       0.0000    
  3192.000000       1.0000       0.0000    
  3193.000000       1.0000       0.0000    
  3194.000000       1.0000       0.0000    
  3195.000000       1.0000       0.0000    
  3196.000000       1.0000       1.6434    
  3197.000000       1.0000       40.117    
  3198.000000       1.0000       117.76    
  3199.000000       1.0000       260.59    
  3200.000000       1.0000       429.41    
  3201.000000       1.0000       2353.6    
  3202.000000       1.0000       2904.3    
  3203.000000       1.0000       3670.8    
  3204.000000       1.0000       3208.4    
  3205.000000       1.0000       3180.6    
  3206.000000       1.0000       2747.2    
  3207.000000       1.0000       1507.5    
  3208.000000       1.0000       725.84    
  3209.000000       1.0000       143.52    
  3210.000000       1.0000       154.47    
  3211.000000       1.0000       66.518    
  3212.000000       1.0000       15.232    
  3213.000000       1.0000      0.55096    
  3214.000000       1.0000       0.0000    
  3215.000000       1.0000       0.0000    
  3216.000000       1.0000       0.0000    
  3217.000000       1.0000       0.0000    
  3218.000000       1.0000       0.0000    
  3219.000000       1.0000       0.0000    
  3220.000000       1.0000       1.0873    
  3221.000000       1.0000       17.489    
  3222.000000       1.0000       63.181    
  3223.000000       1.0000       118.24    
  3224.000000       1.0000       94.745    
  3225.000000       1.0000       158.73    
  3226.000000       1.0000       289.93    
  3227.000000       1.0000       283.29    
  3228.000000       1.0000       301.36    
  3229.000000       1.0000       356.20    
  3230.000000       1.0000       315.21    
  3231.000000       1.0000       409.61    
  3232.000000       1.0000       190.24    
  3233.000000       1.0000       256.51    
  3234.000000       1.0000       204.20    
  3235.000000       1.0000       110.26    
  3236.000000       1.0000       33.284    
  3237.000000       1.0000       3.4318    
  3238.000000       1.0000       0.0000    
  3239.000000       1.0000       0.0000    
  3240.000000       1.0000       0.0000    
  3241.000000       1.0000       0.0000    
  3242.000000       1.0000       0.0000    
  3243.000000       1.0000       0.0000    
  3244.000000       1.0000       2.2609    
  3245.000000       1.0000       25.044    
  3246.000000       1.0000       144.23    
  3247.000000       1.0000       496.68    
  3248.000000       1.0000       886.78    
  3249.000000       1.0000       1683.3    
  3250.000000       1.0000       982.07    
  3251.000000       1.0000       1127.8    
  3252.000000       1.0000       1188.0    
  3253.000000       1.0000       1222.2    
  3254.000000       1.0000       983.00    
  3255.000000       1.0000       453.19    
  3256.000000       1.0000       676.70    
  3257.000000       1.0000       757.93    
  3258.000000       1.0000       600.64    
  3259.000000       1.0000       69.557    
  3260.000000       1.0000       25.236    
  3261.000000       1.0000       2.9804    
  3262.000000       1.0000       0.0000    
  3263.000000       1.0000       0.0000    
  3264.000000       1.0000       0.0000    
  3265.000000       1.0000       0.0000    
  3266.000000       1.0000       0.0000    
  3267.000000       1.0000       0.0000    
  3268.000000       1.0000       2.9207    
  3269.000000       1.0000       50.063    
  3270.000000       1.0000       182.45    
  3271.000000       1.0000       260.77    
  3272.000000       1.0000       456.10    
  3273.000000       1.0000       380.07    
  3274.000000       1.0000       655.00    
  3275.000000       1.0000       1079.6    
  3276.000000       1.0000       2032.3    
  3277.000000       1.0000       3086.3    
  3278.000000       1.0000       2839.8    
  3279.000000       1.0000       2351.0    
  3280.000000       1.0000       1086.0    
  3281.000000       1.0000       1066.4    
  3282.000000       1.0000       793.61    
  3283.000000       1.0000       171.98    
  3284.000000       1.0000       60.665    
  3285.000000       1.0000       6.3494    
  3286.000000       1.0000      0.13617    
  3287.000000       1.0000     -1.76060E-45
  3288.000000       1.0000     -2.73795E-68
  3289.000000       1.0000       0.0000    
  3290.000000       1.0000       0.0000    
  3291.000000       1.0000       0.0000    
  3292.000000       1.0000       2.2819    
  3293.000000       1.0000       21.204    
  3294.000000       1.0000       161.71    
  3295.000000       1.0000       432.42    
  3296.000000       1.0000       1216.4    
  3297.000000       1.0000       2219.6    
  3298.000000       1.0000       1242.7    
  3299.000000       1.0000       1938.1    
  3300.000000       1.0000       3170.5    
  3301.000000       1.0000       3078.3    
  3302.000000       1.0000       2862.8    
  3303.000000       1.0000       2812.2    
  3304.000000       1.0000       2741.3    
  3305.000000       1.0000       1926.5    
  3306.000000       1.0000       554.52    
  3307.000000       1.0000       165.37    
  3308.000000       1.0000       81.774    
  3309.000000       1.0000       8.5435    
  3310.000000       1.0000      0.31198    
  3311.000000       1.0000       0.0000    
  3312.000000       1.0000       0.0000    
  3313.000000       1.0000       0.0000    
  3314.000000       1.0000       0.0000    
  3315.000000       1.0000      0.14217    
  3316.000000       1.0000       5.0703    
  3317.000000       1.0000       36.880    
  3318.000000       1.0000       192.00    
  3319.000000       1.0000       580.90    
  3320.000000       1.0000       1529.1    
  3321.000000       1.0000       2542.4    
  3322.000000       1.0000       3132.1    
  3323.000000       1.0000       3494.8    
  3324.000000       1.0000       2675.8    
  3325.000000       1.0000       1414.2    
  3326.000000       1.0000       1684.3    
  3327.000000       1.0000       1199.8    
  3328.000000       1.0000       990.16    
  3329.000000       1.0000       302.55    
  3330.000000       1.0000       365.78    
  3331.000000       1.0000       189.48    
  3332.000000       1.0000       85.256    
  3333.000000       1.0000       15.978    
  3334.000000       1.0000      0.91207    
  3335.000000       1.0000     -4.97217E-29
  3336.000000       1.0000     -1.12104E-44
  3337.000000       1.0000       0.0000    
  3338.000000       1.0000       0.0000    
  3339.000000       1.0000       0.0000    
  3340.000000       1.0000       1.2420    
  3341.000000       1.0000       37.081    
  3342.000000       1.0000       175.54    
  3343.000000       1.0000       528.93    
  3344.000000       1.0000       773.55    
  3345.000000       1.0000       1977.8    
  3346.000000       1.0000       1114.5    
  3347.000000       1.0000       1269.1    
  3348.000000       1.0000       1037.5    
  3349.000000       1.0000       1095.7    
  3350.000000       1.0000       1044.2    
  3351.000000       1.0000       875.36    
  3352.000000       1.0000       876.75    
  3353.000000       1.0000       378.44    
  3354.000000       1.0000       184.75    
  3355.000000       1.0000       177.86    
  3356.000000       1.0000       66.436    
  3357.000000       1.0000       14.574    
  3358.000000       1.0000       1.2711    
  3359.000000       1.0000       0.0000    
  3360.000000       1.0000       0.0000    
  3361.000000       1.0000       0.0000    
  3362.000000       1.0000       0.0000    
  3363.000000       1.0000      0.22492    
  3364.000000       1.0000       7.9288    
  3365.000000       1.0000       57.355    
  3366.000000       1.0000       232.25    
  3367.000000       1.0000       607.93    
  3368.000000       1.0000       1358.1    
  3369.000000       1.0000       904.58    
  3370.000000       1.0000       768.79    
  3371.000000       1.0000       740.79    
  3372.000000       1.0000       450.93    
  3373.000000       1.0000       403.80    
  3374.000000       1.0000       1056.8    
  3375.000000       1.0000       2596.9    
  3376.000000       1.0000       1663.5    
  3377.000000       1.0000       429.38    
  3378.000000       1.0000       145.46    
  3379.000000       1.0000       130.38    
  3380.000000       1.0000       21.948    
  3381.000000       1.0000       4.4240    
  3382.000000       1.0000      0.13704    
  3383.000000       1.0000     -1.63953E-34
  3384.000000       1.0000     -1.47725E-62
  3385.000000       1.0000       0.0000    
  3386.000000       1.0000       0.0000    
  3387.000000       1.0000      0.15952    
  3388.000000       1.0000       5.4331    
  3389.000000       1.0000       53.930    
  3390.000000       1.0000       90.362    
  3391.000000       1.0000       202.40    
  3392.000000       1.0000       736.27    
  3393.000000       1.0000       883.97    
  3394.000000       1.0000       2177.6    
  3395.000000       1.0000       1207.4    
  3396.000000       1.0000       950.33    
  3397.000000       1.0000       1456.5    
  3398.000000       1.0000       1932.1    
  3399.000000       1.0000       2693.7    
  3400.000000       1.0000       1942.7    
  3401.000000       1.0000       1401.5    
  3402.000000       1.0000       527.58    
  3403.000000       1.0000       281.34    
  3404.000000       1.0000       78.789    
  3405.000000       1.0000       15.440    
  3406.000000       1.0000       1.0165    
  3407.000000       1.0000     -1.18395E-16
  3408.000000       1.0000       0.0000    
  3409.000000       1.0000       0.0000    
  3410.000000       1.0000       0.0000    
  3411.000000       1.0000       0.0000    
  3412.000000       1.0000      0.96664    
  3413.000000       1.0000       12.224    
  3414.000000       1.0000       51.033    
  3415.000000       1.0000       97.151    
  3416.000000       1.0000       340.23    
  3417.000000       1.0000       543.45    
  3418.000000       1.0000       670.85    
  3419.000000       1.0000       1064.6    
  3420.000000       1.0000       733.91    
  3421.000000       1.0000       908.40    
  3422.000000       1.0000       967.93    
  3423.000000       1.0000       658.47    
  3424.000000       1.0000       340.35    
  3425.000000       1.0000       155.86    
  3426.000000       1.0000       322.46    
  3427.000000       1.0000       86.075    
  3428.000000       1.0000       28.873    
  3429.000000       1.0000       2.9564    
  3430.000000       1.0000       0.0000    
  3431.000000       1.0000       0.0000    
  3432.000000       1.0000       0.0000    
  3433.000000       1.0000       0.0000    
  3434.000000       1.0000       0.0000    
  3435.000000       1.0000      0.33280    
  3436.000000       1.0000       10.580    
  3437.000000       1.0000       86.994    
  3438.000000       1.0000       286.14    
  3439.000000       1.0000       726.61    
  3440.000000       1.0000       1445.6    
  3441.000000       1.0000       2466.6    
  3442.000000       1.0000       3304.9    
  3443.000000       1.0000       3540.4    
  3444.000000       1.0000       2464.3    
  3445.000000       1.0000       1976.2    
  3446.000000       1.0000       1733.1    
  3447.000000       1.0000       1685.2    
  3448.000000       1.0000       1291.1    
  3449.000000       1.0000       627.28    
  3450.000000       1.0000       447.24    
  3451.000000       1.0000       121.97    
  3452.000000       1.0000       62.212    
  3453.000000       1.0000       7.7682    
  3454.000000       1.0000       0.0000    
  3455.000000       1.0000       0.0000    
  3456.000000       1.0000       0.0000    
  3457.000000       1.0000       0.0000    
  3458.000000       1.0000       0.0000    
  3459.000000       1.0000      0.22032    
  3460.000000       1.0000       4.7790    
  3461.000000       1.0000       55.522    
  3462.000000       1.0000       166.85    
  3463.000000       1.0000       479.31    
  3464.000000       1.0000       452.94    
  3465.000000       1.0000       2018.8    
  3466.000000       1.0000       1039.9    
  3467.000000       1.0000       1426.6    
  3468.000000       1.0000       1922.7    
  3469.000000       1.0000       702.61    
  3470.000000       1.0000       578.43    
  3471.000000       1.0000       646.48    
  3472.000000       1.0000       633.54    
  3473.000000       1.0000       369.72    
  3474.000000       1.0000       159.13    
  3475.000000       1.0000       88.041    
  3476.000000       1.0000       3.7061    
  3477.000000       1.0000      0.24706    
  3478.000000       1.0000       0.0000    
  3479.000000       1.0000       0.0000    
  3480.000000       1.0000       0.0000    
  3481.000000       1.0000       0.0000    
  3482.000000       1.0000       0.0000    
  3483.000000       1.0000      0.21980    
  3484.000000       1.0000       4.9428    
  3485.000000       1.0000       47.371    
  3486.000000       1.0000       174.09    
  3487.000000       1.0000       437.93    
  3488.000000       1.0000       1378.8    
  3489.000000       1.0000       1206.5    
  3490.000000       1.0000       634.95    
  3491.000000       1.0000       521.77    
  3492.000000       1.0000       650.63    
  3493.000000       1.0000       1442.7    
  3494.000000       1.0000       1538.2    
  3495.000000       1.0000       492.09    
  3496.000000       1.0000       495.86    
  3497.000000       1.0000       608.96    
  3498.000000       1.0000       168.15    
  3499.000000       1.0000       59.642    
  3500.000000       1.0000       14.954    
  3501.000000       1.0000       1.2661    
  3502.000000       1.0000       0.0000    
  3503.000000       1.0000       0.0000    
  3504.000000       1.0000       0.0000    
  3505.000000       1.0000       0.0000    
  3506.000000       1.0000       0.0000    
  3507.000000       1.0000       0.0000    
  3508.000000       1.0000      0.32541    
  3509.000000       1.0000       40.560    
  3510.000000       1.0000       197.84    
  3511.000000       1.0000       411.35    
  3512.000000       1.0000       670.92    
  3513.000000       1.0000       1149.8    
  3514.000000       1.0000       1266.7    
  3515.000000       1.0000       1319.0    
  3516.000000       1.0000       1291.1    
  3517.000000       1.0000       1112.3    
  3518.000000       1.0000       1817.0    
  3519.000000       1.0000       2935.1    
  3520.000000       1.0000       2032.4    
  3521.000000       1.0000       1344.7    
  3522.000000       1.0000       740.24    
  3523.000000       1.0000       241.52    
  3524.000000       1.0000       89.164    
  3525.000000       1.0000       22.436    
  3526.000000       1.0000       1.7663    
  3527.000000       1.0000     -1.19260E-31
  3528.000000       1.0000      1.35377E-49
  3529.000000       1.0000       0.0000    
  3530.000000       1.0000       0.0000    
  3531.000000       1.0000      0.14518    
  3532.000000       1.0000       9.2714    
  3533.000000       1.0000       70.541    
  3534.000000       1.0000       258.64    
  3535.000000       1.0000       639.42    
  3536.000000       1.0000       1704.5    
  3537.000000       1.0000       2548.7    
  3538.000000       1.0000       3263.7    
  3539.000000       1.0000       2541.4    
  3540.000000       1.0000       1669.0    
  3541.000000       1.0000       1902.7    
  3542.000000       1.0000       2188.9    
  3543.000000       1.0000       3077.2    
  3544.000000       1.0000       2228.8    
  3545.000000       1.0000       1749.2    
  3546.000000       1.0000       689.43    
  3547.000000       1.0000       156.21    
  3548.000000       1.0000       67.201    
  3549.000000       1.0000       25.006    
  3550.000000       1.0000      0.93843    
  3551.000000       1.0000      2.45643E-16
  3552.000000       1.0000       0.0000    
  3553.000000       1.0000       0.0000    
  3554.000000       1.0000       0.0000    
  3555.000000       1.0000      0.31243    
  3556.000000       1.0000       6.2127    
  3557.000000       1.0000       64.919    
  3558.000000       1.0000       185.51    
  3559.000000       1.0000       387.08    
  3560.000000       1.0000       925.14    
  3561.000000       1.0000       2463.3    
  3562.000000       1.0000       3243.6    
  3563.000000       1.0000       3759.7    
  3564.000000       1.0000       3957.2    
  3565.000000       1.0000       3782.1    
  3566.000000       1.0000       3854.4    
  3567.000000       1.0000       3085.4    
  3568.000000       1.0000       2733.7    
  3569.000000       1.0000       1798.4    
  3570.000000       1.0000       779.17    
  3571.000000       1.0000       173.45    
  3572.000000       1.0000       65.578    
  3573.000000       1.0000       19.651    
  3574.000000       1.0000       1.0798    
  3575.000000       1.0000     -5.17893E-31
  3576.000000       1.0000      2.63608E-61
  3577.000000       1.0000       0.0000    
  3578.000000       1.0000       0.0000    
  3579.000000       1.0000      3.89774E-03
  3580.000000       1.0000       8.4810    
  3581.000000       1.0000       55.636    
  3582.000000       1.0000       96.510    
  3583.000000       1.0000       477.72    
  3584.000000       1.0000       1489.8    
  3585.000000       1.0000       2426.7    
  3586.000000       1.0000       3151.8    
  3587.000000       1.0000       3645.5    
  3588.000000       1.0000       3905.7    
  3589.000000       1.0000       3967.3    
  3590.000000       1.0000       3767.2    
  3591.000000       1.0000       3252.0    
  3592.000000       1.0000       2601.5    
  3593.000000       1.0000       1824.6    
  3594.000000       1.0000       810.84    
  3595.000000       1.0000       200.51    
  3596.000000       1.0000       68.406    
  3597.000000       1.0000       27.428    
  3598.000000       1.0000       1.6776    
  3599.000000       1.0000     -2.01201E-28
  3600.000000       1.0000       0.0000    
  3601.000000       1.0000       0.0000    
  3602.000000       1.0000       0.0000    
  3603.000000       1.0000      0.36619    
  3604.000000       1.0000       6.3612    
  3605.000000       1.0000       51.535    
  3606.000000       1.0000       97.302    
  3607.000000       1.0000       469.45    
  3608.000000       1.0000       1477.7    
  3609.000000       1.0000       2442.8    
  3610.000000       1.0000       3186.7    
  3611.000000       1.0000       3539.1    
  3612.000000       1.0000       3731.0    
  3613.000000       1.0000       3894.0    
  3614.000000       1.0000       3714.2    
  3615.000000       1.0000       2593.4    
  3616.000000       1.0000       2006.9    
  3617.000000       1.0000       1329.7    
  3618.000000       1.0000       781.15    
  3619.000000       1.0000       283.65    
  3620.000000       1.0000       98.435    
  3621.000000       1.0000       29.453    
  3622.000000       1.0000       2.8275    
  3623.000000       1.0000       0.0000    
  3624.000000       1.0000       0.0000    
  3625.000000       1.0000       0.0000    
  3626.000000       1.0000       0.0000    
  3627.000000       1.0000      0.66247    
  3628.000000       1.0000       6.2810    
  3629.000000       1.0000       54.131    
  3630.000000       1.0000       107.90    
  3631.000000       1.0000       475.25    
  3632.000000       1.0000       1477.0    
  3633.000000       1.0000       2397.6    
  3634.000000       1.0000       3135.1    
  3635.000000       1.0000       3545.8    
  3636.000000       1.0000       3224.6    
  3637.000000       1.0000       3919.3    
  3638.000000       1.0000       3691.8    
  3639.000000       1.0000       3242.4    
  3640.000000       1.0000       2594.2    
  3641.000000       1.0000       1741.9    
  3642.000000       1.0000       793.34    
  3643.000000       1.0000       173.87    
  3644.000000       1.0000       69.812    
  3645.000000       1.0000       22.613    
  3646.000000       1.0000      0.17237    
  3647.000000       1.0000       0.0000    
  3648.000000       1.0000       0.0000    
  3649.000000       1.0000       0.0000    
  3650.000000       1.0000       0.0000    
  3651.000000       1.0000      0.68084    
  3652.000000       1.0000       8.0461    
  3653.000000       1.0000       54.182    
  3654.000000       1.0000       89.994    
  3655.000000       1.0000       448.47    
  3656.000000       1.0000       1424.6    
  3657.000000       1.0000       2345.1    
  3658.000000       1.0000       3031.3    
  3659.000000       1.0000       3524.0    
  3660.000000       1.0000       3830.3    
  3661.000000       1.0000       3904.8    
  3662.000000       1.0000       3703.3    
  3663.000000       1.0000       3320.2    
  3664.000000       1.0000       2672.4    
  3665.000000       1.0000       1801.9    
  3666.000000       1.0000       840.90    
  3667.000000       1.0000       216.70    
  3668.000000       1.0000       86.830    
  3669.000000       1.0000       17.373    
  3670.000000       1.0000      0.33873    
  3671.000000       1.0000       0.0000    
  3672.000000       1.0000       0.0000    
  3673.000000       1.0000       0.0000    
  3674.000000       1.0000       0.0000    
  3675.000000       1.0000      0.32765    
  3676.000000       1.0000       5.8801    
  3677.000000       1.0000       56.602    
  3678.000000       1.0000       148.94    
  3679.000000       1.0000       621.10    
  3680.000000       1.0000       1137.7    
  3681.000000       1.0000       2133.7    
  3682.000000       1.0000       2842.2    
  3683.000000       1.0000       3097.4    
  3684.000000       1.0000       3052.3    
  3685.000000       1.0000       3209.1    
  3686.000000       1.0000       1137.5    
  3687.000000       1.0000       1909.5    
  3688.000000       1.0000       2076.4    
  3689.000000       1.0000       720.71    
  3690.000000       1.0000       227.96    
  3691.000000       1.0000       164.42    
  3692.000000       1.0000       96.932    
  3693.000000       1.0000       22.469    
  3694.000000       1.0000      0.45568    
  3695.000000       1.0000      1.76483E-34
  3696.000000       1.0000     -1.51567E-66
  3697.000000       1.0000       0.0000    
  3698.000000       1.0000       0.0000    
  3699.000000       1.0000      0.38995    
  3700.000000       1.0000       24.477    
  3701.000000       1.0000       144.09    
  3702.000000       1.0000       295.66    
  3703.000000       1.0000       558.46    
  3704.000000       1.0000       1397.0    
  3705.000000       1.0000       2447.7    
  3706.000000       1.0000       3310.3    
  3707.000000       1.0000       3781.9    
  3708.000000       1.0000       2929.1    
  3709.000000       1.0000       2938.0    
  3710.000000       1.0000       2425.0    
  3711.000000       1.0000       2153.1    
  3712.000000       1.0000       1904.8    
  3713.000000       1.0000       905.95    
  3714.000000       1.0000       721.68    
  3715.000000       1.0000       252.27    
  3716.000000       1.0000       136.40    
  3717.000000       1.0000       34.407    
  3718.000000       1.0000       2.5642    
  3719.000000       1.0000       0.0000    
  3720.000000       1.0000       0.0000    
  3721.000000       1.0000       0.0000    
  3722.000000       1.0000       0.0000    
  3723.000000       1.0000       0.0000    
  3724.000000       1.0000       1.7596    
  3725.000000       1.0000       19.327    
  3726.000000       1.0000       53.410    
  3727.000000       1.0000       86.973    
  3728.000000       1.0000       177.91    
  3729.000000       1.0000       149.99    
  3730.000000       1.0000       134.59    
  3731.000000       1.0000       106.24    
  3732.000000       1.0000       212.09    
  3733.000000       1.0000       315.21    
  3734.000000       1.0000       357.76    
  3735.000000       1.0000       341.38    
  3736.000000       1.0000       453.64    
  3737.000000       1.0000       730.42    
  3738.000000       1.0000       612.27    
  3739.000000       1.0000       337.28    
  3740.000000       1.0000       206.07    
  3741.000000       1.0000       31.219    
  3742.000000       1.0000       2.4244    
  3743.000000       1.0000      3.19585E-28
  3744.000000       1.0000       0.0000    
  3745.000000       1.0000       0.0000    
  3746.000000       1.0000       0.0000    
  3747.000000       1.0000       1.7717    
  3748.000000       1.0000       17.165    
  3749.000000       1.0000       63.890    
  3750.000000       1.0000       96.451    
  3751.000000       1.0000       530.29    
  3752.000000       1.0000       1452.4    
  3753.000000       1.0000       2380.0    
  3754.000000       1.0000       2620.5    
  3755.000000       1.0000       2169.3    
  3756.000000       1.0000       1893.5    
  3757.000000       1.0000       2416.3    
  3758.000000       1.0000       1172.2    
  3759.000000       1.0000       827.94    
  3760.000000       1.0000       312.62    
  3761.000000       1.0000       177.40    
  3762.000000       1.0000       87.631    
  3763.000000       1.0000       135.46    
  3764.000000       1.0000       155.16    
  3765.000000       1.0000       39.400    
  3766.000000       1.0000       3.6758    
  3767.000000       1.0000     -3.16713E-16
  3768.000000       1.0000     -2.67214E-32
  3769.000000       1.0000       0.0000    
  3770.000000       1.0000       0.0000    
  3771.000000       1.0000      0.11062    
  3772.000000       1.0000       6.0763    
  3773.000000       1.0000       76.206    
  3774.000000       1.0000       215.61    
  3775.000000       1.0000       420.82    
  3776.000000       1.0000       773.54    
  3777.000000       1.0000       963.46    
  3778.000000       1.0000       2765.8    
  3779.000000       1.0000       2675.9    
  3780.000000       1.0000       1929.1    
  3781.000000       1.0000       2291.9    
  3782.000000       1.0000       1351.7    
  3783.000000       1.0000       2071.3    
  3784.000000       1.0000       1991.3    
  3785.000000       1.0000       1817.4    
  3786.000000       1.0000       738.52    
  3787.000000       1.0000       257.73    
  3788.000000       1.0000       143.58    
  3789.000000       1.0000       39.334    
  3790.000000       1.0000       1.4165    
  3791.000000       1.0000     -3.37437E-29
  3792.000000       1.0000       0.0000    
  3793.000000       1.0000       0.0000    
  3794.000000       1.0000       0.0000    
  3795.000000       1.0000      0.60917    
  3796.000000       1.0000       10.244    
  3797.000000       1.0000       61.765    
  3798.000000       1.0000       110.07    
  3799.000000       1.0000       516.21    
  3800.000000       1.0000       1501.3    
  3801.000000       1.0000       2427.9    
  3802.000000       1.0000       3016.3    
  3803.000000       1.0000       1843.7    
  3804.000000       1.0000       2294.0    
  3805.000000       1.0000       1505.9    
  3806.000000       1.0000       1486.2    
  3807.000000       1.0000       985.69    
  3808.000000       1.0000       1166.0    
  3809.000000       1.0000       929.73    
  3810.000000       1.0000       513.64    
  3811.000000       1.0000       234.01    
  3812.000000       1.0000       131.26    
  3813.000000       1.0000       25.419    
  3814.000000       1.0000       1.1583    
  3815.000000       1.0000     -9.52386E-29
  3816.000000       1.0000      1.61957E-47
  3817.000000       1.0000       0.0000    
  3818.000000       1.0000       0.0000    
  3819.000000       1.0000      0.65549    
  3820.000000       1.0000       9.2489    
  3821.000000       1.0000       58.414    
  3822.000000       1.0000       100.69    
  3823.000000       1.0000       521.94    
  3824.000000       1.0000       1301.5    
  3825.000000       1.0000       422.82    
  3826.000000       1.0000       702.32    
  3827.000000       1.0000       2143.8    
  3828.000000       1.0000       1400.0    
  3829.000000       1.0000       1377.5    
  3830.000000       1.0000       709.96    
  3831.000000       1.0000       995.02    
  3832.000000       1.0000       1265.1    
  3833.000000       1.0000       495.12    
  3834.000000       1.0000       671.39    
  3835.000000       1.0000       142.29    
  3836.000000       1.0000       65.464    
  3837.000000       1.0000       30.720    
  3838.000000       1.0000       1.8981    
  3839.000000       1.0000     -5.23855E-33
  3840.000000       1.0000     -8.30281E-61
  3841.000000       1.0000       0.0000    
  3842.000000       1.0000       0.0000    
  3843.000000       1.0000      0.58037    
  3844.000000       1.0000       8.0481    
  3845.000000       1.0000       57.501    
  3846.000000       1.0000       118.29    
  3847.000000       1.0000       510.96    
  3848.000000       1.0000       1424.0    
  3849.000000       1.0000       2212.6    
  3850.000000       1.0000       2862.0    
  3851.000000       1.0000       2571.5    
  3852.000000       1.0000       1974.7    
  3853.000000       1.0000       2582.0    
  3854.000000       1.0000       2463.4    
  3855.000000       1.0000       2338.2    
  3856.000000       1.0000       1844.3    
  3857.000000       1.0000       1589.4    
  3858.000000       1.0000       635.04    
  3859.000000       1.0000       321.10    
  3860.000000       1.0000       159.40    
  3861.000000       1.0000       32.449    
  3862.000000       1.0000      0.16425    
  3863.000000       1.0000       0.0000    
  3864.000000       1.0000       0.0000    
  3865.000000       1.0000       0.0000    
  3866.000000       1.0000       0.0000    
  3867.000000       1.0000      0.57070    
  3868.000000       1.0000       10.060    
  3869.000000       1.0000       54.541    
  3870.000000       1.0000       128.18    
  3871.000000       1.0000       485.53    
  3872.000000       1.0000       1521.3    
  3873.000000       1.0000       2319.5    
  3874.000000       1.0000       3056.6    
  3875.000000       1.0000       3516.4    
  3876.000000       1.0000       2807.4    
  3877.000000       1.0000       3280.2    
  3878.000000       1.0000       2987.0    
  3879.000000       1.0000       3026.8    
  3880.000000       1.0000       2457.5    
  3881.000000       1.0000       1313.0    
  3882.000000       1.0000       999.18    
  3883.000000       1.0000       345.95    
  3884.000000       1.0000       120.11    
  3885.000000       1.0000       41.891    
  3886.000000       1.0000       4.3090    
  3887.000000       1.0000       0.0000    
  3888.000000       1.0000       0.0000    
  3889.000000       1.0000       0.0000    
  3890.000000       1.0000       0.0000    
  3891.000000       1.0000      0.23837    
  3892.000000       1.0000       15.117    
  3893.000000       1.0000       86.900    
  3894.000000       1.0000       176.95    
  3895.000000       1.0000       771.29    
  3896.000000       1.0000       1460.9    
  3897.000000       1.0000       1823.8    
  3898.000000       1.0000       1316.0    
  3899.000000       1.0000       1245.4    
  3900.000000       1.0000       810.46    
  3901.000000       1.0000       1546.5    
  3902.000000       1.0000       1669.0    
  3903.000000       1.0000       3092.1    
  3904.000000       1.0000       2171.9    
  3905.000000       1.0000       1449.4    
  3906.000000       1.0000       828.41    
  3907.000000       1.0000       241.78    
  3908.000000       1.0000       163.65    
  3909.000000       1.0000       43.170    
  3910.000000       1.0000       4.1705    
  3911.000000       1.0000       0.0000    
  3912.000000       1.0000       0.0000    
  3913.000000       1.0000       0.0000    
  3914.000000       1.0000       0.0000    
  3915.000000       1.0000      0.61436    
  3916.000000       1.0000       12.656    
  3917.000000       1.0000       79.055    
  3918.000000       1.0000       194.30    
  3919.000000       1.0000       380.89    
  3920.000000       1.0000       1425.8    
  3921.000000       1.0000       1566.5    
  3922.000000       1.0000       1712.0    
  3923.000000       1.0000       1446.6    
  3924.000000       1.0000       1438.7    
  3925.000000       1.0000       2110.0    
  3926.000000       1.0000       1946.2    
  3927.000000       1.0000       3091.7    
  3928.000000       1.0000       2506.1    
  3929.000000       1.0000       1709.2    
  3930.000000       1.0000       853.19    
  3931.000000       1.0000       247.55    
  3932.000000       1.0000       82.973    
  3933.000000       1.0000       35.715    
  3934.000000       1.0000       3.8844    
  3935.000000       1.0000       0.0000    
  3936.000000       1.0000       0.0000    
  3937.000000       1.0000       0.0000    
  3938.000000       1.0000       0.0000    
  3939.000000       1.0000       1.0211    
  3940.000000       1.0000       10.841    
  3941.000000       1.0000       55.490    
  3942.000000       1.0000       91.469    
  3943.000000       1.0000       458.78    
  3944.000000       1.0000       1466.2    
  3945.000000       1.0000       2435.3    
  3946.000000       1.0000       3168.5    
  3947.000000       1.0000       3662.8    
  3948.000000       1.0000       3934.0    
  3949.000000       1.0000       3971.9    
  3950.000000       1.0000       3769.6    
  3951.000000       1.0000       3327.3    
  3952.000000       1.0000       2687.7    
  3953.000000       1.0000       1853.4    
  3954.000000       1.0000       884.06    
  3955.000000       1.0000       207.29    
  3956.000000       1.0000       77.393    
  3957.000000       1.0000       34.283    
  3958.000000       1.0000       2.8272    
  3959.000000       1.0000       0.0000    
  3960.000000       1.0000       0.0000    
  3961.000000       1.0000       0.0000    
  3962.000000       1.0000       0.0000    
  3963.000000       1.0000      0.91122    
  3964.000000       1.0000       8.6002    
  3965.000000       1.0000       55.483    
  3966.000000       1.0000       88.007    
  3967.000000       1.0000       462.31    
  3968.000000       1.0000       1482.6    
  3969.000000       1.0000       2432.4    
  3970.000000       1.0000       3186.5    
  3971.000000       1.0000       3741.2    
  3972.000000       1.0000       3972.4    
  3973.000000       1.0000       4025.1    
  3974.000000       1.0000       3843.1    
  3975.000000       1.0000       3393.5    
  3976.000000       1.0000       2765.8    
  3977.000000       1.0000       1881.9    
  3978.000000       1.0000       896.18    
  3979.000000       1.0000       216.42    
  3980.000000       1.0000       72.577    
  3981.000000       1.0000       44.473    
  3982.000000       1.0000       5.5693    
  3983.000000       1.0000       0.0000    
  3984.000000       1.0000       0.0000    
  3985.000000       1.0000       0.0000    
  3986.000000       1.0000       0.0000    
  3987.000000       1.0000      0.76405    
  3988.000000       1.0000       21.004    
  3989.000000       1.0000       66.734    
  3990.000000       1.0000       150.92    
  3991.000000       1.0000       546.76    
  3992.000000       1.0000       1097.6    
  3993.000000       1.0000       2053.2    
  3994.000000       1.0000       1942.5    
  3995.000000       1.0000       1638.0    
  3996.000000       1.0000       2535.9    
  3997.000000       1.0000       2511.4    
  3998.000000       1.0000       2096.6    
  3999.000000       1.0000       2933.1    
  4000.000000       1.0000       2761.5    
  4001.000000       1.0000       1817.8    
  4002.000000       1.0000       941.68    
  4003.000000       1.0000       230.93    
  4004.000000       1.0000       97.087    
  4005.000000       1.0000       34.258    
  4006.000000       1.0000      0.50747    
  4007.000000       1.0000       0.0000    
  4008.000000       1.0000       0.0000    
  4009.000000       1.0000       0.0000    
  4010.000000       1.0000       0.0000    
  4011.000000       1.0000       0.0000    
  4012.000000       1.0000       1.0023    
  4013.000000       1.0000       15.844    
  4014.000000       1.0000       108.52    
  4015.000000       1.0000       116.82    
  4016.000000       1.0000       458.65    
  4017.000000       1.0000       808.05    
  4018.000000       1.0000       766.22    
  4019.000000       1.0000       498.50    
  4020.000000       1.0000       471.68    
  4021.000000       1.0000       769.16    
  4022.000000       1.0000       903.40    
  4023.000000       1.0000       764.89    
  4024.000000       1.0000       1408.9    
  4025.000000       1.0000       1214.8    
  4026.000000       1.0000       714.22    
  4027.000000       1.0000       206.57    
  4028.000000       1.0000       79.817    
  4029.000000       1.0000       41.004    
  4030.000000       1.0000      0.41741    
  4031.000000       1.0000       0.0000    
  4032.000000       1.0000       0.0000    
  4033.000000       1.0000       0.0000    
  4034.000000       1.0000       0.0000    
  4035.000000       1.0000      0.94962    
  4036.000000       1.0000       11.203    
  4037.000000       1.0000       55.167    
  4038.000000       1.0000       94.352    
  4039.000000       1.0000       488.41    
  4040.000000       1.0000       1418.0    
  4041.000000       1.0000       2048.2    
  4042.000000       1.0000       1463.9    
  4043.000000       1.0000       856.20    
  4044.000000       1.0000       3354.2    
  4045.000000       1.0000       1982.2    
  4046.000000       1.0000       1363.1    
  4047.000000       1.0000       1302.6    
  4048.000000       1.0000       2103.5    
  4049.000000       1.0000       1097.9    
  4050.000000       1.0000       873.01    
  4051.000000       1.0000       303.13    
  4052.000000       1.0000       134.61    
  4053.000000       1.0000       48.250    
  4054.000000       1.0000       5.0580    
  4055.000000       1.0000      1.36539E-17
  4056.000000       1.0000     -3.19500E-33
  4057.000000       1.0000       0.0000    
  4058.000000       1.0000       0.0000    
  4059.000000       1.0000      0.52267    
  4060.000000       1.0000       14.282    
  4061.000000       1.0000       59.697    
  4062.000000       1.0000       131.19    
  4063.000000       1.0000       464.53    
  4064.000000       1.0000       1368.2    
  4065.000000       1.0000       2264.3    
  4066.000000       1.0000       2968.8    
  4067.000000       1.0000       2394.7    
  4068.000000       1.0000       1567.5    
  4069.000000       1.0000       1502.8    
  4070.000000       1.0000       1701.5    
  4071.000000       1.0000       790.80    
  4072.000000       1.0000       837.51    
  4073.000000       1.0000       1025.8    
  4074.000000       1.0000       795.15    
  4075.000000       1.0000       289.54    
  4076.000000       1.0000       167.58    
  4077.000000       1.0000       42.493    
  4078.000000       1.0000       4.4525    
  4079.000000       1.0000       0.0000    
  4080.000000       1.0000       0.0000    
  4081.000000       1.0000       0.0000    
  4082.000000       1.0000       0.0000    
  4083.000000       1.0000      0.36823    
  4084.000000       1.0000       7.6675    
  4085.000000       1.0000       56.535    
  4086.000000       1.0000       186.19    
  4087.000000       1.0000       332.73    
  4088.000000       1.0000       630.96    
  4089.000000       1.0000       1335.6    
  4090.000000       1.0000       1175.9    
  4091.000000       1.0000       256.20    
  4092.000000       1.0000       1597.8    
  4093.000000       1.0000       1567.7    
  4094.000000       1.0000       1846.6    
  4095.000000       1.0000       2006.3    
  4096.000000       1.0000       1535.7    
  4097.000000       1.0000       11.424    
  4098.000000       1.0000       23.702    
  4099.000000       1.0000       71.930    
  4100.000000       1.0000       82.104    
  4101.000000       1.0000       14.579    
  4102.000000       1.0000      0.39926    
  4103.000000       1.0000      2.01828E-17
  4104.000000       1.0000       0.0000    
  4105.000000       1.0000       0.0000    
  4106.000000       1.0000       0.0000    
  4107.000000       1.0000      3.51164E-02
  4108.000000       1.0000       3.9818    
  4109.000000       1.0000       32.310    
  4110.000000       1.0000       61.231    
  4111.000000       1.0000       89.928    
  4112.000000       1.0000       325.45    
  4113.000000       1.0000       718.15    
  4114.000000       1.0000       629.15    
  4115.000000       1.0000       416.76    
  4116.000000       1.0000       194.47    
  4117.000000       1.0000       122.66    
  4118.000000       1.0000       323.14    
  4119.000000       1.0000       856.77    
  4120.000000       1.0000       1238.0    
  4121.000000       1.0000       472.88    
  4122.000000       1.0000       200.12    
  4123.000000       1.0000       50.418    
  4124.000000       1.0000       228.71    
  4125.000000       1.0000       46.828    
  4126.000000       1.0000      9.63574E-02
  4127.000000       1.0000       0.0000    
  4128.000000       1.0000       0.0000    
  4129.000000       1.0000       0.0000    
  4130.000000       1.0000       0.0000    
  4131.000000       1.0000       0.0000    
  4132.000000       1.0000       3.1394    
  4133.000000       1.0000       28.052    
  4134.000000       1.0000       83.323    
  4135.000000       1.0000       395.00    
  4136.000000       1.0000       535.50    
  4137.000000       1.0000       968.24    
  4138.000000       1.0000       1375.4    
  4139.000000       1.0000       1501.9    
  4140.000000       1.0000       764.84    
  4141.000000       1.0000       800.74    
  4142.000000       1.0000       1117.3    
  4143.000000       1.0000       1188.8    
  4144.000000       1.0000       382.26    
  4145.000000       1.0000       331.61    
  4146.000000       1.0000       169.47    
  4147.000000       1.0000       133.25    
  4148.000000       1.0000       61.845    
  4149.000000       1.0000       18.527    
  4150.000000       1.0000      6.12644E-02
  4151.000000       1.0000       0.0000    
  4152.000000       1.0000       0.0000    
  4153.000000       1.0000       0.0000    
  4154.000000       1.0000       0.0000    
  4155.000000       1.0000      0.11791    
  4156.000000       1.0000       5.9841    
  4157.000000       1.0000       41.841    
  4158.000000       1.0000       130.38    
  4159.000000       1.0000       417.00    
  4160.000000       1.0000       1204.4    
  4161.000000       1.0000       1814.5    
  4162.000000       1.0000       1093.5    
  4163.000000       1.0000       2475.1    
  4164.000000       1.0000       2991.9    
  4165.000000       1.0000       2165.5    
  4166.000000       1.0000       1499.7    
  4167.000000       1.0000       1546.8    
  4168.000000       1.0000       1307.9    
  4169.000000       1.0000       1014.9    
  4170.000000       1.0000       972.23    
  4171.000000       1.0000       271.80    
  4172.000000       1.0000       99.566    
  4173.000000       1.0000       34.439    
  4174.000000       1.0000      0.22234    
  4175.000000       1.0000      1.21700E-29
  4176.000000       1.0000       0.0000    
  4177.000000       1.0000       0.0000    
  4178.000000       1.0000       0.0000    
  4179.000000       1.0000      0.45378    
  4180.000000       1.0000       9.9953    
  4181.000000       1.0000       62.855    
  4182.000000       1.0000       140.23    
  4183.000000       1.0000       468.42    
  4184.000000       1.0000       1371.6    
  4185.000000       1.0000       2255.5    
  4186.000000       1.0000       2970.4    
  4187.000000       1.0000       3490.3    
  4188.000000       1.0000       3781.2    
  4189.000000       1.0000       3819.7    
  4190.000000       1.0000       3639.6    
  4191.000000       1.0000       3232.1    
  4192.000000       1.0000       2635.0    
  4193.000000       1.0000       1840.6    
  4194.000000       1.0000       890.05    
  4195.000000       1.0000       207.49    
  4196.000000       1.0000       83.522    
  4197.000000       1.0000       36.428    
  4198.000000       1.0000       1.3951    
  4199.000000       1.0000     -9.97432E-17
  4200.000000       1.0000       0.0000    
  4201.000000       1.0000       0.0000    
  4202.000000       1.0000       0.0000    
  4203.000000       1.0000      0.71656    
  4204.000000       1.0000       7.4731    
  4205.000000       1.0000       54.216    
  4206.000000       1.0000       98.361    
  4207.000000       1.0000       422.75    
  4208.000000       1.0000       1486.8    
  4209.000000       1.0000       2187.9    
  4210.000000       1.0000       2704.5    
  4211.000000       1.0000       2790.9    
  4212.000000       1.0000       2558.3    
  4213.000000       1.0000       3234.9    
  4214.000000       1.0000       3055.4    
  4215.000000       1.0000       2614.1    
  4216.000000       1.0000       1766.6    
  4217.000000       1.0000       1836.2    
  4218.000000       1.0000       929.30    
  4219.000000       1.0000       247.24    
  4220.000000       1.0000       120.36    
  4221.000000       1.0000       33.443    
  4222.000000       1.0000       1.1551    
  4223.000000       1.0000       0.0000    
  4224.000000       1.0000       0.0000    
  4225.000000       1.0000       0.0000    
  4226.000000       1.0000       0.0000    
  4227.000000       1.0000      0.91163    
  4228.000000       1.0000       8.3914    
  4229.000000       1.0000       57.349    
  4230.000000       1.0000       111.32    
  4231.000000       1.0000       401.33    
  4232.000000       1.0000       1378.8    
  4233.000000       1.0000       2261.2    
  4234.000000       1.0000       2937.8    
  4235.000000       1.0000       3192.2    
  4236.000000       1.0000       3409.4    
  4237.000000       1.0000       3432.1    
  4238.000000       1.0000       3249.9    
  4239.000000       1.0000       3129.4    
  4240.000000       1.0000       2239.8    
  4241.000000       1.0000       1222.6    
  4242.000000       1.0000       410.72    
  4243.000000       1.0000       186.41    
  4244.000000       1.0000       100.32    
  4245.000000       1.0000       34.691    
  4246.000000       1.0000       1.4217    
  4247.000000       1.0000       0.0000    
  4248.000000       1.0000       0.0000    
  4249.000000       1.0000       0.0000    
  4250.000000       1.0000       0.0000    
  4251.000000       1.0000      0.39313    
  4252.000000       1.0000       8.5870    
  4253.000000       1.0000       57.423    
  4254.000000       1.0000       128.79    
  4255.000000       1.0000       422.80    
  4256.000000       1.0000       1325.4    
  4257.000000       1.0000       2181.7    
  4258.000000       1.0000       2867.5    
  4259.000000       1.0000       3243.8    
  4260.000000       1.0000       3087.2    
  4261.000000       1.0000       2570.4    
  4262.000000       1.0000       2527.6    
  4263.000000       1.0000       1018.5    
  4264.000000       1.0000       522.31    
  4265.000000       1.0000       332.39    
  4266.000000       1.0000       205.59    
  4267.000000       1.0000       35.912    
  4268.000000       1.0000       54.622    
  4269.000000       1.0000       13.660    
  4270.000000       1.0000      0.91653    
  4271.000000       1.0000      4.75932E-17
  4272.000000       1.0000       0.0000    
  4273.000000       1.0000       0.0000    
  4274.000000       1.0000       0.0000    
  4275.000000       1.0000      0.57505    
  4276.000000       1.0000       16.682    
  4277.000000       1.0000       90.909    
  4278.000000       1.0000       220.64    
  4279.000000       1.0000       513.85    
  4280.000000       1.0000       1195.8    
  4281.000000       1.0000       1355.7    
  4282.000000       1.0000       2291.9    
  4283.000000       1.0000       1427.8    
  4284.000000       1.0000       1975.7    
  4285.000000       1.0000       2144.9    
  4286.000000       1.0000       2047.0    
  4287.000000       1.0000       1709.6    
  4288.000000       1.0000       983.17    
  4289.000000       1.0000       413.13    
  4290.000000       1.0000       321.64    
  4291.000000       1.0000       165.19    
  4292.000000       1.0000       56.386    
  4293.000000       1.0000       25.278    
  4294.000000       1.0000       2.2510    
  4295.000000       1.0000      3.10903E-02
  4296.000000       1.0000       0.0000    
  4297.000000       1.0000       0.0000    
  4298.000000       1.0000       0.0000    
  4299.000000       1.0000      0.24376    
  4300.000000       1.0000       6.8005    
  4301.000000       1.0000       76.137    
  4302.000000       1.0000       231.16    
  4303.000000       1.0000       519.11    
  4304.000000       1.0000       1295.8    
  4305.000000       1.0000       2412.3    
  4306.000000       1.0000       1914.8    
  4307.000000       1.0000       1952.4    
  4308.000000       1.0000       2941.2    
  4309.000000       1.0000       1477.9    
  4310.000000       1.0000       3473.4    
  4311.000000       1.0000       2761.0    
  4312.000000       1.0000       1641.5    
  4313.000000       1.0000       920.76    
  4314.000000       1.0000       575.05    
  4315.000000       1.0000       339.08    
  4316.000000       1.0000       88.453    
  4317.000000       1.0000       37.756    
  4318.000000       1.0000       2.2049    
  4319.000000       1.0000     -6.08893E-29
  4320.000000       1.0000     -1.52962E-45
  4321.000000       1.0000       0.0000    
  4322.000000       1.0000       0.0000    
  4323.000000       1.0000      7.78080E-02
  4324.000000       1.0000       2.6909    
  4325.000000       1.0000       25.269    
  4326.000000       1.0000       64.980    
  4327.000000       1.0000       199.79    
  4328.000000       1.0000       942.36    
  4329.000000       1.0000       1397.0    
  4330.000000       1.0000       1972.7    
  4331.000000       1.0000       1533.1    
  4332.000000       1.0000       1576.8    
  4333.000000       1.0000       1841.7    
  4334.000000       1.0000       2125.7    
  4335.000000       1.0000       1204.5    
  4336.000000       1.0000       773.70    
  4337.000000       1.0000       931.38    
  4338.000000       1.0000       216.58    
  4339.000000       1.0000       113.83    
  4340.000000       1.0000       153.06    
  4341.000000       1.0000       31.288    
  4342.000000       1.0000       1.8376    
  4343.000000       1.0000       0.0000    
  4344.000000       1.0000       0.0000    
  4345.000000       1.0000       0.0000    
  4346.000000       1.0000       0.0000    
  4347.000000       1.0000       0.0000    
  4348.000000       1.0000       3.7595    
  4349.000000       1.0000       43.856    
  4350.000000       1.0000       251.81    
  4351.000000       1.0000       491.03    
  4352.000000       1.0000       1150.7    
  4353.000000       1.0000       1703.2    
  4354.000000       1.0000       1726.2    
  4355.000000       1.0000       2631.5    
  4356.000000       1.0000       3071.3    
  4357.000000       1.0000       2414.1    
  4358.000000       1.0000       1967.8    
  4359.000000       1.0000       1356.4    
  4360.000000       1.0000       1366.9    
  4361.000000       1.0000       844.15    
  4362.000000       1.0000       420.30    
  4363.000000       1.0000       156.66    
  4364.000000       1.0000       22.029    
  4365.000000       1.0000      0.69039    
  4366.000000       1.0000       0.0000    
  4367.000000       1.0000       0.0000    
  4368.000000       1.0000       0.0000    
  4369.000000       1.0000       0.0000    
  4370.000000       1.0000       0.0000    
  4371.000000       1.0000       0.0000    
  4372.000000       1.0000       0.0000    
  4373.000000       1.0000       0.0000    
  4374.000000       1.0000       0.0000    
  4375.000000       1.0000       0.0000    
  4376.000000       1.0000       0.0000    
  4377.000000       1.0000       0.0000    
  4378.000000       1.0000       0.0000    
  4379.000000       1.0000       0.0000    
  4380.000000       1.0000       0.0000    
  4381.000000       1.0000       0.0000    
  4382.000000       1.0000       0.0000    
  4383.000000       1.0000       0.0000    
  4384.000000       1.0000       0.0000    
  4385.000000       1.0000       0.0000    
  4386.000000       1.0000       0.0000    
  4387.000000       1.0000       0.0000    
  4388.000000       1.0000       0.0000    
  4389.000000       1.0000       0.0000    
  4390.000000       1.0000       0.0000    
  4391.000000       1.0000       0.0000    
  4392.000000       1.0000       0.0000    
  4393.000000       1.0000       0.0000    
  4394.000000       1.0000       0.0000    
  4395.000000       1.0000       0.0000    
  4396.000000       1.0000       0.0000    
  4397.000000       1.0000       0.0000    
  4398.000000       1.0000       5.3346    
  4399.000000       1.0000       252.61    
  4400.000000       1.0000       917.99    
  4401.000000       1.0000       1335.3    
  4402.000000       1.0000       1158.4    
  4403.000000       1.0000       1874.2    
  4404.000000       1.0000       2021.6    
  4405.000000       1.0000       2024.3    
  4406.000000       1.0000       1209.8    
  4407.000000       1.0000       1086.1    
  4408.000000       1.0000       718.39    
  4409.000000       1.0000       763.56    
  4410.000000       1.0000       482.60    
  4411.000000       1.0000       274.05    
  4412.000000       1.0000       121.24    
  4413.000000       1.0000       31.007    
  4414.000000       1.0000       3.3455    
  4415.000000       1.0000       0.0000    
  4416.000000       1.0000       0.0000    
  4417.000000       1.0000       0.0000    
  4418.000000       1.0000       0.0000    
  4419.000000       1.0000       0.0000    
  4420.000000       1.0000      0.45516    
  4421.000000       1.0000       7.0661    
  4422.000000       1.0000       57.591    
  4423.000000       1.0000       120.78    
  4424.000000       1.0000       167.43    
  4425.000000       1.0000       423.22    
  4426.000000       1.0000       804.66    
  4427.000000       1.0000       594.32    
  4428.000000       1.0000       480.39    
  4429.000000       1.0000       1219.8    
  4430.000000       1.0000       623.18    
  4431.000000       1.0000       476.14    
  4432.000000       1.0000       402.38    
  4433.000000       1.0000       353.78    
  4434.000000       1.0000       242.17    
  4435.000000       1.0000       151.74    
  4436.000000       1.0000       50.981    
  4437.000000       1.0000       4.8689    
  4438.000000       1.0000      0.10297    
  4439.000000       1.0000       0.0000    
  4440.000000       1.0000       0.0000    
  4441.000000       1.0000       0.0000    
  4442.000000       1.0000       0.0000    
  4443.000000       1.0000       0.0000    
  4444.000000       1.0000      0.37806    
  4445.000000       1.0000       10.673    
  4446.000000       1.0000       72.455    
  4447.000000       1.0000       84.097    
  4448.000000       1.0000       158.54    
  4449.000000       1.0000       170.65    
  4450.000000       1.0000       203.84    
  4451.000000       1.0000       284.33    
  4452.000000       1.0000       589.17    
  4453.000000       1.0000       1066.1    
  4454.000000       1.0000       1190.0    
  4455.000000       1.0000       1496.8    
  4456.000000       1.0000       1252.3    
  4457.000000       1.0000       1335.1    
  4458.000000       1.0000       518.84    
  4459.000000       1.0000       249.42    
  4460.000000       1.0000       147.37    
  4461.000000       1.0000       38.856    
  4462.000000       1.0000      7.05000E-02
  4463.000000       1.0000     -1.12484E-33
  4464.000000       1.0000     -4.88275E-65
  4465.000000       1.0000       0.0000    
  4466.000000       1.0000       0.0000    
  4467.000000       1.0000      0.60296    
  4468.000000       1.0000       13.261    
  4469.000000       1.0000       86.520    
  4470.000000       1.0000       207.71    
  4471.000000       1.0000       435.31    
  4472.000000       1.0000       897.34    
  4473.000000       1.0000       1311.8    
  4474.000000       1.0000       1415.4    
  4475.000000       1.0000       1410.4    
  4476.000000       1.0000       1891.5    
  4477.000000       1.0000       1058.8    
  4478.000000       1.0000       577.09    
  4479.000000       1.0000       350.83    
  4480.000000       1.0000       193.02    
  4481.000000       1.0000       379.87    
  4482.000000       1.0000       358.27    
  4483.000000       1.0000       200.13    
  4484.000000       1.0000       94.756    
  4485.000000       1.0000       22.314    
  4486.000000       1.0000       2.0940    
  4487.000000       1.0000       0.0000    
  4488.000000       1.0000       0.0000    
  4489.000000       1.0000       0.0000    
  4490.000000       1.0000       0.0000    
  4491.000000       1.0000      0.34061    
  4492.000000       1.0000       7.6258    
  4493.000000       1.0000       47.419    
  4494.000000       1.0000       91.380    
  4495.000000       1.0000       442.99    
  4496.000000       1.0000       1218.2    
  4497.000000       1.0000       2007.3    
  4498.000000       1.0000       1645.3    
  4499.000000       1.0000       1038.0    
  4500.000000       1.0000       1319.4    
  4501.000000       1.0000       1558.5    
  4502.000000       1.0000       2275.3    
  4503.000000       1.0000       2054.7    
  4504.000000       1.0000       928.58    
  4505.000000       1.0000       772.91    
  4506.000000       1.0000       645.00    
  4507.000000       1.0000       295.87    
  4508.000000       1.0000       97.483    
  4509.000000       1.0000       38.380    
  4510.000000       1.0000       4.6684    
  4511.000000       1.0000      1.86889E-31
  4512.000000       1.0000       0.0000    
  4513.000000       1.0000       0.0000    
  4514.000000       1.0000       0.0000    
  4515.000000       1.0000       0.0000    
  4516.000000       1.0000       2.8945    
  4517.000000       1.0000       25.096    
  4518.000000       1.0000       124.77    
  4519.000000       1.0000       326.19    
  4520.000000       1.0000       867.35    
  4521.000000       1.0000       1832.2    
  4522.000000       1.0000       1696.1    
  4523.000000       1.0000       2631.5    
  4524.000000       1.0000       2521.5    
  4525.000000       1.0000       1700.6    
  4526.000000       1.0000       817.71    
  4527.000000       1.0000       2212.1    
  4528.000000       1.0000       2546.4    
  4529.000000       1.0000       1905.2    
  4530.000000       1.0000       994.52    
  4531.000000       1.0000       221.64    
  4532.000000       1.0000       133.92    
  4533.000000       1.0000       38.608    
  4534.000000       1.0000       2.2443    
  4535.000000       1.0000     -1.47140E-28
  4536.000000       1.0000       0.0000    
  4537.000000       1.0000       0.0000    
  4538.000000       1.0000       0.0000    
  4539.000000       1.0000      0.34745    
  4540.000000       1.0000       4.9583    
  4541.000000       1.0000       57.497    
  4542.000000       1.0000       188.64    
  4543.000000       1.0000       370.03    
  4544.000000       1.0000       827.23    
  4545.000000       1.0000       2335.1    
  4546.000000       1.0000       1765.9    
  4547.000000       1.0000       2801.3    
  4548.000000       1.0000       2976.4    
  4549.000000       1.0000       2793.7    
  4550.000000       1.0000       2783.7    
  4551.000000       1.0000       2380.6    
  4552.000000       1.0000       2045.6    
  4553.000000       1.0000       1556.0    
  4554.000000       1.0000       951.60    
  4555.000000       1.0000       264.98    
  4556.000000       1.0000       83.358    
  4557.000000       1.0000       34.055    
  4558.000000       1.0000       2.4276    
  4559.000000       1.0000      1.00195E-28
  4560.000000       1.0000       0.0000    
  4561.000000       1.0000       0.0000    
  4562.000000       1.0000       0.0000    
  4563.000000       1.0000      0.42244    
  4564.000000       1.0000       8.1519    
  4565.000000       1.0000       45.229    
  4566.000000       1.0000       83.042    
  4567.000000       1.0000       392.05    
  4568.000000       1.0000       1345.1    
  4569.000000       1.0000       1999.3    
  4570.000000       1.0000       2166.3    
  4571.000000       1.0000       2127.4    
  4572.000000       1.0000       1659.7    
  4573.000000       1.0000       1485.1    
  4574.000000       1.0000       1910.8    
  4575.000000       1.0000       973.49    
  4576.000000       1.0000       912.06    
  4577.000000       1.0000       658.38    
  4578.000000       1.0000       427.07    
  4579.000000       1.0000       105.92    
  4580.000000       1.0000       69.597    
  4581.000000       1.0000      8.38204E-02
  4582.000000       1.0000      1.21970E-27
  4583.000000       1.0000       0.0000    
  4584.000000       1.0000       0.0000    
  4585.000000       1.0000       0.0000    
  4586.000000       1.0000       0.0000    
  4587.000000       1.0000      5.86759E-02
  4588.000000       1.0000       4.9547    
  4589.000000       1.0000       39.298    
  4590.000000       1.0000       147.81    
  4591.000000       1.0000       353.88    
  4592.000000       1.0000       1020.8    
  4593.000000       1.0000       1104.6    
  4594.000000       1.0000       1380.1    
  4595.000000       1.0000       2447.7    
  4596.000000       1.0000       2661.8    
  4597.000000       1.0000       2824.0    
  4598.000000       1.0000       2110.1    
  4599.000000       1.0000       2852.4    
  4600.000000       1.0000       1509.2    
  4601.000000       1.0000       1551.7    
  4602.000000       1.0000       611.56    
  4603.000000       1.0000       238.85    
  4604.000000       1.0000       86.658    
  4605.000000       1.0000       33.670    
  4606.000000       1.0000       1.3819    
  4607.000000       1.0000       0.0000    
  4608.000000       1.0000       0.0000    
  4609.000000       1.0000       0.0000    
  4610.000000       1.0000       0.0000    
  4611.000000       1.0000      0.23159    
  4612.000000       1.0000       6.4654    
  4613.000000       1.0000       48.790    
  4614.000000       1.0000       162.13    
  4615.000000       1.0000       422.40    
  4616.000000       1.0000       1032.6    
  4617.000000       1.0000       1655.5    
  4618.000000       1.0000       2111.8    
  4619.000000       1.0000       3138.6    
  4620.000000       1.0000       1729.1    
  4621.000000       1.0000       2259.4    
  4622.000000       1.0000       2747.7    
  4623.000000       1.0000       2895.4    
  4624.000000       1.0000       2221.6    
  4625.000000       1.0000       1798.9    
  4626.000000       1.0000       924.72    
  4627.000000       1.0000       267.99    
  4628.000000       1.0000       80.629    
  4629.000000       1.0000       20.492    
  4630.000000       1.0000       1.5286    
  4631.000000       1.0000       0.0000    
  4632.000000       1.0000       0.0000    
  4633.000000       1.0000       0.0000    
  4634.000000       1.0000       0.0000    
  4635.000000       1.0000       0.0000    
  4636.000000       1.0000       3.6288    
  4637.000000       1.0000       48.794    
  4638.000000       1.0000       173.73    
  4639.000000       1.0000       371.41    
  4640.000000       1.0000       1076.0    
  4641.000000       1.0000       1947.3    
  4642.000000       1.0000       2169.8    
  4643.000000       1.0000       2754.8    
  4644.000000       1.0000       2564.8    
  4645.000000       1.0000       2552.2    
  4646.000000       1.0000       2066.0    
  4647.000000       1.0000       1905.8    
  4648.000000       1.0000       547.73    
  4649.000000       1.0000       223.47    
  4650.000000       1.0000       664.16    
  4651.000000       1.0000       312.89    
  4652.000000       1.0000       185.27    
  4653.000000       1.0000       36.491    
  4654.000000       1.0000      0.44392    
  4655.000000       1.0000     -4.52031E-28
  4656.000000       1.0000       0.0000    
  4657.000000       1.0000       0.0000    
  4658.000000       1.0000       0.0000    
  4659.000000       1.0000      8.03237E-02
  4660.000000       1.0000       3.3329    
  4661.000000       1.0000       42.443    
  4662.000000       1.0000       139.44    
  4663.000000       1.0000       221.82    
  4664.000000       1.0000       182.98    
  4665.000000       1.0000       201.90    
  4666.000000       1.0000       386.96    
  4667.000000       1.0000       382.86    
  4668.000000       1.0000       310.63    
  4669.000000       1.0000       268.77    
  4670.000000       1.0000       245.64    
  4671.000000       1.0000       352.35    
  4672.000000       1.0000       507.95    
  4673.000000       1.0000       492.35    
  4674.000000       1.0000       322.33    
  4675.000000       1.0000       299.36    
  4676.000000       1.0000       117.68    
  4677.000000       1.0000       35.307    
  4678.000000       1.0000       3.3584    
  4679.000000       1.0000       0.0000    
  4680.000000       1.0000       0.0000    
  4681.000000       1.0000       0.0000    
  4682.000000       1.0000       0.0000    
  4683.000000       1.0000       0.0000    
  4684.000000       1.0000      0.62376    
  4685.000000       1.0000       8.6182    
  4686.000000       1.0000       36.635    
  4687.000000       1.0000       57.073    
  4688.000000       1.0000       293.28    
  4689.000000       1.0000       633.22    
  4690.000000       1.0000       1049.5    
  4691.000000       1.0000       1920.1    
  4692.000000       1.0000       2436.0    
  4693.000000       1.0000       2420.9    
  4694.000000       1.0000       2838.2    
  4695.000000       1.0000       1345.6    
  4696.000000       1.0000       743.77    
  4697.000000       1.0000       704.51    
  4698.000000       1.0000       463.03    
  4699.000000       1.0000       276.60    
  4700.000000       1.0000       113.80    
  4701.000000       1.0000       31.717    
  4702.000000       1.0000       3.3997    
  4703.000000       1.0000       0.0000    
  4704.000000       1.0000       0.0000    
  4705.000000       1.0000       0.0000    
  4706.000000       1.0000       0.0000    
  4707.000000       1.0000      0.18807    
  4708.000000       1.0000       2.6293    
  4709.000000       1.0000       13.320    
  4710.000000       1.0000       52.825    
  4711.000000       1.0000       139.83    
  4712.000000       1.0000       178.73    
  4713.000000       1.0000       253.83    
  4714.000000       1.0000       522.11    
  4715.000000       1.0000       1177.2    
  4716.000000       1.0000       1094.4    
  4717.000000       1.0000       2164.3    
  4718.000000       1.0000       1809.5    
  4719.000000       1.0000       2535.5    
  4720.000000       1.0000       1759.7    
  4721.000000       1.0000       1651.5    
  4722.000000       1.0000       1017.9    
  4723.000000       1.0000       348.88    
  4724.000000       1.0000       153.67    
  4725.000000       1.0000       34.038    
  4726.000000       1.0000       2.0982    
  4727.000000       1.0000     -8.11008E-17
  4728.000000       1.0000       0.0000    
  4729.000000       1.0000       0.0000    
  4730.000000       1.0000       0.0000    
  4731.000000       1.0000      0.21470    
  4732.000000       1.0000       6.7309    
  4733.000000       1.0000       44.193    
  4734.000000       1.0000       95.260    
  4735.000000       1.0000       394.89    
  4736.000000       1.0000       1232.1    
  4737.000000       1.0000       1912.1    
  4738.000000       1.0000       3072.0    
  4739.000000       1.0000       3643.3    
  4740.000000       1.0000       3810.6    
  4741.000000       1.0000       3829.4    
  4742.000000       1.0000       3725.0    
  4743.000000       1.0000       3393.4    
  4744.000000       1.0000       2806.4    
  4745.000000       1.0000       1896.8    
  4746.000000       1.0000       944.43    
  4747.000000       1.0000       181.18    
  4748.000000       1.0000       64.071    
  4749.000000       1.0000       19.193    
  4750.000000       1.0000      0.22870    
  4751.000000       1.0000     -2.50569E-18
  4752.000000       1.0000       0.0000    
  4753.000000       1.0000       0.0000    
  4754.000000       1.0000       0.0000    
  4755.000000       1.0000      0.14516    
  4756.000000       1.0000       5.2587    
  4757.000000       1.0000       55.845    
  4758.000000       1.0000       211.04    
  4759.000000       1.0000       467.55    
  4760.000000       1.0000       1355.6    
  4761.000000       1.0000       2163.6    
  4762.000000       1.0000       1931.5    
  4763.000000       1.0000       1378.8    
  4764.000000       1.0000       1564.7    
  4765.000000       1.0000       1577.6    
  4766.000000       1.0000       1365.0    
  4767.000000       1.0000       2543.9    
  4768.000000       1.0000       2181.2    
  4769.000000       1.0000       1492.4    
  4770.000000       1.0000       836.69    
  4771.000000       1.0000       584.68    
  4772.000000       1.0000       207.83    
  4773.000000       1.0000       18.015    
  4774.000000       1.0000       1.9783    
  4775.000000       1.0000       0.0000    
  4776.000000       1.0000       0.0000    
  4777.000000       1.0000       0.0000    
  4778.000000       1.0000       0.0000    
  4779.000000       1.0000      0.12323    
  4780.000000       1.0000       4.4871    
  4781.000000       1.0000       46.370    
  4782.000000       1.0000       106.76    
  4783.000000       1.0000       333.81    
  4784.000000       1.0000       705.30    
  4785.000000       1.0000       1037.5    
  4786.000000       1.0000       1347.1    
  4787.000000       1.0000       1647.6    
  4788.000000       1.0000       2017.2    
  4789.000000       1.0000       2288.4    
  4790.000000       1.0000       918.29    
  4791.000000       1.0000       1300.4    
  4792.000000       1.0000       1473.1    
  4793.000000       1.0000       655.54    
  4794.000000       1.0000       393.86    
  4795.000000       1.0000       297.95    
  4796.000000       1.0000       88.844    
  4797.000000       1.0000       10.249    
  4798.000000       1.0000      0.91875    
  4799.000000       1.0000       0.0000    
  4800.000000       1.0000       0.0000    
  4801.000000       1.0000       0.0000    
  4802.000000       1.0000       0.0000    
  4803.000000       1.0000      0.12326    
  4804.000000       1.0000       2.6027    
  4805.000000       1.0000       15.759    
  4806.000000       1.0000       30.108    
  4807.000000       1.0000       81.675    
  4808.000000       1.0000       314.90    
  4809.000000       1.0000       599.60    
  4810.000000       1.0000       827.21    
  4811.000000       1.0000       1445.6    
  4812.000000       1.0000       2244.5    
  4813.000000       1.0000       1740.6    
  4814.000000       1.0000       2863.0    
  4815.000000       1.0000       3081.5    
  4816.000000       1.0000       2443.4    
  4817.000000       1.0000       1699.1    
  4818.000000       1.0000       1003.9    
  4819.000000       1.0000       261.15    
  4820.000000       1.0000       84.288    
  4821.000000       1.0000       24.896    
  4822.000000       1.0000       1.9152    
  4823.000000       1.0000       0.0000    
  4824.000000       1.0000       0.0000    
  4825.000000       1.0000       0.0000    
  4826.000000       1.0000       0.0000    
  4827.000000       1.0000       0.0000    
  4828.000000       1.0000       4.5934    
  4829.000000       1.0000       56.005    
  4830.000000       1.0000       216.68    
  4831.000000       1.0000       481.55    
  4832.000000       1.0000       998.68    
  4833.000000       1.0000       1953.3    
  4834.000000       1.0000       2579.0    
  4835.000000       1.0000       2574.7    
  4836.000000       1.0000       3362.0    
  4837.000000       1.0000       2962.1    
  4838.000000       1.0000       2506.3    
  4839.000000       1.0000       311.37    
  4840.000000       1.0000       461.03    
  4841.000000       1.0000       959.69    
  4842.000000       1.0000       678.09    
  4843.000000       1.0000       333.03    
  4844.000000       1.0000       74.998    
  4845.000000       1.0000       14.920    
  4846.000000       1.0000      0.90251    
  4847.000000       1.0000      1.14553E-28
  4848.000000       1.0000       0.0000    
  4849.000000       1.0000       0.0000    
  4850.000000       1.0000       0.0000    
  4851.000000       1.0000       0.0000    
  4852.000000       1.0000       1.2110    
  4853.000000       1.0000       36.569    
  4854.000000       1.0000       87.991    
  4855.000000       1.0000       352.28    
  4856.000000       1.0000       1319.8    
  4857.000000       1.0000       2340.5    
  4858.000000       1.0000       2594.7    
  4859.000000       1.0000       1202.1    
  4860.000000       1.0000       642.85    
  4861.000000       1.0000       2984.2    
  4862.000000       1.0000       788.12    
  4863.000000       1.0000       2834.2    
  4864.000000       1.0000       2893.5    
  4865.000000       1.0000       1977.8    
  4866.000000       1.0000       994.42    
  4867.000000       1.0000       200.09    
  4868.000000       1.0000       67.889    
  4869.000000       1.0000       18.947    
  4870.000000       1.0000      0.39215    
  4871.000000       1.0000     -6.31688E-29
  4872.000000       1.0000      1.23079E-50
  4873.000000       1.0000       0.0000    
  4874.000000       1.0000       0.0000    
  4875.000000       1.0000       0.0000    
  4876.000000       1.0000       2.3013    
  4877.000000       1.0000       20.573    
  4878.000000       1.0000       111.70    
  4879.000000       1.0000       360.69    
  4880.000000       1.0000       619.67    
  4881.000000       1.0000       2081.1    
  4882.000000       1.0000       1674.0    
  4883.000000       1.0000       905.57    
  4884.000000       1.0000       1415.2    
  4885.000000       1.0000       2394.1    
  4886.000000       1.0000       3952.6    
  4887.000000       1.0000       3695.5    
  4888.000000       1.0000       2964.7    
  4889.000000       1.0000       1987.0    
  4890.000000       1.0000       981.38    
  4891.000000       1.0000       301.07    
  4892.000000       1.0000       114.40    
  4893.000000       1.0000       12.984    
  4894.000000       1.0000      0.36518    
  4895.000000       1.0000       0.0000    
  4896.000000       1.0000       0.0000    
  4897.000000       1.0000       0.0000    
  4898.000000       1.0000       0.0000    
  4899.000000       1.0000       0.0000    
  4900.000000       1.0000      0.43753    
  4901.000000       1.0000       5.6548    
  4902.000000       1.0000       19.383    
  4903.000000       1.0000       53.487    
  4904.000000       1.0000       222.21    
  4905.000000       1.0000       191.20    
  4906.000000       1.0000       283.24    
  4907.000000       1.0000       270.11    
  4908.000000       1.0000       311.39    
  4909.000000       1.0000       290.32    
  4910.000000       1.0000       486.36    
  4911.000000       1.0000       1342.1    
  4912.000000       1.0000       688.89    
  4913.000000       1.0000       536.11    
  4914.000000       1.0000       682.13    
  4915.000000       1.0000       285.50    
  4916.000000       1.0000       69.983    
  4917.000000       1.0000       17.788    
  4918.000000       1.0000       1.1790    
  4919.000000       1.0000      1.45012E-29
  4920.000000       1.0000     -1.76970E-66
  4921.000000       1.0000       0.0000    
  4922.000000       1.0000       0.0000    
  4923.000000       1.0000       0.0000    
  4924.000000       1.0000       1.4498    
  4925.000000       1.0000       29.519    
  4926.000000       1.0000       114.12    
  4927.000000       1.0000       297.95    
  4928.000000       1.0000       800.61    
  4929.000000       1.0000       1717.7    
  4930.000000       1.0000       2845.3    
  4931.000000       1.0000       3596.6    
  4932.000000       1.0000       3329.3    
  4933.000000       1.0000       3345.9    
  4934.000000       1.0000       3104.0    
  4935.000000       1.0000       2581.6    
  4936.000000       1.0000       1585.4    
  4937.000000       1.0000       1298.8    
  4938.000000       1.0000       664.73    
  4939.000000       1.0000       232.49    
  4940.000000       1.0000       73.751    
  4941.000000       1.0000       14.863    
  4942.000000       1.0000       1.0386    
  4943.000000       1.0000       0.0000    
  4944.000000       1.0000       0.0000    
  4945.000000       1.0000       0.0000    
  4946.000000       1.0000       0.0000    
  4947.000000       1.0000       0.0000    
  4948.000000       1.0000      0.24396    
  4949.000000       1.0000       17.449    
  4950.000000       1.0000       135.17    
  4951.000000       1.0000       283.62    
  4952.000000       1.0000       659.96    
  4953.000000       1.0000       548.54    
  4954.000000       1.0000       541.20    
  4955.000000       1.0000       352.15    
  4956.000000       1.0000       265.35    
  4957.000000       1.0000       511.47    
  4958.000000       1.0000       1364.5    
  4959.000000       1.0000       835.49    
  4960.000000       1.0000       91.638    
  4961.000000       1.0000       81.424    
  4962.000000       1.0000       120.16    
  4963.000000       1.0000       72.772    
  4964.000000       1.0000       57.464    
  4965.000000       1.0000       10.662    
  4966.000000       1.0000      0.51164    
  4967.000000       1.0000       0.0000    
  4968.000000       1.0000       0.0000    
  4969.000000       1.0000       0.0000    
  4970.000000       1.0000       0.0000    
  4971.000000       1.0000       0.0000    
  4972.000000       1.0000       3.2633    
  4973.000000       1.0000       36.615    
  4974.000000       1.0000       82.086    
  4975.000000       1.0000       258.55    
  4976.000000       1.0000       625.61    
  4977.000000       1.0000       1197.1    
  4978.000000       1.0000       2074.0    
  4979.000000       1.0000       3592.1    
  4980.000000       1.0000       2816.1    
  4981.000000       1.0000       2574.0    
  4982.000000       1.0000       1709.3    
  4983.000000       1.0000       2431.2    
  4984.000000       1.0000       2289.5    
  4985.000000       1.0000       1902.2    
  4986.000000       1.0000       1113.5    
  4987.000000       1.0000       264.50    
  4988.000000       1.0000       104.43    
  4989.000000       1.0000       8.9151    
  4990.000000       1.0000      0.52335    
  4991.000000       1.0000     -8.17906E-30
  4992.000000       1.0000      7.17149E-50
  4993.000000       1.0000       0.0000    
  4994.000000       1.0000       0.0000    
  4995.000000       1.0000       0.0000    
  4996.000000       1.0000       1.2473    
  4997.000000       1.0000       29.448    
  4998.000000       1.0000       87.970    
  4999.000000       1.0000       57.074    
  5000.000000       1.0000       138.49    
  5001.000000       1.0000       126.05    
  5002.000000       1.0000       257.80    
  5003.000000       1.0000       369.33    
  5004.000000       1.0000       235.16    
  5005.000000       1.0000       506.60    
  5006.000000       1.0000       369.69    
  5007.000000       1.0000       1132.7    
  5008.000000       1.0000       1012.0    
  5009.000000       1.0000       1136.8    
  5010.000000       1.0000       842.82    
  5011.000000       1.0000       215.57    
  5012.000000       1.0000       55.477    
  5013.000000       1.0000       8.0789    
  5014.000000       1.0000      0.21926    
  5015.000000       1.0000      8.22970E-18
  5016.000000       1.0000       0.0000    
  5017.000000       1.0000       0.0000    
  5018.000000       1.0000       0.0000    
  5019.000000       1.0000       0.0000    
  5020.000000       1.0000       2.4293    
  5021.000000       1.0000       25.959    
  5022.000000       1.0000       113.26    
  5023.000000       1.0000       293.55    
  5024.000000       1.0000       308.96    
  5025.000000       1.0000       702.85    
  5026.000000       1.0000       1103.6    
  5027.000000       1.0000       937.28    
  5028.000000       1.0000       468.41    
  5029.000000       1.0000       342.39    
  5030.000000       1.0000       332.51    
  5031.000000       1.0000       570.75    
  5032.000000       1.0000       658.97    
  5033.000000       1.0000       374.41    
  5034.000000       1.0000       160.22    
  5035.000000       1.0000       52.661    
  5036.000000       1.0000       19.906    
  5037.000000       1.0000       1.1630    
  5038.000000       1.0000       0.0000    
  5039.000000       1.0000       0.0000    
  5040.000000       1.0000       0.0000    
  5041.000000       1.0000       0.0000    
  5042.000000       1.0000       0.0000    
  5043.000000       1.0000       0.0000    
  5044.000000       1.0000       1.5946    
  5045.000000       1.0000       15.259    
  5046.000000       1.0000       56.028    
  5047.000000       1.0000       126.96    
  5048.000000       1.0000       340.52    
  5049.000000       1.0000       640.15    
  5050.000000       1.0000       699.24    
  5051.000000       1.0000       792.86    
  5052.000000       1.0000       1012.9    
  5053.000000       1.0000       1207.1    
  5054.000000       1.0000       2042.7    
  5055.000000       1.0000       1813.8    
  5056.000000       1.0000       788.04    
  5057.000000       1.0000       437.77    
  5058.000000       1.0000       199.53    
  5059.000000       1.0000       57.314    
  5060.000000       1.0000       9.1443    
  5061.000000       1.0000      0.45539    
  5062.000000       1.0000       0.0000    
  5063.000000       1.0000       0.0000    
  5064.000000       1.0000       0.0000    
  5065.000000       1.0000       0.0000    
  5066.000000       1.0000       0.0000    
  5067.000000       1.0000       0.0000    
  5068.000000       1.0000      0.64205    
  5069.000000       1.0000       24.086    
  5070.000000       1.0000       69.444    
  5071.000000       1.0000       270.73    
  5072.000000       1.0000       627.70    
  5073.000000       1.0000       1493.2    
  5074.000000       1.0000       2773.4    
  5075.000000       1.0000       3325.6    
  5076.000000       1.0000       3516.8    
  5077.000000       1.0000       3215.6    
  5078.000000       1.0000       2869.1    
  5079.000000       1.0000       2476.7    
  5080.000000       1.0000       2428.4    
  5081.000000       1.0000       1359.7    
  5082.000000       1.0000       622.98    
  5083.000000       1.0000       152.40    
  5084.000000       1.0000       61.190    
  5085.000000       1.0000       2.0814    
  5086.000000       1.0000     -6.56247E-35
  5087.000000       1.0000      1.11860E-59
  5088.000000       1.0000       0.0000    
  5089.000000       1.0000       0.0000    
  5090.000000       1.0000       0.0000    
  5091.000000       1.0000       0.0000    
  5092.000000       1.0000       2.3761    
  5093.000000       1.0000       20.683    
  5094.000000       1.0000       71.472    
  5095.000000       1.0000       272.49    
  5096.000000       1.0000       1245.5    
  5097.000000       1.0000       2226.0    
  5098.000000       1.0000       2991.0    
  5099.000000       1.0000       3528.1    
  5100.000000       1.0000       3379.9    
  5101.000000       1.0000       2234.9    
  5102.000000       1.0000       2109.3    
  5103.000000       1.0000       3016.7    
  5104.000000       1.0000       1520.1    
  5105.000000       1.0000       1111.3    
  5106.000000       1.0000       421.12    
  5107.000000       1.0000       152.31    
  5108.000000       1.0000       62.384    
  5109.000000       1.0000       4.6107    
  5110.000000       1.0000       0.0000    
  5111.000000       1.0000       0.0000    
  5112.000000       1.0000       0.0000    
  5113.000000       1.0000       0.0000    
  5114.000000       1.0000       0.0000    
  5115.000000       1.0000       0.0000    
  5116.000000       1.0000       1.3561    
  5117.000000       1.0000       18.154    
  5118.000000       1.0000       107.90    
  5119.000000       1.0000       380.46    
  5120.000000       1.0000       302.51    
  5121.000000       1.0000       204.91    
  5122.000000       1.0000       205.69    
  5123.000000       1.0000       329.38    
  5124.000000       1.0000       577.31    
  5125.000000       1.0000       503.42    
  5126.000000       1.0000       492.86    
  5127.000000       1.0000       441.55    
  5128.000000       1.0000       351.15    
  5129.000000       1.0000       443.84    
  5130.000000       1.0000       353.80    
  5131.000000       1.0000       198.31    
  5132.000000       1.0000       63.060    
  5133.000000       1.0000       5.6487    
  5134.000000       1.0000      9.81641E-28
  5135.000000       1.0000     -1.33891E-43
  5136.000000       1.0000     -1.98433E-63
  5137.000000       1.0000       0.0000    
  5138.000000       1.0000       0.0000    
  5139.000000       1.0000       0.0000    
  5140.000000       1.0000      0.38550    
  5141.000000       1.0000       9.7135    
  5142.000000       1.0000       104.97    
  5143.000000       1.0000       316.18    
  5144.000000       1.0000       576.46    
  5145.000000       1.0000       1240.2    
  5146.000000       1.0000       1389.2    
  5147.000000       1.0000       2090.5    
  5148.000000       1.0000       1864.0    
  5149.000000       1.0000       1599.7    
  5150.000000       1.0000       1305.1    
  5151.000000       1.0000       2129.3    
  5152.000000       1.0000       2162.9    
  5153.000000       1.0000       1396.1    
  5154.000000       1.0000       766.03    
  5155.000000       1.0000       225.62    
  5156.000000       1.0000       60.137    
  5157.000000       1.0000       6.4490    
  5158.000000       1.0000       0.0000    
  5159.000000       1.0000       0.0000    
  5160.000000       1.0000       0.0000    
  5161.000000       1.0000       0.0000    
  5162.000000       1.0000       0.0000    
  5163.000000       1.0000       0.0000    
  5164.000000       1.0000      0.61214    
  5165.000000       1.0000       10.809    
  5166.000000       1.0000       97.214    
  5167.000000       1.0000       368.48    
  5168.000000       1.0000       1102.3    
  5169.000000       1.0000       2047.7    
  5170.000000       1.0000       1843.4    
  5171.000000       1.0000       3294.9    
  5172.000000       1.0000       2756.7    
  5173.000000       1.0000       3185.5    
  5174.000000       1.0000       3328.5    
  5175.000000       1.0000       2162.7    
  5176.000000       1.0000       1999.9    
  5177.000000       1.0000       1658.5    
  5178.000000       1.0000       698.50    
  5179.000000       1.0000       206.85    
  5180.000000       1.0000       63.626    
  5181.000000       1.0000       5.7605    
  5182.000000       1.0000     -1.20732E-16
  5183.000000       1.0000     -3.24588E-44
  5184.000000       1.0000     -3.78012E-64
  5185.000000       1.0000       0.0000    
  5186.000000       1.0000       0.0000    
  5187.000000       1.0000       0.0000    
  5188.000000       1.0000      4.40904E-02
  5189.000000       1.0000       7.5505    
  5190.000000       1.0000       52.563    
  5191.000000       1.0000       87.181    
  5192.000000       1.0000       396.31    
  5193.000000       1.0000       203.27    
  5194.000000       1.0000       445.04    
  5195.000000       1.0000       614.91    
  5196.000000       1.0000       401.53    
  5197.000000       1.0000       410.42    
  5198.000000       1.0000       707.60    
  5199.000000       1.0000       666.15    
  5200.000000       1.0000       241.17    
  5201.000000       1.0000       119.35    
  5202.000000       1.0000       69.437    
  5203.000000       1.0000       59.465    
  5204.000000       1.0000       12.403    
  5205.000000       1.0000      0.84300    
  5206.000000       1.0000       0.0000    
  5207.000000       1.0000       0.0000    
  5208.000000       1.0000       0.0000    
  5209.000000       1.0000       0.0000    
  5210.000000       1.0000       0.0000    
  5211.000000       1.0000       0.0000    
  5212.000000       1.0000      0.56979    
  5213.000000       1.0000       5.6874    
  5214.000000       1.0000       68.022    
  5215.000000       1.0000       229.50    
  5216.000000       1.0000       1130.7    
  5217.000000       1.0000       2104.3    
  5218.000000       1.0000       2553.2    
  5219.000000       1.0000       3419.9    
  5220.000000       1.0000       3653.6    
  5221.000000       1.0000       3796.3    
  5222.000000       1.0000       3041.5    
  5223.000000       1.0000       2008.6    
  5224.000000       1.0000       878.78    
  5225.000000       1.0000       1274.4    
  5226.000000       1.0000       741.82    
  5227.000000       1.0000       282.90    
  5228.000000       1.0000       58.893    
  5229.000000       1.0000       1.2631    
  5230.000000       1.0000      7.45036E-29
  5231.000000       1.0000       0.0000    
  5232.000000       1.0000       0.0000    
  5233.000000       1.0000       0.0000    
  5234.000000       1.0000       0.0000    
  5235.000000       1.0000       0.0000    
  5236.000000       1.0000      0.23855    
  5237.000000       1.0000       7.2296    
  5238.000000       1.0000       59.953    
  5239.000000       1.0000       310.85    
  5240.000000       1.0000       1036.6    
  5241.000000       1.0000       1910.9    
  5242.000000       1.0000       2878.8    
  5243.000000       1.0000       3376.0    
  5244.000000       1.0000       3663.3    
  5245.000000       1.0000       3680.2    
  5246.000000       1.0000       3553.6    
  5247.000000       1.0000       3127.3    
  5248.000000       1.0000       2530.2    
  5249.000000       1.0000       1576.4    
  5250.000000       1.0000       757.06    
  5251.000000       1.0000       181.38    
  5252.000000       1.0000       37.739    
  5253.000000       1.0000      0.45167    
  5254.000000       1.0000       0.0000    
  5255.000000       1.0000       0.0000    
  5256.000000       1.0000       0.0000    
  5257.000000       1.0000       0.0000    
  5258.000000       1.0000       0.0000    
  5259.000000       1.0000       0.0000    
  5260.000000       1.0000      0.25686    
  5261.000000       1.0000       9.2662    
  5262.000000       1.0000       55.268    
  5263.000000       1.0000       237.16    
  5264.000000       1.0000       1144.2    
  5265.000000       1.0000       2235.4    
  5266.000000       1.0000       2994.3    
  5267.000000       1.0000       3531.7    
  5268.000000       1.0000       3827.6    
  5269.000000       1.0000       3888.4    
  5270.000000       1.0000       2857.3    
  5271.000000       1.0000       3044.7    
  5272.000000       1.0000       2033.1    
  5273.000000       1.0000       1817.4    
  5274.000000       1.0000       839.68    
  5275.000000       1.0000       157.32    
  5276.000000       1.0000       42.470    
  5277.000000       1.0000       1.4172    
  5278.000000       1.0000       0.0000    
  5279.000000       1.0000       0.0000    
  5280.000000       1.0000       0.0000    
  5281.000000       1.0000       0.0000    
  5282.000000       1.0000       0.0000    
  5283.000000       1.0000       0.0000    
  5284.000000       1.0000      0.85493    
  5285.000000       1.0000       13.335    
  5286.000000       1.0000       68.680    
  5287.000000       1.0000       244.48    
  5288.000000       1.0000       1112.2    
  5289.000000       1.0000       2025.5    
  5290.000000       1.0000       2781.4    
  5291.000000       1.0000       3311.3    
  5292.000000       1.0000       3595.1    
  5293.000000       1.0000       3187.4    
  5294.000000       1.0000       3084.1    
  5295.000000       1.0000       2963.4    
  5296.000000       1.0000       2358.4    
  5297.000000       1.0000       1274.4    
  5298.000000       1.0000       771.16    
  5299.000000       1.0000       172.03    
  5300.000000       1.0000       42.688    
  5301.000000       1.0000       1.5774    
  5302.000000       1.0000       0.0000    
  5303.000000       1.0000       0.0000    
  5304.000000       1.0000       0.0000    
  5305.000000       1.0000       0.0000    
  5306.000000       1.0000       0.0000    
  5307.000000       1.0000       0.0000    
  5308.000000       1.0000      0.19000    
  5309.000000       1.0000       10.401    
  5310.000000       1.0000       97.364    
  5311.000000       1.0000       286.92    
  5312.000000       1.0000       688.97    
  5313.000000       1.0000       1497.7    
  5314.000000       1.0000       2529.8    
  5315.000000       1.0000       2200.4    
  5316.000000       1.0000       2794.0    
  5317.000000       1.0000       2405.5    
  5318.000000       1.0000       2267.5    
  5319.000000       1.0000       1644.4    
  5320.000000       1.0000       1015.2    
  5321.000000       1.0000       332.54    
  5322.000000       1.0000       212.37    
  5323.000000       1.0000       220.23    
  5324.000000       1.0000       57.584    
  5325.000000       1.0000      0.94508    
  5326.000000       1.0000       0.0000    
  5327.000000       1.0000       0.0000    
  5328.000000       1.0000       0.0000    
  5329.000000       1.0000       0.0000    
  5330.000000       1.0000       0.0000    
  5331.000000       1.0000       0.0000    
  5332.000000       1.0000      0.26705    
  5333.000000       1.0000       4.9464    
  5334.000000       1.0000       65.268    
  5335.000000       1.0000       202.92    
  5336.000000       1.0000       720.04    
  5337.000000       1.0000       1191.0    
  5338.000000       1.0000       2000.4    
  5339.000000       1.0000       2714.1    
  5340.000000       1.0000       2158.7    
  5341.000000       1.0000       2385.0    
  5342.000000       1.0000       3098.5    
  5343.000000       1.0000       2155.4    
  5344.000000       1.0000       2217.8    
  5345.000000       1.0000       1329.9    
  5346.000000       1.0000       409.43    
  5347.000000       1.0000       197.55    
  5348.000000       1.0000       43.386    
  5349.000000       1.0000       1.3236    
  5350.000000       1.0000      3.92874E-32
  5351.000000       1.0000       0.0000    
  5352.000000       1.0000       0.0000    
  5353.000000       1.0000       0.0000    
  5354.000000       1.0000       0.0000    
  5355.000000       1.0000       0.0000    
  5356.000000       1.0000      5.33872E-02
  5357.000000       1.0000       3.1536    
  5358.000000       1.0000       70.145    
  5359.000000       1.0000       258.42    
  5360.000000       1.0000       460.57    
  5361.000000       1.0000       970.19    
  5362.000000       1.0000       2690.0    
  5363.000000       1.0000       2694.6    
  5364.000000       1.0000       3104.4    
  5365.000000       1.0000       3076.7    
  5366.000000       1.0000       2835.3    
  5367.000000       1.0000       1330.8    
  5368.000000       1.0000       1308.1    
  5369.000000       1.0000       1612.8    
  5370.000000       1.0000       740.03    
  5371.000000       1.0000       117.35    
  5372.000000       1.0000       42.249    
  5373.000000       1.0000       4.3662    
  5374.000000       1.0000      3.09481E-16
  5375.000000       1.0000       0.0000    
  5376.000000       1.0000       0.0000    
  5377.000000       1.0000       0.0000    
  5378.000000       1.0000       0.0000    
  5379.000000       1.0000       0.0000    
  5380.000000       1.0000      4.84804E-02
  5381.000000       1.0000       11.833    
  5382.000000       1.0000       75.295    
  5383.000000       1.0000       332.86    
  5384.000000       1.0000       1216.2    
  5385.000000       1.0000       2096.1    
  5386.000000       1.0000       2769.5    
  5387.000000       1.0000       3441.3    
  5388.000000       1.0000       3741.1    
  5389.000000       1.0000       3655.2    
  5390.000000       1.0000       2876.9    
  5391.000000       1.0000       3273.8    
  5392.000000       1.0000       2473.8    
  5393.000000       1.0000       1755.7    
  5394.000000       1.0000       750.79    
  5395.000000       1.0000       181.98    
  5396.000000       1.0000       40.199    
  5397.000000       1.0000       2.5596    
  5398.000000       1.0000      1.06625E-16
  5399.000000       1.0000       0.0000    
  5400.000000       1.0000       0.0000    
  5401.000000       1.0000       0.0000    
  5402.000000       1.0000       0.0000    
  5403.000000       1.0000       0.0000    
  5404.000000       1.0000      0.18673    
  5405.000000       1.0000       7.5290    
  5406.000000       1.0000       57.594    
  5407.000000       1.0000       204.66    
  5408.000000       1.0000       1137.4    
  5409.000000       1.0000       2142.1    
  5410.000000       1.0000       2950.8    
  5411.000000       1.0000       3514.1    
  5412.000000       1.0000       3832.8    
  5413.000000       1.0000       3859.1    
  5414.000000       1.0000       3666.0    
  5415.000000       1.0000       3223.3    
  5416.000000       1.0000       2570.3    
  5417.000000       1.0000       1712.7    
  5418.000000       1.0000       738.97    
  5419.000000       1.0000       104.00    
  5420.000000       1.0000       27.471    
  5421.000000       1.0000       2.7595    
  5422.000000       1.0000       0.0000    
  5423.000000       1.0000       0.0000    
  5424.000000       1.0000       0.0000    
  5425.000000       1.0000       0.0000    
  5426.000000       1.0000       0.0000    
  5427.000000       1.0000       0.0000    
  5428.000000       1.0000      0.12180    
  5429.000000       1.0000       5.8123    
  5430.000000       1.0000       54.892    
  5431.000000       1.0000       191.03    
  5432.000000       1.0000       1123.7    
  5433.000000       1.0000       2111.1    
  5434.000000       1.0000       2887.1    
  5435.000000       1.0000       3448.5    
  5436.000000       1.0000       3738.8    
  5437.000000       1.0000       3785.6    
  5438.000000       1.0000       3647.6    
  5439.000000       1.0000       3201.4    
  5440.000000       1.0000       2545.8    
  5441.000000       1.0000       1682.2    
  5442.000000       1.0000       725.55    
  5443.000000       1.0000       99.681    
  5444.000000       1.0000       27.976    
  5445.000000       1.0000       2.0907    
  5446.000000       1.0000       0.0000    
  5447.000000       1.0000       0.0000    
  5448.000000       1.0000       0.0000    
  5449.000000       1.0000       0.0000    
  5450.000000       1.0000       0.0000    
  5451.000000       1.0000       0.0000    
  5452.000000       1.0000      2.09321E-02
  5453.000000       1.0000       3.0833    
  5454.000000       1.0000       50.294    
  5455.000000       1.0000       191.68    
  5456.000000       1.0000       1152.5    
  5457.000000       1.0000       2159.9    
  5458.000000       1.0000       2955.0    
  5459.000000       1.0000       3476.3    
  5460.000000       1.0000       3773.3    
  5461.000000       1.0000       3829.1    
  5462.000000       1.0000       3671.8    
  5463.000000       1.0000       3200.2    
  5464.000000       1.0000       2581.6    
  5465.000000       1.0000       1655.3    
  5466.000000       1.0000       734.75    
  5467.000000       1.0000       100.11    
  5468.000000       1.0000       22.835    
  5469.000000       1.0000       1.5599    
  5470.000000       1.0000     -4.22148E-29
  5471.000000       1.0000       0.0000    
  5472.000000       1.0000       0.0000    
  5473.000000       1.0000       0.0000    
  5474.000000       1.0000       0.0000    
  5475.000000       1.0000       0.0000    
  5476.000000       1.0000      0.20563    
  5477.000000       1.0000       4.9035    
  5478.000000       1.0000       48.406    
  5479.000000       1.0000       209.96    
  5480.000000       1.0000       940.27    
  5481.000000       1.0000       1764.6    
  5482.000000       1.0000       2405.9    
  5483.000000       1.0000       2561.0    
  5484.000000       1.0000       2792.6    
  5485.000000       1.0000       3509.8    
  5486.000000       1.0000       3110.1    
  5487.000000       1.0000       2888.3    
  5488.000000       1.0000       1481.4    
  5489.000000       1.0000       609.43    
  5490.000000       1.0000       400.60    
  5491.000000       1.0000       162.13    
  5492.000000       1.0000       37.931    
  5493.000000       1.0000       1.5438    
  5494.000000       1.0000      2.83657E-29
  5495.000000       1.0000       0.0000    
  5496.000000       1.0000       0.0000    
  5497.000000       1.0000       0.0000    
  5498.000000       1.0000       0.0000    
  5499.000000       1.0000       0.0000    
  5500.000000       1.0000       0.0000    
  5501.000000       1.0000      0.59976    
  5502.000000       1.0000       22.734    
  5503.000000       1.0000       107.95    
  5504.000000       1.0000       215.53    
  5505.000000       1.0000       625.95    
  5506.000000       1.0000       675.27    
  5507.000000       1.0000       2201.4    
  5508.000000       1.0000       3664.3    
  5509.000000       1.0000       2902.0    
  5510.000000       1.0000       2690.3    
  5511.000000       1.0000       2271.9    
  5512.000000       1.0000       1235.1    
  5513.000000       1.0000       794.72    
  5514.000000       1.0000       352.56    
  5515.000000       1.0000       87.448    
  5516.000000       1.0000       13.129    
  5517.000000       1.0000      0.32223    
  5518.000000       1.0000       0.0000    
  5519.000000       1.0000       0.0000    
  5520.000000       1.0000       0.0000    
  5521.000000       1.0000       0.0000    
  5522.000000       1.0000       0.0000    
  5523.000000       1.0000       0.0000    
  5524.000000       1.0000      2.89317E-02
  5525.000000       1.0000       8.0032    
  5526.000000       1.0000       93.492    
  5527.000000       1.0000       218.21    
  5528.000000       1.0000       409.57    
  5529.000000       1.0000       799.67    
  5530.000000       1.0000       1020.3    
  5531.000000       1.0000       1136.0    
  5532.000000       1.0000       2170.7    
  5533.000000       1.0000       471.70    
  5534.000000       1.0000       1363.4    
  5535.000000       1.0000       1688.3    
  5536.000000       1.0000       699.82    
  5537.000000       1.0000       298.32    
  5538.000000       1.0000       309.42    
  5539.000000       1.0000       242.32    
  5540.000000       1.0000       40.964    
  5541.000000       1.0000      0.15975    
  5542.000000       1.0000       0.0000    
  5543.000000       1.0000       0.0000    
  5544.000000       1.0000       0.0000    
  5545.000000       1.0000       0.0000    
  5546.000000       1.0000       0.0000    
  5547.000000       1.0000       0.0000    
  5548.000000       1.0000       0.0000    
  5549.000000       1.0000       1.7867    
  5550.000000       1.0000       48.031    
  5551.000000       1.0000       247.15    
  5552.000000       1.0000       1079.4    
  5553.000000       1.0000       2167.5    
  5554.000000       1.0000       2090.2    
  5555.000000       1.0000       1605.9    
  5556.000000       1.0000       1356.8    
  5557.000000       1.0000       1592.8    
  5558.000000       1.0000       2591.7    
  5559.000000       1.0000       1301.3    
  5560.000000       1.0000       712.80    
  5561.000000       1.0000       281.81    
  5562.000000       1.0000       64.524    
  5563.000000       1.0000       13.268    
  5564.000000       1.0000       4.3000    
  5565.000000       1.0000      0.45000    
  5566.000000       1.0000       0.0000    
  5567.000000       1.0000       0.0000    
  5568.000000       1.0000       0.0000    
  5569.000000       1.0000       0.0000    
  5570.000000       1.0000       0.0000    
  5571.000000       1.0000       0.0000    
  5572.000000       1.0000       0.0000    
  5573.000000       1.0000      0.40319    
  5574.000000       1.0000       15.723    
  5575.000000       1.0000       88.471    
  5576.000000       1.0000       354.40    
  5577.000000       1.0000       788.62    
  5578.000000       1.0000       1026.0    
  5579.000000       1.0000       682.64    
  5580.000000       1.0000       321.41    
  5581.000000       1.0000       211.26    
  5582.000000       1.0000       292.36    
  5583.000000       1.0000       115.42    
  5584.000000       1.0000       624.56    
  5585.000000       1.0000       1116.0    
  5586.000000       1.0000       524.26    
  5587.000000       1.0000       67.051    
  5588.000000       1.0000       7.2097    
  5589.000000       1.0000       0.0000    
  5590.000000       1.0000       0.0000    
  5591.000000       1.0000       0.0000    
  5592.000000       1.0000       0.0000    
  5593.000000       1.0000       0.0000    
  5594.000000       1.0000       0.0000    
  5595.000000       1.0000       0.0000    
  5596.000000       1.0000       0.0000    
  5597.000000       1.0000       3.1114    
  5598.000000       1.0000       34.626    
  5599.000000       1.0000       229.86    
  5600.000000       1.0000       624.70    
  5601.000000       1.0000       1178.5    
  5602.000000       1.0000       1364.0    
  5603.000000       1.0000       1601.7    
  5604.000000       1.0000       1846.3    
  5605.000000       1.0000       2138.7    
  5606.000000       1.0000       1377.3    
  5607.000000       1.0000       1365.0    
  5608.000000       1.0000       909.82    
  5609.000000       1.0000       1208.8    
  5610.000000       1.0000       217.61    
  5611.000000       1.0000       307.90    
  5612.000000       1.0000       26.224    
  5613.000000       1.0000      0.55642    
  5614.000000       1.0000       0.0000    
  5615.000000       1.0000       0.0000    
  5616.000000       1.0000       0.0000    
  5617.000000       1.0000       0.0000    
  5618.000000       1.0000       0.0000    
  5619.000000       1.0000       0.0000    
  5620.000000       1.0000      0.20421    
  5621.000000       1.0000       6.1987    
  5622.000000       1.0000       41.123    
  5623.000000       1.0000       168.89    
  5624.000000       1.0000       979.56    
  5625.000000       1.0000       1105.2    
  5626.000000       1.0000       1079.7    
  5627.000000       1.0000       562.55    
  5628.000000       1.0000       987.02    
  5629.000000       1.0000       1913.4    
  5630.000000       1.0000       1311.5    
  5631.000000       1.0000       1608.8    
  5632.000000       1.0000       1747.3    
  5633.000000       1.0000       1113.2    
  5634.000000       1.0000       440.46    
  5635.000000       1.0000       119.17    
  5636.000000       1.0000       22.666    
  5637.000000       1.0000      0.70032    
  5638.000000       1.0000     -4.85285E-17
  5639.000000       1.0000     -9.44649E-45
  5640.000000       1.0000      2.54156E-61
  5641.000000       1.0000       0.0000    
  5642.000000       1.0000       0.0000    
  5643.000000       1.0000       0.0000    
  5644.000000       1.0000       0.0000    
  5645.000000       1.0000       2.3039    
  5646.000000       1.0000       37.193    
  5647.000000       1.0000       137.57    
  5648.000000       1.0000       1025.0    
  5649.000000       1.0000       1478.2    
  5650.000000       1.0000       1943.4    
  5651.000000       1.0000       1075.8    
  5652.000000       1.0000       1885.1    
  5653.000000       1.0000       2723.0    
  5654.000000       1.0000       2812.2    
  5655.000000       1.0000       3008.4    
  5656.000000       1.0000       2459.7    
  5657.000000       1.0000       1615.7    
  5658.000000       1.0000       733.77    
  5659.000000       1.0000       82.902    
  5660.000000       1.0000       12.346    
  5661.000000       1.0000      0.12501    
  5662.000000       1.0000      2.50715E-18
  5663.000000       1.0000       0.0000    
  5664.000000       1.0000       0.0000    
  5665.000000       1.0000       0.0000    
  5666.000000       1.0000       0.0000    
  5667.000000       1.0000       0.0000    
  5668.000000       1.0000       0.0000    
  5669.000000       1.0000       4.4283    
  5670.000000       1.0000       36.131    
  5671.000000       1.0000       138.07    
  5672.000000       1.0000       1125.8    
  5673.000000       1.0000       1968.5    
  5674.000000       1.0000       2960.7    
  5675.000000       1.0000       2621.0    
  5676.000000       1.0000       2897.3    
  5677.000000       1.0000       3026.7    
  5678.000000       1.0000       2054.9    
  5679.000000       1.0000       3196.4    
  5680.000000       1.0000       2524.0    
  5681.000000       1.0000       1139.8    
  5682.000000       1.0000       515.80    
  5683.000000       1.0000       111.76    
  5684.000000       1.0000       13.726    
  5685.000000       1.0000      0.61084    
  5686.000000       1.0000     -1.28730E-16
  5687.000000       1.0000       0.0000    
  5688.000000       1.0000       0.0000    
  5689.000000       1.0000       0.0000    
  5690.000000       1.0000       0.0000    
  5691.000000       1.0000       0.0000    
  5692.000000       1.0000       0.0000    
  5693.000000       1.0000      0.66238    
  5694.000000       1.0000       6.0805    
  5695.000000       1.0000       16.943    
  5696.000000       1.0000       82.981    
  5697.000000       1.0000       106.80    
  5698.000000       1.0000       281.84    
  5699.000000       1.0000       163.54    
  5700.000000       1.0000       296.99    
  5701.000000       1.0000       660.70    
  5702.000000       1.0000       408.48    
  5703.000000       1.0000       288.40    
  5704.000000       1.0000       158.51    
  5705.000000       1.0000       171.42    
  5706.000000       1.0000       106.51    
  5707.000000       1.0000       28.059    
  5708.000000       1.0000      0.88465    
  5709.000000       1.0000       0.0000    
  5710.000000       1.0000       0.0000    
  5711.000000       1.0000       0.0000    
  5712.000000       1.0000       0.0000    
  5713.000000       1.0000       0.0000    
  5714.000000       1.0000       0.0000    
  5715.000000       1.0000       0.0000    
  5716.000000       1.0000       0.0000    
  5717.000000       1.0000      0.28714    
  5718.000000       1.0000       23.304    
  5719.000000       1.0000       184.21    
  5720.000000       1.0000       819.72    
  5721.000000       1.0000       1824.2    
  5722.000000       1.0000       1707.9    
  5723.000000       1.0000       3117.2    
  5724.000000       1.0000       2967.7    
  5725.000000       1.0000       3287.1    
  5726.000000       1.0000       2530.3    
  5727.000000       1.0000       1004.7    
  5728.000000       1.0000       707.18    
  5729.000000       1.0000       702.81    
  5730.000000       1.0000       577.76    
  5731.000000       1.0000       70.369    
  5732.000000       1.0000       8.9158    
  5733.000000       1.0000      0.24600    
  5734.000000       1.0000     -1.26251E-17
  5735.000000       1.0000      1.71866E-33
  5736.000000       1.0000       0.0000    
  5737.000000       1.0000       0.0000    
  5738.000000       1.0000       0.0000    
  5739.000000       1.0000       0.0000    
  5740.000000       1.0000       0.0000    
  5741.000000       1.0000       2.4228    
  5742.000000       1.0000       28.773    
  5743.000000       1.0000       125.80    
  5744.000000       1.0000       1168.7    
  5745.000000       1.0000       2197.6    
  5746.000000       1.0000       1023.3    
  5747.000000       1.0000       636.44    
  5748.000000       1.0000       767.05    
  5749.000000       1.0000       1808.7    
  5750.000000       1.0000       885.05    
  5751.000000       1.0000       603.90    
  5752.000000       1.0000       489.19    
  5753.000000       1.0000       242.80    
  5754.000000       1.0000       155.50    
  5755.000000       1.0000       40.211    
  5756.000000       1.0000       3.8843    
  5757.000000       1.0000       0.0000    
  5758.000000       1.0000       0.0000    
  5759.000000       1.0000       0.0000    
  5760.000000       1.0000       0.0000    
  5761.000000       1.0000       0.0000    
  5762.000000       1.0000       0.0000    
  5763.000000       1.0000       0.0000    
  5764.000000       1.0000       0.0000    
  5765.000000       1.0000      0.45497    
  5766.000000       1.0000       3.7075    
  5767.000000       1.0000       8.9068    
  5768.000000       1.0000       113.46    
  5769.000000       1.0000       232.31    
  5770.000000       1.0000       697.06    
  5771.000000       1.0000       875.48    
  5772.000000       1.0000       357.86    
  5773.000000       1.0000       135.55    
  5774.000000       1.0000       258.83    
  5775.000000       1.0000       274.39    
  5776.000000       1.0000       350.11    
  5777.000000       1.0000       332.87    
  5778.000000       1.0000       118.08    
  5779.000000       1.0000       33.610    
  5780.000000       1.0000       2.1595    
  5781.000000       1.0000       0.0000    
  5782.000000       1.0000       0.0000    
  5783.000000       1.0000       0.0000    
  5784.000000       1.0000       0.0000    
  5785.000000       1.0000       0.0000    
  5786.000000       1.0000       0.0000    
  5787.000000       1.0000       0.0000    
  5788.000000       1.0000       0.0000    
  5789.000000       1.0000       2.1651    
  5790.000000       1.0000       20.237    
  5791.000000       1.0000       166.89    
  5792.000000       1.0000       902.09    
  5793.000000       1.0000       1115.9    
  5794.000000       1.0000       2858.3    
  5795.000000       1.0000       2019.5    
  5796.000000       1.0000       2419.4    
  5797.000000       1.0000       1946.7    
  5798.000000       1.0000       2957.8    
  5799.000000       1.0000       3357.2    
  5800.000000       1.0000       1748.7    
  5801.000000       1.0000       1257.5    
  5802.000000       1.0000       382.12    
  5803.000000       1.0000       102.45    
  5804.000000       1.0000       9.4923    
  5805.000000       1.0000     -2.54160E-27
  5806.000000       1.0000     -6.78859E-44
  5807.000000       1.0000       0.0000    
  5808.000000       1.0000       0.0000    
  5809.000000       1.0000       0.0000    
  5810.000000       1.0000       0.0000    
  5811.000000       1.0000       0.0000    
  5812.000000       1.0000       0.0000    
  5813.000000       1.0000       1.6125    
  5814.000000       1.0000       19.889    
  5815.000000       1.0000       126.35    
  5816.000000       1.0000       1182.2    
  5817.000000       1.0000       2200.9    
  5818.000000       1.0000       2744.5    
  5819.000000       1.0000       3539.4    
  5820.000000       1.0000       4036.8    
  5821.000000       1.0000       4080.6    
  5822.000000       1.0000       3917.2    
  5823.000000       1.0000       3483.6    
  5824.000000       1.0000       2777.8    
  5825.000000       1.0000       1584.7    
  5826.000000       1.0000       468.79    
  5827.000000       1.0000       46.953    
  5828.000000       1.0000       3.1360    
  5829.000000       1.0000       0.0000    
  5830.000000       1.0000       0.0000    
  5831.000000       1.0000       0.0000    
  5832.000000       1.0000       0.0000    
  5833.000000       1.0000       0.0000    
  5834.000000       1.0000       0.0000    
  5835.000000       1.0000       0.0000    
  5836.000000       1.0000       0.0000    
  5837.000000       1.0000       2.1652    
  5838.000000       1.0000       20.237    
  5839.000000       1.0000       125.94    
  5840.000000       1.0000       1131.6    
  5841.000000       1.0000       2202.6    
  5842.000000       1.0000       3068.2    
  5843.000000       1.0000       3560.8    
  5844.000000       1.0000       3176.1    
  5845.000000       1.0000       3008.2    
  5846.000000       1.0000       2834.1    
  5847.000000       1.0000       2370.5    
  5848.000000       1.0000       2010.8    
  5849.000000       1.0000       1134.1    
  5850.000000       1.0000       526.76    
  5851.000000       1.0000       65.255    
  5852.000000       1.0000       2.7869    
  5853.000000       1.0000     -2.93675E-30
  5854.000000       1.0000      2.02705E-49
  5855.000000       1.0000       0.0000    
  5856.000000       1.0000       0.0000    
  5857.000000       1.0000       0.0000    
  5858.000000       1.0000       0.0000    
  5859.000000       1.0000       0.0000    
  5860.000000       1.0000       0.0000    
  5861.000000       1.0000       4.0854    
  5862.000000       1.0000       35.801    
  5863.000000       1.0000       131.31    
  5864.000000       1.0000       783.20    
  5865.000000       1.0000       2093.4    
  5866.000000       1.0000       2135.2    
  5867.000000       1.0000       2333.4    
  5868.000000       1.0000       3474.0    
  5869.000000       1.0000       2339.4    
  5870.000000       1.0000       1833.2    
  5871.000000       1.0000       1182.1    
  5872.000000       1.0000       918.73    
  5873.000000       1.0000       356.58    
  5874.000000       1.0000       180.49    
  5875.000000       1.0000       50.372    
  5876.000000       1.0000       5.7543    
  5877.000000       1.0000     -1.03359E-15
  5878.000000       1.0000     -1.04380E-32
  5879.000000       1.0000       0.0000    
  5880.000000       1.0000       0.0000    
  5881.000000       1.0000       0.0000    
  5882.000000       1.0000       0.0000    
  5883.000000       1.0000       0.0000    
  5884.000000       1.0000       0.0000    
  5885.000000       1.0000       1.0169    
  5886.000000       1.0000       13.787    
  5887.000000       1.0000       116.06    
  5888.000000       1.0000       1071.5    
  5889.000000       1.0000       2135.7    
  5890.000000       1.0000       2920.5    
  5891.000000       1.0000       2822.2    
  5892.000000       1.0000       3728.4    
  5893.000000       1.0000       1827.9    
  5894.000000       1.0000       842.32    
  5895.000000       1.0000       1593.2    
  5896.000000       1.0000       586.38    
  5897.000000       1.0000       529.66    
  5898.000000       1.0000       295.85    
  5899.000000       1.0000       65.522    
  5900.000000       1.0000       6.6458    
  5901.000000       1.0000       0.0000    
  5902.000000       1.0000       0.0000    
  5903.000000       1.0000       0.0000    
  5904.000000       1.0000       0.0000    
  5905.000000       1.0000       0.0000    
  5906.000000       1.0000       0.0000    
  5907.000000       1.0000       0.0000    
  5908.000000       1.0000       0.0000    
  5909.000000       1.0000      0.74044    
  5910.000000       1.0000       22.370    
  5911.000000       1.0000       149.17    
  5912.000000       1.0000       170.37    
  5913.000000       1.0000       667.05    
  5914.000000       1.0000       1731.0    
  5915.000000       1.0000       2005.5    
  5916.000000       1.0000       812.97    
  5917.000000       1.0000       1591.4    
  5918.000000       1.0000       1505.5    
  5919.000000       1.0000       1669.8    
  5920.000000       1.0000       1160.1    
  5921.000000       1.0000       822.72    
  5922.000000       1.0000       270.25    
  5923.000000       1.0000       34.363    
  5924.000000       1.0000       1.8024    
  5925.000000       1.0000     -1.66039E-16
  5926.000000       1.0000       0.0000    
  5927.000000       1.0000       0.0000    
  5928.000000       1.0000       0.0000    
  5929.000000       1.0000       0.0000    
  5930.000000       1.0000       0.0000    
  5931.000000       1.0000       0.0000    
  5932.000000       1.0000       0.0000    
  5933.000000       1.0000      0.61378    
  5934.000000       1.0000       21.301    
  5935.000000       1.0000       151.38    
  5936.000000       1.0000       222.01    
  5937.000000       1.0000       440.29    
  5938.000000       1.0000       1669.8    
  5939.000000       1.0000       2075.5    
  5940.000000       1.0000       1880.6    
  5941.000000       1.0000       1445.8    
  5942.000000       1.0000       1158.0    
  5943.000000       1.0000       2012.1    
  5944.000000       1.0000       1893.5    
  5945.000000       1.0000       1140.4    
  5946.000000       1.0000       368.33    
  5947.000000       1.0000       38.730    
  5948.000000       1.0000       3.0368    
  5949.000000       1.0000       0.0000    
  5950.000000       1.0000       0.0000    
  5951.000000       1.0000       0.0000    
  5952.000000       1.0000       0.0000    
  5953.000000       1.0000       0.0000    
  5954.000000       1.0000       0.0000    
  5955.000000       1.0000       0.0000    
  5956.000000       1.0000       0.0000    
  5957.000000       1.0000      0.86465    
  5958.000000       1.0000       14.484    
  5959.000000       1.0000       180.84    
  5960.000000       1.0000       643.35    
  5961.000000       1.0000       1629.9    
  5962.000000       1.0000       1246.1    
  5963.000000       1.0000       3021.9    
  5964.000000       1.0000       1852.9    
  5965.000000       1.0000       2611.4    
  5966.000000       1.0000       1455.3    
  5967.000000       1.0000       3062.5    
  5968.000000       1.0000       797.35    
  5969.000000       1.0000       814.28    
  5970.000000       1.0000       346.39    
  5971.000000       1.0000       57.563    
  5972.000000       1.0000       4.8832    
  5973.000000       1.0000       0.0000    
  5974.000000       1.0000       0.0000    
  5975.000000       1.0000       0.0000    
  5976.000000       1.0000       0.0000    
  5977.000000       1.0000       0.0000    
  5978.000000       1.0000       0.0000    
  5979.000000       1.0000       0.0000    
  5980.000000       1.0000       0.0000    
  5981.000000       1.0000       1.2934    
  5982.000000       1.0000       15.534    
  5983.000000       1.0000       147.34    
  5984.000000       1.0000       793.64    
  5985.000000       1.0000       2208.6    
  5986.000000       1.0000       3082.2    
  5987.000000       1.0000       3629.2    
  5988.000000       1.0000       3924.0    
  5989.000000       1.0000       3750.3    
  5990.000000       1.0000       3661.3    
  5991.000000       1.0000       2031.4    
  5992.000000       1.0000       2268.9    
  5993.000000       1.0000       649.72    
  5994.000000       1.0000       113.84    
  5995.000000       1.0000       15.430    
  5996.000000       1.0000      0.26008    
  5997.000000       1.0000       0.0000    
  5998.000000       1.0000       0.0000    
  5999.000000       1.0000       0.0000    
  6000.000000       1.0000       0.0000    
  6001.000000       1.0000       0.0000    
  6002.000000       1.0000       0.0000    
  6003.000000       1.0000       0.0000    
  6004.000000       1.0000       0.0000    
  6005.000000       1.0000       0.0000    
  6006.000000       1.0000      0.70531    
  6007.000000       1.0000       9.7674    
  6008.000000       1.0000       72.636    
  6009.000000       1.0000       320.36    
  6010.000000       1.0000       992.68    
  6011.000000       1.0000       1776.3    
  6012.000000       1.0000       2447.2    
  6013.000000       1.0000       2545.2    
  6014.000000       1.0000       1892.1    
  6015.000000       1.0000       1953.7    
  6016.000000       1.0000       1331.8    
  6017.000000       1.0000       824.75    
  6018.000000       1.0000       152.50    
  6019.000000       1.0000       36.573    
  6020.000000       1.0000      0.96143    
  6021.000000       1.0000       0.0000    
  6022.000000       1.0000       0.0000    
  6023.000000       1.0000       0.0000    
  6024.000000       1.0000       0.0000    
  6025.000000       1.0000       0.0000    
  6026.000000       1.0000       0.0000    
  6027.000000       1.0000       0.0000    
  6028.000000       1.0000       0.0000    
  6029.000000       1.0000       1.0177    
  6030.000000       1.0000       9.8990    
  6031.000000       1.0000       26.692    
  6032.000000       1.0000       74.362    
  6033.000000       1.0000       69.353    
  6034.000000       1.0000       181.28    
  6035.000000       1.0000       121.75    
  6036.000000       1.0000       163.87    
  6037.000000       1.0000       1413.4    
  6038.000000       1.0000       2886.4    
  6039.000000       1.0000       2318.8    
  6040.000000       1.0000       1269.3    
  6041.000000       1.0000       655.86    
  6042.000000       1.0000       228.20    
  6043.000000       1.0000       34.277    
  6044.000000       1.0000      0.30832    
  6045.000000       1.0000       0.0000    
  6046.000000       1.0000       0.0000    
  6047.000000       1.0000       0.0000    
  6048.000000       1.0000       0.0000    
  6049.000000       1.0000       0.0000    
  6050.000000       1.0000       0.0000    
  6051.000000       1.0000       0.0000    
  6052.000000       1.0000       0.0000    
  6053.000000       1.0000      0.23382    
  6054.000000       1.0000       8.6291    
  6055.000000       1.0000       112.61    
  6056.000000       1.0000       1025.4    
  6057.000000       1.0000       2186.3    
  6058.000000       1.0000       3068.1    
  6059.000000       1.0000       3522.7    
  6060.000000       1.0000       3417.8    
  6061.000000       1.0000       2131.4    
  6062.000000       1.0000       2939.9    
  6063.000000       1.0000       2903.4    
  6064.000000       1.0000       1923.4    
  6065.000000       1.0000       972.77    
  6066.000000       1.0000       318.03    
  6067.000000       1.0000       45.473    
  6068.000000       1.0000       2.0052    
  6069.000000       1.0000     -1.31413E-28
  6070.000000       1.0000      9.91876E-45
  6071.000000       1.0000     -7.71257E-68
  6072.000000       1.0000       0.0000    
  6073.000000       1.0000       0.0000    
  6074.000000       1.0000       0.0000    
  6075.000000       1.0000       0.0000    
  6076.000000       1.0000       0.0000    
  6077.000000       1.0000      0.15063    
  6078.000000       1.0000       3.9321    
  6079.000000       1.0000       82.201    
  6080.000000       1.0000       408.48    
  6081.000000       1.0000       1405.9    
  6082.000000       1.0000       1325.6    
  6083.000000       1.0000       1020.5    
  6084.000000       1.0000       1973.5    
  6085.000000       1.0000       921.66    
  6086.000000       1.0000       782.18    
  6087.000000       1.0000       749.17    
  6088.000000       1.0000       255.73    
  6089.000000       1.0000       158.76    
  6090.000000       1.0000       22.726    
  6091.000000       1.0000       2.2827    
  6092.000000       1.0000       0.0000    
  6093.000000       1.0000       0.0000    
  6094.000000       1.0000       0.0000    
  6095.000000       1.0000       0.0000    
  6096.000000       1.0000       0.0000    
  6097.000000       1.0000       0.0000    
  6098.000000       1.0000       0.0000    
  6099.000000       1.0000       0.0000    
  6100.000000       1.0000       0.0000    
  6101.000000       1.0000       0.0000    
  6102.000000       1.0000       2.5924    
  6103.000000       1.0000       23.125    
  6104.000000       1.0000       53.770    
  6105.000000       1.0000       116.39    
  6106.000000       1.0000       152.69    
  6107.000000       1.0000       220.12    
  6108.000000       1.0000       203.64    
  6109.000000       1.0000       358.70    
  6110.000000       1.0000       292.25    
  6111.000000       1.0000       447.80    
  6112.000000       1.0000       403.28    
  6113.000000       1.0000       1019.6    
  6114.000000       1.0000       161.71    
  6115.000000       1.0000       20.576    
  6116.000000       1.0000      0.66608    
  6117.000000       1.0000       0.0000    
  6118.000000       1.0000       0.0000    
  6119.000000       1.0000       0.0000    
  6120.000000       1.0000       0.0000    
  6121.000000       1.0000       0.0000    
  6122.000000       1.0000       0.0000    
  6123.000000       1.0000       0.0000    
  6124.000000       1.0000       0.0000    
  6125.000000       1.0000      7.60180E-02
  6126.000000       1.0000       3.5889    
  6127.000000       1.0000       79.497    
  6128.000000       1.0000       253.62    
  6129.000000       1.0000       228.28    
  6130.000000       1.0000       366.76    
  6131.000000       1.0000       364.27    
  6132.000000       1.0000       477.10    
  6133.000000       1.0000       285.36    
  6134.000000       1.0000       227.00    
  6135.000000       1.0000       161.76    
  6136.000000       1.0000       87.257    
  6137.000000       1.0000       86.969    
  6138.000000       1.0000       33.692    
  6139.000000       1.0000       3.4968    
  6140.000000       1.0000       0.0000    
  6141.000000       1.0000       0.0000    
  6142.000000       1.0000       0.0000    
  6143.000000       1.0000       0.0000    
  6144.000000       1.0000       0.0000    
  6145.000000       1.0000       0.0000    
  6146.000000       1.0000       0.0000    
  6147.000000       1.0000       0.0000    
  6148.000000       1.0000       0.0000    
  6149.000000       1.0000       0.0000    
  6150.000000       1.0000      0.69412    
  6151.000000       1.0000       10.605    
  6152.000000       1.0000       50.326    
  6153.000000       1.0000       76.831    
  6154.000000       1.0000       134.75    
  6155.000000       1.0000       163.53    
  6156.000000       1.0000       222.18    
  6157.000000       1.0000       333.40    
  6158.000000       1.0000       411.80    
  6159.000000       1.0000       323.09    
  6160.000000       1.0000       345.76    
  6161.000000       1.0000       205.06    
  6162.000000       1.0000       82.780    
  6163.000000       1.0000       21.571    
  6164.000000       1.0000      0.23566    
  6165.000000       1.0000       0.0000    
  6166.000000       1.0000       0.0000    
  6167.000000       1.0000       0.0000    
  6168.000000       1.0000       0.0000    
  6169.000000       1.0000       0.0000    
  6170.000000       1.0000       0.0000    
  6171.000000       1.0000       0.0000    
  6172.000000       1.0000       0.0000    
  6173.000000       1.0000       0.0000    
  6174.000000       1.0000       1.1728    
  6175.000000       1.0000       51.667    
  6176.000000       1.0000       156.69    
  6177.000000       1.0000       339.07    
  6178.000000       1.0000       503.11    
  6179.000000       1.0000       636.16    
  6180.000000       1.0000       565.51    
  6181.000000       1.0000       2280.0    
  6182.000000       1.0000       2877.8    
  6183.000000       1.0000       2432.3    
  6184.000000       1.0000       1940.4    
  6185.000000       1.0000       1013.3    
  6186.000000       1.0000       206.90    
  6187.000000       1.0000       18.334    
  6188.000000       1.0000      0.79093    
  6189.000000       1.0000     -1.02745E-16
  6190.000000       1.0000       0.0000    
  6191.000000       1.0000       0.0000    
  6192.000000       1.0000       0.0000    
  6193.000000       1.0000       0.0000    
  6194.000000       1.0000       0.0000    
  6195.000000       1.0000       0.0000    
  6196.000000       1.0000       0.0000    
  6197.000000       1.0000       0.0000    
  6198.000000       1.0000      0.88844    
  6199.000000       1.0000       24.461    
  6200.000000       1.0000       100.42    
  6201.000000       1.0000       223.81    
  6202.000000       1.0000       451.97    
  6203.000000       1.0000       398.23    
  6204.000000       1.0000       465.61    
  6205.000000       1.0000       918.93    
  6206.000000       1.0000       1098.5    
  6207.000000       1.0000       1708.5    
  6208.000000       1.0000       1991.3    
  6209.000000       1.0000       1154.7    
  6210.000000       1.0000       218.52    
  6211.000000       1.0000       18.291    
  6212.000000       1.0000      5.50813E-27
  6213.000000       1.0000      1.25026E-43
  6214.000000       1.0000      5.01558E-60
  6215.000000       1.0000       0.0000    
  6216.000000       1.0000       0.0000    
  6217.000000       1.0000       0.0000    
  6218.000000       1.0000       0.0000    
  6219.000000       1.0000       0.0000    
  6220.000000       1.0000       0.0000    
  6221.000000       1.0000      0.15858    
  6222.000000       1.0000       5.6475    
  6223.000000       1.0000       86.629    
  6224.000000       1.0000       869.83    
  6225.000000       1.0000       1764.9    
  6226.000000       1.0000       2781.8    
  6227.000000       1.0000       3493.6    
  6228.000000       1.0000       3919.1    
  6229.000000       1.0000       3598.4    
  6230.000000       1.0000       2823.2    
  6231.000000       1.0000       2457.9    
  6232.000000       1.0000       1487.7    
  6233.000000       1.0000       1347.0    
  6234.000000       1.0000       263.38    
  6235.000000       1.0000       14.166    
  6236.000000       1.0000      0.56826    
  6237.000000       1.0000      8.32260E-29
  6238.000000       1.0000       0.0000    
  6239.000000       1.0000       0.0000    
  6240.000000       1.0000       0.0000    
  6241.000000       1.0000       0.0000    
  6242.000000       1.0000       0.0000    
  6243.000000       1.0000       0.0000    
  6244.000000       1.0000       0.0000    
  6245.000000       1.0000       0.0000    
  6246.000000       1.0000       5.4398    
  6247.000000       1.0000       46.050    
  6248.000000       1.0000       219.00    
  6249.000000       1.0000       711.28    
  6250.000000       1.0000       2041.6    
  6251.000000       1.0000       1756.6    
  6252.000000       1.0000       2422.2    
  6253.000000       1.0000       3654.1    
  6254.000000       1.0000       3464.7    
  6255.000000       1.0000       2904.7    
  6256.000000       1.0000       2039.7    
  6257.000000       1.0000       1005.1    
  6258.000000       1.0000       154.93    
  6259.000000       1.0000       23.375    
  6260.000000       1.0000      0.51465    
  6261.000000       1.0000     -1.27710E-28
  6262.000000       1.0000     -5.72279E-45
  6263.000000       1.0000       0.0000    
  6264.000000       1.0000       0.0000    
  6265.000000       1.0000       0.0000    
  6266.000000       1.0000       0.0000    
  6267.000000       1.0000       0.0000    
  6268.000000       1.0000       0.0000    
  6269.000000       1.0000       0.0000    
  6270.000000       1.0000       3.7175    
  6271.000000       1.0000       32.232    
  6272.000000       1.0000       110.27    
  6273.000000       1.0000       268.68    
  6274.000000       1.0000       381.83    
  6275.000000       1.0000       386.01    
  6276.000000       1.0000       793.21    
  6277.000000       1.0000       1399.2    
  6278.000000       1.0000       1549.0    
  6279.000000       1.0000       1941.6    
  6280.000000       1.0000       1376.8    
  6281.000000       1.0000       651.25    
  6282.000000       1.0000       113.58    
  6283.000000       1.0000       10.058    
  6284.000000       1.0000      2.16066E-29
  6285.000000       1.0000      7.10968E-45
  6286.000000       1.0000     -2.08415E-65
  6287.000000       1.0000      1.32708E-97
  6288.000000       1.0000       0.0000    
  6289.000000       1.0000       0.0000    
  6290.000000       1.0000       0.0000    
  6291.000000       1.0000       0.0000    
  6292.000000       1.0000       0.0000    
  6293.000000       1.0000       0.0000    
  6294.000000       1.0000      2.02142E-02
  6295.000000       1.0000       12.084    
  6296.000000       1.0000       79.854    
  6297.000000       1.0000       178.54    
  6298.000000       1.0000       315.99    
  6299.000000       1.0000       397.01    
  6300.000000       1.0000       329.05    
  6301.000000       1.0000       210.55    
  6302.000000       1.0000       302.33    
  6303.000000       1.0000       204.61    
  6304.000000       1.0000       234.61    
  6305.000000       1.0000       88.855    
  6306.000000       1.0000       36.916    
  6307.000000       1.0000      5.07607E-02
  6308.000000       1.0000       0.0000    
  6309.000000       1.0000       0.0000    
  6310.000000       1.0000       0.0000    
  6311.000000       1.0000       0.0000    
  6312.000000       1.0000       0.0000    
  6313.000000       1.0000       0.0000    
  6314.000000       1.0000       0.0000    
  6315.000000       1.0000       0.0000    
  6316.000000       1.0000       0.0000    
  6317.000000       1.0000       0.0000    
  6318.000000       1.0000       3.5399    
  6319.000000       1.0000       28.720    
  6320.000000       1.0000       65.250    
  6321.000000       1.0000       168.18    
  6322.000000       1.0000       337.73    
  6323.000000       1.0000       479.90    
  6324.000000       1.0000       509.21    
  6325.000000       1.0000       846.83    
  6326.000000       1.0000       775.69    
  6327.000000       1.0000       547.68    
  6328.000000       1.0000       192.81    
  6329.000000       1.0000       68.748    
  6330.000000       1.0000       14.640    
  6331.000000       1.0000       1.0307    
  6332.000000       1.0000       0.0000    
  6333.000000       1.0000       0.0000    
  6334.000000       1.0000       0.0000    
  6335.000000       1.0000       0.0000    
  6336.000000       1.0000       0.0000    
  6337.000000       1.0000       0.0000    
  6338.000000       1.0000       0.0000    
  6339.000000       1.0000       0.0000    
  6340.000000       1.0000       0.0000    
  6341.000000       1.0000       0.0000    
  6342.000000       1.0000       3.7366    
  6343.000000       1.0000       50.864    
  6344.000000       1.0000       182.76    
  6345.000000       1.0000       480.46    
  6346.000000       1.0000       2415.3    
  6347.000000       1.0000       3469.9    
  6348.000000       1.0000       3856.5    
  6349.000000       1.0000       3826.1    
  6350.000000       1.0000       3566.1    
  6351.000000       1.0000       2960.0    
  6352.000000       1.0000       2081.8    
  6353.000000       1.0000       1047.6    
  6354.000000       1.0000       109.32    
  6355.000000       1.0000       10.566    
  6356.000000       1.0000       0.0000    
  6357.000000       1.0000       0.0000    
  6358.000000       1.0000       0.0000    
  6359.000000       1.0000       0.0000    
  6360.000000       1.0000       0.0000    
  6361.000000       1.0000       0.0000    
  6362.000000       1.0000       0.0000    
  6363.000000       1.0000       0.0000    
  6364.000000       1.0000       0.0000    
  6365.000000       1.0000       0.0000    
  6366.000000       1.0000       4.7719    
  6367.000000       1.0000       63.546    
  6368.000000       1.0000       599.09    
  6369.000000       1.0000       1545.7    
  6370.000000       1.0000       2373.6    
  6371.000000       1.0000       3011.1    
  6372.000000       1.0000       3379.9    
  6373.000000       1.0000       3611.6    
  6374.000000       1.0000       3375.9    
  6375.000000       1.0000       2832.1    
  6376.000000       1.0000       1911.7    
  6377.000000       1.0000       796.42    
  6378.000000       1.0000       75.909    
  6379.000000       1.0000       1.6374    
  6380.000000       1.0000       0.0000    
  6381.000000       1.0000       0.0000    
  6382.000000       1.0000       0.0000    
  6383.000000       1.0000       0.0000    
  6384.000000       1.0000       0.0000    
  6385.000000       1.0000       0.0000    
  6386.000000       1.0000       0.0000    
  6387.000000       1.0000       0.0000    
  6388.000000       1.0000       0.0000    
  6389.000000       1.0000       0.0000    
  6390.000000       1.0000      0.97516    
  6391.000000       1.0000       53.940    
  6392.000000       1.0000       282.19    
  6393.000000       1.0000       297.86    
  6394.000000       1.0000       422.21    
  6395.000000       1.0000       168.79    
  6396.000000       1.0000       483.43    
  6397.000000       1.0000       1236.3    
  6398.000000       1.0000       3379.1    
  6399.000000       1.0000       2131.8    
  6400.000000       1.0000       1560.5    
  6401.000000       1.0000       431.52    
  6402.000000       1.0000       78.089    
  6403.000000       1.0000       2.3498    
  6404.000000       1.0000       0.0000    
  6405.000000       1.0000       0.0000    
  6406.000000       1.0000       0.0000    
  6407.000000       1.0000       0.0000    
  6408.000000       1.0000       0.0000    
  6409.000000       1.0000       0.0000    
  6410.000000       1.0000       0.0000    
  6411.000000       1.0000       0.0000    
  6412.000000       1.0000       0.0000    
  6413.000000       1.0000       0.0000    
  6414.000000       1.0000       1.2893    
  6415.000000       1.0000       32.137    
  6416.000000       1.0000       161.40    
  6417.000000       1.0000       335.50    
  6418.000000       1.0000       344.22    
  6419.000000       1.0000       348.79    
  6420.000000       1.0000       534.87    
  6421.000000       1.0000       504.03    
  6422.000000       1.0000       312.72    
  6423.000000       1.0000       181.93    
  6424.000000       1.0000       72.733    
  6425.000000       1.0000       17.467    
  6426.000000       1.0000      0.79057    
  6427.000000       1.0000     -9.34163E-17
  6428.000000       1.0000       0.0000    
  6429.000000       1.0000       0.0000    
  6430.000000       1.0000       0.0000    
  6431.000000       1.0000       0.0000    
  6432.000000       1.0000       0.0000    
  6433.000000       1.0000       0.0000    
  6434.000000       1.0000       0.0000    
  6435.000000       1.0000       0.0000    
  6436.000000       1.0000       0.0000    
  6437.000000       1.0000       0.0000    
  6438.000000       1.0000      0.78136    
  6439.000000       1.0000       6.9317    
  6440.000000       1.0000       6.5464    
  6441.000000       1.0000       26.596    
  6442.000000       1.0000       277.28    
  6443.000000       1.0000       268.27    
  6444.000000       1.0000       387.14    
  6445.000000       1.0000       533.23    
  6446.000000       1.0000       922.61    
  6447.000000       1.0000       1740.1    
  6448.000000       1.0000       811.78    
  6449.000000       1.0000       114.13    
  6450.000000       1.0000       15.598    
  6451.000000       1.0000      0.64445    
  6452.000000       1.0000       0.0000    
  6453.000000       1.0000       0.0000    
  6454.000000       1.0000       0.0000    
  6455.000000       1.0000       0.0000    
  6456.000000       1.0000       0.0000    
  6457.000000       1.0000       0.0000    
  6458.000000       1.0000       0.0000    
  6459.000000       1.0000       0.0000    
  6460.000000       1.0000       0.0000    
  6461.000000       1.0000       0.0000    
  6462.000000       1.0000      0.74707    
  6463.000000       1.0000       9.7864    
  6464.000000       1.0000       43.102    
  6465.000000       1.0000       85.855    
  6466.000000       1.0000       189.74    
  6467.000000       1.0000       459.77    
  6468.000000       1.0000       634.44    
  6469.000000       1.0000       1481.5    
  6470.000000       1.0000       2768.3    
  6471.000000       1.0000       2092.5    
  6472.000000       1.0000       960.49    
  6473.000000       1.0000       339.68    
  6474.000000       1.0000       55.259    
  6475.000000       1.0000       3.8506    
  6476.000000       1.0000       0.0000    
  6477.000000       1.0000       0.0000    
  6478.000000       1.0000       0.0000    
  6479.000000       1.0000       0.0000    
  6480.000000       1.0000       0.0000    
  6481.000000       1.0000       0.0000    
  6482.000000       1.0000       0.0000    
  6483.000000       1.0000       0.0000    
  6484.000000       1.0000       0.0000    
  6485.000000       1.0000       0.0000    
  6486.000000       1.0000       1.0953    
  6487.000000       1.0000       14.436    
  6488.000000       1.0000       72.641    
  6489.000000       1.0000       246.32    
  6490.000000       1.0000       659.30    
  6491.000000       1.0000       2136.6    
  6492.000000       1.0000       2800.9    
  6493.000000       1.0000       3019.8    
  6494.000000       1.0000       948.06    
  6495.000000       1.0000       290.97    
  6496.000000       1.0000       107.59    
  6497.000000       1.0000       64.734    
  6498.000000       1.0000      0.62713    
  6499.000000       1.0000      1.07710E-17
  6500.000000       1.0000       0.0000    
  6501.000000       1.0000       0.0000    
  6502.000000       1.0000       0.0000    
  6503.000000       1.0000       0.0000    
  6504.000000       1.0000       0.0000    
  6505.000000       1.0000       0.0000    
  6506.000000       1.0000       0.0000    
  6507.000000       1.0000       0.0000    
  6508.000000       1.0000       0.0000    
  6509.000000       1.0000       0.0000    
  6510.000000       1.0000       2.3244    
  6511.000000       1.0000       50.228    
  6512.000000       1.0000       570.77    
  6513.000000       1.0000       1856.5    
  6514.000000       1.0000       2824.6    
  6515.000000       1.0000       3325.9    
  6516.000000       1.0000       1475.7    
  6517.000000       1.0000       1357.7    
  6518.000000       1.0000       1437.1    
  6519.000000       1.0000       1154.3    
  6520.000000       1.0000       560.94    
  6521.000000       1.0000       155.20    
  6522.000000       1.0000       36.093    
  6523.000000       1.0000       1.1016    
  6524.000000       1.0000      3.20948E-29
  6525.000000       1.0000      5.41773E-45
  6526.000000       1.0000       0.0000    
  6527.000000       1.0000       0.0000    
  6528.000000       1.0000       0.0000    
  6529.000000       1.0000       0.0000    
  6530.000000       1.0000       0.0000    
  6531.000000       1.0000       0.0000    
  6532.000000       1.0000       0.0000    
  6533.000000       1.0000       0.0000    
  6534.000000       1.0000       2.0560    
  6535.000000       1.0000       26.663    
  6536.000000       1.0000       180.28    
  6537.000000       1.0000       293.63    
  6538.000000       1.0000       315.44    
  6539.000000       1.0000       381.58    
  6540.000000       1.0000       337.15    
  6541.000000       1.0000       990.70    
  6542.000000       1.0000       1062.0    
  6543.000000       1.0000       1112.4    
  6544.000000       1.0000       715.85    
  6545.000000       1.0000       594.56    
  6546.000000       1.0000       41.049    
  6547.000000       1.0000       2.8785    
  6548.000000       1.0000      2.75381E-17
  6549.000000       1.0000     -3.09395E-33
  6550.000000       1.0000       0.0000    
  6551.000000       1.0000       0.0000    
  6552.000000       1.0000       0.0000    
  6553.000000       1.0000       0.0000    
  6554.000000       1.0000       0.0000    
  6555.000000       1.0000       0.0000    
  6556.000000       1.0000       0.0000    
  6557.000000       1.0000       0.0000    
  6558.000000       1.0000      0.56062    
  6559.000000       1.0000       7.5802    
  6560.000000       1.0000       134.06    
  6561.000000       1.0000       1058.7    
  6562.000000       1.0000       840.43    
  6563.000000       1.0000       596.61    
  6564.000000       1.0000       539.76    
  6565.000000       1.0000       243.15    
  6566.000000       1.0000       157.05    
  6567.000000       1.0000       175.45    
  6568.000000       1.0000       247.28    
  6569.000000       1.0000       100.57    
  6570.000000       1.0000       19.168    
  6571.000000       1.0000       1.1229    
  6572.000000       1.0000       0.0000    
  6573.000000       1.0000       0.0000    
  6574.000000       1.0000       0.0000    
  6575.000000       1.0000       0.0000    
  6576.000000       1.0000       0.0000    
  6577.000000       1.0000       0.0000    
  6578.000000       1.0000       0.0000    
  6579.000000       1.0000       0.0000    
  6580.000000       1.0000       0.0000    
  6581.000000       1.0000       0.0000    
  6582.000000       1.0000      0.55142    
  6583.000000       1.0000       19.881    
  6584.000000       1.0000       430.79    
  6585.000000       1.0000       1408.6    
  6586.000000       1.0000       1301.3    
  6587.000000       1.0000       528.75    
  6588.000000       1.0000       342.82    
  6589.000000       1.0000       714.97    
  6590.000000       1.0000       648.78    
  6591.000000       1.0000       1328.9    
  6592.000000       1.0000       1175.9    
  6593.000000       1.0000       484.63    
  6594.000000       1.0000       49.722    
  6595.000000       1.0000       3.4015    
  6596.000000       1.0000     -1.19379E-28
  6597.000000       1.0000      5.21516E-48
  6598.000000       1.0000       0.0000    
  6599.000000       1.0000       0.0000    
  6600.000000       1.0000       0.0000    
  6601.000000       1.0000       0.0000    
  6602.000000       1.0000       0.0000    
  6603.000000       1.0000       0.0000    
  6604.000000       1.0000       0.0000    
  6605.000000       1.0000       0.0000    
  6606.000000       1.0000       0.0000    
  6607.000000       1.0000       2.0825    
  6608.000000       1.0000       18.585    
  6609.000000       1.0000       68.809    
  6610.000000       1.0000       258.74    
  6611.000000       1.0000       413.94    
  6612.000000       1.0000       298.58    
  6613.000000       1.0000       309.69    
  6614.000000       1.0000       247.32    
  6615.000000       1.0000       282.12    
  6616.000000       1.0000       122.62    
  6617.000000       1.0000       25.526    
  6618.000000       1.0000       1.7193    
  6619.000000       1.0000       0.0000    
  6620.000000       1.0000       0.0000    
  6621.000000       1.0000       0.0000    
  6622.000000       1.0000       0.0000    
  6623.000000       1.0000       0.0000    
  6624.000000       1.0000       0.0000    
  6625.000000       1.0000       0.0000    
  6626.000000       1.0000       0.0000    
  6627.000000       1.0000       0.0000    
  6628.000000       1.0000       0.0000    
  6629.000000       1.0000       0.0000    
  6630.000000       1.0000       0.0000    
  6631.000000       1.0000      9.11784E-02
  6632.000000       1.0000       6.1900    
  6633.000000       1.0000       52.032    
  6634.000000       1.0000       74.415    
  6635.000000       1.0000       83.158    
  6636.000000       1.0000       66.001    
  6637.000000       1.0000       52.154    
  6638.000000       1.0000       27.799    
  6639.000000       1.0000       24.499    
  6640.000000       1.0000       34.628    
  6641.000000       1.0000       18.735    
  6642.000000       1.0000       1.6222    
  6643.000000       1.0000       0.0000    
  6644.000000       1.0000       0.0000    
  6645.000000       1.0000       0.0000    
  6646.000000       1.0000       0.0000    
  6647.000000       1.0000       0.0000    
  6648.000000       1.0000       0.0000    
  6649.000000       1.0000       0.0000    
  6650.000000       1.0000       0.0000    
  6651.000000       1.0000       0.0000    
  6652.000000       1.0000       0.0000    
  6653.000000       1.0000       0.0000    
  6654.000000       1.0000      0.98707    
  6655.000000       1.0000       14.944    
  6656.000000       1.0000       217.44    
  6657.000000       1.0000       1425.7    
  6658.000000       1.0000       2448.5    
  6659.000000       1.0000       1475.8    
  6660.000000       1.0000       1206.2    
  6661.000000       1.0000       2054.3    
  6662.000000       1.0000       2799.5    
  6663.000000       1.0000       2707.8    
  6664.000000       1.0000       1261.6    
  6665.000000       1.0000       545.79    
  6666.000000       1.0000       54.326    
  6667.000000       1.0000      0.48821    
  6668.000000       1.0000     -2.83512E-33
  6669.000000       1.0000      9.48233E-66
  6670.000000       1.0000       0.0000    
  6671.000000       1.0000       0.0000    
  6672.000000       1.0000       0.0000    
  6673.000000       1.0000       0.0000    
  6674.000000       1.0000       0.0000    
  6675.000000       1.0000       0.0000    
  6676.000000       1.0000       0.0000    
  6677.000000       1.0000       0.0000    
  6678.000000       1.0000      0.11356    
  6679.000000       1.0000       4.3456    
  6680.000000       1.0000       45.523    
  6681.000000       1.0000       64.669    
  6682.000000       1.0000       109.38    
  6683.000000       1.0000       304.52    
  6684.000000       1.0000       458.26    
  6685.000000       1.0000       183.12    
  6686.000000       1.0000       418.97    
  6687.000000       1.0000       1208.3    
  6688.000000       1.0000       1269.7    
  6689.000000       1.0000       460.81    
  6690.000000       1.0000       14.407    
  6691.000000       1.0000      0.32090    
  6692.000000       1.0000     -4.57360E-32
  6693.000000       1.0000     -1.67294E-48
  6694.000000       1.0000     -3.06243E-64
  6695.000000       1.0000       0.0000    
  6696.000000       1.0000       0.0000    
  6697.000000       1.0000       0.0000    
  6698.000000       1.0000       0.0000    
  6699.000000       1.0000       0.0000    
  6700.000000       1.0000       0.0000    
  6701.000000       1.0000       0.0000    
  6702.000000       1.0000      0.22494    
  6703.000000       1.0000       3.2448    
  6704.000000       1.0000       22.313    
  6705.000000       1.0000       89.384    
  6706.000000       1.0000       190.92    
  6707.000000       1.0000       274.10    
  6708.000000       1.0000       732.94    
  6709.000000       1.0000       626.61    
  6710.000000       1.0000       696.78    
  6711.000000       1.0000       958.72    
  6712.000000       1.0000       166.50    
  6713.000000       1.0000       113.82    
  6714.000000       1.0000       9.9118    
  6715.000000       1.0000      0.67164    
  6716.000000       1.0000       0.0000    
  6717.000000       1.0000       0.0000    
  6718.000000       1.0000       0.0000    
  6719.000000       1.0000       0.0000    
  6720.000000       1.0000       0.0000    
  6721.000000       1.0000       0.0000    
  6722.000000       1.0000       0.0000    
  6723.000000       1.0000       0.0000    
  6724.000000       1.0000       0.0000    
  6725.000000       1.0000       0.0000    
  6726.000000       1.0000      9.98378E-02
  6727.000000       1.0000       4.0725    
  6728.000000       1.0000       56.854    
  6729.000000       1.0000       217.58    
  6730.000000       1.0000       285.26    
  6731.000000       1.0000       378.04    
  6732.000000       1.0000       931.29    
  6733.000000       1.0000       846.13    
  6734.000000       1.0000       809.00    
  6735.000000       1.0000       155.60    
  6736.000000       1.0000       50.411    
  6737.000000       1.0000       25.973    
  6738.000000       1.0000       2.7594    
  6739.000000       1.0000       0.0000    
  6740.000000       1.0000       0.0000    
  6741.000000       1.0000       0.0000    
  6742.000000       1.0000       0.0000    
  6743.000000       1.0000       0.0000    
  6744.000000       1.0000       0.0000    
  6745.000000       1.0000       0.0000    
  6746.000000       1.0000       0.0000    
  6747.000000       1.0000       0.0000    
  6748.000000       1.0000       0.0000    
  6749.000000       1.0000       0.0000    
  6750.000000       1.0000      0.19112    
  6751.000000       1.0000       8.6859    
  6752.000000       1.0000       296.29    
  6753.000000       1.0000       1592.3    
  6754.000000       1.0000       2677.9    
  6755.000000       1.0000       3479.8    
  6756.000000       1.0000       1577.4    
  6757.000000       1.0000       1991.8    
  6758.000000       1.0000       2697.1    
  6759.000000       1.0000       1885.6    
  6760.000000       1.0000       1095.4    
  6761.000000       1.0000       117.84    
  6762.000000       1.0000       15.209    
  6763.000000       1.0000      0.25252    
  6764.000000       1.0000       0.0000    
  6765.000000       1.0000       0.0000    
  6766.000000       1.0000       0.0000    
  6767.000000       1.0000       0.0000    
  6768.000000       1.0000       0.0000    
  6769.000000       1.0000       0.0000    
  6770.000000       1.0000       0.0000    
  6771.000000       1.0000       0.0000    
  6772.000000       1.0000       0.0000    
  6773.000000       1.0000       0.0000    
  6774.000000       1.0000       0.0000    
  6775.000000       1.0000       1.8473    
  6776.000000       1.0000       14.879    
  6777.000000       1.0000       26.398    
  6778.000000       1.0000       113.95    
  6779.000000       1.0000       265.89    
  6780.000000       1.0000       195.65    
  6781.000000       1.0000       324.39    
  6782.000000       1.0000       765.33    
  6783.000000       1.0000       381.97    
  6784.000000       1.0000       433.89    
  6785.000000       1.0000       294.67    
  6786.000000       1.0000       13.977    
  6787.000000       1.0000      3.64837E-31
  6788.000000       1.0000      2.57408E-58
  6789.000000       1.0000       0.0000    
  6790.000000       1.0000       0.0000    
  6791.000000       1.0000       0.0000    
  6792.000000       1.0000       0.0000    
  6793.000000       1.0000       0.0000    
  6794.000000       1.0000       0.0000    
  6795.000000       1.0000       0.0000    
  6796.000000       1.0000       0.0000    
  6797.000000       1.0000       0.0000    
  6798.000000       1.0000       0.0000    
  6799.000000       1.0000       1.0290    
  6800.000000       1.0000       37.690    
  6801.000000       1.0000       123.58    
  6802.000000       1.0000       463.51    
  6803.000000       1.0000       932.01    
  6804.000000       1.0000       295.37    
  6805.000000       1.0000       515.10    
  6806.000000       1.0000       1990.4    
  6807.000000       1.0000       546.02    
  6808.000000       1.0000       625.70    
  6809.000000       1.0000       87.911    
  6810.000000       1.0000       6.6670    
  6811.000000       1.0000      1.27730E-15
  6812.000000       1.0000       0.0000    
  6813.000000       1.0000       0.0000    
  6814.000000       1.0000       0.0000    
  6815.000000       1.0000       0.0000    
  6816.000000       1.0000       0.0000    
  6817.000000       1.0000       0.0000    
  6818.000000       1.0000       0.0000    
  6819.000000       1.0000       0.0000    
  6820.000000       1.0000       0.0000    
  6821.000000       1.0000       0.0000    
  6822.000000       1.0000      0.16928    
  6823.000000       1.0000       5.9946    
  6824.000000       1.0000       120.12    
  6825.000000       1.0000       369.38    
  6826.000000       1.0000       136.23    
  6827.000000       1.0000       1021.7    
  6828.000000       1.0000       2699.8    
  6829.000000       1.0000       1718.0    
  6830.000000       1.0000       2001.1    
  6831.000000       1.0000       2436.8    
  6832.000000       1.0000       1454.3    
  6833.000000       1.0000       438.60    
  6834.000000       1.0000       22.063    
  6835.000000       1.0000      0.13601    
  6836.000000       1.0000     -1.34678E-30
  6837.000000       1.0000      3.42210E-50
  6838.000000       1.0000      1.53772E-66
  6839.000000       1.0000       0.0000    
  6840.000000       1.0000       0.0000    
  6841.000000       1.0000       0.0000    
  6842.000000       1.0000       0.0000    
  6843.000000       1.0000       0.0000    
  6844.000000       1.0000       0.0000    
  6845.000000       1.0000       0.0000    
  6846.000000       1.0000      0.80979    
  6847.000000       1.0000       12.960    
  6848.000000       1.0000       254.28    
  6849.000000       1.0000       1340.1    
  6850.000000       1.0000       2617.6    
  6851.000000       1.0000       3216.3    
  6852.000000       1.0000       2733.5    
  6853.000000       1.0000       2319.6    
  6854.000000       1.0000       3357.0    
  6855.000000       1.0000       2658.2    
  6856.000000       1.0000       1725.3    
  6857.000000       1.0000       301.04    
  6858.000000       1.0000       18.793    
  6859.000000       1.0000      0.18475    
  6860.000000       1.0000      3.17200E-29
  6861.000000       1.0000     -2.36631E-45
  6862.000000       1.0000     -1.10552E-61
  6863.000000       1.0000     -5.43627E-89
  6864.000000       1.0000       0.0000    
  6865.000000       1.0000       0.0000    
  6866.000000       1.0000       0.0000    
  6867.000000       1.0000       0.0000    
  6868.000000       1.0000       0.0000    
  6869.000000       1.0000       0.0000    
  6870.000000       1.0000      1.33893E-02
  6871.000000       1.0000       2.6452    
  6872.000000       1.0000       214.48    
  6873.000000       1.0000       1474.6    
  6874.000000       1.0000       2534.3    
  6875.000000       1.0000       2476.1    
  6876.000000       1.0000       2414.4    
  6877.000000       1.0000       1677.8    
  6878.000000       1.0000       437.08    
  6879.000000       1.0000       219.12    
  6880.000000       1.0000       79.765    
  6881.000000       1.0000       42.369    
  6882.000000       1.0000       5.0366    
  6883.000000       1.0000       0.0000    
  6884.000000       1.0000       0.0000    
  6885.000000       1.0000       0.0000    
  6886.000000       1.0000       0.0000    
  6887.000000       1.0000       0.0000    
  6888.000000       1.0000       0.0000    
  6889.000000       1.0000       0.0000    
  6890.000000       1.0000       0.0000    
  6891.000000       1.0000       0.0000    
  6892.000000       1.0000       0.0000    
  6893.000000       1.0000       0.0000    
  6894.000000       1.0000      0.45046    
  6895.000000       1.0000       7.2087    
  6896.000000       1.0000       157.47    
  6897.000000       1.0000       1393.8    
  6898.000000       1.0000       2646.1    
  6899.000000       1.0000       3374.1    
  6900.000000       1.0000       3613.4    
  6901.000000       1.0000       3485.3    
  6902.000000       1.0000       3147.3    
  6903.000000       1.0000       2504.0    
  6904.000000       1.0000       1614.6    
  6905.000000       1.0000       232.88    
  6906.000000       1.0000       17.330    
  6907.000000       1.0000     -2.39049E-27
  6908.000000       1.0000       0.0000    
  6909.000000       1.0000       0.0000    
  6910.000000       1.0000       0.0000    
  6911.000000       1.0000       0.0000    
  6912.000000       1.0000       0.0000    
  6913.000000       1.0000       0.0000    
  6914.000000       1.0000       0.0000    
  6915.000000       1.0000       0.0000    
  6916.000000       1.0000       0.0000    
  6917.000000       1.0000       0.0000    
  6918.000000       1.0000       0.0000    
  6919.000000       1.0000       3.7750    
  6920.000000       1.0000       64.891    
  6921.000000       1.0000       491.47    
  6922.000000       1.0000       1723.0    
  6923.000000       1.0000       621.77    
  6924.000000       1.0000       843.39    
  6925.000000       1.0000       899.36    
  6926.000000       1.0000       355.28    
  6927.000000       1.0000       327.14    
  6928.000000       1.0000       93.849    
  6929.000000       1.0000       18.267    
  6930.000000       1.0000       1.5056    
  6931.000000       1.0000       0.0000    
  6932.000000       1.0000       0.0000    
  6933.000000       1.0000       0.0000    
  6934.000000       1.0000       0.0000    
  6935.000000       1.0000       0.0000    
  6936.000000       1.0000       0.0000    
  6937.000000       1.0000       0.0000    
  6938.000000       1.0000       0.0000    
  6939.000000       1.0000       0.0000    
  6940.000000       1.0000       0.0000    
  6941.000000       1.0000       0.0000    
  6942.000000       1.0000      0.21233    
  6943.000000       1.0000       2.9134    
  6944.000000       1.0000       168.01    
  6945.000000       1.0000       1348.6    
  6946.000000       1.0000       2599.5    
  6947.000000       1.0000       3249.0    
  6948.000000       1.0000       3461.1    
  6949.000000       1.0000       1945.5    
  6950.000000       1.0000       613.47    
  6951.000000       1.0000       565.39    
  6952.000000       1.0000       97.204    
  6953.000000       1.0000       8.3594    
  6954.000000       1.0000      0.67442    
  6955.000000       1.0000       0.0000    
  6956.000000       1.0000       0.0000    
  6957.000000       1.0000       0.0000    
  6958.000000       1.0000       0.0000    
  6959.000000       1.0000       0.0000    
  6960.000000       1.0000       0.0000    
  6961.000000       1.0000       0.0000    
  6962.000000       1.0000       0.0000    
  6963.000000       1.0000       0.0000    
  6964.000000       1.0000       0.0000    
  6965.000000       1.0000       0.0000    
  6966.000000       1.0000      8.44133E-02
  6967.000000       1.0000       5.3854    
  6968.000000       1.0000       122.26    
  6969.000000       1.0000       1359.3    
  6970.000000       1.0000       2717.0    
  6971.000000       1.0000       3473.1    
  6972.000000       1.0000       3767.4    
  6973.000000       1.0000       3732.5    
  6974.000000       1.0000       2618.3    
  6975.000000       1.0000       2682.0    
  6976.000000       1.0000       1460.6    
  6977.000000       1.0000       117.34    
  6978.000000       1.0000       1.1518    
  6979.000000       1.0000     -1.18125E-17
  6980.000000       1.0000     -4.16579E-45
  6981.000000       1.0000      2.55481E-62
  6982.000000       1.0000       0.0000    
  6983.000000       1.0000       0.0000    
  6984.000000       1.0000       0.0000    
  6985.000000       1.0000       0.0000    
  6986.000000       1.0000       0.0000    
  6987.000000       1.0000       0.0000    
  6988.000000       1.0000       0.0000    
  6989.000000       1.0000       0.0000    
  6990.000000       1.0000      0.10338    
  6991.000000       1.0000       2.1678    
  6992.000000       1.0000       151.84    
  6993.000000       1.0000       953.56    
  6994.000000       1.0000       2091.1    
  6995.000000       1.0000       2704.5    
  6996.000000       1.0000       3129.3    
  6997.000000       1.0000       3031.6    
  6998.000000       1.0000       2698.8    
  6999.000000       1.0000       1740.3    
  7000.000000       1.0000       1028.2    
  7001.000000       1.0000       76.196    
  7002.000000       1.0000       4.5287    
  7003.000000       1.0000     -9.67541E-29
  7004.000000       1.0000      6.57071E-48
  7005.000000       1.0000       0.0000    
  7006.000000       1.0000       0.0000    
  7007.000000       1.0000       0.0000    
  7008.000000       1.0000       0.0000    
  7009.000000       1.0000       0.0000    
  7010.000000       1.0000       0.0000    
  7011.000000       1.0000       0.0000    
  7012.000000       1.0000       0.0000    
  7013.000000       1.0000       0.0000    
  7014.000000       1.0000       0.0000    
  7015.000000       1.0000      0.60648    
  7016.000000       1.0000       8.5911    
  7017.000000       1.0000       51.926    
  7018.000000       1.0000       111.47    
  7019.000000       1.0000       165.78    
  7020.000000       1.0000       311.12    
  7021.000000       1.0000       366.86    
  7022.000000       1.0000       226.37    
  7023.000000       1.0000       77.645    
  7024.000000       1.0000       54.818    
  7025.000000       1.0000       7.8365    
  7026.000000       1.0000      0.31298    
  7027.000000       1.0000       0.0000    
  7028.000000       1.0000       0.0000    
  7029.000000       1.0000       0.0000    
  7030.000000       1.0000       0.0000    
  7031.000000       1.0000       0.0000    
  7032.000000       1.0000       0.0000    
  7033.000000       1.0000       0.0000    
  7034.000000       1.0000       0.0000    
  7035.000000       1.0000       0.0000    
  7036.000000       1.0000       0.0000    
  7037.000000       1.0000       0.0000    
  7038.000000       1.0000       0.0000    
  7039.000000       1.0000       0.0000    
  7040.000000       1.0000      0.85330    
  7041.000000       1.0000       10.624    
  7042.000000       1.0000       40.315    
  7043.000000       1.0000       54.512    
  7044.000000       1.0000       58.286    
  7045.000000       1.0000       67.684    
  7046.000000       1.0000       69.766    
  7047.000000       1.0000       64.152    
  7048.000000       1.0000       25.587    
  7049.000000       1.0000       2.6525    
  7050.000000       1.0000       0.0000    
  7051.000000       1.0000       0.0000    
  7052.000000       1.0000       0.0000    
  7053.000000       1.0000       0.0000    
  7054.000000       1.0000       0.0000    
  7055.000000       1.0000       0.0000    
  7056.000000       1.0000       0.0000    
  7057.000000       1.0000       0.0000    
  7058.000000       1.0000       0.0000    
  7059.000000       1.0000       0.0000    
  7060.000000       1.0000       0.0000    
  7061.000000       1.0000       0.0000    
  7062.000000       1.0000       0.0000    
  7063.000000       1.0000      7.80124E-02
  7064.000000       1.0000       7.4583    
  7065.000000       1.0000       54.236    
  7066.000000       1.0000       174.98    
  7067.000000       1.0000       107.43    
  7068.000000       1.0000       141.00    
  7069.000000       1.0000       120.39    
  7070.000000       1.0000       68.827    
  7071.000000       1.0000       51.560    
  7072.000000       1.0000       56.175    
  7073.000000       1.0000       5.5146    
  7074.000000       1.0000      0.14024    
  7075.000000       1.0000       0.0000    
  7076.000000       1.0000       0.0000    
  7077.000000       1.0000       0.0000    
  7078.000000       1.0000       0.0000    
  7079.000000       1.0000       0.0000    
  7080.000000       1.0000       0.0000    
  7081.000000       1.0000       0.0000    
  7082.000000       1.0000       0.0000    
  7083.000000       1.0000       0.0000    
  7084.000000       1.0000       0.0000    
  7085.000000       1.0000       0.0000    
  7086.000000       1.0000       0.0000    
  7087.000000       1.0000      0.53993    
  7088.000000       1.0000       44.547    
  7089.000000       1.0000       501.08    
  7090.000000       1.0000       864.03    
  7091.000000       1.0000       693.96    
  7092.000000       1.0000       1461.4    
  7093.000000       1.0000       1319.1    
  7094.000000       1.0000       2786.8    
  7095.000000       1.0000       1450.7    
  7096.000000       1.0000       170.37    
  7097.000000       1.0000       19.223    
  7098.000000       1.0000       1.3008    
  7099.000000       1.0000       0.0000    
  7100.000000       1.0000       0.0000    
  7101.000000       1.0000       0.0000    
  7102.000000       1.0000       0.0000    
  7103.000000       1.0000       0.0000    
  7104.000000       1.0000       0.0000    
  7105.000000       1.0000       0.0000    
  7106.000000       1.0000       0.0000    
  7107.000000       1.0000       0.0000    
  7108.000000       1.0000       0.0000    
  7109.000000       1.0000       0.0000    
  7110.000000       1.0000       0.0000    
  7111.000000       1.0000      0.43916    
  7112.000000       1.0000       8.0340    
  7113.000000       1.0000       79.086    
  7114.000000       1.0000       206.84    
  7115.000000       1.0000       556.60    
  7116.000000       1.0000       1194.2    
  7117.000000       1.0000       1251.8    
  7118.000000       1.0000       1405.1    
  7119.000000       1.0000       927.71    
  7120.000000       1.0000       448.43    
  7121.000000       1.0000       35.577    
  7122.000000       1.0000      0.46261    
  7123.000000       1.0000     -7.55680E-17
  7124.000000       1.0000      1.64820E-32
  7125.000000       1.0000       0.0000    
  7126.000000       1.0000       0.0000    
  7127.000000       1.0000       0.0000    
  7128.000000       1.0000       0.0000    
  7129.000000       1.0000       0.0000    
  7130.000000       1.0000       0.0000    
  7131.000000       1.0000       0.0000    
  7132.000000       1.0000       0.0000    
  7133.000000       1.0000       0.0000    
  7134.000000       1.0000       0.0000    
  7135.000000       1.0000       1.1633    
  7136.000000       1.0000       13.526    
  7137.000000       1.0000       44.303    
  7138.000000       1.0000       44.791    
  7139.000000       1.0000       45.427    
  7140.000000       1.0000       50.358    
  7141.000000       1.0000       46.740    
  7142.000000       1.0000       29.131    
  7143.000000       1.0000       13.335    
  7144.000000       1.0000       1.4895    
  7145.000000       1.0000       0.0000    
  7146.000000       1.0000       0.0000    
  7147.000000       1.0000       0.0000    
  7148.000000       1.0000       0.0000    
  7149.000000       1.0000       0.0000    
  7150.000000       1.0000       0.0000    
  7151.000000       1.0000       0.0000    
  7152.000000       1.0000       0.0000    
  7153.000000       1.0000       0.0000    
  7154.000000       1.0000       0.0000    
  7155.000000       1.0000       0.0000    
  7156.000000       1.0000       0.0000    
  7157.000000       1.0000       0.0000    
  7158.000000       1.0000      0.49000    
  7159.000000       1.0000       11.322    
  7160.000000       1.0000       60.344    
  7161.000000       1.0000       116.52    
  7162.000000       1.0000       131.51    
  7163.000000       1.0000       229.92    
  7164.000000       1.0000       287.13    
  7165.000000       1.0000       275.59    
  7166.000000       1.0000       208.05    
  7167.000000       1.0000       63.168    
  7168.000000       1.0000       6.3058    
  7169.000000       1.0000       0.0000    
  7170.000000       1.0000       0.0000    
  7171.000000       1.0000       0.0000    
  7172.000000       1.0000       0.0000    
  7173.000000       1.0000       0.0000    
  7174.000000       1.0000       0.0000    
  7175.000000       1.0000       0.0000    
  7176.000000       1.0000       0.0000    
  7177.000000       1.0000       0.0000    
  7178.000000       1.0000       0.0000    
  7179.000000       1.0000       0.0000    
  7180.000000       1.0000       0.0000    
  7181.000000       1.0000       0.0000    
  7182.000000       1.0000      5.46782E-02
  7183.000000       1.0000       3.9671    
  7184.000000       1.0000       39.572    
  7185.000000       1.0000       52.277    
  7186.000000       1.0000       85.620    
  7187.000000       1.0000       145.94    
  7188.000000       1.0000       206.23    
  7189.000000       1.0000       362.75    
  7190.000000       1.0000       96.223    
  7191.000000       1.0000       41.656    
  7192.000000       1.0000       4.4815    
  7193.000000       1.0000       0.0000    
  7194.000000       1.0000       0.0000    
  7195.000000       1.0000       0.0000    
  7196.000000       1.0000       0.0000    
  7197.000000       1.0000       0.0000    
  7198.000000       1.0000       0.0000    
  7199.000000       1.0000       0.0000    
  7200.000000       1.0000       0.0000    
  7201.000000       1.0000       0.0000    
  7202.000000       1.0000       0.0000    
  7203.000000       1.0000       0.0000    
  7204.000000       1.0000       0.0000    
  7205.000000       1.0000       0.0000    
  7206.000000       1.0000       0.0000    
  7207.000000       1.0000       4.5846    
  7208.000000       1.0000       40.611    
  7209.000000       1.0000       87.430    
  7210.000000       1.0000       445.88    
  7211.000000       1.0000       1578.7    
  7212.000000       1.0000       1864.2    
  7213.000000       1.0000       728.79    
  7214.000000       1.0000       1209.2    
  7215.000000       1.0000       200.73    
  7216.000000       1.0000       25.615    
  7217.000000       1.0000      0.66249    
  7218.000000       1.0000       0.0000    
  7219.000000       1.0000       0.0000    
  7220.000000       1.0000       0.0000    
  7221.000000       1.0000       0.0000    
  7222.000000       1.0000       0.0000    
  7223.000000       1.0000       0.0000    
  7224.000000       1.0000       0.0000    
  7225.000000       1.0000       0.0000    
  7226.000000       1.0000       0.0000    
  7227.000000       1.0000       0.0000    
  7228.000000       1.0000       0.0000    
  7229.000000       1.0000       0.0000    
  7230.000000       1.0000       1.0560    
  7231.000000       1.0000       12.725    
  7232.000000       1.0000       49.015    
  7233.000000       1.0000       108.68    
  7234.000000       1.0000       365.62    
  7235.000000       1.0000       534.11    
  7236.000000       1.0000       922.66    
  7237.000000       1.0000       1475.2    
  7238.000000       1.0000       997.24    
  7239.000000       1.0000       251.62    
  7240.000000       1.0000       21.353    
  7241.000000       1.0000      0.40260    
  7242.000000       1.0000     -1.69992E-43
  7243.000000       1.0000      3.64838E-60
  7244.000000       1.0000      6.12677E-84
  7245.000000       1.0000       0.0000    
  7246.000000       1.0000       0.0000    
  7247.000000       1.0000       0.0000    
  7248.000000       1.0000       0.0000    
  7249.000000       1.0000       0.0000    
  7250.000000       1.0000       0.0000    
  7251.000000       1.0000       0.0000    
  7252.000000       1.0000       0.0000    
  7253.000000       1.0000       0.0000    
  7254.000000       1.0000       1.0514    
  7255.000000       1.0000       10.973    
  7256.000000       1.0000       34.108    
  7257.000000       1.0000       74.322    
  7258.000000       1.0000       103.52    
  7259.000000       1.0000       150.42    
  7260.000000       1.0000       183.19    
  7261.000000       1.0000       127.86    
  7262.000000       1.0000       139.47    
  7263.000000       1.0000       46.268    
  7264.000000       1.0000       1.8876    
  7265.000000       1.0000       0.0000    
  7266.000000       1.0000       0.0000    
  7267.000000       1.0000       0.0000    
  7268.000000       1.0000       0.0000    
  7269.000000       1.0000       0.0000    
  7270.000000       1.0000       0.0000    
  7271.000000       1.0000       0.0000    
  7272.000000       1.0000       0.0000    
  7273.000000       1.0000       0.0000    
  7274.000000       1.0000       0.0000    
  7275.000000       1.0000       0.0000    
  7276.000000       1.0000       0.0000    
  7277.000000       1.0000       0.0000    
  7278.000000       1.0000       0.0000    
  7279.000000       1.0000       1.0017    
  7280.000000       1.0000       27.361    
  7281.000000       1.0000       178.45    
  7282.000000       1.0000       581.04    
  7283.000000       1.0000       787.52    
  7284.000000       1.0000       1388.5    
  7285.000000       1.0000       2223.7    
  7286.000000       1.0000       1925.5    
  7287.000000       1.0000       1330.5    
  7288.000000       1.0000       280.05    
  7289.000000       1.0000       25.532    
  7290.000000       1.0000      8.73054E-03
  7291.000000       1.0000      4.97443E-44
  7292.000000       1.0000      5.26427E-60
  7293.000000       1.0000       0.0000    
  7294.000000       1.0000       0.0000    
  7295.000000       1.0000       0.0000    
  7296.000000       1.0000       0.0000    
  7297.000000       1.0000       0.0000    
  7298.000000       1.0000       0.0000    
  7299.000000       1.0000       0.0000    
  7300.000000       1.0000       0.0000    
  7301.000000       1.0000       0.0000    
  7302.000000       1.0000       0.0000    
  7303.000000       1.0000       0.0000    
  7304.000000       1.0000      0.93274    
  7305.000000       1.0000       11.698    
  7306.000000       1.0000       44.908    
  7307.000000       1.0000       51.755    
  7308.000000       1.0000       106.51    
  7309.000000       1.0000       306.55    
  7310.000000       1.0000       401.20    
  7311.000000       1.0000       497.95    
  7312.000000       1.0000       141.76    
  7313.000000       1.0000       16.027    
  7314.000000       1.0000       0.0000    
  7315.000000       1.0000       0.0000    
  7316.000000       1.0000       0.0000    
  7317.000000       1.0000       0.0000    
  7318.000000       1.0000       0.0000    
  7319.000000       1.0000       0.0000    
  7320.000000       1.0000       0.0000    
  7321.000000       1.0000       0.0000    
  7322.000000       1.0000       0.0000    
  7323.000000       1.0000       0.0000    
  7324.000000       1.0000       0.0000    
  7325.000000       1.0000       0.0000    
  7326.000000       1.0000       0.0000    
  7327.000000       1.0000       0.0000    
  7328.000000       1.0000      0.42424    
  7329.000000       1.0000       7.2005    
  7330.000000       1.0000       37.718    
  7331.000000       1.0000       69.886    
  7332.000000       1.0000       98.656    
  7333.000000       1.0000       106.97    
  7334.000000       1.0000       92.366    
  7335.000000       1.0000       51.098    
  7336.000000       1.0000       11.234    
  7337.000000       1.0000      0.74724    
  7338.000000       1.0000       0.0000    
  7339.000000       1.0000       0.0000    
  7340.000000       1.0000       0.0000    
  7341.000000       1.0000       0.0000    
  7342.000000       1.0000       0.0000    
  7343.000000       1.0000       0.0000    
  7344.000000       1.0000       0.0000    
  7345.000000       1.0000       0.0000    
  7346.000000       1.0000       0.0000    
  7347.000000       1.0000       0.0000    
  7348.000000       1.0000       0.0000    
  7349.000000       1.0000       0.0000    
  7350.000000       1.0000       0.0000    
  7351.000000       1.0000      0.21527    
  7352.000000       1.0000       5.2968    
  7353.000000       1.0000       52.313    
  7354.000000       1.0000       97.830    
  7355.000000       1.0000       246.55    
  7356.000000       1.0000       513.06    
  7357.000000       1.0000       376.15    
  7358.000000       1.0000       764.09    
  7359.000000       1.0000       353.18    
  7360.000000       1.0000       155.84    
  7361.000000       1.0000       23.281    
  7362.000000       1.0000      0.95075    
  7363.000000       1.0000       0.0000    
  7364.000000       1.0000       0.0000    
  7365.000000       1.0000       0.0000    
  7366.000000       1.0000       0.0000    
  7367.000000       1.0000       0.0000    
  7368.000000       1.0000       0.0000    
  7369.000000       1.0000       0.0000    
  7370.000000       1.0000       0.0000    
  7371.000000       1.0000       0.0000    
  7372.000000       1.0000       0.0000    
  7373.000000       1.0000       0.0000    
  7374.000000       1.0000       0.0000    
  7375.000000       1.0000      0.11190    
  7376.000000       1.0000       6.8268    
  7377.000000       1.0000       188.11    
  7378.000000       1.0000       136.71    
  7379.000000       1.0000       975.46    
  7380.000000       1.0000       1832.8    
  7381.000000       1.0000       1567.7    
  7382.000000       1.0000       1434.3    
  7383.000000       1.0000       510.93    
  7384.000000       1.0000       83.785    
  7385.000000       1.0000       8.0431    
  7386.000000       1.0000      0.31515    
  7387.000000       1.0000     -1.10452E-52
  7388.000000       1.0000       0.0000    
  7389.000000       1.0000       0.0000    
  7390.000000       1.0000       0.0000    
  7391.000000       1.0000       0.0000    
  7392.000000       1.0000       0.0000    
  7393.000000       1.0000       0.0000    
  7394.000000       1.0000       0.0000    
  7395.000000       1.0000       0.0000    
  7396.000000       1.0000       0.0000    
  7397.000000       1.0000       0.0000    
  7398.000000       1.0000       0.0000    
  7399.000000       1.0000       0.0000    
  7400.000000       1.0000       1.2706    
  7401.000000       1.0000       22.726    
  7402.000000       1.0000       52.805    
  7403.000000       1.0000       60.822    
  7404.000000       1.0000       66.019    
  7405.000000       1.0000       72.703    
  7406.000000       1.0000       64.600    
  7407.000000       1.0000       61.439    
  7408.000000       1.0000       34.446    
  7409.000000       1.0000       2.5326    
  7410.000000       1.0000       0.0000    
  7411.000000       1.0000       0.0000    
  7412.000000       1.0000       0.0000    
  7413.000000       1.0000       0.0000    
  7414.000000       1.0000       0.0000    
  7415.000000       1.0000       0.0000    
  7416.000000       1.0000       0.0000    
  7417.000000       1.0000       0.0000    
  7418.000000       1.0000       0.0000    
  7419.000000       1.0000       0.0000    
  7420.000000       1.0000       0.0000    
  7421.000000       1.0000       0.0000    
  7422.000000       1.0000       0.0000    
  7423.000000       1.0000      0.23756    
  7424.000000       1.0000       4.1980    
  7425.000000       1.0000       97.450    
  7426.000000       1.0000       877.15    
  7427.000000       1.0000       1299.9    
  7428.000000       1.0000       2553.5    
  7429.000000       1.0000       2529.5    
  7430.000000       1.0000       2039.5    
  7431.000000       1.0000       1725.2    
  7432.000000       1.0000       304.31    
  7433.000000       1.0000       14.954    
  7434.000000       1.0000      5.37282E-02
  7435.000000       1.0000     -7.61237E-28
  7436.000000       1.0000     -5.63612E-46
  7437.000000       1.0000       0.0000    
  7438.000000       1.0000       0.0000    
  7439.000000       1.0000       0.0000    
  7440.000000       1.0000       0.0000    
  7441.000000       1.0000       0.0000    
  7442.000000       1.0000       0.0000    
  7443.000000       1.0000       0.0000    
  7444.000000       1.0000       0.0000    
  7445.000000       1.0000       0.0000    
  7446.000000       1.0000       0.0000    
  7447.000000       1.0000       0.0000    
  7448.000000       1.0000      0.89054    
  7449.000000       1.0000       23.106    
  7450.000000       1.0000       52.666    
  7451.000000       1.0000       71.446    
  7452.000000       1.0000       104.09    
  7453.000000       1.0000       95.501    
  7454.000000       1.0000       189.58    
  7455.000000       1.0000       206.83    
  7456.000000       1.0000       48.455    
  7457.000000       1.0000       3.7426    
  7458.000000       1.0000       0.0000    
  7459.000000       1.0000       0.0000    
  7460.000000       1.0000       0.0000    
  7461.000000       1.0000       0.0000    
  7462.000000       1.0000       0.0000    
  7463.000000       1.0000       0.0000    
  7464.000000       1.0000       0.0000    
  7465.000000       1.0000       0.0000    
  7466.000000       1.0000       0.0000    
  7467.000000       1.0000       0.0000    
  7468.000000       1.0000       0.0000    
  7469.000000       1.0000       0.0000    
  7470.000000       1.0000       0.0000    
  7471.000000       1.0000       0.0000    
  7472.000000       1.0000       1.9285    
  7473.000000       1.0000       31.236    
  7474.000000       1.0000       89.823    
  7475.000000       1.0000       159.40    
  7476.000000       1.0000       162.29    
  7477.000000       1.0000       116.56    
  7478.000000       1.0000       152.47    
  7479.000000       1.0000       203.94    
  7480.000000       1.0000       62.463    
  7481.000000       1.0000      0.88087    
  7482.000000       1.0000      3.09398E-43
  7483.000000       1.0000       0.0000    
  7484.000000       1.0000       0.0000    
  7485.000000       1.0000       0.0000    
  7486.000000       1.0000       0.0000    
  7487.000000       1.0000       0.0000    
  7488.000000       1.0000       0.0000    
  7489.000000       1.0000       0.0000    
  7490.000000       1.0000       0.0000    
  7491.000000       1.0000       0.0000    
  7492.000000       1.0000       0.0000    
  7493.000000       1.0000       0.0000    
  7494.000000       1.0000       0.0000    
  7495.000000       1.0000      0.12931    
  7496.000000       1.0000       2.0208    
  7497.000000       1.0000       34.190    
  7498.000000       1.0000       114.26    
  7499.000000       1.0000       189.26    
  7500.000000       1.0000       267.70    
  7501.000000       1.0000       191.70    
  7502.000000       1.0000       120.65    
  7503.000000       1.0000       72.371    
  7504.000000       1.0000       27.868    
  7505.000000       1.0000       3.1370    
  7506.000000       1.0000       0.0000    
  7507.000000       1.0000       0.0000    
  7508.000000       1.0000       0.0000    
  7509.000000       1.0000       0.0000    
  7510.000000       1.0000       0.0000    
  7511.000000       1.0000       0.0000    
  7512.000000       1.0000       0.0000    
  7513.000000       1.0000       0.0000    
  7514.000000       1.0000       0.0000    
  7515.000000       1.0000       0.0000    
  7516.000000       1.0000       0.0000    
  7517.000000       1.0000       0.0000    
  7518.000000       1.0000       0.0000    
  7519.000000       1.0000       0.0000    
  7520.000000       1.0000      0.23467    
  7521.000000       1.0000       9.7461    
  7522.000000       1.0000       45.535    
  7523.000000       1.0000       86.094    
  7524.000000       1.0000       186.80    
  7525.000000       1.0000       77.738    
  7526.000000       1.0000       52.491    
  7527.000000       1.0000       18.259    
  7528.000000       1.0000       4.5637    
  7529.000000       1.0000      0.36049    
  7530.000000       1.0000       0.0000    
  7531.000000       1.0000       0.0000    
  7532.000000       1.0000       0.0000    
  7533.000000       1.0000       0.0000    
  7534.000000       1.0000       0.0000    
  7535.000000       1.0000       0.0000    
  7536.000000       1.0000       0.0000    
  7537.000000       1.0000       0.0000    
  7538.000000       1.0000       0.0000    
  7539.000000       1.0000       0.0000    
  7540.000000       1.0000       0.0000    
  7541.000000       1.0000       0.0000    
  7542.000000       1.0000       0.0000    
  7543.000000       1.0000       0.0000    
  7544.000000       1.0000      0.66585    
  7545.000000       1.0000       6.7455    
  7546.000000       1.0000       19.620    
  7547.000000       1.0000       30.659    
  7548.000000       1.0000       52.746    
  7549.000000       1.0000       58.444    
  7550.000000       1.0000       51.806    
  7551.000000       1.0000       13.791    
  7552.000000       1.0000      0.53393    
  7553.000000       1.0000       0.0000    
  7554.000000       1.0000       0.0000    
  7555.000000       1.0000       0.0000    
  7556.000000       1.0000       0.0000    
  7557.000000       1.0000       0.0000    
  7558.000000       1.0000       0.0000    
  7559.000000       1.0000       0.0000    
  7560.000000       1.0000       0.0000    
  7561.000000       1.0000       0.0000    
  7562.000000       1.0000       0.0000    
  7563.000000       1.0000       0.0000    
  7564.000000       1.0000       0.0000    
  7565.000000       1.0000       0.0000    
  7566.000000       1.0000       0.0000    
  7567.000000       1.0000       0.0000    
  7568.000000       1.0000      0.88684    
  7569.000000       1.0000       9.2831    
  7570.000000       1.0000       39.415    
  7571.000000       1.0000       62.113    
  7572.000000       1.0000       65.666    
  7573.000000       1.0000       57.609    
  7574.000000       1.0000       54.535    
  7575.000000       1.0000       22.492    
  7576.000000       1.0000       4.3298    
  7577.000000       1.0000      0.15152    
  7578.000000       1.0000       0.0000    
  7579.000000       1.0000       0.0000    
  7580.000000       1.0000       0.0000    
  7581.000000       1.0000       0.0000    
  7582.000000       1.0000       0.0000    
  7583.000000       1.0000       0.0000    
  7584.000000       1.0000       0.0000    
  7585.000000       1.0000       0.0000    
  7586.000000       1.0000       0.0000    
  7587.000000       1.0000       0.0000    
  7588.000000       1.0000       0.0000    
  7589.000000       1.0000       0.0000    
  7590.000000       1.0000       0.0000    
  7591.000000       1.0000       0.0000    
  7592.000000       1.0000       1.2551    
  7593.000000       1.0000       13.235    
  7594.000000       1.0000       33.599    
  7595.000000       1.0000       29.125    
  7596.000000       1.0000       76.975    
  7597.000000       1.0000       76.063    
  7598.000000       1.0000       56.966    
  7599.000000       1.0000       31.092    
  7600.000000       1.0000       5.1073    
  7601.000000       1.0000      0.40015    
  7602.000000       1.0000       0.0000    
  7603.000000       1.0000       0.0000    
  7604.000000       1.0000       0.0000    
  7605.000000       1.0000       0.0000    
  7606.000000       1.0000       0.0000    
  7607.000000       1.0000       0.0000    
  7608.000000       1.0000       0.0000    
  7609.000000       1.0000       0.0000    
  7610.000000       1.0000       0.0000    
  7611.000000       1.0000       0.0000    
  7612.000000       1.0000       0.0000    
  7613.000000       1.0000       0.0000    
  7614.000000       1.0000       0.0000    
  7615.000000       1.0000       0.0000    
  7616.000000       1.0000       4.0193    
  7617.000000       1.0000       77.499    
  7618.000000       1.0000       140.06    
  7619.000000       1.0000       115.79    
  7620.000000       1.0000       231.70    
  7621.000000       1.0000       306.40    
  7622.000000       1.0000       354.64    
  7623.000000       1.0000       199.42    
  7624.000000       1.0000       37.045    
  7625.000000       1.0000       3.8480    
  7626.000000       1.0000     -3.76713E-28
  7627.000000       1.0000      1.58389E-55
  7628.000000       1.0000     -5.22819E-88
  7629.000000       1.0000       0.0000    
  7630.000000       1.0000       0.0000    
  7631.000000       1.0000       0.0000    
  7632.000000       1.0000       0.0000    
  7633.000000       1.0000       0.0000    
  7634.000000       1.0000       0.0000    
  7635.000000       1.0000       0.0000    
  7636.000000       1.0000       0.0000    
  7637.000000       1.0000       0.0000    
  7638.000000       1.0000       0.0000    
  7639.000000       1.0000       0.0000    
  7640.000000       1.0000      0.41832    
  7641.000000       1.0000       3.8167    
  7642.000000       1.0000       12.455    
  7643.000000       1.0000       58.781    
  7644.000000       1.0000       88.670    
  7645.000000       1.0000       170.93    
  7646.000000       1.0000       77.451    
  7647.000000       1.0000       49.375    
  7648.000000       1.0000       15.719    
  7649.000000       1.0000      0.86104    
  7650.000000       1.0000       0.0000    
  7651.000000       1.0000       0.0000    
  7652.000000       1.0000       0.0000    
  7653.000000       1.0000       0.0000    
  7654.000000       1.0000       0.0000    
  7655.000000       1.0000       0.0000    
  7656.000000       1.0000       0.0000    
  7657.000000       1.0000       0.0000    
  7658.000000       1.0000       0.0000    
  7659.000000       1.0000       0.0000    
  7660.000000       1.0000       0.0000    
  7661.000000       1.0000       0.0000    
  7662.000000       1.0000       0.0000    
  7663.000000       1.0000       0.0000    
  7664.000000       1.0000       1.0218    
  7665.000000       1.0000       9.6782    
  7666.000000       1.0000       61.942    
  7667.000000       1.0000       104.43    
  7668.000000       1.0000       228.42    
  7669.000000       1.0000       101.48    
  7670.000000       1.0000       53.010    
  7671.000000       1.0000       18.240    
  7672.000000       1.0000       3.3300    
  7673.000000       1.0000      0.23123    
  7674.000000       1.0000       0.0000    
  7675.000000       1.0000       0.0000    
  7676.000000       1.0000       0.0000    
  7677.000000       1.0000       0.0000    
  7678.000000       1.0000       0.0000    
  7679.000000       1.0000       0.0000    
  7680.000000       1.0000       0.0000    
  7681.000000       1.0000       0.0000    
  7682.000000       1.0000       0.0000    
  7683.000000       1.0000       0.0000    
  7684.000000       1.0000       0.0000    
  7685.000000       1.0000       0.0000    
  7686.000000       1.0000       0.0000    
  7687.000000       1.0000       0.0000    
  7688.000000       1.0000       1.0700    
  7689.000000       1.0000       11.954    
  7690.000000       1.0000       58.667    
  7691.000000       1.0000       111.35    
  7692.000000       1.0000       79.632    
  7693.000000       1.0000       65.369    
  7694.000000       1.0000       54.884    
  7695.000000       1.0000       22.959    
  7696.000000       1.0000      0.86269    
  7697.000000       1.0000      3.56589E-28
  7698.000000       1.0000       0.0000    
  7699.000000       1.0000       0.0000    
  7700.000000       1.0000       0.0000    
  7701.000000       1.0000       0.0000    
  7702.000000       1.0000       0.0000    
  7703.000000       1.0000       0.0000    
  7704.000000       1.0000       0.0000    
  7705.000000       1.0000       0.0000    
  7706.000000       1.0000       0.0000    
  7707.000000       1.0000       0.0000    
  7708.000000       1.0000       0.0000    
  7709.000000       1.0000       0.0000    
  7710.000000       1.0000       0.0000    
  7711.000000       1.0000       0.0000    
  7712.000000       1.0000       0.0000    
  7713.000000       1.0000      0.65315    
  7714.000000       1.0000       6.4934    
  7715.000000       1.0000       32.720    
  7716.000000       1.0000       74.220    
  7717.000000       1.0000       72.756    
  7718.000000       1.0000       60.764    
  7719.000000       1.0000       29.934    
  7720.000000       1.0000       4.2563    
  7721.000000       1.0000      0.17322    
  7722.000000       1.0000       0.0000    
  7723.000000       1.0000       0.0000    
  7724.000000       1.0000       0.0000    
  7725.000000       1.0000       0.0000    
  7726.000000       1.0000       0.0000    
  7727.000000       1.0000       0.0000    
  7728.000000       1.0000       0.0000    
  7729.000000       1.0000       0.0000    
  7730.000000       1.0000       0.0000    
  7731.000000       1.0000       0.0000    
  7732.000000       1.0000       0.0000    
  7733.000000       1.0000       0.0000    
  7734.000000       1.0000       0.0000    
  7735.000000       1.0000       0.0000    
  7736.000000       1.0000      3.35014E-02
  7737.000000       1.0000       1.9872    
  7738.000000       1.0000       9.8289    
  7739.000000       1.0000       96.887    
  7740.000000       1.0000       420.50    
  7741.000000       1.0000       174.21    
  7742.000000       1.0000       449.75    
  7743.000000       1.0000       632.70    
  7744.000000       1.0000       74.539    
  7745.000000       1.0000      0.34082    
  7746.000000       1.0000      8.18080E-19
  7747.000000       1.0000     -1.15700E-51
  7748.000000       1.0000       0.0000    
  7749.000000       1.0000       0.0000    
  7750.000000       1.0000       0.0000    
  7751.000000       1.0000       0.0000    
  7752.000000       1.0000       0.0000    
  7753.000000       1.0000       0.0000    
  7754.000000       1.0000       0.0000    
  7755.000000       1.0000       0.0000    
  7756.000000       1.0000       0.0000    
  7757.000000       1.0000       0.0000    
  7758.000000       1.0000       0.0000    
  7759.000000       1.0000       0.0000    
  7760.000000       1.0000      0.49701    
  7761.000000       1.0000       68.011    
  7762.000000       1.0000       872.70    
  7763.000000       1.0000       448.80    
  7764.000000       1.0000       1554.2    
  7765.000000       1.0000       1968.7    
  7766.000000       1.0000       449.42    
  7767.000000       1.0000       705.57    
  7768.000000       1.0000       71.078    
  7769.000000       1.0000       1.6998    
  7770.000000       1.0000     -1.36117E-28
  7771.000000       1.0000       0.0000    
  7772.000000       1.0000       0.0000    
  7773.000000       1.0000       0.0000    
  7774.000000       1.0000       0.0000    
  7775.000000       1.0000       0.0000    
  7776.000000       1.0000       0.0000    
  7777.000000       1.0000       0.0000    
  7778.000000       1.0000       0.0000    
  7779.000000       1.0000       0.0000    
  7780.000000       1.0000       0.0000    
  7781.000000       1.0000       0.0000    
  7782.000000       1.0000       0.0000    
  7783.000000       1.0000       0.0000    
  7784.000000       1.0000       0.0000    
  7785.000000       1.0000      0.82390    
  7786.000000       1.0000       7.0698    
  7787.000000       1.0000       14.352    
  7788.000000       1.0000       35.409    
  7789.000000       1.0000       47.806    
  7790.000000       1.0000       26.403    
  7791.000000       1.0000       11.391    
  7792.000000       1.0000       1.2263    
  7793.000000       1.0000     -5.35478E-17
  7794.000000       1.0000     -4.66002E-46
  7795.000000       1.0000     -3.74035E-65
  7796.000000       1.0000       0.0000    
  7797.000000       1.0000       0.0000    
  7798.000000       1.0000       0.0000    
  7799.000000       1.0000       0.0000    
  7800.000000       1.0000       0.0000    
  7801.000000       1.0000       0.0000    
  7802.000000       1.0000       0.0000    
  7803.000000       1.0000       0.0000    
  7804.000000       1.0000       0.0000    
  7805.000000       1.0000       0.0000    
  7806.000000       1.0000       0.0000    
  7807.000000       1.0000       0.0000    
  7808.000000       1.0000       1.6410    
  7809.000000       1.0000       21.554    
  7810.000000       1.0000       150.06    
  7811.000000       1.0000       126.00    
  7812.000000       1.0000       974.39    
  7813.000000       1.0000       730.90    
  7814.000000       1.0000       403.88    
  7815.000000       1.0000       78.568    
  7816.000000       1.0000       10.985    
  7817.000000       1.0000      0.88265    
  7818.000000       1.0000       0.0000    
  7819.000000       1.0000       0.0000    
  7820.000000       1.0000       0.0000    
  7821.000000       1.0000       0.0000    
  7822.000000       1.0000       0.0000    
  7823.000000       1.0000       0.0000    
  7824.000000       1.0000       0.0000    
  7825.000000       1.0000       0.0000    
  7826.000000       1.0000       0.0000    
  7827.000000       1.0000       0.0000    
  7828.000000       1.0000       0.0000    
  7829.000000       1.0000       0.0000    
  7830.000000       1.0000       0.0000    
  7831.000000       1.0000       0.0000    
  7832.000000       1.0000       1.8245    
  7833.000000       1.0000       16.220    
  7834.000000       1.0000       85.959    
  7835.000000       1.0000       206.16    
  7836.000000       1.0000       671.64    
  7837.000000       1.0000       786.88    
  7838.000000       1.0000       349.31    
  7839.000000       1.0000       249.22    
  7840.000000       1.0000       17.368    
  7841.000000       1.0000      0.10306    
  7842.000000       1.0000       0.0000    
  7843.000000       1.0000       0.0000    
  7844.000000       1.0000       0.0000    
  7845.000000       1.0000       0.0000    
  7846.000000       1.0000       0.0000    
  7847.000000       1.0000       0.0000    
  7848.000000       1.0000       0.0000    
  7849.000000       1.0000       0.0000    
  7850.000000       1.0000       0.0000    
  7851.000000       1.0000       0.0000    
  7852.000000       1.0000       0.0000    
  7853.000000       1.0000       0.0000    
  7854.000000       1.0000       0.0000    
  7855.000000       1.0000       0.0000    
  7856.000000       1.0000       0.0000    
  7857.000000       1.0000      0.50574    
  7858.000000       1.0000       9.1427    
  7859.000000       1.0000       36.013    
  7860.000000       1.0000       56.338    
  7861.000000       1.0000       56.852    
  7862.000000       1.0000       40.804    
  7863.000000       1.0000       6.9859    
  7864.000000       1.0000      0.21390    
  7865.000000       1.0000     -7.98078E-30
  7866.000000       1.0000       0.0000    
  7867.000000       1.0000       0.0000    
  7868.000000       1.0000       0.0000    
  7869.000000       1.0000       0.0000    
  7870.000000       1.0000       0.0000    
  7871.000000       1.0000       0.0000    
  7872.000000       1.0000       0.0000    
  7873.000000       1.0000       0.0000    
  7874.000000       1.0000       0.0000    
  7875.000000       1.0000       0.0000    
  7876.000000       1.0000       0.0000    
  7877.000000       1.0000       0.0000    
  7878.000000       1.0000       0.0000    
  7879.000000       1.0000       0.0000    
  7880.000000       1.0000      0.75531    
  7881.000000       1.0000       8.0892    
  7882.000000       1.0000       50.780    
  7883.000000       1.0000       106.90    
  7884.000000       1.0000       141.63    
  7885.000000       1.0000       355.67    
  7886.000000       1.0000       487.35    
  7887.000000       1.0000       72.598    
  7888.000000       1.0000       2.3294    
  7889.000000       1.0000       0.0000    
  7890.000000       1.0000       0.0000    
  7891.000000       1.0000       0.0000    
  7892.000000       1.0000       0.0000    
  7893.000000       1.0000       0.0000    
  7894.000000       1.0000       0.0000    
  7895.000000       1.0000       0.0000    
  7896.000000       1.0000       0.0000    
  7897.000000       1.0000       0.0000    
  7898.000000       1.0000       0.0000    
  7899.000000       1.0000       0.0000    
  7900.000000       1.0000       0.0000    
  7901.000000       1.0000       0.0000    
  7902.000000       1.0000       0.0000    
  7903.000000       1.0000       0.0000    
  7904.000000       1.0000      0.21682    
  7905.000000       1.0000       1.8504    
  7906.000000       1.0000       35.157    
  7907.000000       1.0000       156.59    
  7908.000000       1.0000       320.82    
  7909.000000       1.0000       802.81    
  7910.000000       1.0000       412.59    
  7911.000000       1.0000       486.27    
  7912.000000       1.0000       82.592    
  7913.000000       1.0000       1.7578    
  7914.000000       1.0000       0.0000    
  7915.000000       1.0000       0.0000    
  7916.000000       1.0000       0.0000    
  7917.000000       1.0000       0.0000    
  7918.000000       1.0000       0.0000    
  7919.000000       1.0000       0.0000    
  7920.000000       1.0000       0.0000    
  7921.000000       1.0000       0.0000    
  7922.000000       1.0000       0.0000    
  7923.000000       1.0000       0.0000    
  7924.000000       1.0000       0.0000    
  7925.000000       1.0000       0.0000    
  7926.000000       1.0000       0.0000    
  7927.000000       1.0000       0.0000    
  7928.000000       1.0000      0.74819    
  7929.000000       1.0000       12.806    
  7930.000000       1.0000       125.12    
  7931.000000       1.0000       255.41    
  7932.000000       1.0000       299.45    
  7933.000000       1.0000       243.14    
  7934.000000       1.0000       168.36    
  7935.000000       1.0000       84.569    
  7936.000000       1.0000       10.074    
  7937.000000       1.0000      0.21691    
  7938.000000       1.0000      2.39809E-30
  7939.000000       1.0000      3.24817E-51
  7940.000000       1.0000      4.90940E-82
  7941.000000       1.0000       0.0000    
  7942.000000       1.0000       0.0000    
  7943.000000       1.0000       0.0000    
  7944.000000       1.0000       0.0000    
  7945.000000       1.0000       0.0000    
  7946.000000       1.0000       0.0000    
  7947.000000       1.0000       0.0000    
  7948.000000       1.0000       0.0000    
  7949.000000       1.0000       0.0000    
  7950.000000       1.0000       0.0000    
  7951.000000       1.0000       0.0000    
  7952.000000       1.0000      4.62450E-02
  7953.000000       1.0000       5.2731    
  7954.000000       1.0000       91.806    
  7955.000000       1.0000       162.66    
  7956.000000       1.0000       109.17    
  7957.000000       1.0000       143.09    
  7958.000000       1.0000       101.08    
  7959.000000       1.0000       44.164    
  7960.000000       1.0000       4.1791    
  7961.000000       1.0000       0.0000    
  7962.000000       1.0000       0.0000    
  7963.000000       1.0000       0.0000    
  7964.000000       1.0000       0.0000    
  7965.000000       1.0000       0.0000    
  7966.000000       1.0000       0.0000    
  7967.000000       1.0000       0.0000    
  7968.000000       1.0000       0.0000    
  7969.000000       1.0000       0.0000    
  7970.000000       1.0000       0.0000    
  7971.000000       1.0000       0.0000    
  7972.000000       1.0000       0.0000    
  7973.000000       1.0000       0.0000    
  7974.000000       1.0000       0.0000    
  7975.000000       1.0000       0.0000    
  7976.000000       1.0000       0.0000    
  7977.000000       1.0000      0.58388    
  7978.000000       1.0000       26.677    
  7979.000000       1.0000       62.627    
  7980.000000       1.0000       85.526    
  7981.000000       1.0000       78.625    
  7982.000000       1.0000       60.125    
  7983.000000       1.0000       17.103    
  7984.000000       1.0000       1.3540    
  7985.000000       1.0000       0.0000    
  7986.000000       1.0000       0.0000    
  7987.000000       1.0000       0.0000    
  7988.000000       1.0000       0.0000    
  7989.000000       1.0000       0.0000    
  7990.000000       1.0000       0.0000    
  7991.000000       1.0000       0.0000    
  7992.000000       1.0000       0.0000    
  7993.000000       1.0000       0.0000    
  7994.000000       1.0000       0.0000    
  7995.000000       1.0000       0.0000    
  7996.000000       1.0000       0.0000    
  7997.000000       1.0000       0.0000    
  7998.000000       1.0000       0.0000    
  7999.000000       1.0000       0.0000    
  8000.000000       1.0000       0.0000    
  8001.000000       1.0000       1.7722    
  8002.000000       1.0000       15.235    
  8003.000000       1.0000       48.449    
  8004.000000       1.0000       53.747    
  8005.000000       1.0000       41.568    
  8006.000000       1.0000       27.121    
  8007.000000       1.0000       7.4877    
  8008.000000       1.0000      0.60375    
  8009.000000       1.0000       0.0000    
  8010.000000       1.0000       0.0000    
  8011.000000       1.0000       0.0000    
  8012.000000       1.0000       0.0000    
  8013.000000       1.0000       0.0000    
  8014.000000       1.0000       0.0000    
  8015.000000       1.0000       0.0000    
  8016.000000       1.0000       0.0000    
  8017.000000       1.0000       0.0000    
  8018.000000       1.0000       0.0000    
  8019.000000       1.0000       0.0000    
  8020.000000       1.0000       0.0000    
  8021.000000       1.0000       0.0000    
  8022.000000       1.0000       0.0000    
  8023.000000       1.0000       0.0000    
  8024.000000       1.0000       0.0000    
  8025.000000       1.0000      0.21634    
  8026.000000       1.0000       25.786    
  8027.000000       1.0000       117.42    
  8028.000000       1.0000       180.07    
  8029.000000       1.0000       148.55    
  8030.000000       1.0000       106.67    
  8031.000000       1.0000       72.442    
  8032.000000       1.0000       12.759    
  8033.000000       1.0000      7.11124E-02
  8034.000000       1.0000       0.0000    
  8035.000000       1.0000       0.0000    
  8036.000000       1.0000       0.0000    
  8037.000000       1.0000       0.0000    
  8038.000000       1.0000       0.0000    
  8039.000000       1.0000       0.0000    
  8040.000000       1.0000       0.0000    
  8041.000000       1.0000       0.0000    
  8042.000000       1.0000       0.0000    
  8043.000000       1.0000       0.0000    
  8044.000000       1.0000       0.0000    
  8045.000000       1.0000       0.0000    
  8046.000000       1.0000       0.0000    
  8047.000000       1.0000       0.0000    
  8048.000000       1.0000      6.66984E-02
  8049.000000       1.0000       2.0676    
  8050.000000       1.0000       26.523    
  8051.000000       1.0000       92.201    
  8052.000000       1.0000       141.51    
  8053.000000       1.0000       85.959    
  8054.000000       1.0000       60.208    
  8055.000000       1.0000       31.351    
  8056.000000       1.0000       1.8397    
  8057.000000       1.0000       0.0000    
  8058.000000       1.0000       0.0000    
  8059.000000       1.0000       0.0000    
  8060.000000       1.0000       0.0000    
  8061.000000       1.0000       0.0000    
  8062.000000       1.0000       0.0000    
  8063.000000       1.0000       0.0000    
  8064.000000       1.0000       0.0000    
  8065.000000       1.0000       0.0000    
  8066.000000       1.0000       0.0000    
  8067.000000       1.0000       0.0000    
  8068.000000       1.0000       0.0000    
  8069.000000       1.0000       0.0000    
  8070.000000       1.0000       0.0000    
  8071.000000       1.0000       0.0000    
  8072.000000       1.0000       0.0000    
  8073.000000       1.0000      0.22735    
  8074.000000       1.0000       4.9391    
  8075.000000       1.0000       40.997    
  8076.000000       1.0000       50.300    
  8077.000000       1.0000       53.714    
  8078.000000       1.0000       30.387    
  8079.000000       1.0000       3.6142    
  8080.000000       1.0000       0.0000    
  8081.000000       1.0000       0.0000    
  8082.000000       1.0000       0.0000    
  8083.000000       1.0000       0.0000    
  8084.000000       1.0000       0.0000    
  8085.000000       1.0000       0.0000    
  8086.000000       1.0000       0.0000    
  8087.000000       1.0000       0.0000    
  8088.000000       1.0000       0.0000    
  8089.000000       1.0000       0.0000    
  8090.000000       1.0000       0.0000    
  8091.000000       1.0000       0.0000    
  8092.000000       1.0000       0.0000    
  8093.000000       1.0000       0.0000    
  8094.000000       1.0000       0.0000    
  8095.000000       1.0000       0.0000    
  8096.000000       1.0000       0.0000    
  8097.000000       1.0000      0.77590    
  8098.000000       1.0000       6.9280    
  8099.000000       1.0000       10.876    
  8100.000000       1.0000       11.763    
  8101.000000       1.0000       11.664    
  8102.000000       1.0000       11.244    
  8103.000000       1.0000       7.3122    
  8104.000000       1.0000      0.69851    
  8105.000000       1.0000       0.0000    
  8106.000000       1.0000       0.0000    
  8107.000000       1.0000       0.0000    
  8108.000000       1.0000       0.0000    
  8109.000000       1.0000       0.0000    
  8110.000000       1.0000       0.0000    
  8111.000000       1.0000       0.0000    
  8112.000000       1.0000       0.0000    
  8113.000000       1.0000       0.0000    
  8114.000000       1.0000       0.0000    
  8115.000000       1.0000       0.0000    
  8116.000000       1.0000       0.0000    
  8117.000000       1.0000       0.0000    
  8118.000000       1.0000       0.0000    
  8119.000000       1.0000       0.0000    
  8120.000000       1.0000       0.0000    
  8121.000000       1.0000       1.6596    
  8122.000000       1.0000       27.708    
  8123.000000       1.0000       68.415    
  8124.000000       1.0000       120.79    
  8125.000000       1.0000       227.58    
  8126.000000       1.0000       82.251    
  8127.000000       1.0000       19.033    
  8128.000000       1.0000       1.2923    
  8129.000000       1.0000       0.0000    
  8130.000000       1.0000       0.0000    
  8131.000000       1.0000       0.0000    
  8132.000000       1.0000       0.0000    
  8133.000000       1.0000       0.0000    
  8134.000000       1.0000       0.0000    
  8135.000000       1.0000       0.0000    
  8136.000000       1.0000       0.0000    
  8137.000000       1.0000       0.0000    
  8138.000000       1.0000       0.0000    
  8139.000000       1.0000       0.0000    
  8140.000000       1.0000       0.0000    
  8141.000000       1.0000       0.0000    
  8142.000000       1.0000       0.0000    
  8143.000000       1.0000       0.0000    
  8144.000000       1.0000       0.0000    
  8145.000000       1.0000      1.75755E-02
  8146.000000       1.0000       19.227    
  8147.000000       1.0000       62.814    
  8148.000000       1.0000       57.230    
  8149.000000       1.0000       57.141    
  8150.000000       1.0000       41.833    
  8151.000000       1.0000       1.9544    
  8152.000000       1.0000      0.10631    
  8153.000000       1.0000      2.69074E-31
  8154.000000       1.0000       0.0000    
  8155.000000       1.0000       0.0000    
  8156.000000       1.0000       0.0000    
  8157.000000       1.0000       0.0000    
  8158.000000       1.0000       0.0000    
  8159.000000       1.0000       0.0000    
  8160.000000       1.0000       0.0000    
  8161.000000       1.0000       0.0000    
  8162.000000       1.0000       0.0000    
  8163.000000       1.0000       0.0000    
  8164.000000       1.0000       0.0000    
  8165.000000       1.0000       0.0000    
  8166.000000       1.0000       0.0000    
  8167.000000       1.0000       0.0000    
  8168.000000       1.0000       0.0000    
  8169.000000       1.0000      0.21148    
  8170.000000       1.0000       2.7302    
  8171.000000       1.0000       10.445    
  8172.000000       1.0000       14.886    
  8173.000000       1.0000       31.091    
  8174.000000       1.0000       28.231    
  8175.000000       1.0000       5.0822    
  8176.000000       1.0000      0.22291    
  8177.000000       1.0000       0.0000    
  8178.000000       1.0000       0.0000    
  8179.000000       1.0000       0.0000    
  8180.000000       1.0000       0.0000    
  8181.000000       1.0000       0.0000    
  8182.000000       1.0000       0.0000    
  8183.000000       1.0000       0.0000    
  8184.000000       1.0000       0.0000    
  8185.000000       1.0000       0.0000    
  8186.000000       1.0000       0.0000    
  8187.000000       1.0000       0.0000    
  8188.000000       1.0000       0.0000    
  8189.000000       1.0000       0.0000    
  8190.000000       1.0000       0.0000    
  8191.000000       1.0000       0.0000    
  8192.000000       1.0000       0.0000    
  8193.000000       1.0000      0.39238    
  8194.000000       1.0000       4.0998    
  8195.000000       1.0000       13.002    
  8196.000000       1.0000       27.509    
  8197.000000       1.0000       22.283    
  8198.000000       1.0000       10.260    
  8199.000000       1.0000       2.6880    
  8200.000000       1.0000      0.24187    
  8201.000000       1.0000       0.0000    
  8202.000000       1.0000       0.0000    
  8203.000000       1.0000       0.0000    
  8204.000000       1.0000       0.0000    
  8205.000000       1.0000       0.0000    
  8206.000000       1.0000       0.0000    
  8207.000000       1.0000       0.0000    
  8208.000000       1.0000       0.0000    
  8209.000000       1.0000       0.0000    
  8210.000000       1.0000       0.0000    
  8211.000000       1.0000       0.0000    
  8212.000000       1.0000       0.0000    
  8213.000000       1.0000       0.0000    
  8214.000000       1.0000       0.0000    
  8215.000000       1.0000       0.0000    
  8216.000000       1.0000       0.0000    
  8217.000000       1.0000      0.20388    
  8218.000000       1.0000       6.3858    
  8219.000000       1.0000       33.392    
  8220.000000       1.0000       21.322    
  8221.000000       1.0000       20.523    
  8222.000000       1.0000       27.675    
  8223.000000       1.0000       6.9052    
  8224.000000       1.0000      0.46677    
  8225.000000       1.0000       0.0000    
  8226.000000       1.0000       0.0000    
  8227.000000       1.0000       0.0000    
  8228.000000       1.0000       0.0000    
  8229.000000       1.0000       0.0000    
  8230.000000       1.0000       0.0000    
  8231.000000       1.0000       0.0000    
  8232.000000       1.0000       0.0000    
  8233.000000       1.0000       0.0000    
  8234.000000       1.0000       0.0000    
  8235.000000       1.0000       0.0000    
  8236.000000       1.0000       0.0000    
  8237.000000       1.0000       0.0000    
  8238.000000       1.0000       0.0000    
  8239.000000       1.0000       0.0000    
  8240.000000       1.0000       0.0000    
  8241.000000       1.0000      0.40118    
  8242.000000       1.0000       4.2742    
  8243.000000       1.0000       12.902    
  8244.000000       1.0000       28.478    
  8245.000000       1.0000       53.349    
  8246.000000       1.0000       36.942    
  8247.000000       1.0000      0.91212    
  8248.000000       1.0000       0.0000    
  8249.000000       1.0000       0.0000    
  8250.000000       1.0000       0.0000    
  8251.000000       1.0000       0.0000    
  8252.000000       1.0000       0.0000    
  8253.000000       1.0000       0.0000    
  8254.000000       1.0000       0.0000    
  8255.000000       1.0000       0.0000    
  8256.000000       1.0000       0.0000    
  8257.000000       1.0000       0.0000    
  8258.000000       1.0000       0.0000    
  8259.000000       1.0000       0.0000    
  8260.000000       1.0000       0.0000    
  8261.000000       1.0000       0.0000    
  8262.000000       1.0000       0.0000    
  8263.000000       1.0000       0.0000    
  8264.000000       1.0000       0.0000    
  8265.000000       1.0000      0.80649    
  8266.000000       1.0000       8.8103    
  8267.000000       1.0000       39.148    
  8268.000000       1.0000       38.211    
  8269.000000       1.0000       51.938    
  8270.000000       1.0000       63.396    
  8271.000000       1.0000       65.197    
  8272.000000       1.0000       5.9243    
  8273.000000       1.0000      0.11964    
  8274.000000       1.0000       0.0000    
  8275.000000       1.0000       0.0000    
  8276.000000       1.0000       0.0000    
  8277.000000       1.0000       0.0000    
  8278.000000       1.0000       0.0000    
  8279.000000       1.0000       0.0000    
  8280.000000       1.0000       0.0000    
  8281.000000       1.0000       0.0000    
  8282.000000       1.0000       0.0000    
  8283.000000       1.0000       0.0000    
  8284.000000       1.0000       0.0000    
  8285.000000       1.0000       0.0000    
  8286.000000       1.0000       0.0000    
  8287.000000       1.0000       0.0000    
  8288.000000       1.0000       0.0000    
  8289.000000       1.0000      0.36827    
  8290.000000       1.0000       4.7980    
  8291.000000       1.0000       34.280    
  8292.000000       1.0000       46.185    
  8293.000000       1.0000       54.058    
  8294.000000       1.0000       21.783    
  8295.000000       1.0000       6.2289    
  8296.000000       1.0000      0.39130    
  8297.000000       1.0000       0.0000    
  8298.000000       1.0000       0.0000    
  8299.000000       1.0000       0.0000    
  8300.000000       1.0000       0.0000    
  8301.000000       1.0000       0.0000    
  8302.000000       1.0000       0.0000    
  8303.000000       1.0000       0.0000    
  8304.000000       1.0000       0.0000    
  8305.000000       1.0000       0.0000    
  8306.000000       1.0000       0.0000    
  8307.000000       1.0000       0.0000    
  8308.000000       1.0000       0.0000    
  8309.000000       1.0000       0.0000    
  8310.000000       1.0000       0.0000    
  8311.000000       1.0000       0.0000    
  8312.000000       1.0000       0.0000    
  8313.000000       1.0000      0.76502    
  8314.000000       1.0000       9.7857    
  8315.000000       1.0000       46.470    
  8316.000000       1.0000       57.565    
  8317.000000       1.0000       45.096    
  8318.000000       1.0000       46.180    
  8319.000000       1.0000       20.076    
  8320.000000       1.0000      0.90397    
  8321.000000       1.0000       0.0000    
  8322.000000       1.0000       0.0000    
  8323.000000       1.0000       0.0000    
  8324.000000       1.0000       0.0000    
  8325.000000       1.0000       0.0000    
  8326.000000       1.0000       0.0000    
  8327.000000       1.0000       0.0000    
  8328.000000       1.0000       0.0000    
  8329.000000       1.0000       0.0000    
  8330.000000       1.0000       0.0000    
  8331.000000       1.0000       0.0000    
  8332.000000       1.0000       0.0000    
  8333.000000       1.0000       0.0000    
  8334.000000       1.0000       0.0000    
  8335.000000       1.0000       0.0000    
  8336.000000       1.0000       0.0000    
  8337.000000       1.0000       1.3474    
  8338.000000       1.0000       25.472    
  8339.000000       1.0000       57.985    
  8340.000000       1.0000       80.890    
  8341.000000       1.0000       128.44    
  8342.000000       1.0000       57.549    
  8343.000000       1.0000       19.089    
  8344.000000       1.0000       2.0902    
  8345.000000       1.0000       0.0000    
  8346.000000       1.0000       0.0000    
  8347.000000       1.0000       0.0000    
  8348.000000       1.0000       0.0000    
  8349.000000       1.0000       0.0000    
  8350.000000       1.0000       0.0000    
  8351.000000       1.0000       0.0000    
  8352.000000       1.0000       0.0000    
  8353.000000       1.0000       0.0000    
  8354.000000       1.0000       0.0000    
  8355.000000       1.0000       0.0000    
  8356.000000       1.0000       0.0000    
  8357.000000       1.0000       0.0000    
  8358.000000       1.0000       0.0000    
  8359.000000       1.0000       0.0000    
  8360.000000       1.0000       0.0000    
  8361.000000       1.0000      0.52045    
  8362.000000       1.0000       5.9301    
  8363.000000       1.0000       13.512    
  8364.000000       1.0000       23.103    
  8365.000000       1.0000       13.135    
  8366.000000       1.0000       10.939    
  8367.000000       1.0000       2.7510    
  8368.000000       1.0000      0.19580    
  8369.000000       1.0000       0.0000    
  8370.000000       1.0000       0.0000    
  8371.000000       1.0000       0.0000    
  8372.000000       1.0000       0.0000    
  8373.000000       1.0000       0.0000    
  8374.000000       1.0000       0.0000    
  8375.000000       1.0000       0.0000    
  8376.000000       1.0000       0.0000    
  8377.000000       1.0000       0.0000    
  8378.000000       1.0000       0.0000    
  8379.000000       1.0000       0.0000    
  8380.000000       1.0000       0.0000    
  8381.000000       1.0000       0.0000    
  8382.000000       1.0000       0.0000    
  8383.000000       1.0000       0.0000    
  8384.000000       1.0000       0.0000    
  8385.000000       1.0000      5.05227E-02
  8386.000000       1.0000       19.046    
  8387.000000       1.0000       109.62    
  8388.000000       1.0000       112.22    
  8389.000000       1.0000       62.740    
  8390.000000       1.0000       36.351    
  8391.000000       1.0000       7.5689    
  8392.000000       1.0000      0.48177    
  8393.000000       1.0000       0.0000    
  8394.000000       1.0000       0.0000    
  8395.000000       1.0000       0.0000    
  8396.000000       1.0000       0.0000    
  8397.000000       1.0000       0.0000    
  8398.000000       1.0000       0.0000    
  8399.000000       1.0000       0.0000    
  8400.000000       1.0000       0.0000    
  8401.000000       1.0000       0.0000    
  8402.000000       1.0000       0.0000    
  8403.000000       1.0000       0.0000    
  8404.000000       1.0000       0.0000    
  8405.000000       1.0000       0.0000    
  8406.000000       1.0000       0.0000    
  8407.000000       1.0000       0.0000    
  8408.000000       1.0000       0.0000    
  8409.000000       1.0000       0.0000    
  8410.000000       1.0000       1.5632    
  8411.000000       1.0000       13.286    
  8412.000000       1.0000       19.814    
  8413.000000       1.0000       21.518    
  8414.000000       1.0000       10.062    
  8415.000000       1.0000       1.0568    
  8416.000000       1.0000       0.0000    
  8417.000000       1.0000       0.0000    
  8418.000000       1.0000       0.0000    
  8419.000000       1.0000       0.0000    
  8420.000000       1.0000       0.0000    
  8421.000000       1.0000       0.0000    
  8422.000000       1.0000       0.0000    
  8423.000000       1.0000       0.0000    
  8424.000000       1.0000       0.0000    
  8425.000000       1.0000       0.0000    
  8426.000000       1.0000       0.0000    
  8427.000000       1.0000       0.0000    
  8428.000000       1.0000       0.0000    
  8429.000000       1.0000       0.0000    
  8430.000000       1.0000       0.0000    
  8431.000000       1.0000       0.0000    
  8432.000000       1.0000       0.0000    
  8433.000000       1.0000      0.88845    
  8434.000000       1.0000       11.790    
  8435.000000       1.0000       25.630    
  8436.000000       1.0000       48.666    
  8437.000000       1.0000       62.920    
  8438.000000       1.0000       29.324    
  8439.000000       1.0000       2.8415    
  8440.000000       1.0000       0.0000    
  8441.000000       1.0000       0.0000    
  8442.000000       1.0000       0.0000    
  8443.000000       1.0000       0.0000    
  8444.000000       1.0000       0.0000    
  8445.000000       1.0000       0.0000    
  8446.000000       1.0000       0.0000    
  8447.000000       1.0000       0.0000    
  8448.000000       1.0000       0.0000    
  8449.000000       1.0000       0.0000    
  8450.000000       1.0000       0.0000    
  8451.000000       1.0000       0.0000    
  8452.000000       1.0000       0.0000    
  8453.000000       1.0000       0.0000    
  8454.000000       1.0000       0.0000    
  8455.000000       1.0000       0.0000    
  8456.000000       1.0000       0.0000    
  8457.000000       1.0000       2.9534    
  8458.000000       1.0000       141.00    
  8459.000000       1.0000       323.67    
  8460.000000       1.0000       466.95    
  8461.000000       1.0000       474.73    
  8462.000000       1.0000       171.51    
  8463.000000       1.0000       50.338    
  8464.000000       1.0000       2.9434    
  8465.000000       1.0000     -3.02720E-16
  8466.000000       1.0000       0.0000    
  8467.000000       1.0000       0.0000    
  8468.000000       1.0000       0.0000    
  8469.000000       1.0000       0.0000    
  8470.000000       1.0000       0.0000    
  8471.000000       1.0000       0.0000    
  8472.000000       1.0000       0.0000    
  8473.000000       1.0000       0.0000    
  8474.000000       1.0000       0.0000    
  8475.000000       1.0000       0.0000    
  8476.000000       1.0000       0.0000    
  8477.000000       1.0000       0.0000    
  8478.000000       1.0000       0.0000    
  8479.000000       1.0000       0.0000    
  8480.000000       1.0000       0.0000    
  8481.000000       1.0000      0.30917    
  8482.000000       1.0000       6.4579    
  8483.000000       1.0000       43.612    
  8484.000000       1.0000       55.463    
  8485.000000       1.0000       47.078    
  8486.000000       1.0000       15.805    
  8487.000000       1.0000       1.5652    
  8488.000000       1.0000       0.0000    
  8489.000000       1.0000       0.0000    
  8490.000000       1.0000       0.0000    
  8491.000000       1.0000       0.0000    
  8492.000000       1.0000       0.0000    
  8493.000000       1.0000       0.0000    
  8494.000000       1.0000       0.0000    
  8495.000000       1.0000       0.0000    
  8496.000000       1.0000       0.0000    
  8497.000000       1.0000       0.0000    
  8498.000000       1.0000       0.0000    
  8499.000000       1.0000       0.0000    
  8500.000000       1.0000       0.0000    
  8501.000000       1.0000       0.0000    
  8502.000000       1.0000       0.0000    
  8503.000000       1.0000       0.0000    
  8504.000000       1.0000       0.0000    
  8505.000000       1.0000      0.23971    
  8506.000000       1.0000       4.8623    
  8507.000000       1.0000       24.859    
  8508.000000       1.0000       44.667    
  8509.000000       1.0000       56.491    
  8510.000000       1.0000       37.808    
  8511.000000       1.0000       18.148    
  8512.000000       1.0000       2.0542    
  8513.000000       1.0000       0.0000    
  8514.000000       1.0000       0.0000    
  8515.000000       1.0000       0.0000    
  8516.000000       1.0000       0.0000    
  8517.000000       1.0000       0.0000    
  8518.000000       1.0000       0.0000    
  8519.000000       1.0000       0.0000    
  8520.000000       1.0000       0.0000    
  8521.000000       1.0000       0.0000    
  8522.000000       1.0000       0.0000    
  8523.000000       1.0000       0.0000    
  8524.000000       1.0000       0.0000    
  8525.000000       1.0000       0.0000    
  8526.000000       1.0000       0.0000    
  8527.000000       1.0000       0.0000    
  8528.000000       1.0000       0.0000    
  8529.000000       1.0000      9.84816E-02
  8530.000000       1.0000       3.4550    
  8531.000000       1.0000       31.527    
  8532.000000       1.0000       25.751    
  8533.000000       1.0000       53.289    
  8534.000000       1.0000       51.853    
  8535.000000       1.0000       20.168    
  8536.000000       1.0000       1.0587    
  8537.000000       1.0000       0.0000    
  8538.000000       1.0000       0.0000    
  8539.000000       1.0000       0.0000    
  8540.000000       1.0000       0.0000    
  8541.000000       1.0000       0.0000    
  8542.000000       1.0000       0.0000    
  8543.000000       1.0000       0.0000    
  8544.000000       1.0000       0.0000    
  8545.000000       1.0000       0.0000    
  8546.000000       1.0000       0.0000    
  8547.000000       1.0000       0.0000    
  8548.000000       1.0000       0.0000    
  8549.000000       1.0000       0.0000    
  8550.000000       1.0000       0.0000    
  8551.000000       1.0000       0.0000    
  8552.000000       1.0000       0.0000    
  8553.000000       1.0000       1.1244    
  8554.000000       1.0000       27.886    
  8555.000000       1.0000       123.02    
  8556.000000       1.0000       273.32    
  8557.000000       1.0000       384.42    
  8558.000000       1.0000       288.65    
  8559.000000       1.0000       137.38    
  8560.000000       1.0000       15.636    
  8561.000000       1.0000       0.0000    
  8562.000000       1.0000       0.0000    
  8563.000000       1.0000       0.0000    
  8564.000000       1.0000       0.0000    
  8565.000000       1.0000       0.0000    
  8566.000000       1.0000       0.0000    
  8567.000000       1.0000       0.0000    
  8568.000000       1.0000       0.0000    
  8569.000000       1.0000       0.0000    
  8570.000000       1.0000       0.0000    
  8571.000000       1.0000       0.0000    
  8572.000000       1.0000       0.0000    
  8573.000000       1.0000       0.0000    
  8574.000000       1.0000       0.0000    
  8575.000000       1.0000       0.0000    
  8576.000000       1.0000       0.0000    
  8577.000000       1.0000       3.0663    
  8578.000000       1.0000       46.779    
  8579.000000       1.0000       206.33    
  8580.000000       1.0000       468.39    
  8581.000000       1.0000       929.58    
  8582.000000       1.0000       140.95    
  8583.000000       1.0000       74.723    
  8584.000000       1.0000       13.748    
  8585.000000       1.0000      0.11913    
  8586.000000       1.0000       0.0000    
  8587.000000       1.0000       0.0000    
  8588.000000       1.0000       0.0000    
  8589.000000       1.0000       0.0000    
  8590.000000       1.0000       0.0000    
  8591.000000       1.0000       0.0000    
  8592.000000       1.0000       0.0000    
  8593.000000       1.0000       0.0000    
  8594.000000       1.0000       0.0000    
  8595.000000       1.0000       0.0000    
  8596.000000       1.0000       0.0000    
  8597.000000       1.0000       0.0000    
  8598.000000       1.0000       0.0000    
  8599.000000       1.0000       0.0000    
  8600.000000       1.0000       0.0000    
  8601.000000       1.0000       3.9017    
  8602.000000       1.0000       66.104    
  8603.000000       1.0000       332.66    
  8604.000000       1.0000       463.26    
  8605.000000       1.0000       1122.6    
  8606.000000       1.0000       279.08    
  8607.000000       1.0000       136.59    
  8608.000000       1.0000       19.943    
  8609.000000       1.0000      0.22196    
  8610.000000       1.0000      4.84955E-29
  8611.000000       1.0000     -2.64876E-45
  8612.000000       1.0000     -7.10535E-93
  8613.000000       1.0000       0.0000    
  8614.000000       1.0000       0.0000    
  8615.000000       1.0000       0.0000    
  8616.000000       1.0000       0.0000    
  8617.000000       1.0000       0.0000    
  8618.000000       1.0000       0.0000    
  8619.000000       1.0000       0.0000    
  8620.000000       1.0000       0.0000    
  8621.000000       1.0000       0.0000    
  8622.000000       1.0000       0.0000    
  8623.000000       1.0000       0.0000    
  8624.000000       1.0000       0.0000    
  8625.000000       1.0000      0.91211    
  8626.000000       1.0000       9.2083    
  8627.000000       1.0000       47.600    
  8628.000000       1.0000       72.436    
  8629.000000       1.0000       64.867    
  8630.000000       1.0000       55.923    
  8631.000000       1.0000       13.501    
  8632.000000       1.0000      0.78000    
  8633.000000       1.0000       0.0000    
  8634.000000       1.0000       0.0000    
  8635.000000       1.0000       0.0000    
  8636.000000       1.0000       0.0000    
  8637.000000       1.0000       0.0000    
  8638.000000       1.0000       0.0000    
  8639.000000       1.0000       0.0000    
  8640.000000       1.0000       0.0000    
  8641.000000       1.0000       0.0000    
  8642.000000       1.0000       0.0000    
  8643.000000       1.0000       0.0000    
  8644.000000       1.0000       0.0000    
  8645.000000       1.0000       0.0000    
  8646.000000       1.0000       0.0000    
  8647.000000       1.0000       0.0000    
  8648.000000       1.0000       0.0000    
  8649.000000       1.0000      0.21434    
  8650.000000       1.0000       2.7360    
  8651.000000       1.0000       13.014    
  8652.000000       1.0000       31.108    
  8653.000000       1.0000       33.476    
  8654.000000       1.0000       13.303    
  8655.000000       1.0000       4.1032    
  8656.000000       1.0000      0.44705    
  8657.000000       1.0000       0.0000    
  8658.000000       1.0000       0.0000    
  8659.000000       1.0000       0.0000    
  8660.000000       1.0000       0.0000    
  8661.000000       1.0000       0.0000    
  8662.000000       1.0000       0.0000    
  8663.000000       1.0000       0.0000    
  8664.000000       1.0000       0.0000    
  8665.000000       1.0000       0.0000    
  8666.000000       1.0000       0.0000    
  8667.000000       1.0000       0.0000    
  8668.000000       1.0000       0.0000    
  8669.000000       1.0000       0.0000    
  8670.000000       1.0000       0.0000    
  8671.000000       1.0000       0.0000    
  8672.000000       1.0000       0.0000    
  8673.000000       1.0000       0.0000    
  8674.000000       1.0000      1.48912E-02
  8675.000000       1.0000       10.786    
  8676.000000       1.0000       11.795    
  8677.000000       1.0000       45.513    
  8678.000000       1.0000       16.118    
  8679.000000       1.0000      2.21990E-02
  8680.000000       1.0000       0.0000    
  8681.000000       1.0000       0.0000    
  8682.000000       1.0000       0.0000    
  8683.000000       1.0000       0.0000    
  8684.000000       1.0000       0.0000    
  8685.000000       1.0000       0.0000    
  8686.000000       1.0000       0.0000    
  8687.000000       1.0000       0.0000    
  8688.000000       1.0000       0.0000    
  8689.000000       1.0000       0.0000    
  8690.000000       1.0000       0.0000    
  8691.000000       1.0000       0.0000    
  8692.000000       1.0000       0.0000    
  8693.000000       1.0000       0.0000    
  8694.000000       1.0000       0.0000    
  8695.000000       1.0000       0.0000    
  8696.000000       1.0000       0.0000    
  8697.000000       1.0000      0.71833    
  8698.000000       1.0000       10.006    
  8699.000000       1.0000       41.124    
  8700.000000       1.0000       46.228    
  8701.000000       1.0000       30.353    
  8702.000000       1.0000       11.273    
  8703.000000       1.0000       5.1948    
  8704.000000       1.0000      0.65193    
  8705.000000       1.0000       0.0000    
  8706.000000       1.0000       0.0000    
  8707.000000       1.0000       0.0000    
  8708.000000       1.0000       0.0000    
  8709.000000       1.0000       0.0000    
  8710.000000       1.0000       0.0000    
  8711.000000       1.0000       0.0000    
  8712.000000       1.0000       0.0000    
  8713.000000       1.0000       0.0000    
  8714.000000       1.0000       0.0000    
  8715.000000       1.0000       0.0000    
  8716.000000       1.0000       0.0000    
  8717.000000       1.0000       0.0000    
  8718.000000       1.0000       0.0000    
  8719.000000       1.0000       0.0000    
  8720.000000       1.0000       0.0000    
  8721.000000       1.0000      0.77198    
  8722.000000       1.0000       10.935    
  8723.000000       1.0000       39.389    
  8724.000000       1.0000       81.366    
  8725.000000       1.0000       59.402    
  8726.000000       1.0000       34.699    
  8727.000000       1.0000       43.696    
  8728.000000       1.0000       9.8513    
  8729.000000       1.0000      0.55743    
  8730.000000       1.0000       0.0000    
  8731.000000       1.0000       0.0000    
  8732.000000       1.0000       0.0000    
  8733.000000       1.0000       0.0000    
  8734.000000       1.0000       0.0000    
  8735.000000       1.0000       0.0000    
  8736.000000       1.0000       0.0000    
