timestamp,system,rise_system,kWp,GTI_measured_Wm2,P_measured_W,P_IDA_W,P_PVsyst_W
2023-05-01 01:00:00,A,3,3.9,0.0,0,0.0,0.0
2023-05-01 01:00:00,B,8,4.8,0.307483584395519,0,0.0,0.0
2023-05-01 01:00:00,C,9,3.3,0.307483584395519,0,0.0,0.0
2023-05-01 02:00:00,A,3,3.9,0.0,0,0.0,0.0
2023-05-01 02:00:00,B,8,4.8,0.36332367709540325,0,0.0,0.0
2023-05-01 02:00:00,C,9,3.3,0.36332367709540325,0,0.0,0.0
2023-05-01 03:00:00,A,3,3.9,0.0,0,0.0,0.0
2023-05-01 03:00:00,B,8,4.8,0.0,0,0.0,0.0
2023-05-01 03:00:00,C,9,3.3,0.0,0,0.0,0.0
2023-05-01 04:00:00,A,3,3.9,3.979918032786883,0,0.0,0.0
2023-05-01 04:00:00,B,8,4.8,0.0,0,0.0,0.0
2023-05-01 04:00:00,C,9,3.3,0.0,0,0.0,0.0
2023-05-01 05:00:00,A,3,3.9,15.94607438016528,0,0.0,0.0
2023-05-01 05:00:00,B,8,4.8,1.2645384318269572,0,0.0,0.0
2023-05-01 05:00:00,C,9,3.3,1.2645384318269572,0,0.0,0.0
2023-05-01 06:00:00,A,3,3.9,28.738319672131123,0,0.0,58.2
2023-05-01 06:00:00,B,8,4.8,14.152881421398183,55,0.0,0.0
2023-05-01 06:00:00,C,9,3.3,14.152881421398183,0,0.0,0.0
2023-05-01 07:00:00,A,3,3.9,58.806967213114795,67,0.0,99.6
2023-05-01 07:00:00,B,8,4.8,27.35389822325217,81,59.25,71.0
2023-05-01 07:00:00,C,9,3.3,27.35389822325217,0,0.0,5.6
2023-05-01 08:00:00,A,3,3.9,158.0495867768595,163,104.83,293.8
2023-05-01 08:00:00,B,8,4.8,56.78543549633057,130,128.32,126.1
2023-05-01 08:00:00,C,9,3.3,56.78543549633057,50,0.0,47.9
2023-05-01 09:00:00,A,3,3.9,148.74607438016528,534,358.26,510.90000000000003
2023-05-01 09:00:00,B,8,4.8,155.36225183468468,552,410.76,369.8
2023-05-01 09:00:00,C,9,3.3,155.36225183468468,320,221.62,229.8
2023-05-01 10:00:00,A,3,3.9,198.72254098360662,498,573.2,560.3000000000001
2023-05-01 10:00:00,B,8,4.8,140.91704712244066,577,626.15,655.5999999999999
2023-05-01 10:00:00,C,9,3.3,140.91704712244066,329,432.89,436.0
2023-05-01 11:00:00,A,3,3.9,171.99876033057853,680,589.64,589.9
2023-05-01 11:00:00,B,8,4.8,188.7204065276164,793,646.77,667.1
2023-05-01 11:00:00,C,9,3.3,188.7204065276164,491,446.06,441.7
2023-05-01 12:00:00,A,3,3.9,409.26074380165267,582,650.23,747.8000000000001
2023-05-01 12:00:00,B,8,4.8,161.63564213982187,684,682.12,694.0
2023-05-01 12:00:00,C,9,3.3,161.63564213982187,412,464.77,460.6
2023-05-01 13:00:00,A,3,3.9,246.35661157024788,1441,905.57,1384.1000000000001
2023-05-01 13:00:00,B,8,4.8,404.36871378910735,1325,902.77,891.1
2023-05-01 13:00:00,C,9,3.3,404.36871378910735,895,640.26,603.5
2023-05-01 14:00:00,A,3,3.9,270.44855371900843,857,1421.4,653.3
2023-05-01 14:00:00,B,8,4.8,241.0534269988408,1451,1470.9,1715.6
2023-05-01 14:00:00,C,9,3.3,241.0534269988408,965,1086.9,1234.6999999999998
2023-05-01 15:00:00,A,3,3.9,162.39194214876036,900,688.51,841.9
2023-05-01 15:00:00,B,8,4.8,252.41861336423278,882,770.29,755.8000000000001
2023-05-01 15:00:00,C,9,3.3,252.41861336423278,552,551.11,506.29999999999995
2023-05-01 16:00:00,A,3,3.9,35.328099173553724,515,1015.6,152.10000000000002
2023-05-01 16:00:00,B,8,4.8,154.86591637697927,1036,1060.0,1186.8000000000002
2023-05-01 16:00:00,C,9,3.3,154.86591637697927,678,695.37,830.8
2023-05-01 17:00:00,A,3,3.9,20.729098360655733,84,156.59,53.900000000000006
2023-05-01 17:00:00,B,8,4.8,31.131636732329024,101,158.62,160.39999999999998
2023-05-01 17:00:00,C,9,3.3,31.131636732329024,5,0.0,75.1
2023-05-01 18:00:00,A,3,3.9,11.280165289256201,2,0.0,34.4
2023-05-01 18:00:00,B,8,4.8,18.69035148706059,93,53.882,61.400000000000006
2023-05-01 18:00:00,C,9,3.3,18.69035148706059,0,0.0,0.0
2023-05-01 19:00:00,A,3,3.9,4.36880165289255,0,0.0,0.0
2023-05-01 19:00:00,B,8,4.8,9.997878524526827,91,0.0,40.599999999999994
2023-05-01 19:00:00,C,9,3.3,9.997878524526827,0,0.0,0.0
2023-05-01 20:00:00,A,3,3.9,0.0,0,0.0,0.0
2023-05-01 20:00:00,B,8,4.8,2.082164928543836,0,0.0,0.0
2023-05-01 20:00:00,C,9,3.3,2.082164928543836,0,0.0,0.0
2023-05-01 21:00:00,A,3,3.9,0.0,0,0.0,0.0
2023-05-01 21:00:00,B,8,4.8,0.05816628041714942,0,0.0,0.0
2023-05-01 21:00:00,C,9,3.3,0.05816628041714942,0,0.0,0.0
2023-05-01 22:00:00,A,3,3.9,0.0,0,0.0,0.0
2023-05-01 22:00:00,B,8,4.8,0.0,0,0.0,0.0
2023-05-01 22:00:00,C,9,3.3,0.0,0,0.0,0.0
2023-05-01 23:00:00,A,3,3.9,0.0,0,0.0,0.0
2023-05-01 23:00:00,B,8,4.8,0.0,0,0.0,0.0
2023-05-01 23:00:00,C,9,3.3,0.0,0,0.0,0.0
2023-05-02 00:00:00,A,3,3.9,0.0,0,0.0,0.0
2023-05-02 00:00:00,B,8,4.8,0.0,0,0.0,0.0
2023-05-02 00:00:00,C,9,3.3,0.0,0,0.0,0.0
2023-05-02 01:00:00,A,3,3.9,0.0,0,0.0,0.0
2023-05-02 01:00:00,B,8,4.8,0.0,0,0.0,0.0
2023-05-02 01:00:00,C,9,3.3,0.0,0,0.0,0.0
2023-05-02 02:00:00,A,3,3.9,0.0,0,0.0,0.0
2023-05-02 02:00:00,B,8,4.8,0.0,0,0.0,0.0
2023-05-02 02:00:00,C,9,3.3,0.0,0,0.0,0.0
2023-05-02 03:00:00,A,3,3.9,3.2518595041322245,0,0.0,0.0
2023-05-02 03:00:00,B,8,4.8,0.0,0,0.0,0.0
2023-05-02 03:00:00,C,9,3.3,0.0,0,0.0,0.0
2023-05-02 04:00:00,A,3,3.9,9.464754098360652,0,0.0,0.0
2023-05-02 04:00:00,B,8,4.8,0.0,0,0.0,0.0
2023-05-02 04:00:00,C,9,3.3,0.0,0,0.0,0.0
2023-05-02 05:00:00,A,3,3.9,28.085040983606547,0,0.0,0.0
2023-05-02 05:00:00,B,8,4.8,6.466498648126674,0,0.0,0.0
2023-05-02 05:00:00,C,9,3.3,6.466498648126674,0,0.0,0.0
2023-05-02 06:00:00,A,3,3.9,154.04610655737707,68,0.0,38.0
2023-05-02 06:00:00,B,8,4.8,29.88747585940513,79,70.474,46.4
2023-05-02 06:00:00,C,9,3.3,29.88747585940513,0,0.0,0.0
2023-05-02 07:00:00,A,3,3.9,380.99690082644605,393,99.109,113.3
2023-05-02 07:00:00,B,8,4.8,159.34150830436428,228,241.87,216.20000000000002
2023-05-02 07:00:00,C,9,3.3,159.34150830436428,130,0.0,116.2
2023-05-02 08:00:00,A,3,3.9,604.6929752066113,871,1020.5,821.6
2023-05-02 08:00:00,B,8,4.8,399.9451651216683,1300,988.78,1212.3999999999999
2023-05-02 08:00:00,C,9,3.3,399.9451651216683,762,630.6,843.3000000000001
2023-05-02 09:00:00,A,3,3.9,809.1448347107433,1410,2041.7,1515.8
2023-05-02 09:00:00,B,8,4.8,623.6548039783695,2420,2211.8,2360.3999999999996
2023-05-02 09:00:00,C,9,3.3,623.6548039783695,1616,1525.9,1735.8
2023-05-02 10:00:00,A,3,3.9,900.4830578512397,2560,2606.5,2113.7999999999997
2023-05-02 10:00:00,B,8,4.8,810.4700869061404,3341,3190.2,3157.7000000000003
2023-05-02 10:00:00,C,9,3.3,810.4700869061404,2246,2155.2,2333.1
2023-05-02 11:00:00,A,3,3.9,1031.2559917355372,2891,3077.2,2826.9
2023-05-02 11:00:00,B,8,4.8,897.096683082269,3770,3580.1,3589.1000000000004
2023-05-02 11:00:00,C,9,3.3,897.096683082269,2647,2519.5,2637.4
2023-05-02 12:00:00,A,3,3.9,1006.8646694214876,3447,3459.8,3103.5
2023-05-02 12:00:00,B,8,4.8,1045.7097874749772,3978,4009.3,3992.1000000000004
2023-05-02 12:00:00,C,9,3.3,1045.7097874749772,2906,3031.7,2955.2999999999997
2023-05-02 13:00:00,A,3,3.9,1014.1611570247933,3346,3524.8,3127.8
2023-05-02 13:00:00,B,8,4.8,969.205544611816,3744,4025.3,3992.1000000000004
2023-05-02 13:00:00,C,9,3.3,969.205544611816,2795,3049.7,2925.8
2023-05-02 14:00:00,A,3,3.9,858.3543388429753,3244,3452.2,3129.3
2023-05-02 14:00:00,B,8,4.8,995.6406556585526,4032,4015.2,3992.1000000000004
2023-05-02 14:00:00,C,9,3.3,995.6406556585526,2986,3051.3,2955.1
2023-05-02 15:00:00,A,3,3.9,621.7865702479342,2741,3205.4,2971.0
2023-05-02 15:00:00,B,8,4.8,855.4201448435683,3818,3436.1,3672.2000000000003
2023-05-02 15:00:00,C,9,3.3,855.4201448435683,2612,2753.9,2684.8999999999996
2023-05-02 16:00:00,A,3,3.9,403.8526859504131,1876,2443.4,2003.0
2023-05-02 16:00:00,B,8,4.8,616.3963962920038,2969,2866.9,2970.4
2023-05-02 16:00:00,C,9,3.3,616.3963962920038,2031,2148.8,2180.7
2023-05-02 17:00:00,A,3,3.9,185.86694214876036,1032,1724.6,1265.9
2023-05-02 17:00:00,B,8,4.8,402.7899797218997,1657,1703.7,1710.7
2023-05-02 17:00:00,C,9,3.3,402.7899797218997,1278,1328.8,1465.1000000000001
2023-05-02 18:00:00,A,3,3.9,50.52933884297522,448,814.86,746.4
2023-05-02 18:00:00,B,8,4.8,180.0394679412896,576,490.27,682.6
2023-05-02 18:00:00,C,9,3.3,180.0394679412896,460,721.89,652.5
2023-05-02 19:00:00,A,3,3.9,12.631198347107444,88,252.81,183.0
2023-05-02 19:00:00,B,8,4.8,32.110688489764335,83,219.11,220.29999999999998
2023-05-02 19:00:00,C,9,3.3,32.110688489764335,28,129.84,120.89999999999999
2023-05-02 20:00:00,A,3,3.9,3.4713114754098386,0,0.0,51.1
2023-05-02 20:00:00,B,8,4.8,8.525955967555017,72,33.574,47.6
2023-05-02 20:00:00,C,9,3.3,8.525955967555017,0,0.0,0.0
2023-05-02 21:00:00,A,3,3.9,0.0,0,0.0,0.0
2023-05-02 21:00:00,B,8,4.8,0.0,0,0.0,0.0
2023-05-02 21:00:00,C,9,3.3,0.0,0,0.0,0.0
2023-05-02 22:00:00,A,3,3.9,0.0,0,0.0,0.0
2023-05-02 22:00:00,B,8,4.8,0.0,0,0.0,0.0
2023-05-02 22:00:00,C,9,3.3,0.0,0,0.0,0.0
2023-05-02 23:00:00,A,3,3.9,0.0,0,0.0,0.0
2023-05-02 23:00:00,B,8,4.8,0.0,0,0.0,0.0
2023-05-02 23:00:00,C,9,3.3,0.0,0,0.0,0.0
2023-05-03 00:00:00,A,3,3.9,0.0,0,0.0,0.0
2023-05-03 00:00:00,B,8,4.8,0.0,0,0.0,0.0
2023-05-03 00:00:00,C,9,3.3,0.0,0,0.0,0.0
2023-05-03 01:00:00,A,3,3.9,0.0,0,0.0,0.0
2023-05-03 01:00:00,B,8,4.8,0.0,0,0.0,0.0
2023-05-03 01:00:00,C,9,3.3,0.0,0,0.0,0.0
2023-05-03 02:00:00,A,3,3.9,0.0,0,0.0,0.0
2023-05-03 02:00:00,B,8,4.8,0.0,0,0.0,0.0
2023-05-03 02:00:00,C,9,3.3,0.0,0,0.0,0.0
2023-05-03 03:00:00,A,3,3.9,3.2528688524590086,0,0.0,0.0
2023-05-03 03:00:00,B,8,4.8,0.2586114329857085,0,0.0,0.0
2023-05-03 03:00:00,C,9,3.3,0.2586114329857085,0,0.0,0.0
2023-05-03 04:00:00,A,3,3.9,8.639139344262293,0,0.0,0.0
2023-05-03 04:00:00,B,8,4.8,0.7166734260332169,0,0.0,0.0
2023-05-03 04:00:00,C,9,3.3,0.7166734260332169,0,0.0,0.0
2023-05-03 05:00:00,A,3,3.9,43.10826446280994,0,0.0,0.0
2023-05-03 05:00:00,B,8,4.8,7.56981073773656,0,0.0,0.0
2023-05-03 05:00:00,C,9,3.3,7.56981073773656,0,0.0,0.0
2023-05-03 06:00:00,A,3,3.9,114.290368852459,106,0.0,33.7
2023-05-03 06:00:00,B,8,4.8,41.597832174584724,94,46.388,55.4
2023-05-03 06:00:00,C,9,3.3,41.597832174584724,3,0.0,0.0
2023-05-03 07:00:00,A,3,3.9,345.9673553719009,367,142.78,147.2
2023-05-03 07:00:00,B,8,4.8,116.7155832367707,321,182.76,206.3
2023-05-03 07:00:00,C,9,3.3,116.7155832367707,180,87.861,109.3
2023-05-03 08:00:00,A,3,3.9,596.179752066116,900,669.51,539.9000000000001
2023-05-03 08:00:00,B,8,4.8,366.5224256469675,1145,810.12,894.5
2023-05-03 08:00:00,C,9,3.3,366.5224256469675,690,496.21,610.9
2023-05-03 09:00:00,A,3,3.9,549.1663223140495,1338,1713.4,1528.6
2023-05-03 09:00:00,B,8,4.8,617.9970587099261,2347,2140.3,2291.2
2023-05-03 09:00:00,C,9,3.3,617.9970587099261,1550,1454.8,1685.2
2023-05-03 10:00:00,A,3,3.9,734.2777083333334,1622,2263.3,1937.1000000000001
2023-05-03 10:00:00,B,8,4.8,569.6598039783693,2792,2650.8,2751.1
2023-05-03 10:00:00,C,9,3.3,569.6598039783693,1841,1851.0,2033.5
2023-05-03 11:00:00,A,3,3.9,776.9543388429756,2314,2439.5,2253.2000000000003
2023-05-03 11:00:00,B,8,4.8,756.6447006566211,2849,2892.4,2971.9
2023-05-03 11:00:00,C,9,3.3,756.6447006566211,2107,2028.0,2187.6000000000004
2023-05-03 12:00:00,A,3,3.9,719.0863636363636,2491,2848.9,2737.4
2023-05-03 12:00:00,B,8,4.8,784.2486085361118,2447,3215.7,3405.4
2023-05-03 12:00:00,C,9,3.3,784.2486085361118,1773,2333.4,2495.8999999999996
2023-05-03 13:00:00,A,3,3.9,594.3218749999997,2356,2524.2,2465.9
2023-05-03 13:00:00,B,8,4.8,731.834865778291,2849,2853.2,3087.6
2023-05-03 13:00:00,C,9,3.3,731.834865778291,2135,2059.3,2264.6000000000004
2023-05-03 14:00:00,A,3,3.9,348.46528925619856,1929,2309.2,2246.6
2023-05-03 14:00:00,B,8,4.8,619.0512746234051,2653,2407.9,2735.0
2023-05-03 14:00:00,C,9,3.3,619.0512746234051,1959,1799.2,2000.3999999999999
2023-05-03 15:00:00,A,3,3.9,243.47293388429745,1097,1973.8,2070.8
2023-05-03 15:00:00,B,8,4.8,338.8717651602928,1627,2072.9,2451.2999999999997
2023-05-03 15:00:00,C,9,3.3,338.8717651602928,1097,1493.6,1799.7
2023-05-03 16:00:00,A,3,3.9,160.57024793388427,756,827.8,722.9
2023-05-03 16:00:00,B,8,4.8,245.93519312475829,1038,894.99,996.6
2023-05-03 16:00:00,C,9,3.3,245.93519312475829,653,599.14,708.6
2023-05-03 17:00:00,A,3,3.9,240.1688016528925,460,467.83,423.4
2023-05-03 17:00:00,B,8,4.8,146.75888277327113,389,445.83,475.1
2023-05-03 17:00:00,C,9,3.3,146.75888277327113,240,346.44,324.5
2023-05-03 18:00:00,A,3,3.9,54.18615702479342,638,865.54,745.4
2023-05-03 18:00:00,B,8,4.8,227.15316724604037,768,485.48,624.0
2023-05-03 18:00:00,C,9,3.3,227.15316724604037,556,622.84,620.9
2023-05-03 19:00:00,A,3,3.9,13.601652892561988,102,131.53,134.6
2023-05-03 19:00:00,B,8,4.8,35.53398995751252,115,237.52,204.5
2023-05-03 19:00:00,C,9,3.3,35.53398995751252,39,129.23,109.10000000000001
2023-05-03 20:00:00,A,3,3.9,3.5128099173553746,0,0.0,50.5
2023-05-03 20:00:00,B,8,4.8,8.690432599459227,85,45.161,53.1
2023-05-03 20:00:00,C,9,3.3,8.690432599459227,0,0.0,0.0
2023-05-03 21:00:00,A,3,3.9,0.0,0,0.0,0.0
2023-05-03 21:00:00,B,8,4.8,0.0,0,0.0,0.0
2023-05-03 21:00:00,C,9,3.3,0.0,0,0.0,0.0
2023-05-03 22:00:00,A,3,3.9,0.0,0,0.0,0.0
2023-05-03 22:00:00,B,8,4.8,0.0,0,0.0,0.0
2023-05-03 22:00:00,C,9,3.3,0.0,0,0.0,0.0
2023-05-03 23:00:00,A,3,3.9,0.0,0,0.0,0.0
2023-05-03 23:00:00,B,8,4.8,0.0,0,0.0,0.0
2023-05-03 23:00:00,C,9,3.3,0.0,0,0.0,0.0
2023-05-04 00:00:00,A,3,3.9,0.0,0,0.0,0.0
2023-05-04 00:00:00,B,8,4.8,0.0,0,0.0,0.0
2023-05-04 00:00:00,C,9,3.3,0.0,0,0.0,0.0
2023-05-04 01:00:00,A,3,3.9,0.0,0,0.0,0.0
2023-05-04 01:00:00,B,8,4.8,0.0,0,0.0,0.0
2023-05-04 01:00:00,C,9,3.3,0.0,0,0.0,0.0
2023-05-04 02:00:00,A,3,3.9,0.0,0,0.0,0.0
2023-05-04 02:00:00,B,8,4.8,0.0,0,0.0,0.0
2023-05-04 02:00:00,C,9,3.3,0.0,0,0.0,0.0
2023-05-04 03:00:00,A,3,3.9,3.327459016393436,0,0.0,0.0
2023-05-04 03:00:00,B,8,4.8,0.0,0,0.0,0.0
2023-05-04 03:00:00,C,9,3.3,0.0,0,0.0,0.0
2023-05-04 04:00:00,A,3,3.9,15.59077868852459,0,0.0,0.0
2023-05-04 04:00:00,B,8,4.8,0.0,0,0.0,0.0
2023-05-04 04:00:00,C,9,3.3,0.0,0,0.0,0.0
2023-05-04 05:00:00,A,3,3.9,55.19876033057851,16,0.0,0.0
2023-05-04 05:00:00,B,8,4.8,12.080796639629172,21,0.0,0.0
2023-05-04 05:00:00,C,9,3.3,12.080796639629172,0,0.0,0.0
2023-05-04 06:00:00,A,3,3.9,139.1772540983607,158,0.0,0.0
2023-05-04 06:00:00,B,8,4.8,54.29440614136726,129,0.0,0.0
2023-05-04 06:00:00,C,9,3.3,54.29440614136726,51,0.0,0.0
2023-05-04 07:00:00,A,3,3.9,341.8237603305784,436,154.93,141.1
2023-05-04 07:00:00,B,8,4.8,143.9334569331785,327,188.96,210.0
2023-05-04 07:00:00,C,9,3.3,143.9334569331785,166,0.0,111.8
2023-05-04 08:00:00,A,3,3.9,530.9973140495869,988,823.6,704.0999999999999
2023-05-04 08:00:00,B,8,4.8,345.97301467748133,1185,1001.3,1122.8
2023-05-04 08:00:00,C,9,3.3,345.97301467748133,708,601.03,777.0
2023-05-04 09:00:00,A,3,3.9,759.9611570247932,1526,1548.9,1333.5
2023-05-04 09:00:00,B,8,4.8,538.4810573580527,2040,1782.5,1918.0
2023-05-04 09:00:00,C,9,3.3,538.4810573580527,1349,1179.9,1399.8
2023-05-04 10:00:00,A,3,3.9,840.5772916666667,2367,2453.6,2057.5
2023-05-04 10:00:00,B,8,4.8,770.0355146774814,3171,2828.5,2923.2999999999997
2023-05-04 10:00:00,C,9,3.3,770.0355146774814,2134,1962.2,2154.7999999999997
2023-05-04 11:00:00,A,3,3.9,1052.5504132231404,2698,2858.4,2646.6
2023-05-04 11:00:00,B,8,4.8,844.2852877558885,3127,3138.3,3199.8
2023-05-04 11:00:00,C,9,3.3,844.2852877558885,2121,2260.6,2347.9
2023-05-04 12:00:00,A,3,3.9,977.4447916666662,3363,3353.4,3200.1
2023-05-04 12:00:00,B,8,4.8,1047.991246620312,4025,3802.5,3932.5
2023-05-04 12:00:00,C,9,3.3,1047.991246620312,2883,2854.7,2860.2
2023-05-04 13:00:00,A,3,3.9,940.4849173553713,3164,3395.1,3194.6
2023-05-04 13:00:00,B,8,4.8,973.2012891077597,3776,3833.8,3923.2999999999997
2023-05-04 13:00:00,C,9,3.3,973.2012891077597,2690,2909.6,2851.7000000000003
2023-05-04 14:00:00,A,3,3.9,680.031611570248,3003,3329.3,3206.9
2023-05-04 14:00:00,B,8,4.8,931.784911162607,3922,3760.6,3952.2
2023-05-04 14:00:00,C,9,3.3,931.784911162607,2739,2944.0,2866.8
2023-05-04 15:00:00,A,3,3.9,381.3260330578513,1842,2939.3,2925.7
2023-05-04 15:00:00,B,8,4.8,682.425589996137,3166,3381.1,3540.2
2023-05-04 15:00:00,C,9,3.3,682.425589996137,2088,2402.8,2587.9
2023-05-04 16:00:00,A,3,3.9,350.5696120689653,1174,1684.4,1401.1
2023-05-04 16:00:00,B,8,4.8,381.00010042487395,1815,1854.7,1985.7
2023-05-04 16:00:00,C,9,3.3,381.00010042487395,1201,1296.6,1455.2
2023-05-04 17:00:00,A,3,3.9,164.91282608695656,925,1196.6,916.0
2023-05-04 17:00:00,B,8,4.8,337.361896485129,1255,1172.4,1234.1
2023-05-04 17:00:00,C,9,3.3,337.361896485129,899,872.13,992.5
2023-05-04 18:00:00,A,3,3.9,64.79651639344266,421,774.31,678.3000000000001
2023-05-04 18:00:00,B,8,4.8,158.3395818848972,494,498.35,627.7
2023-05-04 18:00:00,C,9,3.3,158.3395818848972,354,538.21,574.2
2023-05-04 19:00:00,A,3,3.9,15.284033613445375,146,172.08,154.0
2023-05-04 19:00:00,B,8,4.8,50.679742178447206,166,265.53,246.10000000000002
2023-05-04 19:00:00,C,9,3.3,50.679742178447206,94,157.98,140.2
2023-05-04 20:00:00,A,3,3.9,3.591239316239319,6,0.0,13.700000000000001
2023-05-04 20:00:00,B,8,4.8,10.773432792583991,81,0.0,36.7
2023-05-04 20:00:00,C,9,3.3,10.773432792583991,0,0.0,0.0
2023-05-04 21:00:00,A,3,3.9,0.0,0,0.0,0.0
2023-05-04 21:00:00,B,8,4.8,0.0,0,0.0,0.0
2023-05-04 21:00:00,C,9,3.3,0.0,0,0.0,0.0
2023-05-04 22:00:00,A,3,3.9,0.0,0,0.0,0.0
2023-05-04 22:00:00,B,8,4.8,0.0,0,0.0,0.0
2023-05-04 22:00:00,C,9,3.3,0.0,0,0.0,0.0
2023-05-04 23:00:00,A,3,3.9,0.0,0,0.0,0.0
2023-05-04 23:00:00,B,8,4.8,0.0,0,0.0,0.0
2023-05-04 23:00:00,C,9,3.3,0.0,0,0.0,0.0
2023-05-05 00:00:00,A,3,3.9,0.0,0,0.0,0.0
2023-05-05 00:00:00,B,8,4.8,0.0,0,0.0,0.0
2023-05-05 00:00:00,C,9,3.3,0.0,0,0.0,0.0
2023-05-05 01:00:00,A,3,3.9,0.0,0,0.0,0.0
2023-05-05 01:00:00,B,8,4.8,0.0,0,0.0,0.0
2023-05-05 01:00:00,C,9,3.3,0.0,0,0.0,0.0
2023-05-05 02:00:00,A,3,3.9,0.0,0,0.0,0.0
2023-05-05 02:00:00,B,8,4.8,0.0,0,0.0,0.0
2023-05-05 02:00:00,C,9,3.3,0.0,0,0.0,0.0
2023-05-05 03:00:00,A,3,3.9,3.400624999999995,0,0.0,0.0
2023-05-05 03:00:00,B,8,4.8,0.0,0,0.0,0.0
2023-05-05 03:00:00,C,9,3.3,0.0,0,0.0,0.0
2023-05-05 04:00:00,A,3,3.9,10.939008620689654,0,0.0,0.0
2023-05-05 04:00:00,B,8,4.8,0.0,0,0.0,0.0
2023-05-05 04:00:00,C,9,3.3,0.0,0,0.0,0.0
2023-05-05 05:00:00,A,3,3.9,28.561885245901628,0,0.0,0.0
2023-05-05 05:00:00,B,8,4.8,8.289410003862475,6,0.0,0.0
2023-05-05 05:00:00,C,9,3.3,8.289410003862475,0,0.0,0.0
2023-05-05 06:00:00,A,3,3.9,144.5323770491803,78,0.0,41.2
2023-05-05 06:00:00,B,8,4.8,29.90586037079948,77,64.042,53.199999999999996
2023-05-05 06:00:00,C,9,3.3,29.90586037079948,0,0.0,0.0
2023-05-05 07:00:00,A,3,3.9,383.4348739495798,439,119.28,119.6
2023-05-05 07:00:00,B,8,4.8,176.26025106218574,257,177.63,237.1
2023-05-05 07:00:00,C,9,3.3,176.26025106218574,137,83.453,131.8
2023-05-05 08:00:00,A,3,3.9,611.2527310924369,894,947.5,779.8000000000001
2023-05-05 08:00:00,B,8,4.8,408.58087388953203,1316,1153.6,1347.0
2023-05-05 08:00:00,C,9,3.3,408.58087388953203,771,721.11,943.3000000000001
2023-05-05 09:00:00,A,3,3.9,806.4779166666667,1413,2035.0,1389.8999999999999
2023-05-05 09:00:00,B,8,4.8,637.5544814600227,2426,2497.8,2339.4
2023-05-05 09:00:00,C,9,3.3,637.5544814600227,1601,1599.5,1719.2
2023-05-05 10:00:00,A,3,3.9,949.6300420168064,2219,2714.1,2147.6000000000004
2023-05-05 10:00:00,B,8,4.8,822.8206604866741,3353,3166.0,3153.2
2023-05-05 10:00:00,C,9,3.3,822.8206604866741,2277,2207.6,2328.2
2023-05-05 11:00:00,A,3,3.9,1031.6389583333348,3089,3188.4,2939.7000000000003
2023-05-05 11:00:00,B,8,4.8,967.0955919273837,3906,3754.2,3720.2000000000003
2023-05-05 11:00:00,C,9,3.3,967.0955919273837,2656,2771.0,2725.8
2023-05-05 12:00:00,A,3,3.9,1038.7351239669415,3404,3457.5,3149.7000000000003
2023-05-05 12:00:00,B,8,4.8,1043.0457908458818,4088,4034.9,3992.1000000000004
2023-05-05 12:00:00,C,9,3.3,1043.0457908458818,2893,3039.3,2951.2
2023-05-05 13:00:00,A,3,3.9,970.5184873949577,3458,3545.0,3182.4
2023-05-05 13:00:00,B,8,4.8,1042.4619862881375,4083,4076.7,3992.1000000000004
2023-05-05 13:00:00,C,9,3.3,1042.4619862881375,2881,3140.1,3003.2999999999997
2023-05-05 14:00:00,A,3,3.9,834.0833333333335,3128,3431.6,3161.5
2023-05-05 14:00:00,B,8,4.8,968.5820625724208,4038,3826.9,3990.0
2023-05-05 14:00:00,C,9,3.3,968.5820625724208,2778,2994.9,2900.9
2023-05-05 15:00:00,A,3,3.9,644.2591880341882,2628,2902.8,2943.2
2023-05-05 15:00:00,B,8,4.8,830.6450820780217,3723,3330.7,3598.7
2023-05-05 15:00:00,C,9,3.3,830.6450820780217,2471,2638.6,2635.4
2023-05-05 16:00:00,A,3,3.9,414.68458333333325,1861,2299.0,2050.0
2023-05-05 16:00:00,B,8,4.8,637.5771514098102,2946,2613.1,2954.6
2023-05-05 16:00:00,C,9,3.3,637.5771514098102,1995,2072.5,2169.7000000000003
2023-05-05 17:00:00,A,3,3.9,194.25170940170943,1041,1707.5,1312.2
2023-05-05 17:00:00,B,8,4.8,412.97197566627995,1678,1771.9,1778.3
2023-05-05 17:00:00,C,9,3.3,412.97197566627995,1270,1324.6,1509.5
2023-05-05 18:00:00,A,3,3.9,55.819008264462795,478,858.39,775.9000000000001
2023-05-05 18:00:00,B,8,4.8,185.32739281575863,590,592.93,709.2
2023-05-05 18:00:00,C,9,3.3,185.32739281575863,463,577.75,674.9000000000001
2023-05-05 19:00:00,A,3,3.9,15.1198347107438,110,236.56,184.70000000000002
2023-05-05 19:00:00,B,8,4.8,36.32465140981069,100,260.18,244.0
2023-05-05 19:00:00,C,9,3.3,36.32465140981069,33,160.42,138.6
2023-05-05 20:00:00,A,3,3.9,3.680785123966947,3,0.0,57.4
2023-05-05 20:00:00,B,8,4.8,10.969759559675527,85,59.843,62.0
2023-05-05 20:00:00,C,9,3.3,10.969759559675527,0,0.0,0.0
2023-05-05 21:00:00,A,3,3.9,0.0,0,0.0,0.0
2023-05-05 21:00:00,B,8,4.8,0.0,0,0.0,0.0
2023-05-05 21:00:00,C,9,3.3,0.0,0,0.0,0.0
2023-05-05 22:00:00,A,3,3.9,0.0,0,0.0,0.0
2023-05-05 22:00:00,B,8,4.8,0.0,0,0.0,0.0
2023-05-05 22:00:00,C,9,3.3,0.0,0,0.0,0.0
2023-05-05 23:00:00,A,3,3.9,0.0,0,0.0,0.0
2023-05-05 23:00:00,B,8,4.8,0.0,0,0.0,0.0
2023-05-05 23:00:00,C,9,3.3,0.0,0,0.0,0.0
2023-05-06 00:00:00,A,3,3.9,0.0,0,0.0,0.0
2023-05-06 00:00:00,B,8,4.8,0.0,0,0.0,0.0
2023-05-06 00:00:00,C,9,3.3,0.0,0,0.0,0.0
2023-05-06 01:00:00,A,3,3.9,0.0,0,0.0,0.0
2023-05-06 01:00:00,B,8,4.8,0.0,0,0.0,0.0
2023-05-06 01:00:00,C,9,3.3,0.0,0,0.0,0.0
2023-05-06 02:00:00,A,3,3.9,0.0,0,0.0,0.0
2023-05-06 02:00:00,B,8,4.8,0.0,0,0.0,0.0
2023-05-06 02:00:00,C,9,3.3,0.0,0,0.0,0.0
2023-05-06 03:00:00,A,3,3.9,3.5165254237288095,0,0.0,0.0
2023-05-06 03:00:00,B,8,4.8,0.0,0,0.0,0.0
2023-05-06 03:00:00,C,9,3.3,0.0,0,0.0,0.0
2023-05-06 04:00:00,A,3,3.9,12.992584745762715,0,0.0,0.0
2023-05-06 04:00:00,B,8,4.8,0.0,0,0.0,0.0
2023-05-06 04:00:00,C,9,3.3,0.0,0,0.0,0.0
2023-05-06 05:00:00,A,3,3.9,32.630296610169495,0,0.0,0.0
2023-05-06 05:00:00,B,8,4.8,9.553914638856678,11,0.0,0.0
2023-05-06 05:00:00,C,9,3.3,9.553914638856678,0,0.0,0.0
2023-05-06 06:00:00,A,3,3.9,151.6830578512397,92,0.0,52.699999999999996
2023-05-06 06:00:00,B,8,4.8,32.65282734646577,79,53.267,64.69999999999999
2023-05-06 06:00:00,C,9,3.3,32.65282734646577,0,0.0,0.6
2023-05-06 07:00:00,A,3,3.9,390.8627118644066,462,146.2,134.1
2023-05-06 07:00:00,B,8,4.8,181.7809463113167,263,181.15,245.10000000000002
2023-05-06 07:00:00,C,9,3.3,181.7809463113167,129,92.672,137.7
2023-05-06 08:00:00,A,3,3.9,614.3935950413224,1114,930.09,813.1
2023-05-06 08:00:00,B,8,4.8,414.2135341830818,1340,1218.7,1364.2
2023-05-06 08:00:00,C,9,3.3,414.2135341830818,791,720.57,956.3000000000001
2023-05-06 09:00:00,A,3,3.9,806.6524999999999,1922,1855.4,1424.1999999999998
2023-05-06 09:00:00,B,8,4.8,640.8667448821933,2445,2344.0,2367.4
2023-05-06 09:00:00,C,9,3.3,640.8667448821933,1645,1578.5,1741.1000000000001
2023-05-06 10:00:00,A,3,3.9,951.1006355932204,2559,2564.8,2185.5
2023-05-06 10:00:00,B,8,4.8,827.9551178061025,3350,3146.5,3166.9
2023-05-06 10:00:00,C,9,3.3,827.9551178061025,2251,2288.6,2340.3
2023-05-06 11:00:00,A,3,3.9,1028.9348739495804,2784,3197.6,2991.7
2023-05-06 11:00:00,B,8,4.8,968.220298377751,3949,3689.4,3721.8
2023-05-06 11:00:00,C,9,3.3,968.220298377751,2663,2798.3,2727.3999999999996
2023-05-06 12:00:00,A,3,3.9,1036.302083333333,3257,3437.6,3214.4
2023-05-06 12:00:00,B,8,4.8,1039.1297711471566,4056,4048.9,3992.1000000000004
2023-05-06 12:00:00,C,9,3.3,1039.1297711471566,2840,3032.6,2941.9
2023-05-06 13:00:00,A,3,3.9,965.4311965811967,3409,3479.5,3238.0
2023-05-06 13:00:00,B,8,4.8,1040.2378543839272,4086,4029.2,3992.1000000000004
2023-05-06 13:00:00,C,9,3.3,1040.2378543839272,2880,3099.3,2982.8
2023-05-06 14:00:00,A,3,3.9,831.9264830508475,3080,3319.8,3210.9
2023-05-06 14:00:00,B,8,4.8,963.2470983005011,4019,3789.6,3960.7000000000003
2023-05-06 14:00:00,C,9,3.3,963.2470983005011,2727,2949.9,2876.7999999999997
2023-05-06 15:00:00,A,3,3.9,636.7179487179485,2572,3005.5,2964.7000000000003
2023-05-06 15:00:00,B,8,4.8,828.5624391657004,3644,3371.0,3561.3
2023-05-06 15:00:00,C,9,3.3,828.5624391657004,2420,2617.8,2604.6
2023-05-06 16:00:00,A,3,3.9,411.03072033898314,1479,2423.4,2052.7000000000003
2023-05-06 16:00:00,B,8,4.8,631.0401052529929,2896,2819.1,2936.5
2023-05-06 16:00:00,C,9,3.3,631.0401052529929,1925,2049.8,2153.6
2023-05-06 17:00:00,A,3,3.9,190.6985537190082,927,1504.9,1312.0
2023-05-06 17:00:00,B,8,4.8,407.49923812282685,1655,1737.7,1775.3000000000002
2023-05-06 17:00:00,C,9,3.3,407.49923812282685,1229,1280.9,1499.3000000000002
2023-05-06 18:00:00,A,3,3.9,55.21970338983052,476,949.47,781.8000000000001
2023-05-06 18:00:00,B,8,4.8,182.46429509463078,587,571.19,729.6
2023-05-06 18:00:00,C,9,3.3,182.46429509463078,450,677.55,695.6999999999999
2023-05-06 19:00:00,A,3,3.9,15.849369747899157,108,226.26,198.2
2023-05-06 19:00:00,B,8,4.8,35.82373020471223,102,263.1,247.29999999999998
2023-05-06 19:00:00,C,9,3.3,35.82373020471223,32,162.88,141.2
2023-05-06 20:00:00,A,3,3.9,3.751033057851245,2,0.0,63.9
2023-05-06 20:00:00,B,8,4.8,11.066104673619122,85,54.541,64.4
2023-05-06 20:00:00,C,9,3.3,11.066104673619122,0,0.0,1.4
2023-05-06 21:00:00,A,3,3.9,0.0,0,0.0,0.0
2023-05-06 21:00:00,B,8,4.8,0.0,0,0.0,0.0
2023-05-06 21:00:00,C,9,3.3,0.0,0,0.0,0.0
2023-05-06 22:00:00,A,3,3.9,0.0,0,0.0,0.0
2023-05-06 22:00:00,B,8,4.8,0.0,0,0.0,0.0
2023-05-06 22:00:00,C,9,3.3,0.0,0,0.0,0.0
2023-05-06 23:00:00,A,3,3.9,0.0,0,0.0,0.0
2023-05-06 23:00:00,B,8,4.8,0.0,0,0.0,0.0
2023-05-06 23:00:00,C,9,3.3,0.0,0,0.0,0.0
2023-05-07 00:00:00,A,3,3.9,0.0,0,0.0,0.0
2023-05-07 00:00:00,B,8,4.8,0.0,0,0.0,0.0
2023-05-07 00:00:00,C,9,3.3,0.0,0,0.0,0.0
2023-05-07 01:00:00,A,3,3.9,0.0,0,0.0,0.0
2023-05-07 01:00:00,B,8,4.8,0.0,0,0.0,0.0
2023-05-07 01:00:00,C,9,3.3,0.0,0,0.0,0.0
2023-05-07 02:00:00,A,3,3.9,0.0,0,0.0,0.0
2023-05-07 02:00:00,B,8,4.8,0.0,0,0.0,0.0
2023-05-07 02:00:00,C,9,3.3,0.0,0,0.0,0.0
2023-05-07 03:00:00,A,3,3.9,3.533264462809913,0,0.0,0.0
2023-05-07 03:00:00,B,8,4.8,0.0,0,0.0,0.0
2023-05-07 03:00:00,C,9,3.3,0.0,0,0.0,0.0
2023-05-07 04:00:00,A,3,3.9,12.20583333333333,0,0.0,0.0
2023-05-07 04:00:00,B,8,4.8,0.0,0,0.0,0.0
2023-05-07 04:00:00,C,9,3.3,0.0,0,0.0,0.0
2023-05-07 05:00:00,A,3,3.9,28.900833333333324,0,0.0,45.3
2023-05-07 05:00:00,B,8,4.8,9.670086906141341,12,0.0,0.0
2023-05-07 05:00:00,C,9,3.3,9.670086906141341,0,0.0,0.0
2023-05-07 06:00:00,A,3,3.9,148.4444672131148,80,0.0,125.4
2023-05-07 06:00:00,B,8,4.8,31.377350328312037,75,49.8,60.5
2023-05-07 06:00:00,C,9,3.3,31.377350328312037,0,0.0,0.0
2023-05-07 07:00:00,A,3,3.9,390.0243697478992,455,125.35,832.0
2023-05-07 07:00:00,B,8,4.8,185.30604094244845,263,173.49,250.8
2023-05-07 07:00:00,C,9,3.3,185.30604094244845,125,0.0,141.3
2023-05-07 08:00:00,A,3,3.9,613.305882352941,901,953.86,1411.2
2023-05-07 08:00:00,B,8,4.8,415.06764774044,1344,1197.7,1378.7
2023-05-07 08:00:00,C,9,3.3,415.06764774044,776,754.87,967.0999999999999
2023-05-07 09:00:00,A,3,3.9,809.871822033899,1396,2086.9,2152.8999999999996
2023-05-07 09:00:00,B,8,4.8,640.6846040942443,2410,2587.5,2364.2
2023-05-07 09:00:00,C,9,3.3,640.6846040942443,1588,1515.8,1737.0
2023-05-07 10:00:00,A,3,3.9,949.3536016949151,1937,2582.9,2948.9
2023-05-07 10:00:00,B,8,4.8,829.8568626882956,3288,3216.2,3125.5
2023-05-07 10:00:00,C,9,3.3,829.8568626882956,2195,2264.7,2304.5
2023-05-07 11:00:00,A,3,3.9,1030.2528925619843,2740,3169.6,3167.1
2023-05-07 11:00:00,B,8,4.8,964.5967400540735,3841,3757.9,3680.7
2023-05-07 11:00:00,C,9,3.3,964.5967400540735,2546,2763.2,2690.2
2023-05-07 12:00:00,A,3,3.9,1034.2148305084736,2968,3395.8,3185.4
2023-05-07 12:00:00,B,8,4.8,1038.2122528003042,4099,3966.6,3980.3
2023-05-07 12:00:00,C,9,3.3,1038.2122528003042,2762,2987.2,2888.7999999999997
2023-05-07 13:00:00,A,3,3.9,963.5064655172412,3350,3478.9,3150.7999999999997
2023-05-07 13:00:00,B,8,4.8,1034.9348764001502,4058,4023.4,3992.1000000000004
2023-05-07 13:00:00,C,9,3.3,1034.9348764001502,2746,3062.8,2931.2999999999997
2023-05-07 14:00:00,A,3,3.9,825.2138655462187,3030,3362.4,2932.9
2023-05-07 14:00:00,B,8,4.8,958.2788856701416,4010,3818.8,3885.1
2023-05-07 14:00:00,C,9,3.3,958.2788856701416,2653,2887.5,2815.5
2023-05-07 15:00:00,A,3,3.9,631.4237288135591,2515,3015.6,2032.5000000000002
2023-05-07 15:00:00,B,8,4.8,820.0724546156812,3553,3367.6,3486.4
2023-05-07 15:00:00,C,9,3.3,820.0724546156812,2338,2489.5,2544.7999999999997
2023-05-07 16:00:00,A,3,3.9,410.17033898305095,1464,2202.9,1308.1000000000001
2023-05-07 16:00:00,B,8,4.8,625.1386046736186,2839,2747.1,2859.1000000000004
2023-05-07 16:00:00,C,9,3.3,625.1386046736186,1873,1975.8,2093.4
2023-05-07 17:00:00,A,3,3.9,188.2435344827587,918,1700.5,765.3
2023-05-07 17:00:00,B,8,4.8,406.0628350714557,1660,1694.1,1732.5
2023-05-07 17:00:00,C,9,3.3,406.0628350714557,1219,1342.4,1450.3
2023-05-07 18:00:00,A,3,3.9,55.16304347826086,467,900.49,219.5
2023-05-07 18:00:00,B,8,4.8,177.31589899575084,569,561.24,701.6
2023-05-07 18:00:00,C,9,3.3,177.31589899575084,433,705.47,640.7
2023-05-07 19:00:00,A,3,3.9,17.79288793103448,115,276.76,67.7
2023-05-07 19:00:00,B,8,4.8,35.962408265739626,113,254.0,236.8
2023-05-07 19:00:00,C,9,3.3,35.962408265739626,32,128.31,133.6
2023-05-07 20:00:00,A,3,3.9,4.002564102564112,2,0.0,0.0
2023-05-07 20:00:00,B,8,4.8,12.360329277713378,88,58.064,63.8
2023-05-07 20:00:00,C,9,3.3,12.360329277713378,0,0.0,1.2
2023-05-07 21:00:00,A,3,3.9,0.0,0,0.0,0.0
2023-05-07 21:00:00,B,8,4.8,0.0,0,0.0,0.0
2023-05-07 21:00:00,C,9,3.3,0.0,0,0.0,0.0
2023-05-07 22:00:00,A,3,3.9,0.0,0,0.0,0.0
2023-05-07 22:00:00,B,8,4.8,0.0,0,0.0,0.0
2023-05-07 22:00:00,C,9,3.3,0.0,0,0.0,0.0
2023-05-07 23:00:00,A,3,3.9,0.0,0,0.0,0.0
2023-05-07 23:00:00,B,8,4.8,0.0,0,0.0,0.0
2023-05-07 23:00:00,C,9,3.3,0.0,0,0.0,0.0
2023-05-08 00:00:00,A,3,3.9,0.0,0,0.0,0.0
2023-05-08 00:00:00,B,8,4.8,0.0,0,0.0,0.0
2023-05-08 00:00:00,C,9,3.3,0.0,0,0.0,0.0
2023-05-08 01:00:00,A,3,3.9,0.0,0,0.0,0.0
2023-05-08 01:00:00,B,8,4.8,0.0,0,0.0,0.0
2023-05-08 01:00:00,C,9,3.3,0.0,0,0.0,0.0
2023-05-08 02:00:00,A,3,3.9,0.0,0,0.0,0.0
2023-05-08 02:00:00,B,8,4.8,0.0,0,0.0,0.0
2023-05-08 02:00:00,C,9,3.3,0.0,0,0.0,0.0
2023-05-08 03:00:00,A,3,3.9,3.52333333333333,0,0.0,0.0
2023-05-08 03:00:00,B,8,4.8,0.0,0,0.0,0.0
2023-05-08 03:00:00,C,9,3.3,0.0,0,0.0,0.0
2023-05-08 04:00:00,A,3,3.9,12.426470588235293,0,0.0,0.0
2023-05-08 04:00:00,B,8,4.8,0.0,0,0.0,0.0
2023-05-08 04:00:00,C,9,3.3,0.0,0,0.0,0.0
2023-05-08 05:00:00,A,3,3.9,28.330327868852475,0,0.0,45.900000000000006
2023-05-08 05:00:00,B,8,4.8,10.273234839706424,20,0.0,0.0
2023-05-08 05:00:00,C,9,3.3,10.273234839706424,0,0.0,0.0
2023-05-08 06:00:00,A,3,3.9,150.644375,83,0.0,125.7
2023-05-08 06:00:00,B,8,4.8,31.24788335264576,85,50.06,61.0
2023-05-08 06:00:00,C,9,3.3,31.24788335264576,0,0.0,0.0
2023-05-08 07:00:00,A,3,3.9,386.6521008403362,466,118.22,833.7
2023-05-08 07:00:00,B,8,4.8,185.9747672846655,269,216.14,256.5
2023-05-08 07:00:00,C,9,3.3,185.9747672846655,134,85.414,145.8
2023-05-08 08:00:00,A,3,3.9,608.0547520661155,957,953.91,1393.8999999999999
2023-05-08 08:00:00,B,8,4.8,409.6574710312856,1311,1146.5,1347.3999999999999
2023-05-08 08:00:00,C,9,3.3,409.6574710312856,766,717.9,943.4
2023-05-08 09:00:00,A,3,3.9,796.9912499999997,1364,1766.9,2417.1
2023-05-08 09:00:00,B,8,4.8,630.578709926612,2380,2314.7,2312.7
2023-05-08 09:00:00,C,9,3.3,630.578709926612,1552,1510.4,1696.7
2023-05-08 10:00:00,A,3,3.9,935.3764583333333,1909,2567.8,2910.2000000000003
2023-05-08 10:00:00,B,8,4.8,812.4453176902275,3172,2995.0,3049.9
2023-05-08 10:00:00,C,9,3.3,812.4453176902275,2128,2226.7,2244.0
2023-05-08 11:00:00,A,3,3.9,1014.0898305084748,2638,3117.4,3149.7000000000003
2023-05-08 11:00:00,B,8,4.8,944.6972344534569,3749,3562.1,3577.4
2023-05-08 11:00:00,C,9,3.3,944.6972344534569,2541,2588.3,2610.9
2023-05-08 12:00:00,A,3,3.9,1023.129449152543,2887,3333.1,3185.2999999999997
2023-05-08 12:00:00,B,8,4.8,1015.9120480880612,4058,3818.0,3852.2
2023-05-08 12:00:00,C,9,3.3,1015.9120480880612,2728,2880.2,2791.3
2023-05-08 13:00:00,A,3,3.9,952.232983193277,3283,3368.9,3138.7999999999997
2023-05-08 13:00:00,B,8,4.8,1016.5288093858592,4055,3864.4,3929.9
2023-05-08 13:00:00,C,9,3.3,1016.5288093858592,2777,2936.5,2837.1
2023-05-08 14:00:00,A,3,3.9,813.1341666666669,3019,3205.8,2830.6
2023-05-08 14:00:00,B,8,4.8,944.500618964851,3995,3692.5,3793.2000000000003
2023-05-08 14:00:00,C,9,3.3,944.500618964851,2647,2800.1,2744.7
2023-05-08 15:00:00,A,3,3.9,629.8334745762712,2472,2886.8,1989.8
2023-05-08 15:00:00,B,8,4.8,805.6034810737734,3475,3272.6,3384.1
2023-05-08 15:00:00,C,9,3.3,805.6034810737734,2312,2444.0,2465.8
2023-05-08 16:00:00,A,3,3.9,405.01512605042075,1774,2382.4,1272.1
2023-05-08 16:00:00,B,8,4.8,619.8494119351097,2844,2474.0,2813.1
2023-05-08 16:00:00,C,9,3.3,619.8494119351097,1896,1856.6,2056.4
2023-05-08 17:00:00,A,3,3.9,182.06525423728806,960,1701.5,739.3
2023-05-08 17:00:00,B,8,4.8,395.60692931633787,1608,1611.5,1694.9
2023-05-08 17:00:00,C,9,3.3,395.60692931633787,1191,1358.9,1406.3000000000002
2023-05-08 18:00:00,A,3,3.9,73.60395833333334,464,896.89,192.6
2023-05-08 18:00:00,B,8,4.8,170.01771436848165,568,539.39,688.5
2023-05-08 18:00:00,C,9,3.3,170.01771436848165,420,622.92,612.7
2023-05-08 19:00:00,A,3,3.9,28.560537190082627,165,243.82,0.0
2023-05-08 19:00:00,B,8,4.8,58.39688682889144,182,250.05,270.4
2023-05-08 19:00:00,C,9,3.3,58.39688682889144,114,137.05,158.0
2023-05-08 20:00:00,A,3,3.9,3.6231404958677738,51,0.0,0.0
2023-05-08 20:00:00,B,8,4.8,22.553405755117765,95,0.0,0.0
2023-05-08 20:00:00,C,9,3.3,22.553405755117765,18,0.0,0.0
2023-05-08 21:00:00,A,3,3.9,0.0,0,0.0,0.0
2023-05-08 21:00:00,B,8,4.8,0.0,14,0.0,0.0
2023-05-08 21:00:00,C,9,3.3,0.0,0,0.0,0.0
2023-05-08 22:00:00,A,3,3.9,0.0,0,0.0,0.0
2023-05-08 22:00:00,B,8,4.8,0.0,0,0.0,0.0
2023-05-08 22:00:00,C,9,3.3,0.0,0,0.0,0.0
2023-05-08 23:00:00,A,3,3.9,0.0,0,0.0,0.0
2023-05-08 23:00:00,B,8,4.8,0.0,0,0.0,0.0
2023-05-08 23:00:00,C,9,3.3,0.0,0,0.0,0.0
2023-05-09 00:00:00,A,3,3.9,0.0,0,0.0,0.0
2023-05-09 00:00:00,B,8,4.8,0.0,0,0.0,0.0
2023-05-09 00:00:00,C,9,3.3,0.0,0,0.0,0.0
2023-05-09 01:00:00,A,3,3.9,0.0,0,0.0,0.0
2023-05-09 01:00:00,B,8,4.8,0.0,0,0.0,0.0
2023-05-09 01:00:00,C,9,3.3,0.0,0,0.0,0.0
2023-05-09 02:00:00,A,3,3.9,0.0,0,0.0,0.0
2023-05-09 02:00:00,B,8,4.8,0.0,0,0.0,0.0
2023-05-09 02:00:00,C,9,3.3,0.0,0,0.0,0.0
2023-05-09 03:00:00,A,3,3.9,3.7530991735537182,0,0.0,0.0
2023-05-09 03:00:00,B,8,4.8,0.0,0,0.0,0.0
2023-05-09 03:00:00,C,9,3.3,0.0,0,0.0,0.0
2023-05-09 04:00:00,A,3,3.9,19.871249999999996,0,0.0,0.0
2023-05-09 04:00:00,B,8,4.8,0.0,0,0.0,0.0
2023-05-09 04:00:00,C,9,3.3,0.0,0,0.0,0.0
2023-05-09 05:00:00,A,3,3.9,51.051680672268915,24,0.0,0.0
2023-05-09 05:00:00,B,8,4.8,16.68865874855153,36,0.0,0.0
2023-05-09 05:00:00,C,9,3.3,16.68865874855153,0,0.0,0.0
2023-05-09 06:00:00,A,3,3.9,153.33822314049596,139,0.0,152.5
2023-05-09 06:00:00,B,8,4.8,50.03317110853606,102,0.0,0.0
2023-05-09 06:00:00,C,9,3.3,50.03317110853606,25,0.0,0.0
2023-05-09 07:00:00,A,3,3.9,329.12478991596635,478,170.88,692.3000000000001
2023-05-09 07:00:00,B,8,4.8,168.0889513325604,347,226.93,246.0
2023-05-09 07:00:00,C,9,3.3,168.0889513325604,192,80.42,138.9
2023-05-09 08:00:00,A,3,3.9,464.71386554621836,923,806.86,1222.5
2023-05-09 08:00:00,B,8,4.8,340.70322614909185,1032,1049.8,1058.8999999999999
2023-05-09 08:00:00,C,9,3.3,340.70322614909185,608,601.13,727.8
2023-05-09 09:00:00,A,3,3.9,684.5989406779656,1264,1582.3,1776.8
2023-05-09 09:00:00,B,8,4.8,473.59637118578553,1976,1854.1,1949.0
2023-05-09 09:00:00,C,9,3.3,473.59637118578553,1303,1224.6,1420.4
2023-05-09 10:00:00,A,3,3.9,939.2203947368414,2030,1768.8,2891.3
2023-05-09 10:00:00,B,8,4.8,689.8347769409033,2496,2267.9,2171.5
2023-05-09 10:00:00,C,9,3.3,689.8347769409033,1671,1601.9,1584.6
2023-05-09 11:00:00,A,3,3.9,1027.0883620689656,2898,2982.0,3164.8
2023-05-09 11:00:00,B,8,4.8,943.0907329084578,3757,3498.6,3506.7
2023-05-09 11:00:00,C,9,3.3,943.0907329084578,2568,2568.9,2559.8999999999996
2023-05-09 12:00:00,A,3,3.9,1012.0963043478258,3300,3299.7,3175.6000000000004
2023-05-09 12:00:00,B,8,4.8,1029.0985979142488,4012,3831.1,3869.9
2023-05-09 12:00:00,C,9,3.3,1029.0985979142488,2792,2911.8,2801.7
2023-05-09 13:00:00,A,3,3.9,931.6927966101701,3323,3332.8,3135.0
2023-05-09 13:00:00,B,8,4.8,1004.2252404403213,4068,3843.4,3906.0
2023-05-09 13:00:00,C,9,3.3,1004.2252404403213,2822,2905.0,2821.2000000000003
2023-05-09 14:00:00,A,3,3.9,793.8486842105265,2958,3123.3,2761.2000000000003
2023-05-09 14:00:00,B,8,4.8,922.5907203553489,3893,3683.1,3772.8
2023-05-09 14:00:00,C,9,3.3,922.5907203553489,2610,2786.7,2729.6
2023-05-09 15:00:00,A,3,3.9,639.7790254237289,2439,2771.1,1997.0
2023-05-09 15:00:00,B,8,4.8,785.1594737350321,3379,3140.5,3277.6
2023-05-09 15:00:00,C,9,3.3,785.1594737350321,2238,2350.9,2389.7
2023-05-09 16:00:00,A,3,3.9,402.0191666666666,1509,2282.3,1288.0
2023-05-09 16:00:00,B,8,4.8,632.1502732715327,2866,2576.2,2828.7
2023-05-09 16:00:00,C,9,3.3,632.1502732715327,1941,1866.7,2065.9
2023-05-09 17:00:00,A,3,3.9,171.33243801652893,929,1680.5,725.8
2023-05-09 17:00:00,B,8,4.8,396.2137939358821,1593,1692.3,1688.3
2023-05-09 17:00:00,C,9,3.3,396.2137939358821,1180,1231.6,1393.7
2023-05-09 18:00:00,A,3,3.9,56.32395833333334,451,764.27,214.9
2023-05-09 18:00:00,B,8,4.8,162.37722383159496,563,536.98,695.5
2023-05-09 18:00:00,C,9,3.3,162.37722383159496,423,604.64,613.4
2023-05-09 19:00:00,A,3,3.9,18.48946280991736,123,258.91,73.6
2023-05-09 19:00:00,B,8,4.8,44.638260911548805,135,276.13,246.7
2023-05-09 19:00:00,C,9,3.3,44.638260911548805,48,151.56,141.1
2023-05-09 20:00:00,A,3,3.9,3.587394957983197,13,0.0,0.0
2023-05-09 20:00:00,B,8,4.8,14.220056006179965,70,76.235,82.8
2023-05-09 20:00:00,C,9,3.3,14.220056006179965,0,0.0,15.7
2023-05-09 21:00:00,A,3,3.9,0.0,0,0.0,0.0
2023-05-09 21:00:00,B,8,4.8,0.0,0,0.0,0.0
2023-05-09 21:00:00,C,9,3.3,0.0,0,0.0,0.0
2023-05-09 22:00:00,A,3,3.9,0.0,0,0.0,0.0
2023-05-09 22:00:00,B,8,4.8,0.0,0,0.0,0.0
2023-05-09 22:00:00,C,9,3.3,0.0,0,0.0,0.0
2023-05-09 23:00:00,A,3,3.9,0.0,0,0.0,0.0
2023-05-09 23:00:00,B,8,4.8,0.0,0,0.0,0.0
2023-05-09 23:00:00,C,9,3.3,0.0,0,0.0,0.0
2023-05-10 00:00:00,A,3,3.9,0.0,0,0.0,0.0
2023-05-10 00:00:00,B,8,4.8,0.0,0,0.0,0.0
2023-05-10 00:00:00,C,9,3.3,0.0,0,0.0,0.0
2023-05-10 01:00:00,A,3,3.9,0.0,0,0.0,0.0
2023-05-10 01:00:00,B,8,4.8,0.0,0,0.0,0.0
2023-05-10 01:00:00,C,9,3.3,0.0,0,0.0,0.0
2023-05-10 02:00:00,A,3,3.9,0.0,0,0.0,0.0
2023-05-10 02:00:00,B,8,4.8,0.0,0,0.0,0.0
2023-05-10 02:00:00,C,9,3.3,0.0,0,0.0,0.0
2023-05-10 03:00:00,A,3,3.9,3.6092436974789885,0,0.0,0.0
2023-05-10 03:00:00,B,8,4.8,0.0,0,0.0,0.0
2023-05-10 03:00:00,C,9,3.3,0.0,0,0.0,0.0
2023-05-10 04:00:00,A,3,3.9,16.85512295081968,5,0.0,0.0
2023-05-10 04:00:00,B,8,4.8,0.0,0,0.0,0.0
2023-05-10 04:00:00,C,9,3.3,0.0,0,0.0,0.0
2023-05-10 05:00:00,A,3,3.9,35.875213675213644,108,0.0,43.3
2023-05-10 05:00:00,B,8,4.8,13.999012166859758,34,0.0,0.0
2023-05-10 05:00:00,C,9,3.3,13.999012166859758,0,0.0,0.0
2023-05-10 06:00:00,A,3,3.9,135.3174369747899,409,0.0,149.10000000000002
2023-05-10 06:00:00,B,8,4.8,36.19791521823093,66,98.619,81.4
2023-05-10 06:00:00,C,9,3.3,36.19791521823093,0,0.0,13.899999999999999
2023-05-10 07:00:00,A,3,3.9,386.9397058823528,916,161.29,721.3000000000001
2023-05-10 07:00:00,B,8,4.8,157.49533603707948,248,276.78,266.5
2023-05-10 07:00:00,C,9,3.3,157.49533603707948,110,127.31,154.70000000000002
2023-05-10 08:00:00,A,3,3.9,580.1018595041323,1338,838.39,1321.3
2023-05-10 08:00:00,B,8,4.8,404.79600907686313,1270,1029.5,1146.1
2023-05-10 08:00:00,C,9,3.3,404.79600907686313,750,630.36,793.8
2023-05-10 09:00:00,A,3,3.9,786.154914529915,2047,1804.6,2270.9
2023-05-10 09:00:00,B,8,4.8,599.2189947856313,2260,2187.2,2210.3
2023-05-10 09:00:00,C,9,3.3,599.2189947856313,1493,1461.2,1618.5
2023-05-10 10:00:00,A,3,3.9,931.5673728813558,2677,2347.0,2765.8999999999996
2023-05-10 10:00:00,B,8,4.8,801.8639436075699,3114,2842.8,2921.8
2023-05-10 10:00:00,C,9,3.3,801.8639436075699,2104,2112.0,2146.6
2023-05-10 11:00:00,A,3,3.9,1010.2012711864415,3166,2953.7,2964.7999999999997
2023-05-10 11:00:00,B,8,4.8,944.0801911935107,3775,3619.1,3511.2999999999997
2023-05-10 11:00:00,C,9,3.3,944.0801911935107,2543,2644.8,2559.2999999999997
2023-05-10 12:00:00,A,3,3.9,1021.9128205128206,3393,3242.1,2980.7999999999997
2023-05-10 12:00:00,B,8,4.8,1013.8056450366892,4041,3816.0,3825.8
2023-05-10 12:00:00,C,9,3.3,1013.8056450366892,2758,2846.9,2768.9
2023-05-10 13:00:00,A,3,3.9,955.2663135593217,3260,3351.5,2942.8
2023-05-10 13:00:00,B,8,4.8,1019.1354239088411,4054,3866.4,3897.4
2023-05-10 13:00:00,C,9,3.3,1019.1354239088411,2747,2947.7,2810.9
2023-05-10 14:00:00,A,3,3.9,821.3193749999999,2826,3240.5,2703.5
2023-05-10 14:00:00,B,8,4.8,950.567762649671,3982,3743.8,3775.2
2023-05-10 14:00:00,C,9,3.3,950.567762649671,2666,2779.3,2727.6
2023-05-10 15:00:00,A,3,3.9,632.311875,2202,2887.0,1898.1
2023-05-10 15:00:00,B,8,4.8,816.7646803785236,3533,3361.9,3415.2
2023-05-10 15:00:00,C,9,3.3,816.7646803785236,2389,2414.5,2484.5
2023-05-10 16:00:00,A,3,3.9,412.37,1405,2399.7,1269.9
2023-05-10 16:00:00,B,8,4.8,628.208203939745,2826,2440.4,2824.7
2023-05-10 16:00:00,C,9,3.3,628.208203939745,1883,1912.3,2062.8
2023-05-10 17:00:00,A,3,3.9,194.9377083333332,546,1593.1,744.0
2023-05-10 17:00:00,B,8,4.8,410.71455388180686,1651,1724.5,1732.1
2023-05-10 17:00:00,C,9,3.3,410.71455388180686,1220,1288.7,1429.7
2023-05-10 18:00:00,A,3,3.9,58.78135593220337,119,925.78,217.20000000000002
2023-05-10 18:00:00,B,8,4.8,187.15819428350673,595,563.74,720.7
2023-05-10 18:00:00,C,9,3.3,187.15819428350673,447,668.71,653.9000000000001
2023-05-10 19:00:00,A,3,3.9,18.668697478991586,9,255.14,68.9
2023-05-10 19:00:00,B,8,4.8,40.34036790266509,119,292.22,252.7
2023-05-10 19:00:00,C,9,3.3,40.34036790266509,36,171.09,145.6
2023-05-10 20:00:00,A,3,3.9,3.9078260869565273,0,0.0,0.0
2023-05-10 20:00:00,B,8,4.8,14.195736770954001,78,47.78,73.1
2023-05-10 20:00:00,C,9,3.3,14.195736770954001,0,0.0,8.4
2023-05-10 21:00:00,A,3,3.9,0.0,0,0.0,0.0
2023-05-10 21:00:00,B,8,4.8,0.0,5,0.0,0.0
2023-05-10 21:00:00,C,9,3.3,0.0,0,0.0,0.0
2023-05-10 22:00:00,A,3,3.9,0.0,0,0.0,0.0
2023-05-10 22:00:00,B,8,4.8,0.0,0,0.0,0.0
2023-05-10 22:00:00,C,9,3.3,0.0,0,0.0,0.0
2023-05-10 23:00:00,A,3,3.9,0.0,0,0.0,0.0
2023-05-10 23:00:00,B,8,4.8,0.0,0,0.0,0.0
2023-05-10 23:00:00,C,9,3.3,0.0,0,0.0,0.0
2023-05-11 00:00:00,A,3,3.9,0.0,0,0.0,0.0
2023-05-11 00:00:00,B,8,4.8,0.0,0,0.0,0.0
2023-05-11 00:00:00,C,9,3.3,0.0,0,0.0,0.0
2023-05-11 01:00:00,A,3,3.9,0.0,0,0.0,0.0
2023-05-11 01:00:00,B,8,4.8,0.0,0,0.0,0.0
2023-05-11 01:00:00,C,9,3.3,0.0,0,0.0,0.0
2023-05-11 02:00:00,A,3,3.9,0.0,0,0.0,0.0
2023-05-11 02:00:00,B,8,4.8,0.0,0,0.0,0.0
2023-05-11 02:00:00,C,9,3.3,0.0,0,0.0,0.0
2023-05-11 03:00:00,A,3,3.9,3.765966386554622,0,0.0,0.0
2023-05-11 03:00:00,B,8,4.8,0.0,0,0.0,0.0
2023-05-11 03:00:00,C,9,3.3,0.0,0,0.0,0.0
2023-05-11 04:00:00,A,3,3.9,15.483333333333336,0,0.0,0.0
2023-05-11 04:00:00,B,8,4.8,0.0,0,0.0,0.0
2023-05-11 04:00:00,C,9,3.3,0.0,0,0.0,0.0
2023-05-11 05:00:00,A,3,3.9,37.138636363636344,2,0.0,0.0
2023-05-11 05:00:00,B,8,4.8,12.950258787176491,21,0.0,0.0
2023-05-11 05:00:00,C,9,3.3,12.950258787176491,0,0.0,0.0
2023-05-11 06:00:00,A,3,3.9,150.22310924369742,116,0.0,61.400000000000006
2023-05-11 06:00:00,B,8,4.8,37.54185013518729,81,76.901,76.5
2023-05-11 06:00:00,C,9,3.3,37.54185013518729,0,0.0,10.3
2023-05-11 07:00:00,A,3,3.9,371.9813025210083,465,180.24,157.29999999999998
2023-05-11 07:00:00,B,8,4.8,175.74441869447622,283,246.01,283.3
2023-05-11 07:00:00,C,9,3.3,175.74441869447622,137,123.85,166.1
2023-05-11 08:00:00,A,3,3.9,586.85656779661,868,976.63,768.5999999999999
2023-05-11 08:00:00,B,8,4.8,389.41317303978315,1230,1108.7,1226.1
2023-05-11 08:00:00,C,9,3.3,389.41317303978315,718,668.41,851.4000000000001
2023-05-11 09:00:00,A,3,3.9,771.2347916666669,1381,1757.6,1323.1999999999998
2023-05-11 09:00:00,B,8,4.8,602.8764947856307,2225,2226.5,2148.2999999999997
2023-05-11 09:00:00,C,9,3.3,602.8764947856307,1457,1390.2,1570.8
2023-05-11 10:00:00,A,3,3.9,912.2218487394953,1816,2347.1,2319.2
2023-05-11 10:00:00,B,8,4.8,781.1317014291228,2988,2991.2,2864.5
2023-05-11 10:00:00,C,9,3.3,781.1317014291228,2015,2048.2,2100.2999999999997
2023-05-11 11:00:00,A,3,3.9,994.2395833333331,2823,2960.0,2814.4
2023-05-11 11:00:00,B,8,4.8,916.6731962147536,3587,3330.0,3371.9
2023-05-11 11:00:00,C,9,3.3,916.6731962147536,2369,2414.5,2453.3999999999996
2023-05-11 12:00:00,A,3,3.9,821.2942796610175,3199,3166.2,3103.2000000000003
2023-05-11 12:00:00,B,8,4.8,1008.4586973735003,3942,3699.0,3707.6
2023-05-11 12:00:00,C,9,3.3,1008.4586973735003,2675,2758.9,2679.2
2023-05-11 13:00:00,A,3,3.9,498.11271551724144,2631,2867.0,3127.0
2023-05-11 13:00:00,B,8,4.8,858.7126651216662,3529,3627.8,3817.6
2023-05-11 13:00:00,C,9,3.3,858.7126651216662,2506,2776.5,2744.3
2023-05-11 14:00:00,A,3,3.9,840.6487288135595,1643,1871.6,2028.5000000000002
2023-05-11 14:00:00,B,8,4.8,498.1747846658927,2143,2394.1,2591.9
2023-05-11 14:00:00,C,9,3.3,498.1747846658927,1422,1722.9,1887.6
2023-05-11 15:00:00,A,3,3.9,531.4951680672268,2781,2308.0,2485.7
2023-05-11 15:00:00,B,8,4.8,807.8356373117023,3156,2716.8,2843.3
2023-05-11 15:00:00,C,9,3.3,807.8356373117023,2106,1984.5,2074.9
2023-05-11 16:00:00,A,3,3.9,365.85153508771907,1765,1978.0,2159.0
2023-05-11 16:00:00,B,8,4.8,529.9628466589415,2370,2519.9,2597.9
2023-05-11 16:00:00,C,9,3.3,529.9628466589415,1575,1771.9,1895.3999999999999
2023-05-11 17:00:00,A,3,3.9,191.2144067796611,1216,1358.8,1461.2
2023-05-11 17:00:00,B,8,4.8,355.30227597527966,1361,1497.4,1520.7
2023-05-11 17:00:00,C,9,3.3,355.30227597527966,983,1107.3,1234.6
2023-05-11 18:00:00,A,3,3.9,41.87933884297518,557,742.86,753.6
2023-05-11 18:00:00,B,8,4.8,176.14757435303176,718,510.13,674.8
2023-05-11 18:00:00,C,9,3.3,176.14757435303176,499,536.1,601.7
2023-05-11 19:00:00,A,3,3.9,15.41465517241379,114,261.12,202.1
2023-05-11 19:00:00,B,8,4.8,34.631530513711816,122,269.02,228.5
2023-05-11 19:00:00,C,9,3.3,34.631530513711816,36,123.1,127.7
2023-05-11 20:00:00,A,3,3.9,3.9552521008403425,0,0.0,63.5
2023-05-11 20:00:00,B,8,4.8,11.055084974893756,70,64.291,62.9
2023-05-11 20:00:00,C,9,3.3,11.055084974893756,0,0.0,0.9
2023-05-11 21:00:00,A,3,3.9,0.0,0,0.0,0.0
2023-05-11 21:00:00,B,8,4.8,0.0,0,0.0,0.0
2023-05-11 21:00:00,C,9,3.3,0.0,0,0.0,0.0
2023-05-11 22:00:00,A,3,3.9,0.0,0,0.0,0.0
2023-05-11 22:00:00,B,8,4.8,0.0,0,0.0,0.0
2023-05-11 22:00:00,C,9,3.3,0.0,0,0.0,0.0
2023-05-11 23:00:00,A,3,3.9,0.0,0,0.0,0.0
2023-05-11 23:00:00,B,8,4.8,0.0,0,0.0,0.0
2023-05-11 23:00:00,C,9,3.3,0.0,0,0.0,0.0
2023-05-12 00:00:00,A,3,3.9,0.0,0,0.0,0.0
2023-05-12 00:00:00,B,8,4.8,0.0,0,0.0,0.0
2023-05-12 00:00:00,C,9,3.3,0.0,0,0.0,0.0
2023-05-12 01:00:00,A,3,3.9,0.0,0,0.0,0.0
2023-05-12 01:00:00,B,8,4.8,0.0,0,0.0,0.0
2023-05-12 01:00:00,C,9,3.3,0.0,0,0.0,0.0
2023-05-12 02:00:00,A,3,3.9,0.0,0,0.0,0.0
2023-05-12 02:00:00,B,8,4.8,0.0,0,0.0,0.0
2023-05-12 02:00:00,C,9,3.3,0.0,0,0.0,0.0
2023-05-12 03:00:00,A,3,3.9,0.0,0,0.0,0.0
2023-05-12 03:00:00,B,8,4.8,0.0,0,0.0,0.0
2023-05-12 03:00:00,C,9,3.3,0.0,0,0.0,0.0
2023-05-12 04:00:00,A,3,3.9,3.75061475409836,0,0.0,0.0
2023-05-12 04:00:00,B,8,4.8,0.0,0,0.0,0.0
2023-05-12 04:00:00,C,9,3.3,0.0,0,0.0,0.0
2023-05-12 05:00:00,A,3,3.9,14.80924369747899,0,0.0,0.0
2023-05-12 05:00:00,B,8,4.8,12.882963499420592,24,0.0,0.0
2023-05-12 05:00:00,C,9,3.3,12.882963499420592,0,0.0,0.0
2023-05-12 06:00:00,A,3,3.9,32.809166666666655,96,0.0,53.8
2023-05-12 06:00:00,B,8,4.8,35.40664638856696,81,66.298,73.1
2023-05-12 06:00:00,C,9,3.3,35.40664638856696,0,0.0,7.5
2023-05-12 07:00:00,A,3,3.9,151.15020661157024,461,232.59,144.1
2023-05-12 07:00:00,B,8,4.8,180.08845983004977,278,228.39,276.1
2023-05-12 07:00:00,C,9,3.3,180.08845983004977,127,111.89,160.89999999999998
2023-05-12 08:00:00,A,3,3.9,376.6514705882354,857,868.97,659.4
2023-05-12 08:00:00,B,8,4.8,396.5259743144067,1243,1114.5,1275.3000000000002
2023-05-12 08:00:00,C,9,3.3,396.5259743144067,723,675.47,888.3
2023-05-12 09:00:00,A,3,3.9,603.3648305084747,1375,1348.2,1378.5
2023-05-12 09:00:00,B,8,4.8,623.2642603321741,2296,2094.7,2210.1000000000004
2023-05-12 09:00:00,C,9,3.3,623.2642603321741,1487,1573.3,1617.6
2023-05-12 10:00:00,A,3,3.9,789.0864583333337,1834,2044.6,2335.9
2023-05-12 10:00:00,B,8,4.8,802.5983391270757,3085,3065.3,2947.2999999999997
2023-05-12 10:00:00,C,9,3.3,802.5983391270757,1974,2072.7,2159.4
2023-05-12 11:00:00,A,3,3.9,919.5801282051286,2376,2473.2,2744.3
2023-05-12 11:00:00,B,8,4.8,926.2116463885667,3617,3408.5,3425.9
2023-05-12 11:00:00,C,9,3.3,926.2116463885667,2403,2448.8,2490.3
2023-05-12 12:00:00,A,3,3.9,991.7853813559321,3134,2842.7,2968.2
2023-05-12 12:00:00,B,8,4.8,989.5250888373871,3740,3689.9,3691.0
2023-05-12 12:00:00,C,9,3.3,989.5250888373871,2207,2813.1,2667.4
2023-05-12 13:00:00,A,3,3.9,1001.5057203389823,3238,3102.7,2990.6000000000004
2023-05-12 13:00:00,B,8,4.8,992.2737697952856,3911,3702.2,3774.2
2023-05-12 13:00:00,C,9,3.3,992.2737697952856,2303,2806.9,2717.9
2023-05-12 14:00:00,A,3,3.9,935.6106250000007,3081,2983.9,2939.7000000000003
2023-05-12 14:00:00,B,8,4.8,922.9528331402082,3587,3556.0,3630.3
2023-05-12 14:00:00,C,9,3.3,922.9528331402082,2275,2650.4,2619.4
2023-05-12 15:00:00,A,3,3.9,798.0797727272729,2616,2706.8,2676.8
2023-05-12 15:00:00,B,8,4.8,785.4373261877164,3284,3164.6,3289.8
2023-05-12 15:00:00,C,9,3.3,785.4373261877164,2101,2346.5,2390.8999999999996
2023-05-12 16:00:00,A,3,3.9,607.6903846153841,2068,2186.7,2187.2
2023-05-12 16:00:00,B,8,4.8,597.6849507531862,2554,2531.9,2670.0
2023-05-12 16:00:00,C,9,3.3,597.6849507531862,1644,1828.6,1946.0
2023-05-12 17:00:00,A,3,3.9,400.94936440677975,1311,1249.2,1520.3
2023-05-12 17:00:00,B,8,4.8,394.45597045191147,1569,1565.4,1657.7
2023-05-12 17:00:00,C,9,3.3,394.45597045191147,1092,1214.0,1345.3999999999999
2023-05-12 18:00:00,A,3,3.9,192.20969827586214,500,792.44,741.0
2023-05-12 18:00:00,B,8,4.8,181.1001873310153,590,577.32,717.6
2023-05-12 18:00:00,C,9,3.3,181.1001873310153,404,581.0,630.5
2023-05-12 19:00:00,A,3,3.9,59.63836206896553,130,320.65,231.4
2023-05-12 19:00:00,B,8,4.8,42.218165314793296,134,301.97,257.40000000000003
2023-05-12 19:00:00,C,9,3.3,42.218165314793296,44,151.82,149.29999999999998
2023-05-12 20:00:00,A,3,3.9,20.770512820512813,17,0.0,76.30000000000001
2023-05-12 20:00:00,B,8,4.8,15.412932599459221,66,66.644,77.60000000000001
2023-05-12 20:00:00,C,9,3.3,15.412932599459221,0,0.0,12.200000000000001
2023-05-12 21:00:00,A,3,3.9,4.443220338983053,0,0.0,5.3
2023-05-12 21:00:00,B,8,4.8,0.0,16,0.0,0.0
2023-05-12 21:00:00,C,9,3.3,0.0,0,0.0,0.0
2023-05-12 22:00:00,A,3,3.9,0.0,0,0.0,0.0
2023-05-12 22:00:00,B,8,4.8,0.0,0,0.0,0.0
2023-05-12 22:00:00,C,9,3.3,0.0,0,0.0,0.0
2023-05-12 23:00:00,A,3,3.9,0.0,0,0.0,0.0
2023-05-12 23:00:00,B,8,4.8,0.0,0,0.0,0.0
2023-05-12 23:00:00,C,9,3.3,0.0,0,0.0,0.0
2023-05-13 00:00:00,A,3,3.9,0.0,0,0.0,0.0
2023-05-13 00:00:00,B,8,4.8,0.0,0,0.0,0.0
2023-05-13 00:00:00,C,9,3.3,0.0,0,0.0,0.0
2023-05-13 01:00:00,A,3,3.9,0.0,0,0.0,0.0
2023-05-13 01:00:00,B,8,4.8,0.0,0,0.0,0.0
2023-05-13 01:00:00,C,9,3.3,0.0,0,0.0,0.0
2023-05-13 02:00:00,A,3,3.9,0.0,0,0.0,0.0
2023-05-13 02:00:00,B,8,4.8,0.0,0,0.0,0.0
2023-05-13 02:00:00,C,9,3.3,0.0,0,0.0,0.0
2023-05-13 03:00:00,A,3,3.9,0.0,0,0.0,0.0
2023-05-13 03:00:00,B,8,4.8,0.0,0,0.0,0.0
2023-05-13 03:00:00,C,9,3.3,0.0,0,0.0,0.0
2023-05-13 04:00:00,A,3,3.9,3.968697478991597,0,0.0,0.0
2023-05-13 04:00:00,B,8,4.8,0.0,0,0.0,0.0
2023-05-13 04:00:00,C,9,3.3,0.0,0,0.0,0.0
2023-05-13 05:00:00,A,3,3.9,15.675819672131148,2,0.0,0.0
2023-05-13 05:00:00,B,8,4.8,13.808695442255667,28,0.0,0.0
2023-05-13 05:00:00,C,9,3.3,13.808695442255667,0,0.0,0.0
2023-05-13 06:00:00,A,3,3.9,33.42563025210083,102,0.0,55.599999999999994
2023-05-13 06:00:00,B,8,4.8,35.9963006952491,76,71.176,76.5
2023-05-13 06:00:00,C,9,3.3,35.9963006952491,0,0.0,10.1
2023-05-13 07:00:00,A,3,3.9,147.77775423728806,466,220.78,149.4
2023-05-13 07:00:00,B,8,4.8,177.18854480494352,282,264.17,278.6
2023-05-13 07:00:00,C,9,3.3,177.18854480494352,128,112.38,162.6
2023-05-13 08:00:00,A,3,3.9,375.13429752066116,821,873.69,654.8000000000001
2023-05-13 08:00:00,B,8,4.8,391.0297025878713,1233,1102.3,1226.3
2023-05-13 08:00:00,C,9,3.3,391.0297025878713,714,681.42,852.0
2023-05-13 09:00:00,A,3,3.9,588.0635775862067,1231,1306.8,1358.8
2023-05-13 09:00:00,B,8,4.8,602.7620007724986,2219,2110.9,2160.6
2023-05-13 09:00:00,C,9,3.3,602.7620007724986,1467,1432.9,1580.4
2023-05-13 10:00:00,A,3,3.9,769.7304621848741,1751,1979.4,2260.0
2023-05-13 10:00:00,B,8,4.8,779.1168356508301,3006,2791.6,2872.1
2023-05-13 10:00:00,C,9,3.3,779.1168356508301,2003,2043.3,2106.3999999999996
2023-05-13 11:00:00,A,3,3.9,909.1633620689657,2701,2438.6,2714.7999999999997
2023-05-13 11:00:00,B,8,4.8,912.2549739281568,3566,3301.8,3362.2999999999997
2023-05-13 11:00:00,C,9,3.3,912.2549739281568,2354,2388.7,2447.6
2023-05-13 12:00:00,A,3,3.9,1013.1864583333329,3098,2967.1,2966.9
2023-05-13 12:00:00,B,8,4.8,1007.069367516412,3903,3631.7,3693.1
2023-05-13 12:00:00,C,9,3.3,1007.069367516412,2590,2783.3,2668.5
2023-05-13 13:00:00,A,3,3.9,977.2191176470591,3005,3138.2,3016.0
2023-05-13 13:00:00,B,8,4.8,916.7659105832324,3737,3714.9,3864.3
2023-05-13 13:00:00,C,9,3.3,916.7659105832324,2498,2821.3,2775.4
2023-05-13 14:00:00,A,3,3.9,907.711875,2698,2818.9,2937.5
2023-05-13 14:00:00,B,8,4.8,891.4588248358411,3494,3235.9,3572.6
2023-05-13 14:00:00,C,9,3.3,891.4588248358411,2417,2442.2,2580.7000000000003
2023-05-13 15:00:00,A,3,3.9,376.6926724137928,1194,1777.5,2118.6
2023-05-13 15:00:00,B,8,4.8,367.83500675936597,2171,1973.8,2553.0
2023-05-13 15:00:00,C,9,3.3,367.83500675936597,1391,1409.4,1863.3
2023-05-13 16:00:00,A,3,3.9,137.49237288135592,463,672.84,676.3000000000001
2023-05-13 16:00:00,B,8,4.8,124.35592893008841,523,714.48,726.0
2023-05-13 16:00:00,C,9,3.3,124.35592893008841,276,466.7,492.4
2023-05-13 17:00:00,A,3,3.9,240.418487394958,766,620.32,537.9000000000001
2023-05-13 17:00:00,B,8,4.8,228.22547025878677,688,564.4,555.0
2023-05-13 17:00:00,C,9,3.3,228.22547025878677,414,418.72,370.90000000000003
2023-05-13 18:00:00,A,3,3.9,173.2071120689655,481,837.15,735.1
2023-05-13 18:00:00,B,8,4.8,159.07684241019663,737,568.05,697.5
2023-05-13 18:00:00,C,9,3.3,159.07684241019663,507,640.44,599.4000000000001
2023-05-13 19:00:00,A,3,3.9,42.239495798319325,103,198.88,157.0
2023-05-13 19:00:00,B,8,4.8,35.171592313634555,121,179.92,181.5
2023-05-13 19:00:00,C,9,3.3,35.171592313634555,20,72.999,92.5
2023-05-13 20:00:00,A,3,3.9,19.981779661016947,19,0.0,80.9
2023-05-13 20:00:00,B,8,4.8,15.25446601004246,68,91.495,85.2
2023-05-13 20:00:00,C,9,3.3,15.25446601004246,0,0.0,17.8
2023-05-13 21:00:00,A,3,3.9,4.204914529914535,0,0.0,0.0
2023-05-13 21:00:00,B,8,4.8,0.0,5,0.0,0.0
2023-05-13 21:00:00,C,9,3.3,0.0,0,0.0,0.0
2023-05-13 22:00:00,A,3,3.9,0.0,0,0.0,0.0
2023-05-13 22:00:00,B,8,4.8,0.0,0,0.0,0.0
2023-05-13 22:00:00,C,9,3.3,0.0,0,0.0,0.0
2023-05-13 23:00:00,A,3,3.9,0.0,0,0.0,0.0
2023-05-13 23:00:00,B,8,4.8,0.0,0,0.0,0.0
2023-05-13 23:00:00,C,9,3.3,0.0,0,0.0,0.0
2023-05-14 00:00:00,A,3,3.9,0.0,0,0.0,0.0
2023-05-14 00:00:00,B,8,4.8,0.0,0,0.0,0.0
2023-05-14 00:00:00,C,9,3.3,0.0,0,0.0,0.0
2023-05-14 01:00:00,A,3,3.9,0.0,0,0.0,0.0
2023-05-14 01:00:00,B,8,4.8,0.0,0,0.0,0.0
2023-05-14 01:00:00,C,9,3.3,0.0,0,0.0,0.0
2023-05-14 02:00:00,A,3,3.9,0.0,0,0.0,0.0
2023-05-14 02:00:00,B,8,4.8,0.0,0,0.0,0.0
2023-05-14 02:00:00,C,9,3.3,0.0,0,0.0,0.0
2023-05-14 03:00:00,A,3,3.9,0.0,0,0.0,0.0
2023-05-14 03:00:00,B,8,4.8,0.0,0,0.0,0.0
2023-05-14 03:00:00,C,9,3.3,0.0,0,0.0,0.0
2023-05-14 04:00:00,A,3,3.9,4.022457627118645,0,0.0,0.0
2023-05-14 04:00:00,B,8,4.8,0.0,0,0.0,0.0
2023-05-14 04:00:00,C,9,3.3,0.0,0,0.0,0.0
2023-05-14 05:00:00,A,3,3.9,19.065756302521017,0,0.0,0.0
2023-05-14 05:00:00,B,8,4.8,17.426243723445307,43,0.0,0.0
2023-05-14 05:00:00,C,9,3.3,17.426243723445307,0,0.0,0.0
2023-05-14 06:00:00,A,3,3.9,41.36979166666666,109,0.0,44.699999999999996
2023-05-14 06:00:00,B,8,4.8,39.734499806875206,106,51.015,59.9
2023-05-14 06:00:00,C,9,3.3,39.734499806875206,2,0.0,0.0
2023-05-14 07:00:00,A,3,3.9,115.7890495867769,369,266.29,184.4
2023-05-14 07:00:00,B,8,4.8,114.8048628814211,299,254.63,229.1
2023-05-14 07:00:00,C,9,3.3,114.8048628814211,143,105.67,127.3
2023-05-14 08:00:00,A,3,3.9,246.2720588235294,688,449.57,405.4
2023-05-14 08:00:00,B,8,4.8,239.05115102356086,648,563.02,508.4
2023-05-14 08:00:00,C,9,3.3,239.05115102356086,409,325.58,330.1
2023-05-14 09:00:00,A,3,3.9,347.14046610169487,1016,1046.7,1081.7
2023-05-14 09:00:00,B,8,4.8,339.6705262649665,1573,1598.6,1673.1000000000001
2023-05-14 09:00:00,C,9,3.3,339.6705262649665,1027,1056.3,1212.1
2023-05-14 10:00:00,A,3,3.9,646.6084745762716,1860,1465.4,1748.6999999999998
2023-05-14 10:00:00,B,8,4.8,643.1861548860559,2151,1923.0,2087.2000000000003
2023-05-14 10:00:00,C,9,3.3,643.1861548860559,1474,1316.2,1530.0
2023-05-14 11:00:00,A,3,3.9,324.8908898305084,991,1381.6,1594.5
2023-05-14 11:00:00,B,8,4.8,308.46777616840416,1422,1852.0,1954.0
2023-05-14 11:00:00,C,9,3.3,308.46777616840416,927,1273.1,1424.0
2023-05-14 12:00:00,A,3,3.9,474.8131355932201,1310,1504.0,1731.6000000000001
2023-05-14 12:00:00,B,8,4.8,480.965918308226,2233,1940.4,2125.6
2023-05-14 12:00:00,C,9,3.3,480.965918308226,1570,1369.8,1552.5
2023-05-14 13:00:00,A,3,3.9,414.8533333333335,1398,855.15,886.8000000000001
2023-05-14 13:00:00,B,8,4.8,417.1140981073765,1324,984.28,1030.8
2023-05-14 13:00:00,C,9,3.3,417.1140981073765,916,682.82,713.3000000000001
2023-05-14 14:00:00,A,3,3.9,202.35427350427346,658,1279.9,1442.7
2023-05-14 14:00:00,B,8,4.8,190.8065874855152,1209,1540.3,1748.2
2023-05-14 14:00:00,C,9,3.3,190.8065874855152,812,1105.2,1283.5
2023-05-14 15:00:00,A,3,3.9,147.6766528925621,493,520.62,475.6
2023-05-14 15:00:00,B,8,4.8,134.20212244109672,501,565.34,540.1
2023-05-14 15:00:00,C,9,3.3,134.20212244109672,296,348.9,353.3
2023-05-14 16:00:00,A,3,3.9,281.02672413793107,960,488.49,439.8
2023-05-14 16:00:00,B,8,4.8,256.23102356122007,657,532.25,486.0
2023-05-14 16:00:00,C,9,3.3,256.23102356122007,404,309.7,312.8
2023-05-14 17:00:00,A,3,3.9,246.01470588235313,715,1033.5,1073.3
2023-05-14 17:00:00,B,8,4.8,240.76565952105028,1368,1098.8,1209.5
2023-05-14 17:00:00,C,9,3.3,240.76565952105028,930,827.23,932.0
2023-05-14 18:00:00,A,3,3.9,107.87541322314048,306,508.75,444.2
2023-05-14 18:00:00,B,8,4.8,97.60718520664325,390,478.56,472.3
2023-05-14 18:00:00,C,9,3.3,97.60718520664325,219,357.65,335.4
2023-05-14 19:00:00,A,3,3.9,70.01991525423728,172,224.04,153.5
2023-05-14 19:00:00,B,8,4.8,55.58022016222472,207,313.64,267.7
2023-05-14 19:00:00,C,9,3.3,55.58022016222472,107,162.92,156.29999999999998
2023-05-14 20:00:00,A,3,3.9,26.526923076923072,50,0.0,7.7
2023-05-14 20:00:00,B,8,4.8,20.85058613364229,78,112.08,106.6
2023-05-14 20:00:00,C,9,3.3,20.85058613364229,0,0.0,34.1
2023-05-14 21:00:00,A,3,3.9,5.232644628099173,0,0.0,0.0
2023-05-14 21:00:00,B,8,4.8,0.0,18,0.0,0.0
2023-05-14 21:00:00,C,9,3.3,0.0,0,0.0,0.0
2023-05-14 22:00:00,A,3,3.9,0.0,0,0.0,0.0
2023-05-14 22:00:00,B,8,4.8,0.0,0,0.0,0.0
2023-05-14 22:00:00,C,9,3.3,0.0,0,0.0,0.0
2023-05-14 23:00:00,A,3,3.9,0.0,0,0.0,0.0
2023-05-14 23:00:00,B,8,4.8,0.0,0,0.0,0.0
2023-05-14 23:00:00,C,9,3.3,0.0,0,0.0,0.0
2023-05-15 00:00:00,A,3,3.9,0.0,0,0.0,0.0
2023-05-15 00:00:00,B,8,4.8,0.0,0,0.0,0.0
2023-05-15 00:00:00,C,9,3.3,0.0,0,0.0,0.0
2023-05-15 01:00:00,A,3,3.9,0.0,0,0.0,0.0
2023-05-15 01:00:00,B,8,4.8,0.0,0,0.0,0.0
2023-05-15 01:00:00,C,9,3.3,0.0,0,0.0,0.0
2023-05-15 02:00:00,A,3,3.9,0.0,0,0.0,0.0
2023-05-15 02:00:00,B,8,4.8,0.0,0,0.0,0.0
2023-05-15 02:00:00,C,9,3.3,0.0,0,0.0,0.0
2023-05-15 03:00:00,A,3,3.9,0.0,0,0.0,0.0
2023-05-15 03:00:00,B,8,4.8,0.0,0,0.0,0.0
2023-05-15 03:00:00,C,9,3.3,0.0,0,0.0,0.0
2023-05-15 04:00:00,A,3,3.9,3.9586065573770486,0,0.0,0.0
2023-05-15 04:00:00,B,8,4.8,0.18599169563538084,0,0.0,0.0
2023-05-15 04:00:00,C,9,3.3,0.18599169563538084,0,0.0,0.0
2023-05-15 05:00:00,A,3,3.9,17.02210743801653,5,0.0,0.0
2023-05-15 05:00:00,B,8,4.8,15.400789880262616,34,0.0,0.0
2023-05-15 05:00:00,C,9,3.3,15.400789880262616,0,0.0,0.0
2023-05-15 06:00:00,A,3,3.9,41.791249999999984,127,91.505,66.60000000000001
2023-05-15 06:00:00,B,8,4.8,43.17478176902274,93,85.006,87.5
2023-05-15 06:00:00,C,9,3.3,43.17478176902274,2,0.0,18.5
2023-05-15 07:00:00,A,3,3.9,146.9802521008403,449,251.66,205.2
2023-05-15 07:00:00,B,8,4.8,166.0539822325218,322,240.11,323.40000000000003
2023-05-15 07:00:00,C,9,3.3,166.0539822325218,187,106.16,192.89999999999998
2023-05-15 08:00:00,A,3,3.9,147.89390756302518,278,609.99,512.4
2023-05-15 08:00:00,B,8,4.8,146.348454036307,663,718.13,822.6
2023-05-15 08:00:00,C,9,3.3,146.348454036307,368,435.8,561.4
2023-05-15 09:00:00,A,3,3.9,119.01386554621851,374,392.71,366.0
2023-05-15 09:00:00,B,8,4.8,107.8342303978366,389,420.72,412.4
2023-05-15 09:00:00,C,9,3.3,107.8342303978366,217,250.03,260.2
2023-05-15 10:00:00,A,3,3.9,167.34088983050853,547,485.79,445.6
2023-05-15 10:00:00,B,8,4.8,153.5740054074928,582,556.86,484.70000000000005
2023-05-15 10:00:00,C,9,3.3,153.5740054074928,328,329.06,311.8
2023-05-15 11:00:00,A,3,3.9,540.8808823529411,1622,762.26,671.5
2023-05-15 11:00:00,B,8,4.8,512.669405175742,1423,821.56,737.0
2023-05-15 11:00:00,C,9,3.3,512.669405175742,976,564.38,490.70000000000005
2023-05-15 12:00:00,A,3,3.9,1001.6625000000001,3079,2668.2,2965.5
2023-05-15 12:00:00,B,8,4.8,977.5205561993023,3691,3404.4,3512.6
2023-05-15 12:00:00,C,9,3.3,977.5205561993023,2535,2512.1,2562.3
2023-05-15 13:00:00,A,3,3.9,943.332905982907,3032,2924.4,3120.8999999999996
2023-05-15 13:00:00,B,8,4.8,926.3881218617203,3668,3749.2,3835.7000000000003
2023-05-15 13:00:00,C,9,3.3,926.3881218617203,2504,2845.3,2770.3
2023-05-15 14:00:00,A,3,3.9,237.96974789915967,774,2015.3,2302.2
2023-05-15 14:00:00,B,8,4.8,225.89844688744526,1773,2312.4,2630.5
2023-05-15 14:00:00,C,9,3.3,225.89844688744526,1185,1651.3,1919.3
2023-05-15 15:00:00,A,3,3.9,63.31458333333333,153,197.86,200.4
2023-05-15 15:00:00,B,8,4.8,51.716721707222746,107,217.15,215.7
2023-05-15 15:00:00,C,9,3.3,51.716721707222746,36,109.54,119.2
2023-05-15 16:00:00,A,3,3.9,128.57954545454555,419,414.34,401.7
2023-05-15 16:00:00,B,8,4.8,118.65990826573943,490,441.21,432.8
2023-05-15 16:00:00,C,9,3.3,118.65990826573943,287,263.81,275.1
2023-05-15 17:00:00,A,3,3.9,68.40147058823526,193,304.83,293.4
2023-05-15 17:00:00,B,8,4.8,57.86740343762055,299,281.72,305.4
2023-05-15 17:00:00,C,9,3.3,57.86740343762055,156,147.55,183.5
2023-05-15 18:00:00,A,3,3.9,32.632051282051286,42,83.782,76.2
2023-05-15 18:00:00,B,8,4.8,27.756162611046683,82,75.176,72.9
2023-05-15 18:00:00,C,9,3.3,27.756162611046683,0,0.0,7.9
2023-05-15 19:00:00,A,3,3.9,50.04462809917358,134,126.04,132.5
2023-05-15 19:00:00,B,8,4.8,46.38634125144839,145,139.9,148.9
2023-05-15 19:00:00,C,9,3.3,46.38634125144839,55,0.0,66.60000000000001
2023-05-15 20:00:00,A,3,3.9,30.705462184873944,53,0.0,22.5
2023-05-15 20:00:00,B,8,4.8,27.88061799922745,105,46.098,51.5
2023-05-15 20:00:00,C,9,3.3,27.88061799922745,20,0.0,0.0
2023-05-15 21:00:00,A,3,3.9,4.1899572649572665,0,0.0,0.0
2023-05-15 21:00:00,B,8,4.8,0.7602211278485881,1,0.0,0.0
2023-05-15 21:00:00,C,9,3.3,0.7602211278485881,0,0.0,0.0
2023-05-15 22:00:00,A,3,3.9,0.0,0,0.0,0.0
2023-05-15 22:00:00,B,8,4.8,0.0,0,0.0,0.0
2023-05-15 22:00:00,C,9,3.3,0.0,0,0.0,0.0
2023-05-15 23:00:00,A,3,3.9,0.0,0,0.0,0.0
2023-05-15 23:00:00,B,8,4.8,0.0,0,0.0,0.0
2023-05-15 23:00:00,C,9,3.3,0.0,0,0.0,0.0
2023-05-16 00:00:00,A,3,3.9,0.0,0,0.0,0.0
2023-05-16 00:00:00,B,8,4.8,0.0,0,0.0,0.0
2023-05-16 00:00:00,C,9,3.3,0.0,0,0.0,0.0
2023-05-16 01:00:00,A,3,3.9,0.0,0,0.0,0.0
2023-05-16 01:00:00,B,8,4.8,0.0,0,0.0,0.0
2023-05-16 01:00:00,C,9,3.3,0.0,0,0.0,0.0
2023-05-16 02:00:00,A,3,3.9,0.0,0,0.0,0.0
2023-05-16 02:00:00,B,8,4.8,0.0,0,0.0,0.0
2023-05-16 02:00:00,C,9,3.3,0.0,0,0.0,0.0
2023-05-16 03:00:00,A,3,3.9,0.0,0,0.0,0.0
2023-05-16 03:00:00,B,8,4.8,0.0,0,0.0,0.0
2023-05-16 03:00:00,C,9,3.3,0.0,0,0.0,0.0
2023-05-16 04:00:00,A,3,3.9,3.7297520661157,0,0.0,0.0
2023-05-16 04:00:00,B,8,4.8,0.921090189262262,0,0.0,0.0
2023-05-16 04:00:00,C,9,3.3,0.921090189262262,0,0.0,0.0
2023-05-16 05:00:00,A,3,3.9,11.129098360655739,0,0.0,0.0
2023-05-16 05:00:00,B,8,4.8,10.761261104673595,6,0.0,0.0
2023-05-16 05:00:00,C,9,3.3,10.761261104673595,0,0.0,0.0
2023-05-16 06:00:00,A,3,3.9,32.0706611570248,73,0.0,34.7
2023-05-16 06:00:00,B,8,4.8,32.230819814600196,79,52.571,47.6
2023-05-16 06:00:00,C,9,3.3,32.230819814600196,0,0.0,0.0
2023-05-16 07:00:00,A,3,3.9,102.62479338842977,323,196.72,169.1
2023-05-16 07:00:00,B,8,4.8,101.72837968327522,256,223.45,214.29999999999998
2023-05-16 07:00:00,C,9,3.3,101.72837968327522,123,119.53,116.3
2023-05-16 08:00:00,A,3,3.9,169.58450413223144,581,502.91,419.59999999999997
2023-05-16 08:00:00,B,8,4.8,167.07303398995697,579,614.86,522.2
2023-05-16 08:00:00,C,9,3.3,167.07303398995697,322,390.58,337.1
2023-05-16 09:00:00,A,3,3.9,216.45206611570256,707,771.42,671.6999999999999
2023-05-16 09:00:00,B,8,4.8,210.42802529934286,869,979.83,892.1
2023-05-16 09:00:00,C,9,3.3,210.42802529934286,532,580.57,610.3
2023-05-16 10:00:00,A,3,3.9,486.57293388429736,1351,1061.4,1262.7
2023-05-16 10:00:00,B,8,4.8,488.11603225183427,1846,1505.0,1616.0
2023-05-16 10:00:00,C,9,3.3,488.11603225183427,1239,1020.6,1174.9
2023-05-16 11:00:00,A,3,3.9,360.0666666666666,1229,1141.4,1384.3000000000002
2023-05-16 11:00:00,B,8,4.8,347.034116454229,1488,1451.2,1554.0
2023-05-16 11:00:00,C,9,3.3,347.034116454229,997,1023.5,1099.6999999999998
2023-05-16 12:00:00,A,3,3.9,345.4086776859504,1160,1014.1,1143.3999999999999
2023-05-16 12:00:00,B,8,4.8,350.70895326380776,1610,1219.4,1337.3999999999999
2023-05-16 12:00:00,C,9,3.3,350.70895326380776,1101,855.09,934.5
2023-05-16 13:00:00,A,3,3.9,144.73729166666666,454,781.02,998.9
2023-05-16 13:00:00,B,8,4.8,129.9310650830433,630,995.82,1218.3999999999999
2023-05-16 13:00:00,C,9,3.3,129.9310650830433,365,672.97,871.4
2023-05-16 14:00:00,A,3,3.9,59.21342975206608,148,282.44,261.0
2023-05-16 14:00:00,B,8,4.8,49.96467168791037,235,277.22,273.7
2023-05-16 14:00:00,C,9,3.3,49.96467168791037,95,136.1,161.0
2023-05-16 15:00:00,A,3,3.9,67.80619834710747,170,229.24,195.89999999999998
2023-05-16 15:00:00,B,8,4.8,59.765665314793324,205,245.4,211.5
2023-05-16 15:00:00,C,9,3.3,59.765665314793324,105,110.42,114.5
2023-05-16 16:00:00,A,3,3.9,188.98285123966932,594,346.32,302.70000000000005
2023-05-16 16:00:00,B,8,4.8,172.8905465430665,509,405.81,327.7
2023-05-16 16:00:00,C,9,3.3,172.8905465430665,322,240.54,199.5
2023-05-16 17:00:00,A,3,3.9,133.93491735537185,428,696.22,673.9000000000001
2023-05-16 17:00:00,B,8,4.8,126.39556199304725,682,709.8,729.8
2023-05-16 17:00:00,C,9,3.3,126.39556199304725,419,474.59,499.40000000000003
2023-05-16 18:00:00,A,3,3.9,55.546074380165315,159,233.48,214.79999999999998
2023-05-16 18:00:00,B,8,4.8,48.79081402085745,197,207.75,243.2
2023-05-16 18:00:00,C,9,3.3,48.79081402085745,83,101.14,138.4
2023-05-16 19:00:00,A,3,3.9,37.7064049586777,81,117.93,131.6
2023-05-16 19:00:00,B,8,4.8,33.56014774044028,109,119.98,144.3
2023-05-16 19:00:00,C,9,3.3,33.56014774044028,17,0.0,63.0
2023-05-16 20:00:00,A,3,3.9,13.262809917355384,0,0.0,45.699999999999996
2023-05-16 20:00:00,B,8,4.8,11.245118771726512,71,0.0,51.2
2023-05-16 20:00:00,C,9,3.3,11.245118771726512,0,0.0,0.0
2023-05-16 21:00:00,A,3,3.9,3.8669421487603324,0,0.0,0.0
2023-05-16 21:00:00,B,8,4.8,1.109921784472767,0,0.0,0.0
2023-05-16 21:00:00,C,9,3.3,1.109921784472767,0,0.0,0.0
2023-05-16 22:00:00,A,3,3.9,0.0,0,0.0,0.0
2023-05-16 22:00:00,B,8,4.8,0.0,0,0.0,0.0
2023-05-16 22:00:00,C,9,3.3,0.0,0,0.0,0.0
2023-05-16 23:00:00,A,3,3.9,0.0,0,0.0,0.0
2023-05-16 23:00:00,B,8,4.8,0.0,0,0.0,0.0
2023-05-16 23:00:00,C,9,3.3,0.0,0,0.0,0.0
2023-05-17 00:00:00,A,3,3.9,0.0,0,0.0,0.0
2023-05-17 00:00:00,B,8,4.8,0.0,0,0.0,0.0
2023-05-17 00:00:00,C,9,3.3,0.0,0,0.0,0.0
2023-05-17 01:00:00,A,3,3.9,0.0,0,0.0,0.0
2023-05-17 01:00:00,B,8,4.8,0.0,0,0.0,0.0
2023-05-17 01:00:00,C,9,3.3,0.0,0,0.0,0.0
2023-05-17 02:00:00,A,3,3.9,0.0,0,0.0,0.0
2023-05-17 02:00:00,B,8,4.8,0.0,0,0.0,0.0
2023-05-17 02:00:00,C,9,3.3,0.0,0,0.0,0.0
2023-05-17 03:00:00,A,3,3.9,0.0,0,0.0,0.0
2023-05-17 03:00:00,B,8,4.8,0.0,0,0.0,0.0
2023-05-17 03:00:00,C,9,3.3,0.0,0,0.0,0.0
2023-05-17 04:00:00,A,3,3.9,3.9146694214876043,0,0.0,0.0
2023-05-17 04:00:00,B,8,4.8,0.21967265353418222,0,0.0,0.0
2023-05-17 04:00:00,C,9,3.3,0.21967265353418222,0,0.0,0.0
2023-05-17 05:00:00,A,3,3.9,23.924590163934425,29,0.0,0.0
2023-05-17 05:00:00,B,8,4.8,20.870775395905714,50,0.0,0.0
2023-05-17 05:00:00,C,9,3.3,20.870775395905714,0,0.0,0.0
2023-05-17 06:00:00,A,3,3.9,46.748966942148726,136,0.0,68.9
2023-05-17 06:00:00,B,8,4.8,45.68645519505592,105,82.277,91.6
2023-05-17 06:00:00,C,9,3.3,45.68645519505592,17,0.0,21.7
2023-05-17 07:00:00,A,3,3.9,60.49297520661155,184,125.47,85.0
2023-05-17 07:00:00,B,8,4.8,56.81203650057929,158,117.32,107.80000000000001
2023-05-17 07:00:00,C,9,3.3,56.81203650057929,56,0.0,34.2
2023-05-17 08:00:00,A,3,3.9,136.70020491803285,455,442.41,323.29999999999995
2023-05-17 08:00:00,B,8,4.8,128.19039107763575,442,449.99,386.1
2023-05-17 08:00:00,C,9,3.3,128.19039107763575,248,257.89,240.7
2023-05-17 09:00:00,A,3,3.9,191.70266393442625,682,641.61,567.6
2023-05-17 09:00:00,B,8,4.8,183.31468810351447,787,662.07,726.4000000000001
2023-05-17 09:00:00,C,9,3.3,183.31468810351447,489,465.49,490.20000000000005
2023-05-17 10:00:00,A,3,3.9,218.8287190082643,784,706.09,662.2
2023-05-17 10:00:00,B,8,4.8,204.3545876786401,909,748.73,792.6999999999999
2023-05-17 10:00:00,C,9,3.3,204.3545876786401,582,538.92,532.5999999999999
2023-05-17 11:00:00,A,3,3.9,209.6303278688523,744,714.97,659.2
2023-05-17 11:00:00,B,8,4.8,194.09527230590933,872,733.79,770.5999999999999
2023-05-17 11:00:00,C,9,3.3,194.09527230590933,553,584.9,514.7
2023-05-17 12:00:00,A,3,3.9,551.1539256198348,1902,1248.7,1368.5
2023-05-17 12:00:00,B,8,4.8,533.5210013518729,2004,1563.5,1700.7
2023-05-17 12:00:00,C,9,3.3,533.5210013518729,1398,1121.3,1229.8
2023-05-17 13:00:00,A,3,3.9,530.6101239669421,1691,1544.8,1653.8
2023-05-17 13:00:00,B,8,4.8,413.9809887987634,2224,1755.4,2024.9
2023-05-17 13:00:00,C,9,3.3,413.9809887987634,1566,1249.9,1460.1
2023-05-17 14:00:00,A,3,3.9,384.62830578512387,680,1670.8,1678.3
2023-05-17 14:00:00,B,8,4.8,375.50624082657333,1635,1498.1,1529.1999999999998
2023-05-17 14:00:00,C,9,3.3,375.50624082657333,1075,1019.3,1081.7
2023-05-17 15:00:00,A,3,3.9,642.1485537190085,584,1723.4,1752.2
2023-05-17 15:00:00,B,8,4.8,631.1591628041704,2402,2107.0,2222.9
2023-05-17 15:00:00,C,9,3.3,631.1591628041704,1703,1611.1,1623.2
2023-05-17 16:00:00,A,3,3.9,650.0353305785121,1654,2075.0,2087.5
2023-05-17 16:00:00,B,8,4.8,613.290986867516,2809,2500.8,2567.0
2023-05-17 16:00:00,C,9,3.3,613.290986867516,1956,1806.6,1883.3
2023-05-17 17:00:00,A,3,3.9,409.45702479338786,916,1597.6,1650.5
2023-05-17 17:00:00,B,8,4.8,414.7807850521432,1789,1830.1,1867.0
2023-05-17 17:00:00,C,9,3.3,414.7807850521432,1335,1487.9,1511.6000000000001
2023-05-17 18:00:00,A,3,3.9,197.44731404958674,579,883.99,777.1
2023-05-17 18:00:00,B,8,4.8,194.7046639629196,674,667.05,790.1
2023-05-17 18:00:00,C,9,3.3,194.7046639629196,505,641.94,685.8
2023-05-17 19:00:00,A,3,3.9,61.099999999999994,125,347.47,249.5
2023-05-17 19:00:00,B,8,4.8,44.437844727694035,144,289.3,284.4
2023-05-17 19:00:00,C,9,3.3,44.437844727694035,47,182.93,167.8
2023-05-17 20:00:00,A,3,3.9,21.627066115702476,23,0.0,80.9
2023-05-17 20:00:00,B,8,4.8,19.012978949401276,74,77.544,88.1
2023-05-17 20:00:00,C,9,3.3,19.012978949401276,0,0.0,19.400000000000002
2023-05-17 21:00:00,A,3,3.9,5.489256198347103,0,0.0,10.9
2023-05-17 21:00:00,B,8,4.8,0.4493327539590578,15,0.0,0.0
2023-05-17 21:00:00,C,9,3.3,0.4493327539590578,0,0.0,0.0
2023-05-17 22:00:00,A,3,3.9,0.0,0,0.0,0.0
2023-05-17 22:00:00,B,8,4.8,0.0,0,0.0,0.0
2023-05-17 22:00:00,C,9,3.3,0.0,0,0.0,0.0
2023-05-17 23:00:00,A,3,3.9,0.0,0,0.0,0.0
2023-05-17 23:00:00,B,8,4.8,0.0,0,0.0,0.0
2023-05-17 23:00:00,C,9,3.3,0.0,0,0.0,0.0
2023-05-18 00:00:00,A,3,3.9,0.0,0,0.0,0.0
2023-05-18 00:00:00,B,8,4.8,0.0,0,0.0,0.0
2023-05-18 00:00:00,C,9,3.3,0.0,0,0.0,0.0
2023-05-18 01:00:00,A,3,3.9,0.0,0,0.0,0.0
2023-05-18 01:00:00,B,8,4.8,0.0,0,0.0,0.0
2023-05-18 01:00:00,C,9,3.3,0.0,0,0.0,0.0
2023-05-18 02:00:00,A,3,3.9,0.0,0,0.0,0.0
2023-05-18 02:00:00,B,8,4.8,0.0,0,0.0,0.0
2023-05-18 02:00:00,C,9,3.3,0.0,0,0.0,0.0
2023-05-18 03:00:00,A,3,3.9,0.0,0,0.0,0.0
2023-05-18 03:00:00,B,8,4.8,0.22432502896871354,0,0.0,0.0
2023-05-18 03:00:00,C,9,3.3,0.22432502896871354,0,0.0,0.0
2023-05-18 04:00:00,A,3,3.9,4.3510330578512395,0,0.0,0.0
2023-05-18 04:00:00,B,8,4.8,1.463034955581303,0,0.0,0.0
2023-05-18 04:00:00,C,9,3.3,1.463034955581303,0,0.0,0.0
2023-05-18 05:00:00,A,3,3.9,23.603893442622947,34,0.0,0.0
2023-05-18 05:00:00,B,8,4.8,20.597186172267246,52,0.0,0.0
2023-05-18 05:00:00,C,9,3.3,20.597186172267246,0,0.0,0.0
2023-05-18 06:00:00,A,3,3.9,61.05122950819673,174,0.0,0.0
2023-05-18 06:00:00,B,8,4.8,60.029405175743456,140,0.0,0.0
2023-05-18 06:00:00,C,9,3.3,60.029405175743456,59,0.0,0.0
2023-05-18 07:00:00,A,3,3.9,97.73305785123964,297,265.16,203.3
2023-05-18 07:00:00,B,8,4.8,93.90339803012725,277,212.29,238.0
2023-05-18 07:00:00,C,9,3.3,93.90339803012725,153,121.16,132.89999999999998
2023-05-18 08:00:00,A,3,3.9,317.1698347107438,984,620.32,456.1
2023-05-18 08:00:00,B,8,4.8,268.5797518346847,788,708.62,610.1
2023-05-18 08:00:00,C,9,3.3,268.5797518346847,483,385.35,402.2
2023-05-18 09:00:00,A,3,3.9,640.3342975206612,1929,1463.5,1450.3
2023-05-18 09:00:00,B,8,4.8,656.3624053688677,2410,1997.2,2145.2
2023-05-18 09:00:00,C,9,3.3,656.3624053688677,1595,1341.8,1571.6000000000001
2023-05-18 10:00:00,A,3,3.9,785.698125,1693,2165.0,2384.2
2023-05-18 10:00:00,B,8,4.8,801.3644351100806,3109,3176.1,3118.3
2023-05-18 10:00:00,C,9,3.3,801.3644351100806,2105,2170.3,2296.4
2023-05-18 11:00:00,A,3,3.9,866.7560416666672,2779,2517.4,2799.6
2023-05-18 11:00:00,B,8,4.8,891.829760525299,3673,3439.0,3553.6
2023-05-18 11:00:00,C,9,3.3,891.829760525299,2461,2517.6,2599.1
2023-05-18 12:00:00,A,3,3.9,729.1152083333334,2470,2503.5,2652.4
2023-05-18 12:00:00,B,8,4.8,788.4195162224762,3294,3319.1,3406.1
2023-05-18 12:00:00,C,9,3.3,788.4195162224762,2313,2455.3,2494.1
2023-05-18 13:00:00,A,3,3.9,822.4466942148757,2638,2766.4,2872.3999999999996
2023-05-18 13:00:00,B,8,4.8,797.1266937041308,3080,3577.7,3761.5
2023-05-18 13:00:00,C,9,3.3,797.1266937041308,2293,2659.8,2732.8
2023-05-18 14:00:00,A,3,3.9,867.5064583333331,2797,2376.0,2469.8
2023-05-18 14:00:00,B,8,4.8,869.2093018539957,3083,2755.1,2882.1
2023-05-18 14:00:00,C,9,3.3,869.2093018539957,2175,2004.0,2107.9
2023-05-18 15:00:00,A,3,3.9,688.201859504132,2301,2485.1,2556.1
2023-05-18 15:00:00,B,8,4.8,729.4483111239858,3247,3179.5,3329.8999999999996
2023-05-18 15:00:00,C,9,3.3,729.4483111239858,2240,2370.3,2434.8
2023-05-18 16:00:00,A,3,3.9,469.27625000000023,1633,1916.1,2078.1
2023-05-18 16:00:00,B,8,4.8,457.83317497103064,2300,2318.8,2511.8999999999996
2023-05-18 16:00:00,C,9,3.3,457.83317497103064,1552,1678.8,1836.9
2023-05-18 17:00:00,A,3,3.9,350.8417355371899,1210,1182.7,1238.0
2023-05-18 17:00:00,B,8,4.8,356.85244495944323,1368,1262.5,1331.1
2023-05-18 17:00:00,C,9,3.3,356.85244495944323,979,1008.8,1030.7
2023-05-18 18:00:00,A,3,3.9,207.01854166666692,631,788.26,737.4000000000001
2023-05-18 18:00:00,B,8,4.8,206.4679219775971,796,651.4,754.6
2023-05-18 18:00:00,C,9,3.3,206.4679219775971,540,675.22,660.1
2023-05-18 19:00:00,A,3,3.9,72.65702479338847,164,267.21,126.0
2023-05-18 19:00:00,B,8,4.8,55.429202394746916,247,265.47,220.5
2023-05-18 19:00:00,C,9,3.3,55.429202394746916,118,178.7,122.2
2023-05-18 20:00:00,A,3,3.9,23.190289256198348,34,91.577,80.5
2023-05-18 20:00:00,B,8,4.8,20.064530706836585,73,90.637,93.60000000000001
2023-05-18 20:00:00,C,9,3.3,20.064530706836585,0,0.0,24.0
2023-05-18 21:00:00,A,3,3.9,5.806611570247931,0,0.0,14.3
2023-05-18 21:00:00,B,8,4.8,0.6153283120896114,20,0.0,0.0
2023-05-18 21:00:00,C,9,3.3,0.6153283120896114,0,0.0,0.0
2023-05-18 22:00:00,A,3,3.9,0.0,0,0.0,0.0
2023-05-18 22:00:00,B,8,4.8,0.0,0,0.0,0.0
2023-05-18 22:00:00,C,9,3.3,0.0,0,0.0,0.0
2023-05-18 23:00:00,A,3,3.9,0.0,0,0.0,0.0
2023-05-18 23:00:00,B,8,4.8,0.0,0,0.0,0.0
2023-05-18 23:00:00,C,9,3.3,0.0,0,0.0,0.0
2023-05-19 00:00:00,A,3,3.9,0.0,0,0.0,0.0
2023-05-19 00:00:00,B,8,4.8,0.0,0,0.0,0.0
2023-05-19 00:00:00,C,9,3.3,0.0,0,0.0,0.0
2023-05-19 01:00:00,A,3,3.9,0.0,0,0.0,0.0
2023-05-19 01:00:00,B,8,4.8,0.0,0,0.0,0.0
2023-05-19 01:00:00,C,9,3.3,0.0,0,0.0,0.0
2023-05-19 02:00:00,A,3,3.9,0.0,0,0.0,0.0
2023-05-19 02:00:00,B,8,4.8,0.0,0,0.0,0.0
2023-05-19 02:00:00,C,9,3.3,0.0,0,0.0,0.0
2023-05-19 03:00:00,A,3,3.9,0.0,0,0.0,0.0
2023-05-19 03:00:00,B,8,4.8,0.0,0,0.0,0.0
2023-05-19 03:00:00,C,9,3.3,0.0,0,0.0,0.0
2023-05-19 04:00:00,A,3,3.9,4.942148760330578,0,0.0,0.0
2023-05-19 04:00:00,B,8,4.8,1.1760921205098487,0,0.0,0.0
2023-05-19 04:00:00,C,9,3.3,1.1760921205098487,0,0.0,0.0
2023-05-19 05:00:00,A,3,3.9,20.53565573770493,23,0.0,7.0
2023-05-19 05:00:00,B,8,4.8,18.491021629972924,46,0.0,0.0
2023-05-19 05:00:00,C,9,3.3,18.491021629972924,0,0.0,0.0
2023-05-19 06:00:00,A,3,3.9,41.54569672131146,131,93.62,78.3
2023-05-19 06:00:00,B,8,4.8,43.41180668211662,85,124.56,103.3
2023-05-19 06:00:00,C,9,3.3,43.41180668211662,3,0.0,30.4
2023-05-19 07:00:00,A,3,3.9,169.82789256198345,516,213.45,171.9
2023-05-19 07:00:00,B,8,4.8,184.87530320587055,356,292.1,312.59999999999997
2023-05-19 07:00:00,C,9,3.3,184.87530320587055,217,147.83,186.4
2023-05-19 08:00:00,A,3,3.9,384.13698347107436,950,913.79,733.7
2023-05-19 08:00:00,B,8,4.8,398.31479915025045,1306,1152.0,1304.3
2023-05-19 08:00:00,C,9,3.3,398.31479915025045,789,739.33,909.5
2023-05-19 09:00:00,A,3,3.9,594.9219008264463,993,1440.1,1412.3000000000002
2023-05-19 09:00:00,B,8,4.8,612.782805137118,2325,2349.5,2260.1
2023-05-19 09:00:00,C,9,3.3,612.782805137118,1524,1447.3,1657.0
2023-05-19 10:00:00,A,3,3.9,776.95,1616,2113.6,2345.8
2023-05-19 10:00:00,B,8,4.8,791.0342303978365,3063,2943.1,2982.1
2023-05-19 10:00:00,C,9,3.3,791.0342303978365,2105,2128.1,2192.0
2023-05-19 11:00:00,A,3,3.9,911.8762500000001,2656,2490.3,2766.7000000000003
2023-05-19 11:00:00,B,8,4.8,920.0120133256075,3634,3459.1,3443.7000000000003
2023-05-19 11:00:00,C,9,3.3,920.0120133256075,2444,2506.2,2514.6000000000004
2023-05-19 12:00:00,A,3,3.9,980.9441666666663,3190,2885.4,3041.2
2023-05-19 12:00:00,B,8,4.8,982.6986143298545,3891,3743.8,3785.5
2023-05-19 12:00:00,C,9,3.3,982.6986143298545,2620,2836.8,2745.8
2023-05-19 13:00:00,A,3,3.9,933.3074999999998,3021,2978.6,3060.7000000000003
2023-05-19 13:00:00,B,8,4.8,929.9541174198527,3787,3682.1,3777.6
2023-05-19 13:00:00,C,9,3.3,929.9541174198527,2531,2791.4,2736.0
2023-05-19 14:00:00,A,3,3.9,865.6906250000002,2898,2822.0,2961.0
2023-05-19 14:00:00,B,8,4.8,859.9776612591727,3657,3394.2,3558.8
2023-05-19 14:00:00,C,9,3.3,859.9776612591727,2424,2541.6,2584.7000000000003
2023-05-19 15:00:00,A,3,3.9,804.9898760330574,2743,2530.6,2642.3999999999996
2023-05-19 15:00:00,B,8,4.8,796.6836336423322,3231,3086.2,3175.3
2023-05-19 15:00:00,C,9,3.3,796.6836336423322,2186,2293.1,2315.9
2023-05-19 16:00:00,A,3,3.9,581.2375000000002,1940,2166.9,2237.8
2023-05-19 16:00:00,B,8,4.8,571.8900646967937,2579,2369.2,2679.6000000000004
2023-05-19 16:00:00,C,9,3.3,571.8900646967937,1757,1767.7,1957.1000000000001
2023-05-19 17:00:00,A,3,3.9,349.5939583333335,1176,1399.6,1452.1
2023-05-19 17:00:00,B,8,4.8,340.27590672074126,1490,1554.2,1585.2
2023-05-19 17:00:00,C,9,3.3,340.27590672074126,1041,1058.5,1244.5
2023-05-19 18:00:00,A,3,3.9,197.30916666666658,588,841.82,727.5
2023-05-19 18:00:00,B,8,4.8,185.7376139436071,686,644.94,735.1999999999999
2023-05-19 18:00:00,C,9,3.3,185.7376139436071,474,677.59,587.4
2023-05-19 19:00:00,A,3,3.9,84.66375000000002,187,320.2,182.4
2023-05-19 19:00:00,B,8,4.8,64.1078186558516,226,335.91,311.3
2023-05-19 19:00:00,C,9,3.3,64.1078186558516,136,185.03,186.70000000000002
2023-05-19 20:00:00,A,3,3.9,34.33987603305787,71,0.0,0.0
2023-05-19 20:00:00,B,8,4.8,29.47211761297793,93,0.0,11.2
2023-05-19 20:00:00,C,9,3.3,29.47211761297793,31,0.0,0.0
2023-05-19 21:00:00,A,3,3.9,6.4547520661157085,0,0.0,0.0
2023-05-19 21:00:00,B,8,4.8,1.624588644264194,28,0.0,16.8
2023-05-19 21:00:00,C,9,3.3,1.624588644264194,0,0.0,0.0
2023-05-19 22:00:00,A,3,3.9,0.0,0,0.0,0.0
2023-05-19 22:00:00,B,8,4.8,0.0,0,0.0,0.0
2023-05-19 22:00:00,C,9,3.3,0.0,0,0.0,0.0
2023-05-19 23:00:00,A,3,3.9,0.0,0,0.0,0.0
2023-05-19 23:00:00,B,8,4.8,0.0,0,0.0,0.0
2023-05-19 23:00:00,C,9,3.3,0.0,0,0.0,0.0
2023-05-20 00:00:00,A,3,3.9,0.0,0,0.0,0.0
2023-05-20 00:00:00,B,8,4.8,0.0,0,0.0,0.0
2023-05-20 00:00:00,C,9,3.3,0.0,0,0.0,0.0
2023-05-20 01:00:00,A,3,3.9,0.0,0,0.0,0.0
2023-05-20 01:00:00,B,8,4.8,0.0,0,0.0,0.0
2023-05-20 01:00:00,C,9,3.3,0.0,0,0.0,0.0
2023-05-20 02:00:00,A,3,3.9,0.0,0,0.0,0.0
2023-05-20 02:00:00,B,8,4.8,0.0,0,0.0,0.0
2023-05-20 02:00:00,C,9,3.3,0.0,0,0.0,0.0
2023-05-20 03:00:00,A,3,3.9,0.0,0,0.0,0.0
2023-05-20 03:00:00,B,8,4.8,0.0,0,0.0,0.0
2023-05-20 03:00:00,C,9,3.3,0.0,0,0.0,0.0
2023-05-20 04:00:00,A,3,3.9,4.50495867768595,0,0.0,0.0
2023-05-20 04:00:00,B,8,4.8,0.0,0,0.0,0.0
2023-05-20 04:00:00,C,9,3.3,0.0,0,0.0,0.0
2023-05-20 05:00:00,A,3,3.9,19.01962809917356,13,0.0,0.0
2023-05-20 05:00:00,B,8,4.8,17.514691000386218,47,0.0,0.0
2023-05-20 05:00:00,C,9,3.3,17.514691000386218,0,0.0,0.0
2023-05-20 06:00:00,A,3,3.9,36.191393442622946,120,89.072,68.0
2023-05-20 06:00:00,B,8,4.8,39.02651120123595,82,83.291,91.89999999999999
2023-05-20 06:00:00,C,9,3.3,39.02651120123595,0,0.0,22.1
2023-05-20 07:00:00,A,3,3.9,158.6444214876033,483,238.94,166.2
2023-05-20 07:00:00,B,8,4.8,182.29291908072574,319,281.79,303.20000000000005
2023-05-20 07:00:00,C,9,3.3,182.29291908072574,185,141.52,179.9
2023-05-20 08:00:00,A,3,3.9,380.58409090909095,805,869.01,710.7
2023-05-20 08:00:00,B,8,4.8,396.2585370799532,1281,1248.0,1286.4
2023-05-20 08:00:00,C,9,3.3,396.2585370799532,759,787.11,895.7
2023-05-20 09:00:00,A,3,3.9,591.5779166666669,1393,1428.4,1402.1
2023-05-20 09:00:00,B,8,4.8,609.0506933178829,2269,2196.4,2193.0
2023-05-20 09:00:00,C,9,3.3,609.0506933178829,1493,1490.6,1603.3999999999999
2023-05-20 10:00:00,A,3,3.9,777.8203781512606,2034,1988.7,2327.1000000000004
2023-05-20 10:00:00,B,8,4.8,790.5876863653918,2998,3061.6,2911.6
2023-05-20 10:00:00,C,9,3.3,790.5876863653918,1997,2018.7,2134.9
2023-05-20 11:00:00,A,3,3.9,882.3852083333333,2754,2476.2,2845.6
2023-05-20 11:00:00,B,8,4.8,869.9222711471601,3653,3361.3,3455.6
2023-05-20 11:00:00,C,9,3.3,869.9222711471601,2436,2462.0,2511.2999999999997
2023-05-20 12:00:00,A,3,3.9,750.6058333333334,2354,2468.6,2700.6
2023-05-20 12:00:00,B,8,4.8,759.1100231749684,2715,3103.2,3318.2999999999997
2023-05-20 12:00:00,C,9,3.3,759.1100231749684,1926,2320.4,2413.3
2023-05-20 13:00:00,A,3,3.9,915.2920168067226,3000,2615.1,2706.0
2023-05-20 13:00:00,B,8,4.8,897.7696253379665,3410,3057.5,3117.7999999999997
2023-05-20 13:00:00,C,9,3.3,897.7696253379665,2349,2246.6,2272.4
2023-05-20 14:00:00,A,3,3.9,929.8239583333326,2945,2990.2,3084.0
2023-05-20 14:00:00,B,8,4.8,923.8359376207026,3799,3603.0,3663.1
2023-05-20 14:00:00,C,9,3.3,923.8359376207026,2421,2734.9,2646.2
2023-05-20 15:00:00,A,3,3.9,795.4537499999998,2675,2587.3,2804.1
2023-05-20 15:00:00,B,8,4.8,791.267230590961,3389,3202.2,3294.5
2023-05-20 15:00:00,C,9,3.3,791.267230590961,2159,2321.9,2394.2999999999997
2023-05-20 16:00:00,A,3,3.9,613.902916666667,2110,1974.9,2291.0
2023-05-20 16:00:00,B,8,4.8,610.1637765546542,2739,2609.8,2707.6
2023-05-20 16:00:00,C,9,3.3,610.1637765546542,1789,1803.0,1974.5
2023-05-20 17:00:00,A,3,3.9,402.65625000000006,1327,1432.7,1595.3999999999999
2023-05-20 17:00:00,B,8,4.8,401.4681073773653,1657,1647.4,1732.3999999999999
2023-05-20 17:00:00,C,9,3.3,401.4681073773653,1176,1234.9,1373.8
2023-05-20 18:00:00,A,3,3.9,197.36249999999998,558,785.62,791.8
2023-05-20 18:00:00,B,8,4.8,190.7536336423324,664,637.36,775.5
2023-05-20 18:00:00,C,9,3.3,190.7536336423324,466,692.51,654.9000000000001
2023-05-20 19:00:00,A,3,3.9,66.85249999999999,134,332.23,253.1
2023-05-20 19:00:00,B,8,4.8,48.83783796832749,147,329.8,291.4
2023-05-20 19:00:00,C,9,3.3,48.83783796832749,62,177.87,173.0
2023-05-20 20:00:00,A,3,3.9,26.799583333333338,53,112.79,95.2
2023-05-20 20:00:00,B,8,4.8,22.931030320587055,74,105.33,101.8
2023-05-20 20:00:00,C,9,3.3,22.931030320587055,0,0.0,30.700000000000003
2023-05-20 21:00:00,A,3,3.9,7.1173553719008344,0,0.0,20.5
2023-05-20 21:00:00,B,8,4.8,1.5906179992274982,33,0.0,17.0
2023-05-20 21:00:00,C,9,3.3,1.5906179992274982,0,0.0,0.0
2023-05-20 22:00:00,A,3,3.9,0.0,0,0.0,0.0
2023-05-20 22:00:00,B,8,4.8,0.0,0,0.0,0.0
2023-05-20 22:00:00,C,9,3.3,0.0,0,0.0,0.0
2023-05-20 23:00:00,A,3,3.9,0.0,0,0.0,0.0
2023-05-20 23:00:00,B,8,4.8,0.0,0,0.0,0.0
2023-05-20 23:00:00,C,9,3.3,0.0,0,0.0,0.0
2023-05-21 00:00:00,A,3,3.9,0.0,0,0.0,0.0
2023-05-21 00:00:00,B,8,4.8,0.0,0,0.0,0.0
2023-05-21 00:00:00,C,9,3.3,0.0,0,0.0,0.0
2023-05-21 01:00:00,A,3,3.9,0.0,0,0.0,0.0
2023-05-21 01:00:00,B,8,4.8,0.0,0,0.0,0.0
2023-05-21 01:00:00,C,9,3.3,0.0,0,0.0,0.0
2023-05-21 02:00:00,A,3,3.9,0.0,0,0.0,0.0
2023-05-21 02:00:00,B,8,4.8,0.0,0,0.0,0.0
2023-05-21 02:00:00,C,9,3.3,0.0,0,0.0,0.0
2023-05-21 03:00:00,A,3,3.9,0.0,0,0.0,0.0
2023-05-21 03:00:00,B,8,4.8,0.0,0,0.0,0.0
2023-05-21 03:00:00,C,9,3.3,0.0,0,0.0,0.0
2023-05-21 04:00:00,A,3,3.9,5.059090909090909,0,0.0,0.0
2023-05-21 04:00:00,B,8,4.8,1.2108227114716104,0,0.0,0.0
2023-05-21 04:00:00,C,9,3.3,1.2108227114716104,0,0.0,0.0
2023-05-21 05:00:00,A,3,3.9,19.605737704918035,17,0.0,7.6
2023-05-21 05:00:00,B,8,4.8,18.127778099652343,50,0.0,0.0
2023-05-21 05:00:00,C,9,3.3,18.127778099652343,0,0.0,0.0
2023-05-21 06:00:00,A,3,3.9,39.6452479338843,131,0.0,71.7
2023-05-21 06:00:00,B,8,4.8,41.47777423715717,81,92.071,93.8
2023-05-21 06:00:00,C,9,3.3,41.47777423715717,0,0.0,23.400000000000002
2023-05-21 07:00:00,A,3,3.9,161.80847107438015,479,230.15,188.1
2023-05-21 07:00:00,B,8,4.8,184.15321069911127,329,273.39,314.40000000000003
2023-05-21 07:00:00,C,9,3.3,184.15321069911127,161,160.44,187.70000000000002
2023-05-21 08:00:00,A,3,3.9,377.01301652892533,896,902.11,715.0999999999999
2023-05-21 08:00:00,B,8,4.8,387.5180677867898,1241,1224.0,1279.5
2023-05-21 08:00:00,C,9,3.3,387.5180677867898,745,746.42,890.2
2023-05-21 09:00:00,A,3,3.9,577.13125,1516,1285.2,1364.8
2023-05-21 09:00:00,B,8,4.8,579.7351207029735,2127,2034.4,2110.9
2023-05-21 09:00:00,C,9,3.3,579.7351207029735,1358,1301.8,1540.6
2023-05-21 10:00:00,A,3,3.9,668.664791666667,2097,1707.3,2009.7
2023-05-21 10:00:00,B,8,4.8,660.1999266125913,2542,2301.7,2444.7000000000003
2023-05-21 10:00:00,C,9,3.3,660.1999266125913,1515,1740.3,1791.0
2023-05-21 11:00:00,A,3,3.9,905.1418067226883,2781,2421.6,2771.7999999999997
2023-05-21 11:00:00,B,8,4.8,898.7170973348772,3584,3268.8,3377.3
2023-05-21 11:00:00,C,9,3.3,898.7170973348772,2397,2370.1,2460.6
2023-05-21 12:00:00,A,3,3.9,965.5299999999995,3002,2855.2,3070.2
2023-05-21 12:00:00,B,8,4.8,963.451109501737,3680,3625.3,3708.8
2023-05-21 12:00:00,C,9,3.3,963.451109501737,2509,2720.3,2678.2
2023-05-21 13:00:00,A,3,3.9,947.4970833333333,3085,2942.8,3083.0
2023-05-21 13:00:00,B,8,4.8,928.6877858246419,3821,3518.9,3674.3
2023-05-21 13:00:00,C,9,3.3,928.6877858246419,2512,2669.5,2653.5
2023-05-21 14:00:00,A,3,3.9,854.4044117647057,2738,2822.5,3032.7000000000003
2023-05-21 14:00:00,B,8,4.8,832.9010515643099,3247,3246.7,3461.3999999999996
2023-05-21 14:00:00,C,9,3.3,832.9010515643099,2113,2292.9,2506.1
2023-05-21 15:00:00,A,3,3.9,659.4460416666665,2146,2083.9,2227.7999999999997
2023-05-21 15:00:00,B,8,4.8,619.7871205098488,2659,2363.6,2459.7000000000003
2023-05-21 15:00:00,C,9,3.3,619.7871205098488,1473,1720.3,1796.8999999999999
2023-05-21 16:00:00,A,3,3.9,605.4335416666668,1934,2095.3,2251.7999999999997
2023-05-21 16:00:00,B,8,4.8,584.7434385863263,2619,2513.6,2638.0
2023-05-21 16:00:00,C,9,3.3,584.7434385863263,1740,1809.2,1923.5
2023-05-21 17:00:00,A,3,3.9,389.95063025210084,1278,1562.1,1645.5
2023-05-21 17:00:00,B,8,4.8,382.602702780996,1676,1630.6,1759.7
2023-05-21 17:00:00,C,9,3.3,382.602702780996,1147,1161.8,1394.9
2023-05-21 18:00:00,A,3,3.9,193.33020833333333,555,784.85,684.6999999999999
2023-05-21 18:00:00,B,8,4.8,184.07044225569672,598,583.31,688.9
2023-05-21 18:00:00,C,9,3.3,184.07044225569672,385,618.01,557.9
2023-05-21 19:00:00,A,3,3.9,84.19583333333334,215,294.04,182.9
2023-05-21 19:00:00,B,8,4.8,68.43537949015052,282,295.94,286.4
2023-05-21 19:00:00,C,9,3.3,68.43537949015052,147,212.8,171.1
2023-05-21 20:00:00,A,3,3.9,36.42854166666667,67,0.0,47.199999999999996
2023-05-21 20:00:00,B,8,4.8,30.28112302047118,94,84.037,81.9
2023-05-21 20:00:00,C,9,3.3,30.28112302047118,0,0.0,15.6
2023-05-21 21:00:00,A,3,3.9,7.482083333333341,0,0.0,0.0
2023-05-21 21:00:00,B,8,4.8,2.381676322904591,48,0.0,24.1
2023-05-21 21:00:00,C,9,3.3,2.381676322904591,0,0.0,0.0
2023-05-21 22:00:00,A,3,3.9,0.0,0,0.0,0.0
2023-05-21 22:00:00,B,8,4.8,0.0,0,0.0,0.0
2023-05-21 22:00:00,C,9,3.3,0.0,0,0.0,0.0
2023-05-21 23:00:00,A,3,3.9,0.0,0,0.0,0.0
2023-05-21 23:00:00,B,8,4.8,0.0,0,0.0,0.0
2023-05-21 23:00:00,C,9,3.3,0.0,0,0.0,0.0
2023-05-22 00:00:00,A,3,3.9,0.0,0,0.0,0.0
2023-05-22 00:00:00,B,8,4.8,0.0,0,0.0,0.0
2023-05-22 00:00:00,C,9,3.3,0.0,0,0.0,0.0
2023-05-22 01:00:00,A,3,3.9,0.0,0,0.0,0.0
2023-05-22 01:00:00,B,8,4.8,0.0,0,0.0,0.0
2023-05-22 01:00:00,C,9,3.3,0.0,0,0.0,0.0
2023-05-22 02:00:00,A,3,3.9,0.0,0,0.0,0.0
2023-05-22 02:00:00,B,8,4.8,0.0,0,0.0,0.0
2023-05-22 02:00:00,C,9,3.3,0.0,0,0.0,0.0
2023-05-22 03:00:00,A,3,3.9,0.0,0,0.0,0.0
2023-05-22 03:00:00,B,8,4.8,0.0,0,0.0,0.0
2023-05-22 03:00:00,C,9,3.3,0.0,0,0.0,0.0
2023-05-22 04:00:00,A,3,3.9,5.397314049586778,0,0.0,0.0
2023-05-22 04:00:00,B,8,4.8,2.292198725376591,0,0.0,0.0
2023-05-22 04:00:00,C,9,3.3,2.292198725376591,0,0.0,0.0
2023-05-22 05:00:00,A,3,3.9,22.15619834710745,14,0.0,0.0
2023-05-22 05:00:00,B,8,4.8,20.223075511780554,65,41.377,19.2
2023-05-22 05:00:00,C,9,3.3,20.223075511780554,0,0.0,0.0
2023-05-22 06:00:00,A,3,3.9,58.516115702479325,168,100.91,54.199999999999996
2023-05-22 06:00:00,B,8,4.8,55.824331788335215,125,87.465,68.0
2023-05-22 06:00:00,C,9,3.3,55.824331788335215,51,0.0,4.2
2023-05-22 07:00:00,A,3,3.9,150.81260330578496,486,288.81,326.0
2023-05-22 07:00:00,B,8,4.8,150.16814696794083,371,402.47,408.1
2023-05-22 07:00:00,C,9,3.3,150.16814696794083,200,214.49,252.0
2023-05-22 08:00:00,A,3,3.9,362.4245833333332,1002,912.12,682.4
2023-05-22 08:00:00,B,8,4.8,373.53353804557696,1320,1056.9,1143.8999999999999
2023-05-22 08:00:00,C,9,3.3,373.53353804557696,803,640.91,792.1
2023-05-22 09:00:00,A,3,3.9,401.20833333333303,1129,1051.5,1111.8
2023-05-22 09:00:00,B,8,4.8,410.67305523368043,1595,1651.9,1713.3
2023-05-22 09:00:00,C,9,3.3,410.67305523368043,1048,1069.1,1239.4
2023-05-22 10:00:00,A,3,3.9,676.4197916666665,1922,1531.9,1714.5
2023-05-22 10:00:00,B,8,4.8,671.3392255697173,2344,2083.1,2052.5
2023-05-22 10:00:00,C,9,3.3,671.3392255697173,1526,1499.0,1492.6
2023-05-22 11:00:00,A,3,3.9,814.4006250000002,2568,2298.6,2627.6000000000004
2023-05-22 11:00:00,B,8,4.8,813.0342574353032,3248,3127.9,3226.9
2023-05-22 11:00:00,C,9,3.3,813.0342574353032,2160,2237.2,2351.6
2023-05-22 12:00:00,A,3,3.9,943.2689075630259,2894,2512.1,2820.5
2023-05-22 12:00:00,B,8,4.8,931.2541927385082,3618,3279.2,3373.0
2023-05-22 12:00:00,C,9,3.3,931.2541927385082,2282,2486.8,2446.5
2023-05-22 13:00:00,A,3,3.9,966.1235416666664,3056,2909.4,3068.0
2023-05-22 13:00:00,B,8,4.8,957.4015411355721,3801,3617.4,3665.5
2023-05-22 13:00:00,C,9,3.3,957.4015411355721,2421,2693.1,2642.3999999999996
2023-05-22 14:00:00,A,3,3.9,776.6016806722688,2574,2583.7,2745.5
2023-05-22 14:00:00,B,8,4.8,764.9114271919655,3130,3090.2,3233.2000000000003
2023-05-22 14:00:00,C,9,3.3,764.9114271919655,2052,2295.4,2344.5
2023-05-22 15:00:00,A,3,3.9,744.9675000000003,2495,2344.1,2527.7
2023-05-22 15:00:00,B,8,4.8,735.0685139049822,3122,2837.5,2983.1
2023-05-22 15:00:00,C,9,3.3,735.0685139049822,2062,2114.6,2166.5
2023-05-22 16:00:00,A,3,3.9,560.522268907563,1907,1887.9,2075.7
2023-05-22 16:00:00,B,8,4.8,551.6948599845498,2486,2283.9,2452.5
2023-05-22 16:00:00,C,9,3.3,551.6948599845498,1633,1620.6,1783.6000000000001
2023-05-22 17:00:00,A,3,3.9,402.80979166666646,1345,1428.7,1514.5
2023-05-22 17:00:00,B,8,4.8,397.11816821166417,1632,1528.9,1654.4
2023-05-22 17:00:00,C,9,3.3,397.11816821166417,1133,1102.6,1296.4
2023-05-22 18:00:00,A,3,3.9,147.74874999999997,455,735.62,695.9
2023-05-22 18:00:00,B,8,4.8,138.57606701429097,645,588.94,692.8
2023-05-22 18:00:00,C,9,3.3,138.57606701429097,424,644.24,581.3000000000001
2023-05-22 19:00:00,A,3,3.9,59.55416666666668,143,256.36,228.6
2023-05-22 19:00:00,B,8,4.8,48.35358439551945,173,229.54,238.1
2023-05-22 19:00:00,C,9,3.3,48.35358439551945,92,112.87,135.2
2023-05-22 20:00:00,A,3,3.9,34.46020833333333,67,0.0,33.5
2023-05-22 20:00:00,B,8,4.8,29.06224797219,83,97.809,88.6
2023-05-22 20:00:00,C,9,3.3,29.06224797219,8,0.0,20.7
2023-05-22 21:00:00,A,3,3.9,6.7318181818181895,0,0.0,0.0
2023-05-22 21:00:00,B,8,4.8,2.028322711471606,44,0.0,23.3
2023-05-22 21:00:00,C,9,3.3,2.028322711471606,0,0.0,0.0
2023-05-22 22:00:00,A,3,3.9,0.0,0,0.0,0.0
2023-05-22 22:00:00,B,8,4.8,0.0,0,0.0,0.0
2023-05-22 22:00:00,C,9,3.3,0.0,0,0.0,0.0
2023-05-22 23:00:00,A,3,3.9,0.0,0,0.0,0.0
2023-05-22 23:00:00,B,8,4.8,0.0,0,0.0,0.0
2023-05-22 23:00:00,C,9,3.3,0.0,0,0.0,0.0
2023-05-23 00:00:00,A,3,3.9,0.0,0,0.0,0.0
2023-05-23 00:00:00,B,8,4.8,0.0,0,0.0,0.0
2023-05-23 00:00:00,C,9,3.3,0.0,0,0.0,0.0
2023-05-23 01:00:00,A,3,3.9,0.0,0,0.0,0.0
2023-05-23 01:00:00,B,8,4.8,0.0,0,0.0,0.0
2023-05-23 01:00:00,C,9,3.3,0.0,0,0.0,0.0
2023-05-23 02:00:00,A,3,3.9,0.0,0,0.0,0.0
2023-05-23 02:00:00,B,8,4.8,0.0,0,0.0,0.0
2023-05-23 02:00:00,C,9,3.3,0.0,0,0.0,0.0
2023-05-23 03:00:00,A,3,3.9,0.0,0,0.0,0.0
2023-05-23 03:00:00,B,8,4.8,0.0,0,0.0,0.0
2023-05-23 03:00:00,C,9,3.3,0.0,0,0.0,0.0
2023-05-23 04:00:00,A,3,3.9,4.494672131147541,0,0.0,0.0
2023-05-23 04:00:00,B,8,4.8,1.2200424874468887,0,0.0,0.0
2023-05-23 04:00:00,C,9,3.3,1.2200424874468887,0,0.0,0.0
2023-05-23 05:00:00,A,3,3.9,17.31921487603306,8,0.0,0.0
2023-05-23 05:00:00,B,8,4.8,15.287156237929658,48,0.0,0.0
2023-05-23 05:00:00,C,9,3.3,15.287156237929658,0,0.0,0.0
2023-05-23 06:00:00,A,3,3.9,58.413429752066115,153,105.38,72.9
2023-05-23 06:00:00,B,8,4.8,52.589579953649995,120,114.09,97.69999999999999
2023-05-23 06:00:00,C,9,3.3,52.589579953649995,32,0.0,26.700000000000003
2023-05-23 07:00:00,A,3,3.9,130.85495867768594,400,343.93,344.4
2023-05-23 07:00:00,B,8,4.8,117.88815276168364,373,350.5,327.90000000000003
2023-05-23 07:00:00,C,9,3.3,117.88815276168364,197,197.15,197.4
2023-05-23 08:00:00,A,3,3.9,122.09648760330572,390,500.49,454.1
2023-05-23 08:00:00,B,8,4.8,107.52983487833109,481,511.77,522.9
2023-05-23 08:00:00,C,9,3.3,107.52983487833109,286,321.13,339.0
2023-05-23 09:00:00,A,3,3.9,160.01354166666673,520,498.13,426.70000000000005
2023-05-23 09:00:00,B,8,4.8,141.05191966009994,534,510.5,448.40000000000003
2023-05-23 09:00:00,C,9,3.3,141.05191966009994,313,316.87,285.8
2023-05-23 10:00:00,A,3,3.9,368.57045454545465,1082,723.19,629.4
2023-05-23 10:00:00,B,8,4.8,343.48800888373836,1029,854.58,682.9
2023-05-23 10:00:00,C,9,3.3,343.48800888373836,669,520.5,452.29999999999995
2023-05-23 11:00:00,A,3,3.9,411.6954166666666,1340,1408.9,1661.3
2023-05-23 11:00:00,B,8,4.8,388.03762456546883,1897,1792.0,1939.8999999999999
2023-05-23 11:00:00,C,9,3.3,388.03762456546883,1271,1241.6,1394.4
2023-05-23 12:00:00,A,3,3.9,312.0985416666666,1024,1030.2,1150.0
2023-05-23 12:00:00,B,8,4.8,284.6364310544606,1318,1191.3,1276.3
2023-05-23 12:00:00,C,9,3.3,284.6364310544606,862,802.23,888.0
2023-05-23 13:00:00,A,3,3.9,143.64214876033049,447,712.77,800.6999999999999
2023-05-23 13:00:00,B,8,4.8,123.88981556585532,696,852.52,862.9
2023-05-23 13:00:00,C,9,3.3,123.88981556585532,425,590.31,580.2
2023-05-23 14:00:00,A,3,3.9,93.95729166666668,283,382.71,360.5
2023-05-23 14:00:00,B,8,4.8,77.69467844727681,370,340.25,349.2
2023-05-23 14:00:00,C,9,3.3,77.69467844727681,214,189.94,214.79999999999998
2023-05-23 15:00:00,A,3,3.9,73.26384297520659,190,214.74,186.1
2023-05-23 15:00:00,B,8,4.8,64.0180030899961,217,193.27,188.5
2023-05-23 15:00:00,C,9,3.3,64.0180030899961,122,70.366,97.19999999999999
2023-05-23 16:00:00,A,3,3.9,52.77954545454544,145,251.38,224.89999999999998
2023-05-23 16:00:00,B,8,4.8,47.317565662417884,209,191.64,244.29999999999998
2023-05-23 16:00:00,C,9,3.3,47.317565662417884,103,80.086,139.3
2023-05-23 17:00:00,A,3,3.9,52.04132231404958,144,137.33,122.89999999999999
2023-05-23 17:00:00,B,8,4.8,45.57115971417532,136,132.56,133.70000000000002
2023-05-23 17:00:00,C,9,3.3,45.57115971417532,50,0.0,54.300000000000004
2023-05-23 18:00:00,A,3,3.9,44.53595041322312,120,150.89,119.3
2023-05-23 18:00:00,B,8,4.8,38.82875144843563,87,123.6,128.5
2023-05-23 18:00:00,C,9,3.3,38.82875144843563,2,0.0,50.7
2023-05-23 19:00:00,A,3,3.9,80.50929752066114,227,198.79,137.0
2023-05-23 19:00:00,B,8,4.8,70.7547344534569,228,184.43,188.29999999999998
2023-05-23 19:00:00,C,9,3.3,70.7547344534569,105,89.528,98.0
2023-05-23 20:00:00,A,3,3.9,48.208677685950434,83,0.0,0.0
2023-05-23 20:00:00,B,8,4.8,39.89036500579368,153,0.0,0.0
2023-05-23 20:00:00,C,9,3.3,39.89036500579368,76,0.0,0.0
2023-05-23 21:00:00,A,3,3.9,8.262190082644635,0,0.0,0.0
2023-05-23 21:00:00,B,8,4.8,4.204709347238308,39,0.0,20.6
2023-05-23 21:00:00,C,9,3.3,4.204709347238308,0,0.0,0.0
2023-05-23 22:00:00,A,3,3.9,0.0,0,0.0,0.0
2023-05-23 22:00:00,B,8,4.8,0.0,0,0.0,0.0
2023-05-23 22:00:00,C,9,3.3,0.0,0,0.0,0.0
2023-05-23 23:00:00,A,3,3.9,0.0,0,0.0,0.0
2023-05-23 23:00:00,B,8,4.8,0.0,0,0.0,0.0
2023-05-23 23:00:00,C,9,3.3,0.0,0,0.0,0.0
2023-05-24 00:00:00,A,3,3.9,0.0,0,0.0,0.0
2023-05-24 00:00:00,B,8,4.8,0.0,0,0.0,0.0
2023-05-24 00:00:00,C,9,3.3,0.0,0,0.0,0.0
2023-05-24 01:00:00,A,3,3.9,0.0,0,0.0,0.0
2023-05-24 01:00:00,B,8,4.8,0.0,0,0.0,0.0
2023-05-24 01:00:00,C,9,3.3,0.0,0,0.0,0.0
2023-05-24 02:00:00,A,3,3.9,0.0,0,0.0,0.0
2023-05-24 02:00:00,B,8,4.8,0.28721707222865966,0,0.0,0.0
2023-05-24 02:00:00,C,9,3.3,0.28721707222865966,0,0.0,0.0
2023-05-24 03:00:00,A,3,3.9,0.0,0,0.0,0.0
2023-05-24 03:00:00,B,8,4.8,0.0,0,0.0,0.0
2023-05-24 03:00:00,C,9,3.3,0.0,0,0.0,0.0
2023-05-24 04:00:00,A,3,3.9,5.655578512396694,0,0.0,0.0
2023-05-24 04:00:00,B,8,4.8,2.086294901506372,0,0.0,0.0
2023-05-24 04:00:00,C,9,3.3,2.086294901506372,0,0.0,0.0
2023-05-24 05:00:00,A,3,3.9,23.782991803278698,36,0.0,14.3
2023-05-24 05:00:00,B,8,4.8,20.58019795287753,61,0.0,11.6
2023-05-24 05:00:00,C,9,3.3,20.58019795287753,0,0.0,0.0
2023-05-24 06:00:00,A,3,3.9,47.247314049586784,142,105.17,92.1
2023-05-24 06:00:00,B,8,4.8,47.00319524913092,99,113.92,109.2
2023-05-24 06:00:00,C,9,3.3,47.00319524913092,12,0.0,35.5
2023-05-24 07:00:00,A,3,3.9,174.52169421487608,506,202.61,197.1
2023-05-24 07:00:00,B,8,4.8,180.90077829277666,369,266.7,305.4
2023-05-24 07:00:00,C,9,3.3,180.90077829277666,211,111.13,180.5
2023-05-24 08:00:00,A,3,3.9,366.96301652892544,946,968.81,729.6
2023-05-24 08:00:00,B,8,4.8,372.35452201622223,1231,1087.0,1183.8999999999999
2023-05-24 08:00:00,C,9,3.3,372.35452201622223,748,696.98,818.6
2023-05-24 09:00:00,A,3,3.9,567.9883333333335,1387,1305.7,1317.1999999999998
2023-05-24 09:00:00,B,8,4.8,562.1272007617907,2147,2029.3,2072.6
2023-05-24 09:00:00,C,9,3.3,562.1272007617907,1432,1338.1,1511.1000000000001
2023-05-24 10:00:00,A,3,3.9,747.8768749999999,1801,1973.0,2231.9
2023-05-24 10:00:00,B,8,4.8,819.3288836846199,2929,2666.7,2766.7000000000003
2023-05-24 10:00:00,C,9,3.3,819.3288836846199,1949,1870.0,2028.5000000000002
2023-05-24 11:00:00,A,3,3.9,882.1758403361349,2159,2368.8,2684.8
2023-05-24 11:00:00,B,8,4.8,497.0401356362213,3452,3423.4,3566.7
2023-05-24 11:00:00,C,9,3.3,497.0401356362213,2298,2481.9,2640.2999999999997
2023-05-24 12:00:00,A,3,3.9,957.2739583333337,3025,2707.4,2967.6
2023-05-24 12:00:00,B,8,4.8,336.3856420765025,3760,3875.1,3940.1000000000004
2023-05-24 12:00:00,C,9,3.3,336.3856420765025,2507,2937.0,2906.7
2023-05-24 13:00:00,A,3,3.9,918.4477083333338,3011,2976.8,3038.9
2023-05-24 13:00:00,B,8,4.8,467.03738583138147,3735,3982.5,3992.1000000000004
2023-05-24 13:00:00,C,9,3.3,467.03738583138147,2478,3009.3,3015.2000000000003
2023-05-24 14:00:00,A,3,3.9,859.1512499999998,2884,2587.0,2716.1
2023-05-24 14:00:00,B,8,4.8,297.88551814988233,3515,3460.1,3610.7
2023-05-24 14:00:00,C,9,3.3,297.88551814988233,2361,2586.7,2672.2000000000003
2023-05-24 15:00:00,A,3,3.9,709.7424999999998,2381,2455.8,2612.6
2023-05-24 15:00:00,B,8,4.8,192.236340749414,3089,3319.5,3487.0
2023-05-24 15:00:00,C,9,3.3,192.236340749414,2079,2474.0,2585.1000000000004
2023-05-24 16:00:00,A,3,3.9,563.1706250000001,1951,1840.6,1951.0
2023-05-24 16:00:00,B,8,4.8,140.43739266198233,2308,2450.0,2607.0
2023-05-24 16:00:00,C,9,3.3,140.43739266198233,1580,1814.8,1931.5
2023-05-24 17:00:00,A,3,3.9,400.79395833333353,1384,1494.9,1536.8999999999999
2023-05-24 17:00:00,B,8,4.8,62.85455015612799,1669,1786.9,1902.0
2023-05-24 17:00:00,C,9,3.3,62.85455015612799,1213,1424.1,1507.0
2023-05-24 18:00:00,A,3,3.9,180.0161157024794,527,804.75,780.4
2023-05-24 18:00:00,B,8,4.8,25.99467798594846,675,706.97,875.4
2023-05-24 18:00:00,C,9,3.3,25.99467798594846,483,642.61,729.9
2023-05-24 19:00:00,A,3,3.9,49.19083333333334,118,253.89,209.3
2023-05-24 19:00:00,B,8,4.8,7.410998243559689,124,282.6,284.4
2023-05-24 19:00:00,C,9,3.3,7.410998243559689,21,177.71,167.2
2023-05-24 20:00:00,A,3,3.9,33.40723140495869,73,90.954,82.9
2023-05-24 20:00:00,B,8,4.8,0.14119340359094432,101,78.729,115.3
2023-05-24 20:00:00,C,9,3.3,0.14119340359094432,0,0.0,39.4
2023-05-24 21:00:00,A,3,3.9,9.630625000000006,0,0.0,8.0
2023-05-24 21:00:00,B,8,4.8,0.0,54,0.0,16.0
2023-05-24 21:00:00,C,9,3.3,0.0,0,0.0,0.0
2023-05-24 22:00:00,A,3,3.9,0.0,0,0.0,0.0
2023-05-24 22:00:00,B,8,4.8,0.0,0,0.0,0.0
2023-05-24 22:00:00,C,9,3.3,0.0,0,0.0,0.0
2023-05-24 23:00:00,A,3,3.9,0.0,0,0.0,0.0
2023-05-24 23:00:00,B,8,4.8,0.0,0,0.0,0.0
2023-05-24 23:00:00,C,9,3.3,0.0,0,0.0,0.0
2023-05-25 00:00:00,A,3,3.9,0.0,0,0.0,0.0
2023-05-25 00:00:00,B,8,4.8,0.0,0,0.0,0.0
2023-05-25 00:00:00,C,9,3.3,0.0,0,0.0,0.0
2023-05-25 01:00:00,A,3,3.9,0.0,0,0.0,0.0
2023-05-25 01:00:00,B,8,4.8,0.0,0,0.0,0.0
2023-05-25 01:00:00,C,9,3.3,0.0,0,0.0,0.0
2023-05-25 02:00:00,A,3,3.9,0.0,0,0.0,0.0
2023-05-25 02:00:00,B,8,4.8,0.0385792349726775,0,0.0,0.0
2023-05-25 02:00:00,C,9,3.3,0.0385792349726775,0,0.0,0.0
2023-05-25 03:00:00,A,3,3.9,0.0,0,0.0,0.0
2023-05-25 03:00:00,B,8,4.8,10.69752634660419,0,0.0,0.0
2023-05-25 03:00:00,C,9,3.3,10.69752634660419,0,0.0,0.0
2023-05-25 04:00:00,A,3,3.9,4.374173553719008,0,0.0,0.0
2023-05-25 04:00:00,B,8,4.8,33.001683255269285,0,0.0,0.0
2023-05-25 04:00:00,C,9,3.3,33.001683255269285,0,0.0,0.0
2023-05-25 05:00:00,A,3,3.9,23.962603305785134,38,0.0,5.2
2023-05-25 05:00:00,B,8,4.8,115.43220335675215,51,0.0,12.0
2023-05-25 05:00:00,C,9,3.3,115.43220335675215,0,0.0,0.0
2023-05-25 06:00:00,A,3,3.9,63.74834710743799,182,0.0,44.6
2023-05-25 06:00:00,B,8,4.8,96.47329332552681,138,56.69,62.6
2023-05-25 06:00:00,C,9,3.3,96.47329332552681,60,0.0,0.0
2023-05-25 07:00:00,A,3,3.9,171.797520661157,548,237.15,220.9
2023-05-25 07:00:00,B,8,4.8,359.5845374707257,434,271.65,295.20000000000005
2023-05-25 07:00:00,C,9,3.3,359.5845374707257,229,127.83,173.6
2023-05-25 08:00:00,A,3,3.9,357.6425619834711,1016,879.18,682.5
2023-05-25 08:00:00,B,8,4.8,424.0149726775955,1208,1061.4,1212.3999999999999
2023-05-25 08:00:00,C,9,3.3,424.0149726775955,732,731.26,840.4000000000001
2023-05-25 09:00:00,A,3,3.9,544.1291322314049,1520,1278.0,1281.5
2023-05-25 09:00:00,B,8,4.8,193.73421252927395,2057,1868.2,2049.0
2023-05-25 09:00:00,C,9,3.3,193.73421252927395,1374,1274.0,1498.6999999999998
2023-05-25 10:00:00,A,3,3.9,706.1643750000002,1931,1907.0,2135.1
2023-05-25 10:00:00,B,8,4.8,545.9914617486335,2804,2925.3,2832.3999999999996
2023-05-25 10:00:00,C,9,3.3,545.9914617486335,1915,1915.8,2096.8
2023-05-25 11:00:00,A,3,3.9,832.5543388429752,2645,2275.9,2527.8
2023-05-25 11:00:00,B,8,4.8,853.7794472928134,3292,3183.6,3357.4
2023-05-25 11:00:00,C,9,3.3,853.7794472928134,2266,2303.9,2484.2
2023-05-25 12:00:00,A,3,3.9,903.049583333334,3012,2607.2,2812.9
2023-05-25 12:00:00,B,8,4.8,896.7734945925063,3645,3356.2,3475.1
2023-05-25 12:00:00,C,9,3.3,896.7734945925063,2521,2486.5,2534.0
2023-05-25 13:00:00,A,3,3.9,935.1440082644626,3151,2931.9,2935.0
2023-05-25 13:00:00,B,8,4.8,925.9678505214362,3803,3504.1,3609.3
2023-05-25 13:00:00,C,9,3.3,925.9678505214362,2618,2636.9,2624.6
2023-05-25 14:00:00,A,3,3.9,889.672083333333,3078,2887.5,2934.7
2023-05-25 14:00:00,B,8,4.8,881.3561133642327,3695,3446.5,3541.4
2023-05-25 14:00:00,C,9,3.3,881.3561133642327,2539,2562.6,2575.6
2023-05-25 15:00:00,A,3,3.9,775.9733471074383,2724,2672.6,2707.1
2023-05-25 15:00:00,B,8,4.8,772.2384472769403,3372,3082.4,3252.4
2023-05-25 15:00:00,C,9,3.3,772.2384472769403,2316,2282.0,2374.2999999999997
2023-05-25 16:00:00,A,3,3.9,598.0047916666667,2124,2186.3,2232.8
2023-05-25 16:00:00,B,8,4.8,596.3609945925062,2726,2656.6,2687.8
2023-05-25 16:00:00,C,9,3.3,596.3609945925062,1879,1885.0,1964.2
2023-05-25 17:00:00,A,3,3.9,381.113223140496,1338,1472.3,1512.6
2023-05-25 17:00:00,B,8,4.8,378.22874275782107,1669,1659.5,1714.3999999999999
2023-05-25 17:00:00,C,9,3.3,378.22874275782107,1195,1180.6,1339.1
2023-05-25 18:00:00,A,3,3.9,205.0214583333333,634,894.22,770.0
2023-05-25 18:00:00,B,8,4.8,197.6121301660868,770,712.73,803.6
2023-05-25 18:00:00,C,9,3.3,197.6121301660868,523,647.99,644.7
2023-05-25 19:00:00,A,3,3.9,82.69504132231405,210,324.87,238.0
2023-05-25 19:00:00,B,8,4.8,67.61972769409027,275,383.74,321.2
2023-05-25 19:00:00,C,9,3.3,67.61972769409027,153,220.66,193.6
2023-05-25 20:00:00,A,3,3.9,34.66590909090909,78,0.0,0.0
2023-05-25 20:00:00,B,8,4.8,29.34549439938195,90,103.91,127.2
2023-05-25 20:00:00,C,9,3.3,29.34549439938195,18,0.0,49.7
2023-05-25 21:00:00,A,3,3.9,7.574173553719014,0,0.0,19.3
2023-05-25 21:00:00,B,8,4.8,3.4202587871765067,46,0.0,25.5
2023-05-25 21:00:00,C,9,3.3,3.4202587871765067,0,0.0,0.0
2023-05-25 22:00:00,A,3,3.9,0.0,0,0.0,0.0
2023-05-25 22:00:00,B,8,4.8,0.0,0,0.0,0.0
2023-05-25 22:00:00,C,9,3.3,0.0,0,0.0,0.0
2023-05-25 23:00:00,A,3,3.9,0.0,0,0.0,0.0
2023-05-25 23:00:00,B,8,4.8,0.0,0,0.0,0.0
2023-05-25 23:00:00,C,9,3.3,0.0,0,0.0,0.0
2023-05-26 00:00:00,A,3,3.9,0.0,0,0.0,0.0
2023-05-26 00:00:00,B,8,4.8,0.0,0,0.0,0.0
2023-05-26 00:00:00,C,9,3.3,0.0,0,0.0,0.0
2023-05-26 01:00:00,A,3,3.9,0.0,0,0.0,0.0
2023-05-26 01:00:00,B,8,4.8,0.0,0,0.0,0.0
2023-05-26 01:00:00,C,9,3.3,0.0,0,0.0,0.0
2023-05-26 02:00:00,A,3,3.9,0.0,0,0.0,0.0
2023-05-26 02:00:00,B,8,4.8,0.0,0,0.0,0.0
2023-05-26 02:00:00,C,9,3.3,0.0,0,0.0,0.0
2023-05-26 03:00:00,A,3,3.9,0.0,0,0.0,0.0
2023-05-26 03:00:00,B,8,4.8,0.0,0,0.0,0.0
2023-05-26 03:00:00,C,9,3.3,0.0,0,0.0,0.0
2023-05-26 04:00:00,A,3,3.9,5.551434426229508,0,0.0,0.0
2023-05-26 04:00:00,B,8,4.8,2.0967168791038997,0,0.0,0.0
2023-05-26 04:00:00,C,9,3.3,2.0967168791038997,0,0.0,0.0
2023-05-26 05:00:00,A,3,3.9,28.444008264462795,53,0.0,18.1
2023-05-26 05:00:00,B,8,4.8,24.89943414445727,54,0.0,23.0
2023-05-26 05:00:00,C,9,3.3,24.89943414445727,0,0.0,0.0
2023-05-26 06:00:00,A,3,3.9,66.25881147540983,194,0.0,7.4
2023-05-26 06:00:00,B,8,4.8,60.93294708381608,163,152.96,122.6
2023-05-26 06:00:00,C,9,3.3,60.93294708381608,69,0.0,45.199999999999996
2023-05-26 07:00:00,A,3,3.9,165.77892561983472,535,381.25,238.4
2023-05-26 07:00:00,B,8,4.8,166.91980108149818,447,301.65,344.2
2023-05-26 07:00:00,C,9,3.3,166.91980108149818,248,207.12,208.1
2023-05-26 08:00:00,A,3,3.9,334.22417355371914,1000,930.04,669.6
2023-05-26 08:00:00,B,8,4.8,336.81575994592464,1127,1035.4,1076.5
2023-05-26 08:00:00,C,9,3.3,336.81575994592464,694,707.48,738.1999999999999
2023-05-26 09:00:00,A,3,3.9,513.7026859504136,1491,1227.4,1224.3
2023-05-26 09:00:00,B,8,4.8,505.05918211664687,2027,1863.5,1909.8999999999999
2023-05-26 09:00:00,C,9,3.3,505.05918211664687,1363,1254.7,1387.3999999999999
2023-05-26 10:00:00,A,3,3.9,719.6977083333331,2274,1769.6,1983.1000000000001
2023-05-26 10:00:00,B,8,4.8,698.4977124372341,2615,2333.1,2453.3999999999996
2023-05-26 10:00:00,C,9,3.3,698.4977124372341,1769,1680.8,1802.2
2023-05-26 11:00:00,A,3,3.9,805.7091666666661,2590,2352.7,2665.7999999999997
2023-05-26 11:00:00,B,8,4.8,791.3677848590188,3432,3208.3,3352.7
2023-05-26 11:00:00,C,9,3.3,791.3677848590188,2361,2329.3,2454.6
2023-05-26 12:00:00,A,3,3.9,875.7816115702481,2911,2403.7,2638.6
2023-05-26 12:00:00,B,8,4.8,836.9104084588635,3307,3132.2,3234.7000000000003
2023-05-26 12:00:00,C,9,3.3,836.9104084588635,2299,2231.4,2366.7
2023-05-26 13:00:00,A,3,3.9,906.5952083333331,3094,2865.5,2950.2999999999997
2023-05-26 13:00:00,B,8,4.8,889.3671089223609,3512,3480.9,3566.7
2023-05-26 13:00:00,C,9,3.3,889.3671089223609,2508,2572.7,2597.2
2023-05-26 14:00:00,A,3,3.9,890.2194214876034,3048,2840.4,2974.4
2023-05-26 14:00:00,B,8,4.8,875.3938663576665,3750,3506.8,3641.9
2023-05-26 14:00:00,C,9,3.3,875.3938663576665,2547,2578.0,2647.4
2023-05-26 15:00:00,A,3,3.9,604.4960743801649,2128,2392.7,2512.7999999999997
2023-05-26 15:00:00,B,8,4.8,596.50118385477,3039,2941.2,3043.6
2023-05-26 15:00:00,C,9,3.3,596.50118385477,2063,2101.5,2228.1
2023-05-26 16:00:00,A,3,3.9,625.327291666667,2207,1929.3,2106.5
2023-05-26 16:00:00,B,8,4.8,603.1002790652757,2422,2395.5,2508.3
2023-05-26 16:00:00,C,9,3.3,603.1002790652757,1649,1663.7,1837.8000000000002
2023-05-26 17:00:00,A,3,3.9,391.0347107438017,1359,1391.4,1531.5
2023-05-26 17:00:00,B,8,4.8,387.86749613750425,1690,1678.6,1716.1
2023-05-26 17:00:00,C,9,3.3,387.86749613750425,1204,1195.7,1339.0
2023-05-26 18:00:00,A,3,3.9,195.4189583333334,618,855.13,792.2
2023-05-26 18:00:00,B,8,4.8,187.865790845886,771,738.88,809.5
2023-05-26 18:00:00,C,9,3.3,187.865790845886,524,747.89,649.0
2023-05-26 19:00:00,A,3,3.9,81.34979338842979,205,274.78,258.40000000000003
2023-05-26 19:00:00,B,8,4.8,66.76312668984157,255,410.52,331.4
2023-05-26 19:00:00,C,9,3.3,66.76312668984157,142,257.59,201.9
2023-05-26 20:00:00,A,3,3.9,33.11363636363635,85,0.0,41.300000000000004
2023-05-26 20:00:00,B,8,4.8,28.7481933178833,65,146.19,139.4
2023-05-26 20:00:00,C,9,3.3,28.7481933178833,17,0.0,59.1
2023-05-26 21:00:00,A,3,3.9,8.956611570247938,0,0.0,0.0
2023-05-26 21:00:00,B,8,4.8,4.3660254924681245,49,0.0,35.4
2023-05-26 21:00:00,C,9,3.3,4.3660254924681245,0,0.0,0.0
2023-05-26 22:00:00,A,3,3.9,0.0,0,0.0,0.0
2023-05-26 22:00:00,B,8,4.8,0.0,0,0.0,0.0
2023-05-26 22:00:00,C,9,3.3,0.0,0,0.0,0.0
2023-05-26 23:00:00,A,3,3.9,0.0,0,0.0,0.0
2023-05-26 23:00:00,B,8,4.8,0.0,0,0.0,0.0
2023-05-26 23:00:00,C,9,3.3,0.0,0,0.0,0.0
2023-05-27 00:00:00,A,3,3.9,0.0,0,0.0,0.0
2023-05-27 00:00:00,B,8,4.8,0.0,0,0.0,0.0
2023-05-27 00:00:00,C,9,3.3,0.0,0,0.0,0.0
2023-05-27 01:00:00,A,3,3.9,0.0,0,0.0,0.0
2023-05-27 01:00:00,B,8,4.8,0.0,0,0.0,0.0
2023-05-27 01:00:00,C,9,3.3,0.0,0,0.0,0.0
2023-05-27 02:00:00,A,3,3.9,0.0,0,0.0,0.0
2023-05-27 02:00:00,B,8,4.8,0.0,0,0.0,0.0
2023-05-27 02:00:00,C,9,3.3,0.0,0,0.0,0.0
2023-05-27 03:00:00,A,3,3.9,0.0,0,0.0,0.0
2023-05-27 03:00:00,B,8,4.8,0.0,0,0.0,0.0
2023-05-27 03:00:00,C,9,3.3,0.0,0,0.0,0.0
2023-05-27 04:00:00,A,3,3.9,5.173155737704916,0,0.0,0.0
2023-05-27 04:00:00,B,8,4.8,2.4717226728466573,0,0.0,0.0
2023-05-27 04:00:00,C,9,3.3,2.4717226728466573,0,0.0,0.0
2023-05-27 05:00:00,A,3,3.9,22.954508196721328,29,0.0,8.200000000000001
2023-05-27 05:00:00,B,8,4.8,23.0540874855156,50,0.0,20.400000000000002
2023-05-27 05:00:00,C,9,3.3,23.0540874855156,0,0.0,0.0
2023-05-27 06:00:00,A,3,3.9,57.2328512396694,164,104.22,89.89999999999999
2023-05-27 06:00:00,B,8,4.8,55.629655272305826,123,150.92,125.6
2023-05-27 06:00:00,C,9,3.3,55.629655272305826,24,0.0,47.9
2023-05-27 07:00:00,A,3,3.9,105.99814049586772,325,349.45,250.4
2023-05-27 07:00:00,B,8,4.8,99.95453843182666,316,348.43,316.3
2023-05-27 07:00:00,C,9,3.3,99.95453843182666,169,140.17,188.6
2023-05-27 08:00:00,A,3,3.9,194.71466942148768,633,461.02,411.9
2023-05-27 08:00:00,B,8,4.8,180.45457802240202,538,510.62,494.0
2023-05-27 08:00:00,C,9,3.3,180.45457802240202,312,319.06,317.2
2023-05-27 09:00:00,A,3,3.9,578.4704545454546,1757,1068.2,1090.9
2023-05-27 09:00:00,B,8,4.8,575.6548329470836,2031,1520.3,1644.2
2023-05-27 09:00:00,C,9,3.3,575.6548329470836,1341,1008.5,1193.3
2023-05-27 10:00:00,A,3,3.9,768.7481249999997,2429,1990.5,2284.0
2023-05-27 10:00:00,B,8,4.8,766.6472798377747,3007,2840.1,2898.2999999999997
2023-05-27 10:00:00,C,9,3.3,766.6472798377747,2066,2040.9,2130.7
2023-05-27 11:00:00,A,3,3.9,740.8809322033899,2453,2309.9,2682.0
2023-05-27 11:00:00,B,8,4.8,736.3064271919652,3321,3123.5,3261.2999999999997
2023-05-27 11:00:00,C,9,3.3,736.3064271919652,2283,2256.7,2384.3999999999996
2023-05-27 12:00:00,A,3,3.9,924.4881355932199,3128,2389.6,2691.2
2023-05-27 12:00:00,B,8,4.8,926.9807444959438,3509,3159.3,3257.1
2023-05-27 12:00:00,C,9,3.3,926.9807444959438,2423,2361.5,2376.2
2023-05-27 13:00:00,A,3,3.9,963.2888655462184,3265,3038.3,3095.9
2023-05-27 13:00:00,B,8,4.8,960.2754297025873,4009,3658.2,3718.5
2023-05-27 13:00:00,C,9,3.3,960.2754297025873,2726,2762.7,2694.3
2023-05-27 14:00:00,A,3,3.9,887.9331249999996,3079,2912.5,3030.9
2023-05-27 14:00:00,B,8,4.8,884.4333120896098,3792,3506.2,3604.6
2023-05-27 14:00:00,C,9,3.3,884.4333120896098,2621,2645.5,2616.6
2023-05-27 15:00:00,A,3,3.9,773.120798319328,2691,2574.2,2699.3999999999996
2023-05-27 15:00:00,B,8,4.8,770.2163856701422,3358,3101.5,3222.7000000000003
2023-05-27 15:00:00,C,9,3.3,770.2163856701422,2295,2306.7,2351.3
2023-05-27 16:00:00,A,3,3.9,610.2997881355932,2156,2040.8,2244.5
2023-05-27 16:00:00,B,8,4.8,607.6367217072223,2764,2665.1,2715.6
2023-05-27 16:00:00,C,9,3.3,607.6367217072223,1879,1941.3,1983.9
2023-05-27 17:00:00,A,3,3.9,408.1394628099173,1439,1296.1,1597.6
2023-05-27 17:00:00,B,8,4.8,409.3376825028965,1761,1754.7,1806.1000000000001
2023-05-27 17:00:00,C,9,3.3,409.3376825028965,1263,1349.0,1412.4
2023-05-27 18:00:00,A,3,3.9,207.13442982456138,618,962.74,817.4
2023-05-27 18:00:00,B,8,4.8,202.59661645422892,767,789.89,840.0999999999999
2023-05-27 18:00:00,C,9,3.3,202.59661645422892,531,740.93,697.3000000000001
2023-05-27 19:00:00,A,3,3.9,74.6535123966942,163,374.78,280.3
2023-05-27 19:00:00,B,8,4.8,60.09626593279249,207,406.02,329.40000000000003
2023-05-27 19:00:00,C,9,3.3,60.09626593279249,115,235.22,199.5
2023-05-27 20:00:00,A,3,3.9,29.817948717948696,67,112.15,115.5
2023-05-27 20:00:00,B,8,4.8,26.34480204712239,85,114.41,127.0
2023-05-27 20:00:00,C,9,3.3,26.34480204712239,0,0.0,49.8
2023-05-27 21:00:00,A,3,3.9,7.921218487394961,0,0.0,27.400000000000002
2023-05-27 21:00:00,B,8,4.8,4.061187717265346,56,0.0,27.5
2023-05-27 21:00:00,C,9,3.3,4.061187717265346,0,0.0,0.0
2023-05-27 22:00:00,A,3,3.9,0.0,0,0.0,0.0
2023-05-27 22:00:00,B,8,4.8,0.0,0,0.0,0.0
2023-05-27 22:00:00,C,9,3.3,0.0,0,0.0,0.0
2023-05-27 23:00:00,A,3,3.9,0.0,0,0.0,0.0
2023-05-27 23:00:00,B,8,4.8,0.0,0,0.0,0.0
2023-05-27 23:00:00,C,9,3.3,0.0,0,0.0,0.0
2023-05-28 00:00:00,A,3,3.9,0.0,0,0.0,0.0
2023-05-28 00:00:00,B,8,4.8,0.0,0,0.0,0.0
2023-05-28 00:00:00,C,9,3.3,0.0,0,0.0,0.0
2023-05-28 01:00:00,A,3,3.9,0.0,0,0.0,0.0
2023-05-28 01:00:00,B,8,4.8,0.0,0,0.0,0.0
2023-05-28 01:00:00,C,9,3.3,0.0,0,0.0,0.0
2023-05-28 02:00:00,A,3,3.9,0.0,0,0.0,0.0
2023-05-28 02:00:00,B,8,4.8,0.3547894940131321,0,0.0,0.0
2023-05-28 02:00:00,C,9,3.3,0.3547894940131321,0,0.0,0.0
2023-05-28 03:00:00,A,3,3.9,0.0,0,0.0,0.0
2023-05-28 03:00:00,B,8,4.8,0.0,0,0.0,0.0
2023-05-28 03:00:00,C,9,3.3,0.0,0,0.0,0.0
2023-05-28 04:00:00,A,3,3.9,3.571487603305781,0,0.0,0.0
2023-05-28 04:00:00,B,8,4.8,0.716831788335263,0,0.0,0.0
2023-05-28 04:00:00,C,9,3.3,0.716831788335263,0,0.0,0.0
2023-05-28 05:00:00,A,3,3.9,8.725000000000003,0,0.0,0.0
2023-05-28 05:00:00,B,8,4.8,6.745861336423314,0,0.0,0.0
2023-05-28 05:00:00,C,9,3.3,6.745861336423314,0,0.0,0.0
2023-05-28 06:00:00,A,3,3.9,63.4939075630252,187,0.0,30.4
2023-05-28 06:00:00,B,8,4.8,59.67072808033981,131,43.242,35.3
2023-05-28 06:00:00,C,9,3.3,59.67072808033981,55,0.0,0.0
2023-05-28 07:00:00,A,3,3.9,139.22139830508473,462,271.4,242.7
2023-05-28 07:00:00,B,8,4.8,146.50514001544954,437,330.17,322.6
2023-05-28 07:00:00,C,9,3.3,146.50514001544954,227,143.15,192.5
2023-05-28 08:00:00,A,3,3.9,302.69041666666675,858,649.62,525.5
2023-05-28 08:00:00,B,8,4.8,300.13732522209295,1014,717.49,786.3
2023-05-28 08:00:00,C,9,3.3,300.13732522209295,611,469.9,533.1
2023-05-28 09:00:00,A,3,3.9,467.2696280991732,1395,1087.1,1086.3
2023-05-28 09:00:00,B,8,4.8,456.38015449980634,1704,1584.9,1588.2
2023-05-28 09:00:00,C,9,3.3,456.38015449980634,1172,981.67,1150.9
2023-05-28 10:00:00,A,3,3.9,580.5053719008266,1817,1780.7,1998.0
2023-05-28 10:00:00,B,8,4.8,572.0842709540353,2208,2376.9,2497.0
2023-05-28 10:00:00,C,9,3.3,572.0842709540353,1494,1667.0,1833.1
2023-05-28 11:00:00,A,3,3.9,542.9637500000003,1867,1878.8,2127.3
2023-05-28 11:00:00,B,8,4.8,592.9625984936258,2502,2417.2,2633.1000000000004
2023-05-28 11:00:00,C,9,3.3,592.9625984936258,1758,1747.5,1923.6
2023-05-28 12:00:00,A,3,3.9,983.8799586776856,3245,2318.7,2427.2999999999997
2023-05-28 12:00:00,B,8,4.8,933.344633062956,3209,2775.6,2985.6
2023-05-28 12:00:00,C,9,3.3,933.344633062956,2405,2112.3,2182.5
2023-05-28 13:00:00,A,3,3.9,780.4941304347825,2669,2768.9,2773.8999999999996
2023-05-28 13:00:00,B,8,4.8,778.1470336037049,3190,3369.5,3463.6
2023-05-28 13:00:00,C,9,3.3,778.1470336037049,2330,2550.3,2526.2
2023-05-28 14:00:00,A,3,3.9,996.9180084745753,3425,3072.1,2999.5
2023-05-28 14:00:00,B,8,4.8,985.041413673231,3883,3627.6,3707.3999999999996
2023-05-28 14:00:00,C,9,3.3,985.041413673231,2801,2733.6,2695.3999999999996
2023-05-28 15:00:00,A,3,3.9,759.2958677685958,2647,2875.3,2858.2000000000003
2023-05-28 15:00:00,B,8,4.8,751.5898754345297,3615,3322.5,3518.8
2023-05-28 15:00:00,C,9,3.3,751.5898754345297,2519,2500.7,2563.7
2023-05-28 16:00:00,A,3,3.9,621.5148760330578,2193,2088.2,2129.7000000000003
2023-05-28 16:00:00,B,8,4.8,607.2928379683269,2652,2506.7,2643.2000000000003
2023-05-28 16:00:00,C,9,3.3,607.2928379683269,1775,1880.3,1936.3999999999999
2023-05-28 17:00:00,A,3,3.9,427.5332627118644,1510,1587.3,1674.9
2023-05-28 17:00:00,B,8,4.8,431.7195422943216,1872,1903.2,1937.4
2023-05-28 17:00:00,C,9,3.3,431.7195422943216,1340,1272.7,1525.0
2023-05-28 18:00:00,A,3,3.9,207.89348739495804,607,700.19,815.0
2023-05-28 18:00:00,B,8,4.8,203.07472190034724,753,813.53,858.1999999999999
2023-05-28 18:00:00,C,9,3.3,203.07472190034724,531,783.89,719.3000000000001
2023-05-28 19:00:00,A,3,3.9,63.47626050420175,134,353.65,257.7
2023-05-28 19:00:00,B,8,4.8,54.355572614909164,161,315.79,305.9
2023-05-28 19:00:00,C,9,3.3,54.355572614909164,65,217.13,183.0
2023-05-28 20:00:00,A,3,3.9,41.283193277310914,112,83.947,73.89999999999999
2023-05-28 20:00:00,B,8,4.8,35.64791811510232,101,115.97,118.2
2023-05-28 20:00:00,C,9,3.3,35.64791811510232,20,0.0,42.9
2023-05-28 21:00:00,A,3,3.9,9.325854700854707,0,0.0,0.0
2023-05-28 21:00:00,B,8,4.8,5.592600424874451,34,0.0,23.900000000000002
2023-05-28 21:00:00,C,9,3.3,5.592600424874451,0,0.0,0.0
2023-05-28 22:00:00,A,3,3.9,3.2721074380165316,0,0.0,0.0
2023-05-28 22:00:00,B,8,4.8,0.0,0,0.0,0.0
2023-05-28 22:00:00,C,9,3.3,0.0,0,0.0,0.0
2023-05-28 23:00:00,A,3,3.9,0.0,0,0.0,0.0
2023-05-28 23:00:00,B,8,4.8,0.0,0,0.0,0.0
2023-05-28 23:00:00,C,9,3.3,0.0,0,0.0,0.0
2023-05-29 00:00:00,A,3,3.9,0.0,0,0.0,0.0
2023-05-29 00:00:00,B,8,4.8,0.0,0,0.0,0.0
2023-05-29 00:00:00,C,9,3.3,0.0,0,0.0,0.0
2023-05-29 01:00:00,A,3,3.9,0.0,0,0.0,0.0
2023-05-29 01:00:00,B,8,4.8,0.0,0,0.0,0.0
2023-05-29 01:00:00,C,9,3.3,0.0,0,0.0,0.0
2023-05-29 02:00:00,A,3,3.9,0.0,0,0.0,0.0
2023-05-29 02:00:00,B,8,4.8,0.0,0,0.0,0.0
2023-05-29 02:00:00,C,9,3.3,0.0,0,0.0,0.0
2023-05-29 03:00:00,A,3,3.9,0.0,0,0.0,0.0
2023-05-29 03:00:00,B,8,4.8,0.0,0,0.0,0.0
2023-05-29 03:00:00,C,9,3.3,0.0,0,0.0,0.0
2023-05-29 04:00:00,A,3,3.9,6.9446721311475414,0,0.0,0.0
2023-05-29 04:00:00,B,8,4.8,3.572558903051367,0,0.0,0.0
2023-05-29 04:00:00,C,9,3.3,3.572558903051367,0,0.0,0.0
2023-05-29 05:00:00,A,3,3.9,21.4655982905983,20,0.0,18.0
2023-05-29 05:00:00,B,8,4.8,19.999358825801426,62,0.0,15.9
2023-05-29 05:00:00,C,9,3.3,19.999358825801426,0,0.0,0.0
2023-05-29 06:00:00,A,3,3.9,35.670833333333334,122,83.088,71.8
2023-05-29 06:00:00,B,8,4.8,41.89581981460016,86,106.11,96.4
2023-05-29 06:00:00,C,9,3.3,41.89581981460016,0,0.0,25.2
2023-05-29 07:00:00,A,3,3.9,177.40847107438017,531,144.38,154.5
2023-05-29 07:00:00,B,8,4.8,193.22363847045145,358,304.23,309.90000000000003
2023-05-29 07:00:00,C,9,3.3,193.22363847045145,198,154.4,184.5
2023-05-29 08:00:00,A,3,3.9,392.2182773109244,971,957.26,854.6
2023-05-29 08:00:00,B,8,4.8,409.2992226728463,1352,1131.6,1358.4
2023-05-29 08:00:00,C,9,3.3,409.2992226728463,808,769.55,949.3000000000001
2023-05-29 09:00:00,A,3,3.9,595.3722916666668,1403,1410.1,1424.6000000000001
2023-05-29 09:00:00,B,8,4.8,615.8862417921976,2320,2247.9,2248.1
2023-05-29 09:00:00,C,9,3.3,615.8862417921976,1514,1409.2,1646.0
2023-05-29 10:00:00,A,3,3.9,760.8487500000002,2081,2090.0,2327.4
2023-05-29 10:00:00,B,8,4.8,740.2985496330623,2926,2997.3,2951.6
2023-05-29 10:00:00,C,9,3.3,740.2985496330623,1960,2150.6,2166.3
2023-05-29 11:00:00,A,3,3.9,857.1939583333334,2758,2430.2,2662.1
2023-05-29 11:00:00,B,8,4.8,863.110664349169,3548,3338.9,3351.9
2023-05-29 11:00:00,C,9,3.3,863.110664349169,2333,2360.0,2448.4
2023-05-29 12:00:00,A,3,3.9,950.6275462962967,2762,2706.4,2902.8999999999996
2023-05-29 12:00:00,B,8,4.8,954.9682705677843,3417,3422.2,3613.4
2023-05-29 12:00:00,C,9,3.3,954.9682705677843,2367,2539.3,2625.6
2023-05-29 13:00:00,A,3,3.9,630.9518595041324,2157,2183.8,2506.8
2023-05-29 13:00:00,B,8,4.8,611.829910196987,2934,2900.3,3116.5
2023-05-29 13:00:00,C,9,3.3,611.829910196987,1988,2136.6,2266.1
2023-05-29 14:00:00,A,3,3.9,464.7805084745766,1603,1547.5,1644.4
2023-05-29 14:00:00,B,8,4.8,437.8302278872147,1847,1785.4,1960.6
2023-05-29 14:00:00,C,9,3.3,437.8302278872147,1236,1266.0,1407.1
2023-05-29 15:00:00,A,3,3.9,397.39814049586784,1377,1432.1,1453.5
2023-05-29 15:00:00,B,8,4.8,373.0540353418304,1670,1614.2,1711.1000000000001
2023-05-29 15:00:00,C,9,3.3,373.0540353418304,1114,1170.1,1223.4
2023-05-29 16:00:00,A,3,3.9,505.1137711864405,1793,1565.2,1541.5
2023-05-29 16:00:00,B,8,4.8,491.3316927385086,2119,1828.6,1842.1000000000001
2023-05-29 16:00:00,C,9,3.3,491.3316927385086,1434,1291.3,1327.2
2023-05-29 17:00:00,A,3,3.9,399.0957983193273,1358,1418.8,1434.1999999999998
2023-05-29 17:00:00,B,8,4.8,381.85257628427905,1606,1648.3,1708.7
2023-05-29 17:00:00,C,9,3.3,381.85257628427905,1131,1267.4,1320.7
2023-05-29 18:00:00,A,3,3.9,188.72041666666655,608,885.78,728.0
2023-05-29 18:00:00,B,8,4.8,183.6864957512548,832,716.58,792.6999999999999
2023-05-29 18:00:00,C,9,3.3,183.6864957512548,567,724.12,643.3
2023-05-29 19:00:00,A,3,3.9,72.94008264462813,179,314.31,267.0
2023-05-29 19:00:00,B,8,4.8,62.26947663190409,235,362.72,331.8
2023-05-29 19:00:00,C,9,3.3,62.26947663190409,135,254.9,201.2
2023-05-29 20:00:00,A,3,3.9,35.52606837606835,84,117.63,96.19999999999999
2023-05-29 20:00:00,B,8,4.8,31.61830146774812,86,138.3,134.6
2023-05-29 20:00:00,C,9,3.3,31.61830146774812,1,0.0,55.599999999999994
2023-05-29 21:00:00,A,3,3.9,8.814075630252113,0,0.0,36.3
2023-05-29 21:00:00,B,8,4.8,5.103288914638842,53,0.0,37.5
2023-05-29 21:00:00,C,9,3.3,5.103288914638842,0,0.0,0.0
2023-05-29 22:00:00,A,3,3.9,3.493589743589745,0,0.0,0.0
2023-05-29 22:00:00,B,8,4.8,0.0,0,0.0,0.0
2023-05-29 22:00:00,C,9,3.3,0.0,0,0.0,0.0
2023-05-29 23:00:00,A,3,3.9,0.0,0,0.0,0.0
2023-05-29 23:00:00,B,8,4.8,0.0,0,0.0,0.0
2023-05-29 23:00:00,C,9,3.3,0.0,0,0.0,0.0
2023-05-30 00:00:00,A,3,3.9,0.0,0,0.0,0.0
2023-05-30 00:00:00,B,8,4.8,0.0,0,0.0,0.0
2023-05-30 00:00:00,C,9,3.3,0.0,0,0.0,0.0
2023-05-30 01:00:00,A,3,3.9,0.0,0,0.0,0.0
2023-05-30 01:00:00,B,8,4.8,0.0,0,0.0,0.0
2023-05-30 01:00:00,C,9,3.3,0.0,0,0.0,0.0
2023-05-30 02:00:00,A,3,3.9,0.0,0,0.0,0.0
2023-05-30 02:00:00,B,8,4.8,0.0,0,0.0,0.0
2023-05-30 02:00:00,C,9,3.3,0.0,0,0.0,0.0
2023-05-30 03:00:00,A,3,3.9,3.2739669421487525,0,0.0,0.0
2023-05-30 03:00:00,B,8,4.8,0.0,0,0.0,0.0
2023-05-30 03:00:00,C,9,3.3,0.0,0,0.0,0.0
2023-05-30 04:00:00,A,3,3.9,7.068125,0,0.0,0.0
2023-05-30 04:00:00,B,8,4.8,4.19361722672846,0,0.0,0.0
2023-05-30 04:00:00,C,9,3.3,4.19361722672846,0,0.0,0.0
2023-05-30 05:00:00,A,3,3.9,19.333958333333335,5,0.0,17.4
2023-05-30 05:00:00,B,8,4.8,19.552275009656196,67,0.0,17.2
2023-05-30 05:00:00,C,9,3.3,19.552275009656196,0,0.0,0.0
2023-05-30 06:00:00,A,3,3.9,31.341115702479343,111,0.0,59.7
2023-05-30 06:00:00,B,8,4.8,38.672120509849314,66,94.244,91.2
2023-05-30 06:00:00,C,9,3.3,38.672120509849314,0,0.0,21.2
2023-05-30 07:00:00,A,3,3.9,160.20630252100844,495,220.09,158.9
2023-05-30 07:00:00,B,8,4.8,186.5908603707991,324,276.25,304.9
2023-05-30 07:00:00,C,9,3.3,186.5908603707991,147,148.75,181.0
2023-05-30 08:00:00,A,3,3.9,385.27647058823527,951,912.63,743.0
2023-05-30 08:00:00,B,8,4.8,406.69238219389695,1315,1246.8,1332.8999999999999
2023-05-30 08:00:00,C,9,3.3,406.69238219389695,772,754.97,929.8
2023-05-30 09:00:00,A,3,3.9,596.9889830508474,1384,1434.2,1368.1000000000001
2023-05-30 09:00:00,B,8,4.8,618.3719534569328,2318,2149.8,2250.4
2023-05-30 09:00:00,C,9,3.3,618.3719534569328,1514,1595.3,1646.7
2023-05-30 10:00:00,A,3,3.9,778.3841101694918,1799,2092.5,2249.8999999999996
2023-05-30 10:00:00,B,8,4.8,792.4623686751632,3111,2847.2,2931.2
2023-05-30 10:00:00,C,9,3.3,792.4623686751632,2073,2065.8,2148.2000000000003
2023-05-30 11:00:00,A,3,3.9,914.0609913793106,2682,2505.1,2678.7999999999997
2023-05-30 11:00:00,B,8,4.8,924.3813248358433,3640,3438.0,3442.8
2023-05-30 11:00:00,C,9,3.3,924.3813248358433,2402,2479.3,2507.2000000000003
2023-05-30 12:00:00,A,3,3.9,986.7193965517249,3159,2854.7,2921.3
2023-05-30 12:00:00,B,8,4.8,992.275353418307,3939,3674.1,3734.7999999999997
2023-05-30 12:00:00,C,9,3.3,992.275353418307,2587,2756.7,2702.3
2023-05-30 13:00:00,A,3,3.9,992.0204166666672,3262,3103.9,2948.4
2023-05-30 13:00:00,B,8,4.8,994.0948725376564,4053,3756.3,3818.2999999999997
2023-05-30 13:00:00,C,9,3.3,994.0948725376564,2623,2848.8,2755.1
2023-05-30 14:00:00,A,3,3.9,915.4002083333329,3046,2988.9,2881.1
2023-05-30 14:00:00,B,8,4.8,910.5871282348393,3796,3577.7,3640.4
2023-05-30 14:00:00,C,9,3.3,910.5871282348393,2515,2717.6,2632.7
2023-05-30 15:00:00,A,3,3.9,798.8919491525426,2701,2627.1,2633.5
2023-05-30 15:00:00,B,8,4.8,797.0838538045573,3383,3215.7,3296.4
2023-05-30 15:00:00,C,9,3.3,797.0838538045573,2229,2413.8,2396.1
2023-05-30 16:00:00,A,3,3.9,627.8163865546221,2190,2150.1,2200.7
2023-05-30 16:00:00,B,8,4.8,629.5202954808802,2829,2693.6,2771.9
2023-05-30 16:00:00,C,9,3.3,629.5202954808802,1861,2003.7,2021.5
2023-05-30 17:00:00,A,3,3.9,416.4284482758619,1421,1533.7,1554.3
2023-05-30 17:00:00,B,8,4.8,419.77584781768985,1760,1785.6,1841.0
2023-05-30 17:00:00,C,9,3.3,419.77584781768985,1234,1219.6,1434.1
2023-05-30 18:00:00,A,3,3.9,205.51461864406775,587,867.24,787.3
2023-05-30 18:00:00,B,8,4.8,203.81623310158324,720,787.34,844.4000000000001
2023-05-30 18:00:00,C,9,3.3,203.81623310158324,497,636.62,695.1
2023-05-30 19:00:00,A,3,3.9,67.37012711864408,133,368.3,282.5
2023-05-30 19:00:00,B,8,4.8,51.10151602935492,153,340.81,311.40000000000003
2023-05-30 19:00:00,C,9,3.3,51.10151602935492,54,222.85,187.0
2023-05-30 20:00:00,A,3,3.9,26.45149572649574,55,106.18,93.7
2023-05-30 20:00:00,B,8,4.8,25.719662031672424,65,113.68,107.1
2023-05-30 20:00:00,C,9,3.3,25.719662031672424,0,0.0,34.7
2023-05-30 21:00:00,A,3,3.9,8.938135593220341,0,0.0,28.299999999999997
2023-05-30 21:00:00,B,8,4.8,4.369875434530695,57,0.0,28.299999999999997
2023-05-30 21:00:00,C,9,3.3,4.369875434530695,0,0.0,0.0
2023-05-30 22:00:00,A,3,3.9,3.297520661157027,0,0.0,0.0
2023-05-30 22:00:00,B,8,4.8,0.0,0,0.0,0.0
2023-05-30 22:00:00,C,9,3.3,0.0,0,0.0,0.0
2023-05-30 23:00:00,A,3,3.9,0.0,0,0.0,0.0
2023-05-30 23:00:00,B,8,4.8,0.0,0,0.0,0.0
2023-05-30 23:00:00,C,9,3.3,0.0,0,0.0,0.0
2023-05-31 00:00:00,A,3,3.9,0.0,0,0.0,0.0
2023-05-31 00:00:00,B,8,4.8,0.0,0,0.0,0.0
2023-05-31 00:00:00,C,9,3.3,0.0,0,0.0,0.0
2023-05-31 01:00:00,A,3,3.9,0.0,0,0.0,0.0
2023-05-31 01:00:00,B,8,4.8,0.0,0,0.0,0.0
2023-05-31 01:00:00,C,9,3.3,0.0,0,0.0,0.0
2023-05-31 02:00:00,A,3,3.9,0.0,0,0.0,0.0
2023-05-31 02:00:00,B,8,4.8,0.0,0,0.0,0.0
2023-05-31 02:00:00,C,9,3.3,0.0,0,0.0,0.0
2023-05-31 03:00:00,A,3,3.9,0.0,0,0.0,0.0
2023-05-31 03:00:00,B,8,4.8,0.0,0,0.0,0.0
2023-05-31 03:00:00,C,9,3.3,0.0,0,0.0,0.0
2023-05-31 04:00:00,A,3,3.9,9.659791666666667,0,0.0,0.0
2023-05-31 04:00:00,B,8,4.8,6.081457126303577,0,0.0,0.0
2023-05-31 04:00:00,C,9,3.3,6.081457126303577,0,0.0,0.0
2023-05-31 05:00:00,A,3,3.9,40.538842975206634,91,0.0,16.2
2023-05-31 05:00:00,B,8,4.8,35.724464078794846,98,0.0,27.2
2023-05-31 05:00:00,C,9,3.3,35.724464078794846,2,0.0,0.0
2023-05-31 06:00:00,A,3,3.9,57.40805785123974,156,0.0,0.0
2023-05-31 06:00:00,B,8,4.8,56.67956933178828,175,41.097,15.7
2023-05-31 06:00:00,C,9,3.3,56.67956933178828,101,0.0,0.0
2023-05-31 07:00:00,A,3,3.9,148.3957983193277,450,307.34,200.1
2023-05-31 07:00:00,B,8,4.8,158.9160225955963,303,317.54,302.8
2023-05-31 07:00:00,C,9,3.3,158.9160225955963,151,180.6,180.5
2023-05-31 08:00:00,A,3,3.9,327.99235537190077,967,810.92,806.3000000000001
2023-05-31 08:00:00,B,8,4.8,336.03501641560393,1145,1010.8,1062.8999999999999
2023-05-31 08:00:00,C,9,3.3,336.03501641560393,680,687.14,728.0
2023-05-31 09:00:00,A,3,3.9,508.68541666666636,1502,1205.8,1162.7
2023-05-31 09:00:00,B,8,4.8,509.5214020857468,1877,1720.9,1834.8
2023-05-31 09:00:00,C,9,3.3,509.5214020857468,1229,1170.0,1328.8
2023-05-31 10:00:00,A,3,3.9,780.8631465517236,2439,1915.9,2075.0
2023-05-31 10:00:00,B,8,4.8,784.6392960602545,2939,2818.3,2657.4
2023-05-31 10:00:00,C,9,3.3,784.6392960602545,1987,1987.5,1947.7
2023-05-31 11:00:00,A,3,3.9,945.0877118644064,2981,2559.5,2792.7
2023-05-31 11:00:00,B,8,4.8,941.9625251062173,3700,3447.1,3514.8
2023-05-31 11:00:00,C,9,3.3,941.9625251062173,2521,2522.5,2556.1
2023-05-31 12:00:00,A,3,3.9,810.0575000000002,2671,2736.2,2826.2
2023-05-31 12:00:00,B,8,4.8,810.0548107377352,3350,3421.7,3538.4
2023-05-31 12:00:00,C,9,3.3,810.0548107377352,2288,2549.8,2565.2
2023-05-31 13:00:00,A,3,3.9,974.3189583333335,3210,2828.4,2807.1000000000004
2023-05-31 13:00:00,B,8,4.8,960.4002529934324,3807,3350.5,3460.1000000000004
2023-05-31 13:00:00,C,9,3.3,960.4002529934324,2604,2509.3,2506.6000000000004
2023-05-31 14:00:00,A,3,3.9,871.2571428571435,2824,2876.4,2906.1
2023-05-31 14:00:00,B,8,4.8,852.9929750869057,3665,3572.4,3641.4
2023-05-31 14:00:00,C,9,3.3,852.9929750869057,2441,2624.0,2629.3
2023-05-31 15:00:00,A,3,3.9,621.5070833333336,2111,2274.2,2274.2
2023-05-31 15:00:00,B,8,4.8,611.3003157589797,2733,2714.6,2852.2
2023-05-31 15:00:00,C,9,3.3,611.3003157589797,1819,1962.9,2072.4
2023-05-31 16:00:00,A,3,3.9,571.4030172413793,1986,1825.5,1834.8999999999999
2023-05-31 16:00:00,B,8,4.8,565.4152211278481,2432,2201.8,2257.4
2023-05-31 16:00:00,C,9,3.3,565.4152211278481,1636,1576.9,1640.7
2023-05-31 17:00:00,A,3,3.9,425.93479166666674,1472,1546.3,1520.3
2023-05-31 17:00:00,B,8,4.8,426.76442159134757,1743,1728.6,1802.6
2023-05-31 17:00:00,C,9,3.3,426.76442159134757,1249,1373.0,1396.3000000000002
2023-05-31 18:00:00,A,3,3.9,208.26465517241374,591,943.05,790.3
2023-05-31 18:00:00,B,8,4.8,202.72852162997248,728,763.6,843.0
2023-05-31 18:00:00,C,9,3.3,202.72852162997248,504,596.35,692.6999999999999
2023-05-31 19:00:00,A,3,3.9,71.33099173553715,139,422.62,285.5
2023-05-31 19:00:00,B,8,4.8,54.00899382000765,164,337.9,319.79999999999995
2023-05-31 19:00:00,C,9,3.3,54.00899382000765,66,243.75,192.89999999999998
2023-05-31 20:00:00,A,3,3.9,27.230833333333333,59,110.44,94.89999999999999
2023-05-31 20:00:00,B,8,4.8,26.545214368481993,70,119.67,112.0
2023-05-31 20:00:00,C,9,3.3,26.545214368481993,0,0.0,38.5
2023-05-31 21:00:00,A,3,3.9,9.24615384615385,0,0.0,30.599999999999998
2023-05-31 21:00:00,B,8,4.8,4.7791792197759655,61,0.0,31.2
2023-05-31 21:00:00,C,9,3.3,4.7791792197759655,0,0.0,0.0
2023-05-31 22:00:00,A,3,3.9,3.2739669421487614,0,0.0,0.0
2023-05-31 22:00:00,B,8,4.8,0.0,0,0.0,0.0
2023-05-31 22:00:00,C,9,3.3,0.0,0,0.0,0.0
2023-05-31 23:00:00,A,3,3.9,0.0,0,0.0,0.0
2023-05-31 23:00:00,B,8,4.8,0.0,0,0.0,0.0
2023-05-31 23:00:00,C,9,3.3,0.0,0,0.0,0.0
2023-06-01 00:00:00,A,3,3.9,0.0,0,0.0,0.0
2023-06-01 00:00:00,B,8,4.8,0.0,0,0.0,0.0
2023-06-01 00:00:00,C,9,3.3,0.0,0,0.0,0.0
2023-06-01 01:00:00,A,3,3.9,0.0,0,0.0,0.0
2023-06-01 01:00:00,B,8,4.8,0.0,0,0.0,0.0
2023-06-01 01:00:00,C,9,3.3,0.0,0,0.0,0.0
2023-06-01 02:00:00,A,3,3.9,0.0,0,0.0,0.0
2023-06-01 02:00:00,B,8,4.8,0.0,0,0.0,0.0
2023-06-01 02:00:00,C,9,3.3,0.0,0,0.0,0.0
2023-06-01 03:00:00,A,3,3.9,0.0,0,0.0,0.0
2023-06-01 03:00:00,B,8,4.8,0.0,0,0.0,0.0
2023-06-01 03:00:00,C,9,3.3,0.0,0,0.0,0.0
2023-06-01 04:00:00,A,3,3.9,8.281779661016946,0,0.0,0.0
2023-06-01 04:00:00,B,8,4.8,4.910529161838538,0,0.0,0.0
2023-06-01 04:00:00,C,9,3.3,4.910529161838538,0,0.0,0.0
2023-06-01 05:00:00,A,3,3.9,28.119834710743806,58,0.0,26.3
2023-06-01 05:00:00,B,8,4.8,24.707803205870945,60,44.906,28.8
2023-06-01 05:00:00,C,9,3.3,24.707803205870945,0,0.0,0.0
2023-06-01 06:00:00,A,3,3.9,49.782438016528936,148,120.31,98.9
2023-06-01 06:00:00,B,8,4.8,50.89441579760521,111,147.34,121.6
2023-06-01 06:00:00,C,9,3.3,50.89441579760521,28,0.0,45.0
2023-06-01 07:00:00,A,3,3.9,166.05245901639339,522,327.83,220.29999999999998
2023-06-01 07:00:00,B,8,4.8,177.40028196214718,394,344.85,342.9
2023-06-01 07:00:00,C,9,3.3,177.40028196214718,204,228.6,207.9
2023-06-01 08:00:00,A,3,3.9,368.76377118644075,995,969.4,897.0
2023-06-01 08:00:00,B,8,4.8,375.5486539204321,1236,1212.1,1204.9
2023-06-01 08:00:00,C,9,3.3,375.5486539204321,740,705.24,833.4
2023-06-01 09:00:00,A,3,3.9,560.0016528925618,1441,1338.8,1264.2
2023-06-01 09:00:00,B,8,4.8,569.693210699111,2143,2050.5,2071.2999999999997
2023-06-01 09:00:00,C,9,3.3,569.693210699111,1408,1431.1,1510.0
2023-06-01 10:00:00,A,3,3.9,747.3370833333336,1897,2006.0,2145.3
2023-06-01 10:00:00,B,8,4.8,753.9263026264961,2955,2826.6,2798.2
2023-06-01 10:00:00,C,9,3.3,753.9263026264961,1989,2017.1,2054.3999999999996
2023-06-01 11:00:00,A,3,3.9,876.7298728813552,2705,2460.2,2610.9
2023-06-01 11:00:00,B,8,4.8,885.2067246040932,3555,3303.3,3368.7999999999997
2023-06-01 11:00:00,C,9,3.3,885.2067246040932,2364,2396.0,2462.7
2023-06-01 12:00:00,A,3,3.9,906.1636363636363,2953,2832.2,2808.0
2023-06-01 12:00:00,B,8,4.8,895.51824642719,3677,3538.4,3617.4
2023-06-01 12:00:00,C,9,3.3,895.51824642719,2524,2648.1,2631.2000000000003
2023-06-01 13:00:00,A,3,3.9,951.2333333333322,3215,2978.3,2859.5
2023-06-01 13:00:00,B,8,4.8,945.4279934337575,3865,3574.8,3669.1
2023-06-01 13:00:00,C,9,3.3,945.4279934337575,2555,2695.9,2666.4
2023-06-01 14:00:00,A,3,3.9,900.4835416666672,3055,2896.6,2838.7
2023-06-01 14:00:00,B,8,4.8,891.5996726535337,3741,3416.3,3606.0
2023-06-01 14:00:00,C,9,3.3,891.5996726535337,2465,2574.2,2621.9
2023-06-01 15:00:00,A,3,3.9,775.6212809917358,2721,2606.1,2563.6
2023-06-01 15:00:00,B,8,4.8,769.9566811510228,3363,3120.7,3256.7
2023-06-01 15:00:00,C,9,3.3,769.9566811510228,2238,2338.6,2378.6
2023-06-01 16:00:00,A,3,3.9,614.6820833333334,2168,2178.2,2137.4
2023-06-01 16:00:00,B,8,4.8,613.1494476631898,2798,2592.6,2744.6000000000004
2023-06-01 16:00:00,C,9,3.3,613.1494476631898,1843,1921.6,2007.6999999999998
2023-06-01 17:00:00,A,3,3.9,411.8816239316238,1437,1548.3,1523.1
2023-06-01 17:00:00,B,8,4.8,413.1348435689449,1779,1762.1,1849.3999999999999
2023-06-01 17:00:00,C,9,3.3,413.1348435689449,1236,1343.2,1434.9
2023-06-01 18:00:00,A,3,3.9,214.20433884297512,642,901.44,789.1
2023-06-01 18:00:00,B,8,4.8,210.20773561220503,790,801.4,876.9
2023-06-01 18:00:00,C,9,3.3,210.20773561220503,532,817.13,716.4000000000001
2023-06-01 19:00:00,A,3,3.9,82.56854166666665,196,334.66,270.6
2023-06-01 19:00:00,B,8,4.8,66.45708671301652,253,383.35,347.0
2023-06-01 19:00:00,C,9,3.3,66.45708671301652,137,269.02,211.79999999999998
2023-06-01 20:00:00,A,3,3.9,35.45882352941175,96,0.0,51.6
2023-06-01 20:00:00,B,8,4.8,31.382994399381953,105,136.98,149.5
2023-06-01 20:00:00,C,9,3.3,31.382994399381953,22,0.0,67.10000000000001
2023-06-01 21:00:00,A,3,3.9,10.787394957983201,0,0.0,42.6
2023-06-01 21:00:00,B,8,4.8,5.54228563151795,38,0.0,41.300000000000004
2023-06-01 21:00:00,C,9,3.3,5.54228563151795,0,0.0,0.0
2023-06-01 22:00:00,A,3,3.9,3.3888429752066136,0,0.0,0.0
2023-06-01 22:00:00,B,8,4.8,0.0,0,0.0,0.0
2023-06-01 22:00:00,C,9,3.3,0.0,0,0.0,0.0
2023-06-01 23:00:00,A,3,3.9,0.0,0,0.0,0.0
2023-06-01 23:00:00,B,8,4.8,0.0,0,0.0,0.0
2023-06-01 23:00:00,C,9,3.3,0.0,0,0.0,0.0
2023-06-02 00:00:00,A,3,3.9,0.0,0,0.0,0.0
2023-06-02 00:00:00,B,8,4.8,0.0,0,0.0,0.0
2023-06-02 00:00:00,C,9,3.3,0.0,0,0.0,0.0
2023-06-02 01:00:00,A,3,3.9,0.0,0,0.0,0.0
2023-06-02 01:00:00,B,8,4.8,0.0,0,0.0,0.0
2023-06-02 01:00:00,C,9,3.3,0.0,0,0.0,0.0
2023-06-02 02:00:00,A,3,3.9,0.0,0,0.0,0.0
2023-06-02 02:00:00,B,8,4.8,0.0,0,0.0,0.0
2023-06-02 02:00:00,C,9,3.3,0.0,0,0.0,0.0
2023-06-02 03:00:00,A,3,3.9,3.297745901639338,0,0.0,0.0
2023-06-02 03:00:00,B,8,4.8,0.0,0,0.0,0.0
2023-06-02 03:00:00,C,9,3.3,0.0,0,0.0,0.0
2023-06-02 04:00:00,A,3,3.9,8.014669421487605,0,0.0,0.0
2023-06-02 04:00:00,B,8,4.8,4.245490536886822,0,0.0,0.0
2023-06-02 04:00:00,C,9,3.3,4.245490536886822,0,0.0,0.0
2023-06-02 05:00:00,A,3,3.9,22.359016393442634,24,0.0,24.0
2023-06-02 05:00:00,B,8,4.8,20.91031479335647,66,0.0,22.4
2023-06-02 05:00:00,C,9,3.3,20.91031479335647,0,0.0,0.0
2023-06-02 06:00:00,A,3,3.9,37.2440082644628,124,85.271,71.0
2023-06-02 06:00:00,B,8,4.8,41.22216879103896,84,102.17,100.3
2023-06-02 06:00:00,C,9,3.3,41.22216879103896,0,0.0,28.299999999999997
2023-06-02 07:00:00,A,3,3.9,163.62561983471068,502,247.37,166.0
2023-06-02 07:00:00,B,8,4.8,185.61641270760876,338,313.85,308.5
2023-06-02 07:00:00,C,9,3.3,185.61641270760876,151,150.64,183.60000000000002
2023-06-02 08:00:00,A,3,3.9,388.4489669421488,982,1022.9,924.6
2023-06-02 08:00:00,B,8,4.8,408.58435110081047,1340,1192.3,1342.2
2023-06-02 08:00:00,C,9,3.3,408.58435110081047,783,782.42,936.6999999999999
2023-06-02 09:00:00,A,3,3.9,591.8506198347106,1788,1401.8,1299.5
2023-06-02 09:00:00,B,8,4.8,614.320654692931,2364,2185.5,2299.6
2023-06-02 09:00:00,C,9,3.3,614.320654692931,1550,1527.9,1685.4
2023-06-02 10:00:00,A,3,3.9,714.9595833333332,2208,2121.4,2217.6
2023-06-02 10:00:00,B,8,4.8,690.2099575125525,2958,2950.8,2949.1
2023-06-02 10:00:00,C,9,3.3,690.2099575125525,1990,2067.7,2168.5
2023-06-02 11:00:00,A,3,3.9,893.055341880342,2905,2372.2,2457.6
2023-06-02 11:00:00,B,8,4.8,880.2868839320191,3456,3327.2,3270.0
2023-06-02 11:00:00,C,9,3.3,880.2868839320191,2355,2248.5,2396.9
2023-06-02 12:00:00,A,3,3.9,923.9597916666671,3041,3011.2,2877.9
2023-06-02 12:00:00,B,8,4.8,936.4402211278453,3772,3837.6,3903.3
2023-06-02 12:00:00,C,9,3.3,936.4402211278453,2532,2898.8,2834.0
2023-06-02 13:00:00,A,3,3.9,1016.9500000000005,3466,3101.5,2855.7999999999997
2023-06-02 13:00:00,B,8,4.8,1028.742372537655,4006,3765.8,3808.8
2023-06-02 13:00:00,C,9,3.3,1028.742372537655,2806,2837.0,2767.0
2023-06-02 14:00:00,A,3,3.9,938.3691176470586,3226,3112.5,2892.3
2023-06-02 14:00:00,B,8,4.8,941.508578601776,3970,3782.3,3837.2999999999997
2023-06-02 14:00:00,C,9,3.3,941.508578601776,2635,2909.4,2784.3
2023-06-02 15:00:00,A,3,3.9,811.0339583333335,2810,2798.1,2656.8999999999996
2023-06-02 15:00:00,B,8,4.8,814.8535583236763,3598,3440.1,3461.6
2023-06-02 15:00:00,C,9,3.3,814.8535583236763,2353,2573.0,2528.2
2023-06-02 16:00:00,A,3,3.9,635.5936974789917,2253,2156.5,2221.8
2023-06-02 16:00:00,B,8,4.8,637.7397489378134,2898,2716.1,2896.7000000000003
2023-06-02 16:00:00,C,9,3.3,637.7397489378134,1902,1906.3,2121.6
2023-06-02 17:00:00,A,3,3.9,422.9814583333336,1464,1696.6,1572.6
2023-06-02 17:00:00,B,8,4.8,427.98178157589757,1833,1918.1,1923.4
2023-06-02 17:00:00,C,9,3.3,427.98178157589757,1265,1498.7,1497.5
2023-06-02 18:00:00,A,3,3.9,208.42962184873937,618,1000.4,806.5
2023-06-02 18:00:00,B,8,4.8,203.73327249903392,769,827.55,890.7
2023-06-02 18:00:00,C,9,3.3,203.73327249903392,523,567.59,734.6
2023-06-02 19:00:00,A,3,3.9,71.81020833333332,141,400.67,280.6
2023-06-02 19:00:00,B,8,4.8,54.201664735419016,153,324.08,323.0
2023-06-02 19:00:00,C,9,3.3,54.201664735419016,62,230.01,195.0
2023-06-02 20:00:00,A,3,3.9,28.32355371900826,70,114.59,97.69999999999999
2023-06-02 20:00:00,B,8,4.8,26.70672750096559,69,101.26,113.60000000000001
2023-06-02 20:00:00,C,9,3.3,26.70672750096559,0,0.0,39.300000000000004
2023-06-02 21:00:00,A,3,3.9,10.45291666666667,0,0.0,34.1
2023-06-02 21:00:00,B,8,4.8,5.7111664735418906,53,0.0,34.3
2023-06-02 21:00:00,C,9,3.3,5.7111664735418906,0,0.0,0.0
2023-06-02 22:00:00,A,3,3.9,3.3709016393442646,0,0.0,0.0
2023-06-02 22:00:00,B,8,4.8,0.0,0,0.0,0.0
2023-06-02 22:00:00,C,9,3.3,0.0,0,0.0,0.0
2023-06-02 23:00:00,A,3,3.9,0.0,0,0.0,0.0
2023-06-02 23:00:00,B,8,4.8,0.0,0,0.0,0.0
2023-06-02 23:00:00,C,9,3.3,0.0,0,0.0,0.0
2023-06-03 00:00:00,A,3,3.9,0.0,0,0.0,0.0
2023-06-03 00:00:00,B,8,4.8,0.0,0,0.0,0.0
2023-06-03 00:00:00,C,9,3.3,0.0,0,0.0,0.0
2023-06-03 01:00:00,A,3,3.9,0.0,0,0.0,0.0
2023-06-03 01:00:00,B,8,4.8,0.0,0,0.0,0.0
2023-06-03 01:00:00,C,9,3.3,0.0,0,0.0,0.0
2023-06-03 02:00:00,A,3,3.9,0.0,0,0.0,0.0
2023-06-03 02:00:00,B,8,4.8,0.0,0,0.0,0.0
2023-06-03 02:00:00,C,9,3.3,0.0,0,0.0,0.0
2023-06-03 03:00:00,A,3,3.9,3.27669491525423,0,0.0,0.0
2023-06-03 03:00:00,B,8,4.8,0.0,0,0.0,0.0
2023-06-03 03:00:00,C,9,3.3,0.0,0,0.0,0.0
2023-06-03 04:00:00,A,3,3.9,7.4760245901639335,0,0.0,0.0
2023-06-03 04:00:00,B,8,4.8,4.646831788335254,0,0.0,0.0
2023-06-03 04:00:00,C,9,3.3,4.646831788335254,0,0.0,0.0
2023-06-03 05:00:00,A,3,3.9,27.996487603305795,55,0.0,24.6
2023-06-03 05:00:00,B,8,4.8,26.505154499806828,60,0.0,29.9
2023-06-03 05:00:00,C,9,3.3,26.505154499806828,0,0.0,0.0
2023-06-03 06:00:00,A,3,3.9,84.54036885245901,261,0.0,30.900000000000002
2023-06-03 06:00:00,B,8,4.8,79.73717844727683,200,49.183,46.9
2023-06-03 06:00:00,C,9,3.3,79.73717844727683,82,0.0,0.0
2023-06-03 07:00:00,A,3,3.9,193.23403361344535,624,212.11,250.8
2023-06-03 07:00:00,B,8,4.8,194.34169080726096,574,198.68,351.6
2023-06-03 07:00:00,C,9,3.3,194.34169080726096,314,74.91,210.60000000000002
2023-06-03 08:00:00,A,3,3.9,409.19442148760305,1207,1010.1,949.2
2023-06-03 08:00:00,B,8,4.8,421.68880166087246,1375,1231.1,1250.2
2023-06-03 08:00:00,C,9,3.3,421.68880166087246,835,778.92,868.1999999999999
2023-06-03 09:00:00,A,3,3.9,605.2933333333333,1849,1501.2,1434.1
2023-06-03 09:00:00,B,8,4.8,620.4856460023167,2371,2434.5,2334.2000000000003
2023-06-03 09:00:00,C,9,3.3,620.4856460023167,1562,1572.4,1708.3999999999999
2023-06-03 10:00:00,A,3,3.9,708.3119658119656,2256,2024.0,2225.4
2023-06-03 10:00:00,B,8,4.8,725.6088286983387,2907,2868.6,2925.6000000000004
2023-06-03 10:00:00,C,9,3.3,725.6088286983387,1950,2007.4,2146.0
2023-06-03 11:00:00,A,3,3.9,878.0110169491525,2835,2320.1,2508.4
2023-06-03 11:00:00,B,8,4.8,880.0285158362293,3487,3070.8,3198.6
2023-06-03 11:00:00,C,9,3.3,880.0285158362293,2349,2213.5,2338.0
2023-06-03 12:00:00,A,3,3.9,899.3343220338979,2953,2616.8,2771.5
2023-06-03 12:00:00,B,8,4.8,890.5646919660095,3592,3430.8,3460.0
2023-06-03 12:00:00,C,9,3.3,890.5646919660095,2469,2495.2,2519.8
2023-06-03 13:00:00,A,3,3.9,972.6080508474571,3259,3013.7,2922.0
2023-06-03 13:00:00,B,8,4.8,968.2322537659321,3993,3668.4,3741.2999999999997
2023-06-03 13:00:00,C,9,3.3,968.2322537659321,2707,2783.1,2706.3
2023-06-03 14:00:00,A,3,3.9,911.2139830508481,3081,2952.7,2900.0
2023-06-03 14:00:00,B,8,4.8,905.2064783700265,3720,3495.8,3596.6
2023-06-03 14:00:00,C,9,3.3,905.2064783700265,2512,2590.8,2605.3
2023-06-03 15:00:00,A,3,3.9,793.7256302521007,2733,2655.1,2644.7
2023-06-03 15:00:00,B,8,4.8,789.426510235612,3411,3120.4,3294.7000000000003
2023-06-03 15:00:00,C,9,3.3,789.426510235612,2297,2239.7,2399.7999999999997
2023-06-03 16:00:00,A,3,3.9,609.1591101694918,2143,2101.3,2156.2999999999997
2023-06-03 16:00:00,B,8,4.8,606.4812041328692,2744,2517.8,2727.7
2023-06-03 16:00:00,C,9,3.3,606.4812041328692,1858,1953.8,1991.0
2023-06-03 17:00:00,A,3,3.9,415.74849137931017,1441,1588.2,1562.8999999999999
2023-06-03 17:00:00,B,8,4.8,418.9796581691768,1797,1727.0,1848.9
2023-06-03 17:00:00,C,9,3.3,418.9796581691768,1256,1306.8,1429.1000000000001
2023-06-03 18:00:00,A,3,3.9,210.86198347107438,622,969.22,822.9
2023-06-03 18:00:00,B,8,4.8,207.38265739667793,773,774.53,872.3
2023-06-03 18:00:00,C,9,3.3,207.38265739667793,519,734.14,708.3000000000001
2023-06-03 19:00:00,A,3,3.9,77.99729166666667,155,360.83,295.8
2023-06-03 19:00:00,B,8,4.8,63.410483777520184,199,378.64,342.9
2023-06-03 19:00:00,C,9,3.3,63.410483777520184,118,268.88,209.0
2023-06-03 20:00:00,A,3,3.9,40.88697478991597,116,99.11,92.2
2023-06-03 20:00:00,B,8,4.8,36.55970838161445,118,139.43,137.6
2023-06-03 20:00:00,C,9,3.3,36.55970838161445,4,0.0,58.1
2023-06-03 21:00:00,A,3,3.9,13.790702479338846,3,0.0,0.0
2023-06-03 21:00:00,B,8,4.8,9.65189069138661,48,0.0,0.0
2023-06-03 21:00:00,C,9,3.3,9.65189069138661,0,0.0,0.0
2023-06-03 22:00:00,A,3,3.9,3.3668067226890774,0,0.0,0.0
2023-06-03 22:00:00,B,8,4.8,0.0,0,0.0,0.0
2023-06-03 22:00:00,C,9,3.3,0.0,0,0.0,0.0
2023-06-03 23:00:00,A,3,3.9,0.0,0,0.0,0.0
2023-06-03 23:00:00,B,8,4.8,0.0,0,0.0,0.0
2023-06-03 23:00:00,C,9,3.3,0.0,0,0.0,0.0
2023-06-04 00:00:00,A,3,3.9,0.0,0,0.0,0.0
2023-06-04 00:00:00,B,8,4.8,0.0,0,0.0,0.0
2023-06-04 00:00:00,C,9,3.3,0.0,0,0.0,0.0
2023-06-04 01:00:00,A,3,3.9,0.0,0,0.0,0.0
2023-06-04 01:00:00,B,8,4.8,0.0,0,0.0,0.0
2023-06-04 01:00:00,C,9,3.3,0.0,0,0.0,0.0
2023-06-04 02:00:00,A,3,3.9,0.0,0,0.0,0.0
2023-06-04 02:00:00,B,8,4.8,0.0,0,0.0,0.0
2023-06-04 02:00:00,C,9,3.3,0.0,0,0.0,0.0
2023-06-04 03:00:00,A,3,3.9,3.2559917355371826,0,0.0,0.0
2023-06-04 03:00:00,B,8,4.8,0.0,0,0.0,0.0
2023-06-04 03:00:00,C,9,3.3,0.0,0,0.0,0.0
2023-06-04 04:00:00,A,3,3.9,6.228893442622951,0,0.0,0.0
2023-06-04 04:00:00,B,8,4.8,3.3924633062958636,0,0.0,0.0
2023-06-04 04:00:00,C,9,3.3,3.3924633062958636,0,0.0,0.0
2023-06-04 05:00:00,A,3,3.9,26.569957983193277,56,0.0,18.4
2023-06-04 05:00:00,B,8,4.8,24.396631904210086,49,44.138,21.1
2023-06-04 05:00:00,C,9,3.3,24.396631904210086,0,0.0,0.0
2023-06-04 06:00:00,A,3,3.9,50.85868644067797,153,118.8,102.2
2023-06-04 06:00:00,B,8,4.8,53.23078601776741,119,123.84,132.6
2023-06-04 06:00:00,C,9,3.3,53.23078601776741,34,0.0,53.400000000000006
2023-06-04 07:00:00,A,3,3.9,179.05371900826447,573,260.91,216.79999999999998
2023-06-04 07:00:00,B,8,4.8,190.44234550019272,396,314.24,337.7
2023-06-04 07:00:00,C,9,3.3,190.44234550019272,202,208.04,204.2
2023-06-04 08:00:00,A,3,3.9,398.82623966942157,1058,1000.0,1033.4
2023-06-04 08:00:00,B,8,4.8,404.1665198918496,1367,1235.5,1358.2
2023-06-04 08:00:00,C,9,3.3,404.1665198918496,793,774.74,948.2
2023-06-04 09:00:00,A,3,3.9,585.585625,1395,1387.8,1369.1
2023-06-04 09:00:00,B,8,4.8,598.4053061027417,2240,2165.1,2184.4
2023-06-04 09:00:00,C,9,3.3,598.4053061027417,1463,1522.7,1596.1000000000001
2023-06-04 10:00:00,A,3,3.9,762.5410714285717,1806,1969.8,2245.8999999999996
2023-06-04 10:00:00,B,8,4.8,769.4567825415211,3003,2975.8,2869.4
2023-06-04 10:00:00,C,9,3.3,769.4567825415211,1987,1951.7,2103.9
2023-06-04 11:00:00,A,3,3.9,896.3923076923078,2757,2518.5,2681.2999999999997
2023-06-04 11:00:00,B,8,4.8,901.3158149864809,3548,3328.3,3366.2000000000003
2023-06-04 11:00:00,C,9,3.3,901.3158149864809,2350,2380.9,2452.4
2023-06-04 12:00:00,A,3,3.9,973.007415254237,3100,2790.0,2947.1
2023-06-04 12:00:00,B,8,4.8,971.8116956353796,3853,3613.0,3659.5
2023-06-04 12:00:00,C,9,3.3,971.8116956353796,2513,2673.6,2651.4
2023-06-04 13:00:00,A,3,3.9,893.627330508475,2878,2990.0,2998.8
2023-06-04 13:00:00,B,8,4.8,877.0978476245638,3641,3616.6,3738.7999999999997
2023-06-04 13:00:00,C,9,3.3,877.0978476245638,2428,2783.9,2698.5
2023-06-04 14:00:00,A,3,3.9,839.1152542372879,2794,2561.0,2578.9
2023-06-04 14:00:00,B,8,4.8,837.3970200849739,3358,3217.1,3316.0
2023-06-04 14:00:00,C,9,3.3,837.3970200849739,2202,2412.0,2410.5
2023-06-04 15:00:00,A,3,3.9,776.0316115702477,2620,2625.1,2645.0
2023-06-04 15:00:00,B,8,4.8,767.6756151023553,3306,3207.2,3233.4
2023-06-04 15:00:00,C,9,3.3,767.6756151023553,2169,2301.5,2354.0
2023-06-04 16:00:00,A,3,3.9,627.0777083333336,2163,2209.3,2191.9
2023-06-04 16:00:00,B,8,4.8,627.1594129007335,2805,2631.6,2654.7000000000003
2023-06-04 16:00:00,C,9,3.3,627.1594129007335,1804,1926.0,1938.6000000000001
2023-06-04 17:00:00,A,3,3.9,420.90062499999993,1451,1503.9,1604.8
2023-06-04 17:00:00,B,8,4.8,424.2018366164539,1780,1845.4,1859.5
2023-06-04 17:00:00,C,9,3.3,424.2018366164539,1217,1266.9,1436.3
2023-06-04 18:00:00,A,3,3.9,213.55062500000005,614,984.75,825.5
2023-06-04 18:00:00,B,8,4.8,209.95369061413618,751,744.73,875.1
2023-06-04 18:00:00,C,9,3.3,209.95369061413618,508,779.14,712.2
2023-06-04 19:00:00,A,3,3.9,71.2247844827586,138,406.75,302.0
2023-06-04 19:00:00,B,8,4.8,53.202304943993745,168,369.17,325.2
2023-06-04 19:00:00,C,9,3.3,53.202304943993745,65,224.38,196.70000000000002
2023-06-04 20:00:00,A,3,3.9,28.082291666666663,68,112.53,98.7
2023-06-04 20:00:00,B,8,4.8,26.183969679412858,64,107.3,108.3
2023-06-04 20:00:00,C,9,3.3,26.183969679412858,0,0.0,35.7
2023-06-04 21:00:00,A,3,3.9,10.055625000000003,0,0.0,34.0
2023-06-04 21:00:00,B,8,4.8,5.059826187717254,67,0.0,33.6
2023-06-04 21:00:00,C,9,3.3,5.059826187717254,0,0.0,0.0
2023-06-04 22:00:00,A,3,3.9,3.385294117647061,0,0.0,0.0
2023-06-04 22:00:00,B,8,4.8,0.0,0,0.0,0.0
2023-06-04 22:00:00,C,9,3.3,0.0,0,0.0,0.0
2023-06-04 23:00:00,A,3,3.9,0.0,0,0.0,0.0
2023-06-04 23:00:00,B,8,4.8,0.0,0,0.0,0.0
2023-06-04 23:00:00,C,9,3.3,0.0,0,0.0,0.0
2023-06-05 00:00:00,A,3,3.9,0.0,0,0.0,0.0
2023-06-05 00:00:00,B,8,4.8,0.0,0,0.0,0.0
2023-06-05 00:00:00,C,9,3.3,0.0,0,0.0,0.0
2023-06-05 01:00:00,A,3,3.9,0.0,0,0.0,0.0
2023-06-05 01:00:00,B,8,4.8,0.0,0,0.0,0.0
2023-06-05 01:00:00,C,9,3.3,0.0,0,0.0,0.0
2023-06-05 02:00:00,A,3,3.9,0.0,0,0.0,0.0
2023-06-05 02:00:00,B,8,4.8,0.0,0,0.0,0.0
2023-06-05 02:00:00,C,9,3.3,0.0,0,0.0,0.0
2023-06-05 03:00:00,A,3,3.9,3.2910416666666595,0,0.0,0.0
2023-06-05 03:00:00,B,8,4.8,0.0,0,0.0,0.0
2023-06-05 03:00:00,C,9,3.3,0.0,0,0.0,0.0
2023-06-05 04:00:00,A,3,3.9,6.85,0,0.0,0.0
2023-06-05 04:00:00,B,8,4.8,4.00325898030127,0,0.0,0.0
2023-06-05 04:00:00,C,9,3.3,4.00325898030127,0,0.0,0.0
2023-06-05 05:00:00,A,3,3.9,21.58934426229509,24,0.0,17.1
2023-06-05 05:00:00,B,8,4.8,20.579961375048235,66,0.0,18.3
2023-06-05 05:00:00,C,9,3.3,20.579961375048235,0,0.0,0.0
2023-06-05 06:00:00,A,3,3.9,39.865082644628046,135,82.828,73.89999999999999
2023-06-05 06:00:00,B,8,4.8,44.210126496716825,82,108.92,103.9
2023-06-05 06:00:00,C,9,3.3,44.210126496716825,0,0.0,31.2
2023-06-05 07:00:00,A,3,3.9,164.195041322314,473,226.23,180.2
2023-06-05 07:00:00,B,8,4.8,185.68719969099996,338,287.39,305.59999999999997
2023-06-05 07:00:00,C,9,3.3,185.68719969099996,161,152.26,181.4
2023-06-05 08:00:00,A,3,3.9,388.2721739130436,860,927.59,962.5
2023-06-05 08:00:00,B,8,4.8,402.19584298957085,1287,1264.0,1329.3
2023-06-05 08:00:00,C,9,3.3,402.19584298957085,751,784.36,926.2
2023-06-05 09:00:00,A,3,3.9,545.887288135593,1171,1335.7,1359.6
2023-06-05 09:00:00,B,8,4.8,560.6058671301656,2171,2003.8,2137.9
2023-06-05 09:00:00,C,9,3.3,560.6058671301656,1426,1443.3,1560.0
2023-06-05 10:00:00,A,3,3.9,735.8701271186442,2275,1891.6,2218.2
2023-06-05 10:00:00,B,8,4.8,728.6930977211275,2812,2899.4,2751.7999999999997
2023-06-05 10:00:00,C,9,3.3,728.6930977211275,1904,1890.4,2015.2
2023-06-05 11:00:00,A,3,3.9,909.5760416666661,2856,2543.2,2757.2000000000003
2023-06-05 11:00:00,B,8,4.8,912.4101892622626,3535,3282.9,3296.0
2023-06-05 11:00:00,C,9,3.3,912.4101892622626,2333,2299.3,2400.5
2023-06-05 12:00:00,A,3,3.9,973.347669491526,3078,2878.4,3050.3
2023-06-05 12:00:00,B,8,4.8,971.6013856701427,3889,3584.2,3628.2000000000003
2023-06-05 12:00:00,C,9,3.3,971.6013856701427,2544,2719.1,2623.5
2023-06-05 13:00:00,A,3,3.9,990.331991525424,3208,3005.3,3112.8999999999996
2023-06-05 13:00:00,B,8,4.8,986.3727201622238,3946,3697.0,3725.5
2023-06-05 13:00:00,C,9,3.3,986.3727201622238,2639,2803.8,2683.9
2023-06-05 14:00:00,A,3,3.9,927.913541666667,3082,2978.8,3075.7
2023-06-05 14:00:00,B,8,4.8,922.8238769795283,3784,3444.7,3605.2
2023-06-05 14:00:00,C,9,3.3,922.8238769795283,2525,2629.6,2600.2999999999997
2023-06-05 15:00:00,A,3,3.9,804.9668749999998,2703,2642.4,2810.7000000000003
2023-06-05 15:00:00,B,8,4.8,801.5855455774424,3402,3116.2,3274.3
2023-06-05 15:00:00,C,9,3.3,801.5855455774424,2274,2382.8,2375.9
2023-06-05 16:00:00,A,3,3.9,630.0937500000005,2116,2197.5,2351.9
2023-06-05 16:00:00,B,8,4.8,626.9441396291996,2788,2687.2,2751.5
2023-06-05 16:00:00,C,9,3.3,626.9441396291996,1838,1946.1,2003.8
2023-06-05 17:00:00,A,3,3.9,413.79491525423714,1413,1413.1,1629.8
2023-06-05 17:00:00,B,8,4.8,415.9121369254532,1754,1790.5,1821.3999999999999
2023-06-05 17:00:00,C,9,3.3,415.9121369254532,1204,1198.7,1400.7
2023-06-05 18:00:00,A,3,3.9,211.70063559322034,598,877.83,839.0999999999999
2023-06-05 18:00:00,B,8,4.8,207.6673464658164,750,744.07,865.3
2023-06-05 18:00:00,C,9,3.3,207.6673464658164,510,763.79,695.5
2023-06-05 19:00:00,A,3,3.9,74.7207627118644,144,435.17,306.7
2023-06-05 19:00:00,B,8,4.8,57.60814696794122,174,392.28,336.3
2023-06-05 19:00:00,C,9,3.3,57.60814696794122,79,235.21,204.4
2023-06-05 20:00:00,A,3,3.9,30.41504237288134,75,115.28,106.6
2023-06-05 20:00:00,B,8,4.8,28.946398223252174,80,129.32,120.3
2023-06-05 20:00:00,C,9,3.3,28.946398223252174,0,0.0,45.0
2023-06-05 21:00:00,A,3,3.9,11.622863247863254,0,0.0,39.1
2023-06-05 21:00:00,B,8,4.8,6.32954036307453,57,0.0,40.300000000000004
2023-06-05 21:00:00,C,9,3.3,6.32954036307453,0,0.0,0.0
2023-06-05 22:00:00,A,3,3.9,3.595588235294122,0,0.0,0.0
2023-06-05 22:00:00,B,8,4.8,0.0,0,0.0,0.0
2023-06-05 22:00:00,C,9,3.3,0.0,0,0.0,0.0
2023-06-05 23:00:00,A,3,3.9,0.0,0,0.0,0.0
2023-06-05 23:00:00,B,8,4.8,0.0,0,0.0,0.0
2023-06-05 23:00:00,C,9,3.3,0.0,0,0.0,0.0
2023-06-06 00:00:00,A,3,3.9,0.0,0,0.0,0.0
2023-06-06 00:00:00,B,8,4.8,0.0,0,0.0,0.0
2023-06-06 00:00:00,C,9,3.3,0.0,0,0.0,0.0
2023-06-06 01:00:00,A,3,3.9,0.0,0,0.0,0.0
2023-06-06 01:00:00,B,8,4.8,0.0,0,0.0,0.0
2023-06-06 01:00:00,C,9,3.3,0.0,0,0.0,0.0
2023-06-06 02:00:00,A,3,3.9,0.0,0,0.0,0.0
2023-06-06 02:00:00,B,8,4.8,0.0,0,0.0,0.0
2023-06-06 02:00:00,C,9,3.3,0.0,0,0.0,0.0
2023-06-06 03:00:00,A,3,3.9,3.309957627118638,0,0.0,0.0
2023-06-06 03:00:00,B,8,4.8,0.0,0,0.0,0.0
2023-06-06 03:00:00,C,9,3.3,0.0,0,0.0,0.0
2023-06-06 04:00:00,A,3,3.9,8.42457264957265,0,0.0,0.0
2023-06-06 04:00:00,B,8,4.8,5.617798377752014,0,0.0,0.0
2023-06-06 04:00:00,C,9,3.3,5.617798377752014,0,0.0,0.0
2023-06-06 05:00:00,A,3,3.9,25.78193277310925,43,0.0,29.1
2023-06-06 05:00:00,B,8,4.8,24.64755310930858,68,41.232,29.3
2023-06-06 05:00:00,C,9,3.3,24.64755310930858,0,0.0,0.0
2023-06-06 06:00:00,A,3,3.9,68.55208333333336,190,81.955,43.2
2023-06-06 06:00:00,B,8,4.8,66.29123986095011,172,88.433,51.9
2023-06-06 06:00:00,C,9,3.3,66.29123986095011,85,0.0,0.0
2023-06-06 07:00:00,A,3,3.9,158.93823529411767,492,353.9,311.3
2023-06-06 07:00:00,B,8,4.8,164.73564696794088,418,393.47,388.7
2023-06-06 07:00:00,C,9,3.3,164.73564696794088,215,209.45,239.4
2023-06-06 08:00:00,A,3,3.9,381.81124999999986,965,954.09,860.1999999999999
2023-06-06 08:00:00,B,8,4.8,396.2540150637307,1275,1135.2,1134.1000000000001
2023-06-06 08:00:00,C,9,3.3,396.2540150637307,741,732.67,782.6999999999999
2023-06-06 09:00:00,A,3,3.9,586.8980932203388,1088,1379.9,1369.2
2023-06-06 09:00:00,B,8,4.8,605.7994689069134,2246,2215.4,2168.2000000000003
2023-06-06 09:00:00,C,9,3.3,605.7994689069134,1467,1470.6,1582.8999999999999
2023-06-06 10:00:00,A,3,3.9,768.5586864406782,1740,2085.0,2284.7
2023-06-06 10:00:00,B,8,4.8,784.5420365005791,3048,2882.1,2872.7999999999997
2023-06-06 10:00:00,C,9,3.3,784.5420365005791,2046,1996.6,2101.2
2023-06-06 11:00:00,A,3,3.9,905.8152083333332,2359,2495.2,2740.5
2023-06-06 11:00:00,B,8,4.8,915.6583256083428,3622,3342.6,3379.0
2023-06-06 11:00:00,C,9,3.3,915.6583256083428,2438,2411.4,2456.1000000000004
2023-06-06 12:00:00,A,3,3.9,983.43029661017,3165,2810.1,3020.3
2023-06-06 12:00:00,B,8,4.8,987.195074353031,3914,3605.5,3660.8999999999996
2023-06-06 12:00:00,C,9,3.3,987.195074353031,2590,2732.3,2643.7
2023-06-06 13:00:00,A,3,3.9,992.3898305084747,3138,3082.1,3061.2
2023-06-06 13:00:00,B,8,4.8,994.4715237543429,3986,3702.7,3751.1
2023-06-06 13:00:00,C,9,3.3,994.4715237543429,2647,2815.5,2698.3
2023-06-06 14:00:00,A,3,3.9,928.7190677966101,3040,2918.3,3036.5
2023-06-06 14:00:00,B,8,4.8,929.3849430281961,3808,3572.2,3626.5
2023-06-06 14:00:00,C,9,3.3,929.3849430281961,2543,2704.2,2613.1000000000004
2023-06-06 15:00:00,A,3,3.9,804.2786016949156,2639,2681.8,2805.2000000000003
2023-06-06 15:00:00,B,8,4.8,806.9893646195437,3439,3070.8,3297.8999999999996
2023-06-06 15:00:00,C,9,3.3,806.9893646195437,2268,2358.3,2391.4
2023-06-06 16:00:00,A,3,3.9,629.542708333333,2167,2207.1,2340.3
2023-06-06 16:00:00,B,8,4.8,631.0939687137886,2785,2479.9,2758.6
2023-06-06 16:00:00,C,9,3.3,631.0939687137886,1838,1891.0,2008.2
2023-06-06 17:00:00,A,3,3.9,421.2478813559321,1410,1615.6,1660.5
2023-06-06 17:00:00,B,8,4.8,426.4943501351869,1770,1822.3,1860.0
2023-06-06 17:00:00,C,9,3.3,426.4943501351869,1232,1293.2,1432.0
2023-06-06 18:00:00,A,3,3.9,214.46313559322027,594,946.89,860.4000000000001
2023-06-06 18:00:00,B,8,4.8,212.84083140208517,766,759.09,878.5
2023-06-06 18:00:00,C,9,3.3,212.84083140208517,508,590.69,713.3000000000001
2023-06-06 19:00:00,A,3,3.9,73.544375,140,426.07,315.90000000000003
2023-06-06 19:00:00,B,8,4.8,55.825896098879774,170,391.38,327.90000000000003
2023-06-06 19:00:00,C,9,3.3,55.825896098879774,70,246.9,198.6
2023-06-06 20:00:00,A,3,3.9,28.998958333333327,71,117.01,107.7
2023-06-06 20:00:00,B,8,4.8,28.23965816917724,66,102.55,114.3
2023-06-06 20:00:00,C,9,3.3,28.23965816917724,0,0.0,40.5
2023-06-06 21:00:00,A,3,3.9,11.312500000000004,0,0.0,38.199999999999996
2023-06-06 21:00:00,B,8,4.8,5.77681826960215,73,0.0,38.0
2023-06-06 21:00:00,C,9,3.3,5.77681826960215,0,0.0,0.0
2023-06-06 22:00:00,A,3,3.9,3.5688034188034212,0,0.0,0.0
2023-06-06 22:00:00,B,8,4.8,0.0,0,0.0,0.0
2023-06-06 22:00:00,C,9,3.3,0.0,0,0.0,0.0
2023-06-06 23:00:00,A,3,3.9,0.0,0,0.0,0.0
2023-06-06 23:00:00,B,8,4.8,0.0,0,0.0,0.0
2023-06-06 23:00:00,C,9,3.3,0.0,0,0.0,0.0
2023-06-07 00:00:00,A,3,3.9,0.0,0,0.0,0.0
2023-06-07 00:00:00,B,8,4.8,0.0,0,0.0,0.0
2023-06-07 00:00:00,C,9,3.3,0.0,0,0.0,0.0
2023-06-07 01:00:00,A,3,3.9,0.0,0,0.0,0.0
2023-06-07 01:00:00,B,8,4.8,0.0,0,0.0,0.0
2023-06-07 01:00:00,C,9,3.3,0.0,0,0.0,0.0
2023-06-07 02:00:00,A,3,3.9,0.0,0,0.0,0.0
2023-06-07 02:00:00,B,8,4.8,0.0,0,0.0,0.0
2023-06-07 02:00:00,C,9,3.3,0.0,0,0.0,0.0
2023-06-07 03:00:00,A,3,3.9,3.323553719008259,0,0.0,0.0
2023-06-07 03:00:00,B,8,4.8,0.0,0,0.0,0.0
2023-06-07 03:00:00,C,9,3.3,0.0,0,0.0,0.0
2023-06-07 04:00:00,A,3,3.9,8.549795081967211,0,0.0,0.0
2023-06-07 04:00:00,B,8,4.8,5.609062379297014,0,0.0,0.0
2023-06-07 04:00:00,C,9,3.3,5.609062379297014,0,0.0,0.0
2023-06-07 05:00:00,A,3,3.9,24.16743697478992,41,0.0,28.5
2023-06-07 05:00:00,B,8,4.8,23.22837582078018,72,48.462,28.6
2023-06-07 05:00:00,C,9,3.3,23.22837582078018,0,0.0,0.0
2023-06-07 06:00:00,A,3,3.9,41.31239669421487,133,90.045,81.19999999999999
2023-06-07 06:00:00,B,8,4.8,45.83538914638851,91,128.16,110.60000000000001
2023-06-07 06:00:00,C,9,3.3,45.83538914638851,1,0.0,36.5
2023-06-07 07:00:00,A,3,3.9,165.64264705882348,510,269.14,188.29999999999998
2023-06-07 07:00:00,B,8,4.8,182.50511490923105,351,302.0,323.5
2023-06-07 07:00:00,C,9,3.3,182.50511490923105,188,197.53,194.39999999999998
2023-06-07 08:00:00,A,3,3.9,379.5884615384615,965,916.27,955.4
2023-06-07 08:00:00,B,8,4.8,393.10974797218927,1264,1192.4,1249.1000000000001
2023-06-07 08:00:00,C,9,3.3,393.10974797218927,739,751.27,865.9
2023-06-07 09:00:00,A,3,3.9,583.1212499999999,1304,1358.6,1378.2
2023-06-07 09:00:00,B,8,4.8,596.9470857473918,2197,2186.6,2131.0
2023-06-07 09:00:00,C,9,3.3,596.9470857473918,1420,1428.5,1553.8000000000002
2023-06-07 10:00:00,A,3,3.9,762.4388655462185,1805,1993.7,2267.3
2023-06-07 10:00:00,B,8,4.8,773.6802964465039,2949,2795.6,2816.0
2023-06-07 10:00:00,C,9,3.3,773.6802964465039,1956,1925.2,2059.6
2023-06-07 11:00:00,A,3,3.9,898.9088235294117,2146,2439.3,2713.9
2023-06-07 11:00:00,B,8,4.8,905.0654268057161,3471,3290.0,3317.5
2023-06-07 11:00:00,C,9,3.3,905.0654268057161,2298,2351.9,2408.4
2023-06-07 12:00:00,A,3,3.9,975.2434322033888,3015,2868.8,2983.4
2023-06-07 12:00:00,B,8,4.8,973.9764474700648,3810,3539.2,3597.0
2023-06-07 12:00:00,C,9,3.3,973.9764474700648,2483,2648.5,2595.4
2023-06-07 13:00:00,A,3,3.9,989.0147058823534,3092,3017.9,3029.9
2023-06-07 13:00:00,B,8,4.8,986.5572798377748,3841,3627.8,3685.7000000000003
2023-06-07 13:00:00,C,9,3.3,986.5572798377748,2499,2752.5,2649.9
2023-06-07 14:00:00,A,3,3.9,928.76625,2941,2965.2,3004.9
2023-06-07 14:00:00,B,8,4.8,927.0037466203163,3712,3489.1,3582.3999999999996
2023-06-07 14:00:00,C,9,3.3,927.0037466203163,2400,2653.1,2577.4
2023-06-07 15:00:00,A,3,3.9,797.4411764705883,2634,2655.2,2725.4
2023-06-07 15:00:00,B,8,4.8,796.0863653920428,3310,3147.1,3232.2000000000003
2023-06-07 15:00:00,C,9,3.3,796.0863653920428,2143,2386.4,2339.4
2023-06-07 16:00:00,A,3,3.9,623.9491666666667,2094,2105.9,2255.7
2023-06-07 16:00:00,B,8,4.8,622.1838258014672,2724,2663.0,2688.7
2023-06-07 16:00:00,C,9,3.3,622.1838258014672,1783,1910.0,1954.3999999999999
2023-06-07 17:00:00,A,3,3.9,440.5309523809523,1049,1426.1,1582.8999999999999
2023-06-07 17:00:00,B,8,4.8,411.2182744302816,1641,1743.3,1790.8999999999999
2023-06-07 17:00:00,C,9,3.3,411.2182744302816,1149,1301.4,1370.1000000000001
2023-06-07 18:00:00,A,3,3.9,175.97187500000004,273,900.16,821.6
2023-06-07 18:00:00,B,8,4.8,208.2088142139818,167,816.59,856.5
2023-06-07 18:00:00,C,9,3.3,208.2088142139818,110,672.01,680.9
2023-06-07 19:00:00,A,3,3.9,75.67104166666668,147,363.16,314.5
2023-06-07 19:00:00,B,8,4.8,59.33584588644256,179,392.04,340.5
2023-06-07 19:00:00,C,9,3.3,59.33584588644256,80,255.67,207.4
2023-06-07 20:00:00,A,3,3.9,30.843333333333337,75,108.49,110.2
2023-06-07 20:00:00,B,8,4.8,29.703333333333287,80,130.93,122.80000000000001
2023-06-07 20:00:00,C,9,3.3,29.703333333333287,0,0.0,47.1
2023-06-07 21:00:00,A,3,3.9,12.313125000000005,0,0.0,41.4
2023-06-07 21:00:00,B,8,4.8,6.764652375434522,58,0.0,40.9
2023-06-07 21:00:00,C,9,3.3,6.764652375434522,0,0.0,0.0
2023-06-07 22:00:00,A,3,3.9,3.6332644628099224,0,0.0,0.0
2023-06-07 22:00:00,B,8,4.8,0.0,0,0.0,0.0
2023-06-07 22:00:00,C,9,3.3,0.0,0,0.0,0.0
2023-06-07 23:00:00,A,3,3.9,0.0,0,0.0,0.0
2023-06-07 23:00:00,B,8,4.8,0.0,0,0.0,0.0
2023-06-07 23:00:00,C,9,3.3,0.0,0,0.0,0.0
2023-06-08 00:00:00,A,3,3.9,0.0,0,0.0,0.0
2023-06-08 00:00:00,B,8,4.8,0.0,0,0.0,0.0
2023-06-08 00:00:00,C,9,3.3,0.0,0,0.0,0.0
2023-06-08 01:00:00,A,3,3.9,0.0,0,0.0,0.0
2023-06-08 01:00:00,B,8,4.8,0.0,0,0.0,0.0
2023-06-08 01:00:00,C,9,3.3,0.0,0,0.0,0.0
2023-06-08 02:00:00,A,3,3.9,0.0,0,0.0,0.0
2023-06-08 02:00:00,B,8,4.8,0.0,0,0.0,0.0
2023-06-08 02:00:00,C,9,3.3,0.0,0,0.0,0.0
2023-06-08 03:00:00,A,3,3.9,3.3579918032786833,0,0.0,0.0
2023-06-08 03:00:00,B,8,4.8,0.0,0,0.0,0.0
2023-06-08 03:00:00,C,9,3.3,0.0,0,0.0,0.0
2023-06-08 04:00:00,A,3,3.9,8.794421487603309,0,0.0,0.0
2023-06-08 04:00:00,B,8,4.8,6.984485322518328,0,0.0,0.0
2023-06-08 04:00:00,C,9,3.3,6.984485322518328,0,0.0,0.0
2023-06-08 05:00:00,A,3,3.9,34.122727272727275,62,0.0,33.5
2023-06-08 05:00:00,B,8,4.8,33.49464754731551,86,44.799,45.3
2023-06-08 05:00:00,C,9,3.3,33.49464754731551,5,0.0,0.0
2023-06-08 06:00:00,A,3,3.9,52.05888429752068,140,0.0,59.3
2023-06-08 06:00:00,B,8,4.8,55.429638856701374,136,72.875,57.7
2023-06-08 06:00:00,C,9,3.3,55.429638856701374,49,0.0,0.0
2023-06-08 07:00:00,A,3,3.9,168.56528925619835,497,227.54,171.7
2023-06-08 07:00:00,B,8,4.8,190.94347334878293,347,291.38,302.0
2023-06-08 07:00:00,C,9,3.3,190.94347334878293,188,126.08,178.7
2023-06-08 08:00:00,A,3,3.9,387.85847107438036,944,907.96,968.0
2023-06-08 08:00:00,B,8,4.8,407.1296118192346,1298,1205.4,1334.8
2023-06-08 08:00:00,C,9,3.3,407.1296118192346,763,822.32,930.0
2023-06-08 09:00:00,A,3,3.9,593.6222916666667,1362,1394.7,1381.8
2023-06-08 09:00:00,B,8,4.8,614.6108806488984,2274,2392.3,2240.5
2023-06-08 09:00:00,C,9,3.3,614.6108806488984,1483,1503.4,1637.6
2023-06-08 10:00:00,A,3,3.9,774.1031250000001,1773,2016.3,2276.6000000000004
2023-06-08 10:00:00,B,8,4.8,789.0242719196598,3051,2841.4,2909.8
2023-06-08 10:00:00,C,9,3.3,789.0242719196598,2005,2103.5,2129.2
2023-06-08 11:00:00,A,3,3.9,914.1324999999997,2357,2444.9,2721.7
2023-06-08 11:00:00,B,8,4.8,922.9749768250284,3564,3471.6,3400.9
2023-06-08 11:00:00,C,9,3.3,922.9749768250284,2358,2515.1,2470.6
2023-06-08 12:00:00,A,3,3.9,986.0415966386561,3116,2809.5,2973.9
2023-06-08 12:00:00,B,8,4.8,987.3349410969482,3857,3684.0,3678.6
2023-06-08 12:00:00,C,9,3.3,987.3349410969482,2481,2789.4,2653.6
2023-06-08 13:00:00,A,3,3.9,991.3764583333335,3186,2981.2,3007.8
2023-06-08 13:00:00,B,8,4.8,991.4285998454983,3893,3686.8,3730.7000000000003
2023-06-08 13:00:00,C,9,3.3,991.4285998454983,2523,2808.6,2682.4
2023-06-08 14:00:00,A,3,3.9,926.9829831932769,2978,2967.1,2967.7
2023-06-08 14:00:00,B,8,4.8,925.5266956353793,3652,3544.7,3596.2999999999997
2023-06-08 14:00:00,C,9,3.3,925.5266956353793,2389,2574.6,2590.0
2023-06-08 15:00:00,A,3,3.9,819.618541666666,2676,2555.5,2712.9
2023-06-08 15:00:00,B,8,4.8,815.9425695249125,3356,3143.0,3246.3
2023-06-08 15:00:00,C,9,3.3,815.9425695249125,2207,2317.8,2350.5
2023-06-08 16:00:00,A,3,3.9,601.6522916666667,1936,2173.8,2191.0
2023-06-08 16:00:00,B,8,4.8,591.6485042487441,2594,2609.1,2604.1
2023-06-08 16:00:00,C,9,3.3,591.6485042487441,1678,1878.6,1896.6000000000001
2023-06-08 17:00:00,A,3,3.9,341.85499999999985,1135,1595.3,1696.8000000000002
2023-06-08 17:00:00,B,8,4.8,338.39791425260677,1662,1829.6,1916.5
2023-06-08 17:00:00,C,9,3.3,338.39791425260677,1115,1448.3,1475.6
2023-06-08 18:00:00,A,3,3.9,142.5564583333332,425,551.49,500.49999999999994
2023-06-08 18:00:00,B,8,4.8,137.00679026651187,484,446.36,523.3
2023-06-08 18:00:00,C,9,3.3,137.00679026651187,297,412.91,382.0
2023-06-08 19:00:00,A,3,3.9,88.58970588235294,196,270.24,181.0
2023-06-08 19:00:00,B,8,4.8,72.59866647354177,242,282.59,288.1
2023-06-08 19:00:00,C,9,3.3,72.59866647354177,140,162.37,172.7
2023-06-08 20:00:00,A,3,3.9,35.57458677685951,80,111.19,98.9
2023-06-08 20:00:00,B,8,4.8,31.369097141753517,95,133.59,139.8
2023-06-08 20:00:00,C,9,3.3,31.369097141753517,4,0.0,60.400000000000006
2023-06-08 21:00:00,A,3,3.9,15.22979166666666,0,0.0,35.1
2023-06-08 21:00:00,B,8,4.8,10.480493433758182,89,39.615,48.7
2023-06-08 21:00:00,C,9,3.3,10.480493433758182,0,0.0,0.0
2023-06-08 22:00:00,A,3,3.9,3.656198347107444,0,0.0,0.0
2023-06-08 22:00:00,B,8,4.8,0.0,0,0.0,0.0
2023-06-08 22:00:00,C,9,3.3,0.0,0,0.0,0.0
2023-06-08 23:00:00,A,3,3.9,0.0,0,0.0,0.0
2023-06-08 23:00:00,B,8,4.8,0.0,0,0.0,0.0
2023-06-08 23:00:00,C,9,3.3,0.0,0,0.0,0.0
2023-06-09 00:00:00,A,3,3.9,0.0,0,0.0,0.0
2023-06-09 00:00:00,B,8,4.8,0.0,0,0.0,0.0
2023-06-09 00:00:00,C,9,3.3,0.0,0,0.0,0.0
2023-06-09 01:00:00,A,3,3.9,0.0,0,0.0,0.0
2023-06-09 01:00:00,B,8,4.8,0.0,0,0.0,0.0
2023-06-09 01:00:00,C,9,3.3,0.0,0,0.0,0.0
2023-06-09 02:00:00,A,3,3.9,0.0,0,0.0,0.0
2023-06-09 02:00:00,B,8,4.8,0.0,0,0.0,0.0
2023-06-09 02:00:00,C,9,3.3,0.0,0,0.0,0.0
2023-06-09 03:00:00,A,3,3.9,3.3221074380165234,0,0.0,0.0
2023-06-09 03:00:00,B,8,4.8,0.0,0,0.0,0.0
2023-06-09 03:00:00,C,9,3.3,0.0,0,0.0,0.0
2023-06-09 04:00:00,A,3,3.9,8.636776859504131,0,0.0,0.0
2023-06-09 04:00:00,B,8,4.8,5.120597721127836,0,0.0,0.0
2023-06-09 04:00:00,C,9,3.3,5.120597721127836,0,0.0,0.0
2023-06-09 05:00:00,A,3,3.9,31.80578512396693,86,0.0,6.1000000000000005
2023-06-09 05:00:00,B,8,4.8,29.17793163383542,64,53.035,41.4
2023-06-09 05:00:00,C,9,3.3,29.17793163383542,0,0.0,0.0
2023-06-09 06:00:00,A,3,3.9,43.61004098360656,130,104.73,88.6
2023-06-09 06:00:00,B,8,4.8,44.5275753186558,110,144.32,117.8
2023-06-09 06:00:00,C,9,3.3,44.5275753186558,1,0.0,42.4
2023-06-09 07:00:00,A,3,3.9,162.83395833333333,439,232.12,192.8
2023-06-09 07:00:00,B,8,4.8,174.83206836616407,337,345.6,288.0
2023-06-09 07:00:00,C,9,3.3,174.83206836616407,158,147.11,169.9
2023-06-09 08:00:00,A,3,3.9,356.235950413223,892,892.14,876.1999999999999
2023-06-09 08:00:00,B,8,4.8,368.8275869061408,1185,1181.7,1183.8
2023-06-09 08:00:00,C,9,3.3,368.8275869061408,693,725.36,817.0
2023-06-09 09:00:00,A,3,3.9,581.3922916666668,1712,1376.4,1330.5
2023-06-09 09:00:00,B,8,4.8,599.8204335650823,2234,2270.2,2150.3
2023-06-09 09:00:00,C,9,3.3,599.8204335650823,1461,1361.6,1569.3999999999999
2023-06-09 10:00:00,A,3,3.9,757.4939583333339,1970,2060.5,2223.0
2023-06-09 10:00:00,B,8,4.8,765.0665054074927,3021,2902.8,2880.7
2023-06-09 10:00:00,C,9,3.3,765.0665054074927,2005,2016.6,2111.1
2023-06-09 11:00:00,A,3,3.9,890.7083333333335,2351,2420.1,2662.7999999999997
2023-06-09 11:00:00,B,8,4.8,897.6765208574735,3542,3309.0,3352.6
2023-06-09 11:00:00,C,9,3.3,897.6765208574735,2323,2366.5,2442.4
2023-06-09 12:00:00,A,3,3.9,965.5545833333325,3081,2786.9,2922.8
2023-06-09 12:00:00,B,8,4.8,964.750533024333,3851,3613.4,3638.3
2023-06-09 12:00:00,C,9,3.3,964.750533024333,2552,2704.1,2635.9
2023-06-09 13:00:00,A,3,3.9,972.7033613445369,3215,3027.9,2976.5
2023-06-09 13:00:00,B,8,4.8,969.7758874082657,3906,3638.2,3713.1
2023-06-09 13:00:00,C,9,3.3,969.7758874082657,2603,2756.9,2682.3
2023-06-09 14:00:00,A,3,3.9,909.8145833333335,3055,2946.8,2928.4
2023-06-09 14:00:00,B,8,4.8,905.96212340672,3714,3533.7,3589.5
2023-06-09 14:00:00,C,9,3.3,905.96212340672,2445,2678.5,2596.2999999999997
2023-06-09 15:00:00,A,3,3.9,789.2777083333334,2635,2551.0,2672.7
2023-06-09 15:00:00,B,8,4.8,786.7783594051748,3332,3164.2,3262.6
2023-06-09 15:00:00,C,9,3.3,786.7783594051748,2178,2320.7,2373.2000000000003
2023-06-09 16:00:00,A,3,3.9,615.3108333333339,2110,2074.7,2200.2000000000003
2023-06-09 16:00:00,B,8,4.8,614.1532232522203,2728,2645.8,2701.2
2023-06-09 16:00:00,C,9,3.3,614.1532232522203,1767,1902.3,1968.6999999999998
2023-06-09 17:00:00,A,3,3.9,415.6319327731095,1379,1454.1,1572.3
2023-06-09 17:00:00,B,8,4.8,417.2415421011969,1753,1796.3,1831.1
2023-06-09 17:00:00,C,9,3.3,417.2415421011969,1184,1340.3,1400.6000000000001
2023-06-09 18:00:00,A,3,3.9,214.79416666666657,619,828.1,824.6
2023-06-09 18:00:00,B,8,4.8,210.3949691000382,765,844.1,883.1999999999999
2023-06-09 18:00:00,C,9,3.3,210.3949691000382,511,762.52,703.9
2023-06-09 19:00:00,A,3,3.9,78.28395833333332,153,403.04,310.09999999999997
2023-06-09 19:00:00,B,8,4.8,61.41529451525677,192,381.94,351.2
2023-06-09 19:00:00,C,9,3.3,61.41529451525677,103,242.99,214.79999999999998
2023-06-09 20:00:00,A,3,3.9,29.336875,49,109.76,99.2
2023-06-09 20:00:00,B,8,4.8,27.48973445345688,98,135.32,127.1
2023-06-09 20:00:00,C,9,3.3,27.48973445345688,0,0.0,50.3
2023-06-09 21:00:00,A,3,3.9,12.582500000000007,0,0.0,38.199999999999996
2023-06-09 21:00:00,B,8,4.8,8.250869061413654,67,39.164,40.099999999999994
2023-06-09 21:00:00,C,9,3.3,8.250869061413654,0,0.0,0.0
2023-06-09 22:00:00,A,3,3.9,3.5725663716814173,0,0.0,0.0
2023-06-09 22:00:00,B,8,4.8,0.0,0,0.0,0.0
2023-06-09 22:00:00,C,9,3.3,0.0,0,0.0,0.0
2023-06-09 23:00:00,A,3,3.9,0.0,0,0.0,0.0
2023-06-09 23:00:00,B,8,4.8,0.0,0,0.0,0.0
2023-06-09 23:00:00,C,9,3.3,0.0,0,0.0,0.0
2023-06-10 00:00:00,A,3,3.9,0.0,0,0.0,0.0
2023-06-10 00:00:00,B,8,4.8,0.0,0,0.0,0.0
2023-06-10 00:00:00,C,9,3.3,0.0,0,0.0,0.0
2023-06-10 01:00:00,A,3,3.9,0.0,0,0.0,0.0
2023-06-10 01:00:00,B,8,4.8,0.0,0,0.0,0.0
2023-06-10 01:00:00,C,9,3.3,0.0,0,0.0,0.0
2023-06-10 02:00:00,A,3,3.9,0.0,0,0.0,0.0
2023-06-10 02:00:00,B,8,4.8,0.0,0,0.0,0.0
2023-06-10 02:00:00,C,9,3.3,0.0,0,0.0,0.0
2023-06-10 03:00:00,A,3,3.9,3.314669421487597,0,0.0,0.0
2023-06-10 03:00:00,B,8,4.8,0.0,0,0.0,0.0
2023-06-10 03:00:00,C,9,3.3,0.0,0,0.0,0.0
2023-06-10 04:00:00,A,3,3.9,8.652066115702477,0,0.0,0.0
2023-06-10 04:00:00,B,8,4.8,4.73335747392815,0,0.0,0.0
2023-06-10 04:00:00,C,9,3.3,4.73335747392815,0,0.0,0.0
2023-06-10 05:00:00,A,3,3.9,23.892008196721317,38,0.0,29.1
2023-06-10 05:00:00,B,8,4.8,21.656030320587043,76,40.421,23.0
2023-06-10 05:00:00,C,9,3.3,21.656030320587043,0,0.0,0.0
2023-06-10 06:00:00,A,3,3.9,42.10268595041323,126,89.154,81.60000000000001
2023-06-10 06:00:00,B,8,4.8,43.63709443800691,92,137.53,104.3
2023-06-10 06:00:00,C,9,3.3,43.63709443800691,0,0.0,31.8
2023-06-10 07:00:00,A,3,3.9,163.82913223140494,459,274.86,187.4
2023-06-10 07:00:00,B,8,4.8,181.32120509849335,345,316.13,305.59999999999997
2023-06-10 07:00:00,C,9,3.3,181.32120509849335,166,181.82,181.9
2023-06-10 08:00:00,A,3,3.9,386.4010330578511,1084,1000.7,938.4
2023-06-10 08:00:00,B,8,4.8,402.44151989184957,1289,1227.1,1298.6
2023-06-10 08:00:00,C,9,3.3,402.44151989184957,741,823.86,902.4
2023-06-10 09:00:00,A,3,3.9,604.5941666666666,1705,1411.8,1377.3999999999999
2023-06-10 09:00:00,B,8,4.8,623.4185631517955,2310,2208.8,2238.2
2023-06-10 09:00:00,C,9,3.3,623.4185631517955,1519,1438.5,1636.0
2023-06-10 10:00:00,A,3,3.9,810.4684873949582,1944,2163.0,2315.1000000000004
2023-06-10 10:00:00,B,8,4.8,826.4901264967169,3177,2975.0,3011.7
2023-06-10 10:00:00,C,9,3.3,826.4901264967169,2115,2137.0,2206.0
2023-06-10 11:00:00,A,3,3.9,900.3110416666669,2856,2528.7,2709.7000000000003
2023-06-10 11:00:00,B,8,4.8,908.3009327925831,3628,3408.7,3460.1000000000004
2023-06-10 11:00:00,C,9,3.3,908.3009327925831,2375,2493.0,2515.8999999999996
2023-06-10 12:00:00,A,3,3.9,990.5664583333333,3153,3011.2,2931.7000000000003
2023-06-10 12:00:00,B,8,4.8,994.7407039397426,3925,3764.0,3739.3
2023-06-10 12:00:00,C,9,3.3,994.7407039397426,2595,2834.3,2703.7
2023-06-10 13:00:00,A,3,3.9,1000.2010504201679,3126,3053.2,2977.0
2023-06-10 13:00:00,B,8,4.8,1004.2995577442992,4004,3771.5,3821.2000000000003
2023-06-10 13:00:00,C,9,3.3,1004.2995577442992,2631,2876.8,2753.1
2023-06-10 14:00:00,A,3,3.9,935.75125,3046,3022.1,2935.4
2023-06-10 14:00:00,B,8,4.8,939.1094969100031,3819,3565.0,3697.7000000000003
2023-06-10 14:00:00,C,9,3.3,939.1094969100031,2494,2737.3,2669.2999999999997
2023-06-10 15:00:00,A,3,3.9,807.6287499999999,2744,2707.8,2683.2
2023-06-10 15:00:00,B,8,4.8,810.7197112784852,3415,3113.5,3349.1
2023-06-10 15:00:00,C,9,3.3,810.7197112784852,2224,2396.2,2432.0
2023-06-10 16:00:00,A,3,3.9,631.5027083333335,2167,2192.4,2222.5
2023-06-10 16:00:00,B,8,4.8,634.4567902665116,2802,2656.8,2775.6
2023-06-10 16:00:00,C,9,3.3,634.4567902665116,1820,1874.3,2022.6000000000001
2023-06-10 17:00:00,A,3,3.9,424.4031512605044,1433,1612.3,1581.7
2023-06-10 17:00:00,B,8,4.8,428.59094148319775,1800,1851.7,1878.5
2023-06-10 17:00:00,C,9,3.3,428.59094148319775,1218,1283.0,1439.8
2023-06-10 18:00:00,A,3,3.9,217.8685416666667,613,983.7,827.0
2023-06-10 18:00:00,B,8,4.8,215.1532869833908,775,851.31,896.7
2023-06-10 18:00:00,C,9,3.3,215.1532869833908,514,638.88,721.8
2023-06-10 19:00:00,A,3,3.9,75.19705882352945,142,385.9,305.20000000000005
2023-06-10 19:00:00,B,8,4.8,57.27963402858235,174,363.42,340.1
2023-06-10 19:00:00,C,9,3.3,57.27963402858235,74,264.18,207.2
2023-06-10 20:00:00,A,3,3.9,29.923125,72,119.14,105.0
2023-06-10 20:00:00,B,8,4.8,28.996472576284212,73,111.71,116.5
2023-06-10 20:00:00,C,9,3.3,28.996472576284212,0,0.0,42.1
2023-06-10 21:00:00,A,3,3.9,13.003958333333337,0,0.0,40.7
2023-06-10 21:00:00,B,8,4.8,8.637196794128984,77,0.0,46.0
2023-06-10 21:00:00,C,9,3.3,8.637196794128984,0,0.0,0.0
2023-06-10 22:00:00,A,3,3.9,3.7316115702479395,0,0.0,0.0
2023-06-10 22:00:00,B,8,4.8,0.0,0,0.0,0.0
2023-06-10 22:00:00,C,9,3.3,0.0,0,0.0,0.0
2023-06-10 23:00:00,A,3,3.9,0.0,0,0.0,0.0
2023-06-10 23:00:00,B,8,4.8,0.0,0,0.0,0.0
2023-06-10 23:00:00,C,9,3.3,0.0,0,0.0,0.0
2023-06-11 00:00:00,A,3,3.9,0.0,0,0.0,0.0
2023-06-11 00:00:00,B,8,4.8,0.0,0,0.0,0.0
2023-06-11 00:00:00,C,9,3.3,0.0,0,0.0,0.0
2023-06-11 01:00:00,A,3,3.9,0.0,0,0.0,0.0
2023-06-11 01:00:00,B,8,4.8,0.0,0,0.0,0.0
2023-06-11 01:00:00,C,9,3.3,0.0,0,0.0,0.0
2023-06-11 02:00:00,A,3,3.9,0.0,0,0.0,0.0
2023-06-11 02:00:00,B,8,4.8,0.0,0,0.0,0.0
2023-06-11 02:00:00,C,9,3.3,0.0,0,0.0,0.0
2023-06-11 03:00:00,A,3,3.9,3.3586776859504086,0,0.0,0.0
2023-06-11 03:00:00,B,8,4.8,0.0,0,0.0,0.0
2023-06-11 03:00:00,C,9,3.3,0.0,0,0.0,0.0
2023-06-11 04:00:00,A,3,3.9,8.292213114754098,0,0.0,0.0
2023-06-11 04:00:00,B,8,4.8,4.420143877945143,0,0.0,0.0
2023-06-11 04:00:00,C,9,3.3,4.420143877945143,0,0.0,0.0
2023-06-11 05:00:00,A,3,3.9,22.962603305785137,30,0.0,25.5
2023-06-11 05:00:00,B,8,4.8,21.58769312475854,79,44.2,22.5
2023-06-11 05:00:00,C,9,3.3,21.58769312475854,0,0.0,0.0
2023-06-11 06:00:00,A,3,3.9,39.55826446280991,122,82.796,75.0
2023-06-11 06:00:00,B,8,4.8,42.87535052143679,84,96.074,103.3
2023-06-11 06:00:00,C,9,3.3,42.87535052143679,0,0.0,30.900000000000002
2023-06-11 07:00:00,A,3,3.9,165.3332644628099,421,201.2,174.2
2023-06-11 07:00:00,B,8,4.8,187.0348271533407,342,290.94,291.3
2023-06-11 07:00:00,C,9,3.3,187.0348271533407,161,126.63,171.4
2023-06-11 08:00:00,A,3,3.9,387.8371900826447,1121,906.36,956.4
2023-06-11 08:00:00,B,8,4.8,406.3381894553877,1302,1295.7,1327.5
2023-06-11 08:00:00,C,9,3.3,406.3381894553877,753,800.3,924.2
2023-06-11 09:00:00,A,3,3.9,595.29125,1794,1394.5,1368.6000000000001
2023-06-11 09:00:00,B,8,4.8,614.975766705291,2266,2108.1,2234.1000000000004
2023-06-11 09:00:00,C,9,3.3,614.975766705291,1464,1506.1,1632.5
2023-06-11 10:00:00,A,3,3.9,777.1362500000004,2414,2025.4,2260.7
2023-06-11 10:00:00,B,8,4.8,792.3665121668589,3044,2932.4,2923.8
2023-06-11 10:00:00,C,9,3.3,792.3665121668589,2012,2060.8,2138.9
2023-06-11 11:00:00,A,3,3.9,908.7021008403361,2838,2452.2,2680.0
2023-06-11 11:00:00,B,8,4.8,917.6102655465423,3588,3372.2,3416.2
2023-06-11 11:00:00,C,9,3.3,917.6102655465423,2354,2463.8,2483.6
2023-06-11 12:00:00,A,3,3.9,983.9220833333338,3141,2834.8,2915.5
2023-06-11 12:00:00,B,8,4.8,985.5639658169172,3858,3701.3,3688.2999999999997
2023-06-11 12:00:00,C,9,3.3,985.5639658169172,2539,2803.8,2665.4
2023-06-11 13:00:00,A,3,3.9,993.7654166666665,3190,2992.3,2952.0
2023-06-11 13:00:00,B,8,4.8,993.8785448049422,3924,3686.4,3755.9
2023-06-11 13:00:00,C,9,3.3,993.8785448049422,2601,2790.1,2704.4
2023-06-11 14:00:00,A,3,3.9,928.0317226890757,3071,2944.5,2916.4
2023-06-11 14:00:00,B,8,4.8,929.5783912707606,3758,3507.9,3644.7
2023-06-11 14:00:00,C,9,3.3,929.5783912707606,2475,2639.0,2628.8999999999996
2023-06-11 15:00:00,A,3,3.9,802.7637500000004,2683,2521.5,2656.5
2023-06-11 15:00:00,B,8,4.8,803.9889812668981,3377,3143.0,3298.0
2023-06-11 15:00:00,C,9,3.3,803.9889812668981,2207,2360.1,2392.3
2023-06-11 16:00:00,A,3,3.9,626.4158333333337,2133,2043.3,2196.4
2023-06-11 16:00:00,B,8,4.8,628.1994727694083,2755,2715.2,2735.3999999999996
2023-06-11 16:00:00,C,9,3.3,628.1994727694083,1784,1871.4,1991.9
2023-06-11 17:00:00,A,3,3.9,422.44621848739496,1427,1609.8,1575.1
2023-06-11 17:00:00,B,8,4.8,425.5610003862491,1786,1872.1,1861.1
2023-06-11 17:00:00,C,9,3.3,425.5610003862491,1194,1404.7,1423.0
2023-06-11 18:00:00,A,3,3.9,218.9533333333332,629,959.77,828.3000000000001
2023-06-11 18:00:00,B,8,4.8,216.43562186172215,775,868.67,894.2
2023-06-11 18:00:00,C,9,3.3,216.43562186172215,517,800.5,717.0
2023-06-11 19:00:00,A,3,3.9,76.48172268907561,145,411.38,308.2
2023-06-11 19:00:00,B,8,4.8,58.24258400926991,180,390.64,340.2
2023-06-11 19:00:00,C,9,3.3,58.24258400926991,78,264.56,207.2
2023-06-11 20:00:00,A,3,3.9,30.951666666666647,83,127.32,106.5
2023-06-11 20:00:00,B,8,4.8,30.01634221707217,76,125.73,119.6
2023-06-11 20:00:00,C,9,3.3,30.01634221707217,0,0.0,44.6
2023-06-11 21:00:00,A,3,3.9,13.571250000000006,0,0.0,43.1
2023-06-11 21:00:00,B,8,4.8,8.672837968327519,63,0.0,49.0
2023-06-11 21:00:00,C,9,3.3,8.672837968327519,0,0.0,0.0
2023-06-11 22:00:00,A,3,3.9,3.8227272727272785,0,0.0,0.0
2023-06-11 22:00:00,B,8,4.8,0.0,0,0.0,0.0
2023-06-11 22:00:00,C,9,3.3,0.0,0,0.0,0.0
2023-06-11 23:00:00,A,3,3.9,0.0,0,0.0,0.0
2023-06-11 23:00:00,B,8,4.8,0.0,0,0.0,0.0
2023-06-11 23:00:00,C,9,3.3,0.0,0,0.0,0.0
2023-06-12 00:00:00,A,3,3.9,0.0,0,0.0,0.0
2023-06-12 00:00:00,B,8,4.8,0.0,0,0.0,0.0
2023-06-12 00:00:00,C,9,3.3,0.0,0,0.0,0.0
2023-06-12 01:00:00,A,3,3.9,0.0,0,0.0,0.0
2023-06-12 01:00:00,B,8,4.8,0.0,0,0.0,0.0
2023-06-12 01:00:00,C,9,3.3,0.0,0,0.0,0.0
2023-06-12 02:00:00,A,3,3.9,0.0,0,0.0,0.0
2023-06-12 02:00:00,B,8,4.8,0.0,0,0.0,0.0
2023-06-12 02:00:00,C,9,3.3,0.0,0,0.0,0.0
2023-06-12 03:00:00,A,3,3.9,0.0,0,0.0,0.0
2023-06-12 03:00:00,B,8,4.8,0.0,0,0.0,0.0
2023-06-12 03:00:00,C,9,3.3,0.0,0,0.0,0.0
2023-06-12 04:00:00,A,3,3.9,4.849999999999999,87,0.0,32.9
2023-06-12 04:00:00,B,8,4.8,5.676235032831197,0,0.0,0.0
2023-06-12 04:00:00,C,9,3.3,5.676235032831197,0,0.0,0.0
2023-06-12 05:00:00,A,3,3.9,16.234710743801653,207,0.0,94.0
2023-06-12 05:00:00,B,8,4.8,22.05829470838157,74,53.045,30.4
2023-06-12 05:00:00,C,9,3.3,22.05829470838157,149,0.0,0.0
2023-06-12 06:00:00,A,3,3.9,30.049385245901647,794,109.3,184.10000000000002
2023-06-12 06:00:00,B,8,4.8,41.848314020857416,71,127.86,102.9
2023-06-12 06:00:00,C,9,3.3,41.848314020857416,748,140.2,30.599999999999998
2023-06-12 07:00:00,A,3,3.9,67.37623966942147,1064,191.78,1010.4
2023-06-12 07:00:00,B,8,4.8,185.9104383932016,332,296.43,301.8
2023-06-12 07:00:00,C,9,3.3,185.9104383932016,1469,782.64,179.10000000000002
2023-06-12 08:00:00,A,3,3.9,285.2555785123967,1573,1047.3,1378.8
2023-06-12 08:00:00,B,8,4.8,408.8823455001926,1305,1193.0,1331.8000000000002
2023-06-12 08:00:00,C,9,3.3,408.8823455001926,2029,1539.8,927.3000000000001
2023-06-12 09:00:00,A,3,3.9,495.4500000000001,1995,1440.3,2261.0
2023-06-12 09:00:00,B,8,4.8,621.9052153341053,2282,2354.2,2237.5
2023-06-12 09:00:00,C,9,3.3,621.9052153341053,2380,2013.0,1632.4
2023-06-12 10:00:00,A,3,3.9,697.5408333333332,2757,2068.2,2670.5
2023-06-12 10:00:00,B,8,4.8,804.680621861722,3063,2870.6,2945.3
2023-06-12 10:00:00,C,9,3.3,804.680621861722,2557,2566.8,2153.5
2023-06-12 11:00:00,A,3,3.9,862.772058823529,3192,2444.6,2878.2999999999997
2023-06-12 11:00:00,B,8,4.8,936.8511123986093,3619,3472.0,3461.3
2023-06-12 11:00:00,C,9,3.3,936.8511123986093,2597,2846.3,2511.5
2023-06-12 12:00:00,A,3,3.9,967.2927083333336,3172,2676.0,2628.6
2023-06-12 12:00:00,B,8,4.8,1003.8161809578953,3895,3749.2,3725.7
2023-06-12 12:00:00,C,9,3.3,1003.8161809578953,2448,2865.0,2685.4
2023-06-12 13:00:00,A,3,3.9,1010.3897058823532,2861,2412.7,2158.3
2023-06-12 13:00:00,B,8,4.8,1007.7177742371538,3984,3767.2,3792.9
2023-06-12 13:00:00,C,9,3.3,1007.7177742371538,2181,2681.2,2724.0
2023-06-12 14:00:00,A,3,3.9,979.4822916666664,2454,2008.8,1630.4
2023-06-12 14:00:00,B,8,4.8,943.6236365392036,3780,3650.6,3666.2
2023-06-12 14:00:00,C,9,3.3,943.6236365392036,1780,2340.7,2639.2000000000003
2023-06-12 15:00:00,A,3,3.9,884.864915966387,1800,1589.3,1712.6999999999998
2023-06-12 15:00:00,B,8,4.8,818.3797325222089,3407,3322.1,3325.0
2023-06-12 15:00:00,C,9,3.3,818.3797325222089,1221,1866.9,2407.9
2023-06-12 16:00:00,A,3,3.9,731.3714583333333,1028,1685.9,1407.6
2023-06-12 16:00:00,B,8,4.8,641.069596369254,2793,2759.4,2766.7000000000003
2023-06-12 16:00:00,C,9,3.3,641.069596369254,522,1251.2,2012.7
2023-06-12 17:00:00,A,3,3.9,537.6441176470589,306,1321.1,788.2
2023-06-12 17:00:00,B,8,4.8,435.90367033603667,1798,1772.2,1884.0
2023-06-12 17:00:00,C,9,3.3,435.90367033603667,76,656.4,1440.8000000000002
2023-06-12 18:00:00,A,3,3.9,324.6158333333335,116,843.84,292.2
2023-06-12 18:00:00,B,8,4.8,219.39153823870177,791,862.86,899.1
2023-06-12 18:00:00,C,9,3.3,219.39153823870177,0,251.68,724.3000000000001
2023-06-12 19:00:00,A,3,3.9,136.68928571428566,24,356.59,31.7
2023-06-12 19:00:00,B,8,4.8,56.805784086519864,177,355.35,337.1
2023-06-12 19:00:00,C,9,3.3,56.805784086519864,0,0.0,205.2
2023-06-12 20:00:00,A,3,3.9,44.33812500000002,0,0.0,0.0
2023-06-12 20:00:00,B,8,4.8,29.723801660872883,75,104.47,113.5
2023-06-12 20:00:00,C,9,3.3,29.723801660872883,0,0.0,40.0
2023-06-12 21:00:00,A,3,3.9,21.276666666666667,0,0.0,0.0
2023-06-12 21:00:00,B,8,4.8,7.43216975666279,56,0.0,44.0
2023-06-12 21:00:00,C,9,3.3,7.43216975666279,0,0.0,0.0
2023-06-12 22:00:00,A,3,3.9,5.45270833333333,0,0.0,0.0
2023-06-12 22:00:00,B,8,4.8,0.0,0,0.0,0.0
2023-06-12 22:00:00,C,9,3.3,0.0,0,0.0,0.0
2023-06-12 23:00:00,A,3,3.9,0.0,0,0.0,0.0
2023-06-12 23:00:00,B,8,4.8,0.0,0,0.0,0.0
2023-06-12 23:00:00,C,9,3.3,0.0,0,0.0,0.0
2023-06-13 00:00:00,A,3,3.9,0.0,0,0.0,0.0
2023-06-13 00:00:00,B,8,4.8,0.0,0,0.0,0.0
2023-06-13 00:00:00,C,9,3.3,0.0,0,0.0,0.0
2023-06-13 01:00:00,A,3,3.9,0.0,0,0.0,0.0
2023-06-13 01:00:00,B,8,4.8,0.0,0,0.0,0.0
2023-06-13 01:00:00,C,9,3.3,0.0,0,0.0,0.0
2023-06-13 02:00:00,A,3,3.9,0.0,0,0.0,0.0
2023-06-13 02:00:00,B,8,4.8,0.0,0,0.0,0.0
2023-06-13 02:00:00,C,9,3.3,0.0,0,0.0,0.0
2023-06-13 03:00:00,A,3,3.9,0.0,0,0.0,0.0
2023-06-13 03:00:00,B,8,4.8,0.0,0,0.0,0.0
2023-06-13 03:00:00,C,9,3.3,0.0,0,0.0,0.0
2023-06-13 04:00:00,A,3,3.9,4.851033057851238,0,0.0,28.9
2023-06-13 04:00:00,B,8,4.8,6.069118385477005,0,0.0,0.0
2023-06-13 04:00:00,C,9,3.3,6.069118385477005,0,0.0,0.0
2023-06-13 05:00:00,A,3,3.9,16.167213114754095,88,0.0,72.6
2023-06-13 05:00:00,B,8,4.8,22.61781962147542,83,41.303,31.4
2023-06-13 05:00:00,C,9,3.3,22.61781962147542,146,0.0,0.0
2023-06-13 06:00:00,A,3,3.9,30.29958677685951,214,80.36,169.2
2023-06-13 06:00:00,B,8,4.8,41.93082657396672,75,99.916,103.8
2023-06-13 06:00:00,C,9,3.3,41.93082657396672,727,164.94,31.4
2023-06-13 07:00:00,A,3,3.9,66.5413223140496,784,221.43,918.4
2023-06-13 07:00:00,B,8,4.8,181.28959347238282,320,281.82,300.4
2023-06-13 07:00:00,C,9,3.3,181.28959347238282,1430,765.87,178.29999999999998
2023-06-13 08:00:00,A,3,3.9,277.3836776859504,1021,913.84,1330.8999999999999
2023-06-13 08:00:00,B,8,4.8,395.51534859018886,1258,1127.6,1279.9
2023-06-13 08:00:00,C,9,3.3,395.51534859018886,1964,1369.9,887.8000000000001
2023-06-13 09:00:00,A,3,3.9,483.3708333333337,1556,1368.7,2214.5
2023-06-13 09:00:00,B,8,4.8,602.8679905368863,2215,2286.2,2163.4
2023-06-13 09:00:00,C,9,3.3,602.8679905368863,2257,1969.4,1578.2
2023-06-13 10:00:00,A,3,3.9,679.8795833333331,1952,1996.8,2658.5
2023-06-13 10:00:00,B,8,4.8,780.5718163383543,2974,2840.2,2841.2000000000003
2023-06-13 10:00:00,C,9,3.3,780.5718163383543,2477,2398.4,2075.2000000000003
2023-06-13 11:00:00,A,3,3.9,840.7807692307692,2732,2442.9,2921.7
2023-06-13 11:00:00,B,8,4.8,911.113002124372,3391,3270.5,3336.7
2023-06-13 11:00:00,C,9,3.3,911.113002124372,2499,2658.9,2420.7999999999997
2023-06-13 12:00:00,A,3,3.9,951.690966386555,3041,2795.9,2951.4
2023-06-13 12:00:00,B,8,4.8,981.1906720741596,3813,3564.9,3622.3999999999996
2023-06-13 12:00:00,C,9,3.3,981.1906720741596,2381,2714.1,2609.9
2023-06-13 13:00:00,A,3,3.9,989.3645833333326,3045,3032.0,2908.2
2023-06-13 13:00:00,B,8,4.8,982.0237601390489,3846,3593.7,3673.9
2023-06-13 13:00:00,C,9,3.3,982.0237601390489,2147,2540.3,2640.1
2023-06-13 14:00:00,A,3,3.9,962.9250000000003,2838,2924.4,2630.7
2023-06-13 14:00:00,B,8,4.8,920.6283429895707,3689,3394.7,3559.0
2023-06-13 14:00:00,C,9,3.3,920.6283429895707,1753,2218.5,2561.7999999999997
2023-06-13 15:00:00,A,3,3.9,868.1281512605044,2386,2498.1,2188.7
2023-06-13 15:00:00,B,8,4.8,796.4119553881802,3307,2991.6,3216.6
2023-06-13 15:00:00,C,9,3.3,796.4119553881802,1210,1772.4,2327.7000000000003
2023-06-13 16:00:00,A,3,3.9,719.9695833333333,1812,2021.9,1595.5
2023-06-13 16:00:00,B,8,4.8,628.1763190421009,2719,2428.1,2692.4
2023-06-13 16:00:00,C,9,3.3,628.1763190421009,557,1366.0,1957.3
2023-06-13 17:00:00,A,3,3.9,539.2149159663866,1005,1421.8,819.4
2023-06-13 17:00:00,B,8,4.8,433.4671069911157,1818,1778.1,1861.8
2023-06-13 17:00:00,C,9,3.3,433.4671069911157,158,762.38,1420.1
2023-06-13 18:00:00,A,3,3.9,315.611875,407,895.22,204.5
2023-06-13 18:00:00,B,8,4.8,235.4361461954418,851,864.48,902.3
2023-06-13 18:00:00,C,9,3.3,235.4361461954418,16,259.77,727.8
2023-06-13 19:00:00,A,3,3.9,161.00714285714287,122,334.75,67.8
2023-06-13 19:00:00,B,8,4.8,73.68957029741203,273,411.52,340.9
2023-06-13 19:00:00,C,9,3.3,73.68957029741203,0,0.0,211.29999999999998
2023-06-13 20:00:00,A,3,3.9,54.19395833333332,31,0.0,46.4
2023-06-13 20:00:00,B,8,4.8,30.965511780610225,88,138.87,141.8
2023-06-13 20:00:00,C,9,3.3,30.965511780610225,0,0.0,62.0
2023-06-13 21:00:00,A,3,3.9,23.698958333333348,0,0.0,0.0
2023-06-13 21:00:00,B,8,4.8,8.90297219003474,67,36.336,47.0
2023-06-13 21:00:00,C,9,3.3,8.90297219003474,0,0.0,0.0
2023-06-13 22:00:00,A,3,3.9,7.156875000000001,0,0.0,0.0
2023-06-13 22:00:00,B,8,4.8,0.0,0,0.0,0.0
2023-06-13 22:00:00,C,9,3.3,0.0,0,0.0,0.0
2023-06-13 23:00:00,A,3,3.9,0.0,0,0.0,0.0
2023-06-13 23:00:00,B,8,4.8,0.0,0,0.0,0.0
2023-06-13 23:00:00,C,9,3.3,0.0,0,0.0,0.0
2023-06-14 00:00:00,A,3,3.9,0.0,0,0.0,0.0
2023-06-14 00:00:00,B,8,4.8,0.0,0,0.0,0.0
2023-06-14 00:00:00,C,9,3.3,0.0,0,0.0,0.0
2023-06-14 01:00:00,A,3,3.9,0.0,0,0.0,0.0
2023-06-14 01:00:00,B,8,4.8,0.0,0,0.0,0.0
2023-06-14 01:00:00,C,9,3.3,0.0,0,0.0,0.0
2023-06-14 02:00:00,A,3,3.9,0.0,0,0.0,0.0
2023-06-14 02:00:00,B,8,4.8,0.0,0,0.0,0.0
2023-06-14 02:00:00,C,9,3.3,0.0,0,0.0,0.0
2023-06-14 03:00:00,A,3,3.9,0.0,4,0.0,36.7
2023-06-14 03:00:00,B,8,4.8,0.0,0,0.0,0.0
2023-06-14 03:00:00,C,9,3.3,0.0,0,0.0,0.0
2023-06-14 04:00:00,A,3,3.9,5.048140495867768,109,0.0,88.9
2023-06-14 04:00:00,B,8,4.8,6.869355928930072,0,0.0,0.0
2023-06-14 04:00:00,C,9,3.3,6.869355928930072,2,0.0,0.0
2023-06-14 05:00:00,A,3,3.9,18.430991735537198,231,0.0,186.70000000000002
2023-06-14 05:00:00,B,8,4.8,25.100887408265695,77,50.098,38.0
2023-06-14 05:00:00,C,9,3.3,25.100887408265695,170,165.2,0.0
2023-06-14 06:00:00,A,3,3.9,35.51797520661157,795,111.38,928.4
2023-06-14 06:00:00,B,8,4.8,46.8658729239088,102,145.93,117.2
2023-06-14 06:00:00,C,9,3.3,46.8658729239088,721,767.16,41.8
2023-06-14 07:00:00,A,3,3.9,72.5055785123967,1082,210.89,1323.9
2023-06-14 07:00:00,B,8,4.8,181.96893684820358,341,288.91,312.3
2023-06-14 07:00:00,C,9,3.3,181.96893684820358,1391,1338.8,186.6
2023-06-14 08:00:00,A,3,3.9,277.8150826446282,1565,947.13,2194.5
2023-06-14 08:00:00,B,8,4.8,390.80774044032404,1238,1135.5,1269.0
2023-06-14 08:00:00,C,9,3.3,390.80774044032404,1907,1910.5,879.4
2023-06-14 09:00:00,A,3,3.9,480.0756250000001,1962,1343.6,2620.8
2023-06-14 09:00:00,B,8,4.8,592.0708391270757,2158,2111.8,2123.6000000000004
2023-06-14 09:00:00,C,9,3.3,592.0708391270757,2228,2288.3,1547.5
2023-06-14 10:00:00,A,3,3.9,672.9677083333337,2382,1867.8,2798.2999999999997
2023-06-14 10:00:00,B,8,4.8,766.0849188876006,2913,2732.1,2792.3
2023-06-14 10:00:00,C,9,3.3,766.0849188876006,2379,2454.1,2039.8
2023-06-14 11:00:00,A,3,3.9,827.8,2717,2365.0,2757.8
2023-06-14 11:00:00,B,8,4.8,885.8166309385857,3410,3173.4,3238.1000000000004
2023-06-14 11:00:00,C,9,3.3,885.8166309385857,1872,2270.2,2346.4
2023-06-14 12:00:00,A,3,3.9,895.5932773109243,1811,2601.5,1920.1999999999998
2023-06-14 12:00:00,B,8,4.8,838.2794882193871,3602,3324.8,3441.9
2023-06-14 12:00:00,C,9,3.3,838.2794882193871,1530,1560.2,2484.9
2023-06-14 13:00:00,A,3,3.9,869.482983193277,1804,2566.2,1822.8999999999999
2023-06-14 13:00:00,B,8,4.8,700.3619447663169,2824,3024.2,3263.3999999999996
2023-06-14 13:00:00,C,9,3.3,700.3619447663169,1346,1461.9,2359.7999999999997
2023-06-14 14:00:00,A,3,3.9,570.7933333333334,1642,1810.2,1642.7
2023-06-14 14:00:00,B,8,4.8,494.9577655465417,2301,2178.2,2341.8
2023-06-14 14:00:00,C,9,3.3,494.9577655465417,1241,1344.5,1710.5
2023-06-14 15:00:00,A,3,3.9,548.5006302521008,1541,1771.6,1444.0
2023-06-14 15:00:00,B,8,4.8,674.7327491309378,2059,2035.5,2205.9
2023-06-14 15:00:00,C,9,3.3,674.7327491309378,1121,1236.1,1619.5
2023-06-14 16:00:00,A,3,3.9,514.8920833333331,1053,1619.8,830.0999999999999
2023-06-14 16:00:00,B,8,4.8,400.1365411355731,1950,1901.1,1958.0
2023-06-14 16:00:00,C,9,3.3,400.1365411355731,553,535.22,1436.7
2023-06-14 17:00:00,A,3,3.9,473.5027083333333,382,1417.2,277.7
2023-06-14 17:00:00,B,8,4.8,420.6557164928539,1640,1621.5,1698.3
2023-06-14 17:00:00,C,9,3.3,420.6557164928539,182,288.79,1292.1000000000001
2023-06-14 18:00:00,A,3,3.9,332.7455882352942,189,809.75,16.5
2023-06-14 18:00:00,B,8,4.8,197.28470645036637,836,798.55,867.6
2023-06-14 18:00:00,C,9,3.3,197.28470645036637,54,0.0,698.6
2023-06-14 19:00:00,A,3,3.9,139.9609243697478,98,429.59,0.0
2023-06-14 19:00:00,B,8,4.8,87.95357184240999,304,423.64,380.09999999999997
2023-06-14 19:00:00,C,9,3.3,87.95357184240999,0,0.0,235.1
2023-06-14 20:00:00,A,3,3.9,68.01958333333332,0,0.0,0.0
2023-06-14 20:00:00,B,8,4.8,43.69057068366161,162,87.264,68.9
2023-06-14 20:00:00,C,9,3.3,43.69057068366161,0,0.0,5.7
2023-06-14 21:00:00,A,3,3.9,39.185208333333335,0,0.0,0.0
2023-06-14 21:00:00,B,8,4.8,17.214943993819976,75,0.0,10.0
2023-06-14 21:00:00,C,9,3.3,17.214943993819976,0,0.0,0.0
2023-06-14 22:00:00,A,3,3.9,9.060833333333335,0,0.0,0.0
2023-06-14 22:00:00,B,8,4.8,0.0,0,0.0,0.0
2023-06-14 22:00:00,C,9,3.3,0.0,0,0.0,0.0
2023-06-14 23:00:00,A,3,3.9,0.0,0,0.0,0.0
2023-06-14 23:00:00,B,8,4.8,0.0,0,0.0,0.0
2023-06-14 23:00:00,C,9,3.3,0.0,0,0.0,0.0
2023-06-15 00:00:00,A,3,3.9,0.0,0,0.0,0.0
2023-06-15 00:00:00,B,8,4.8,0.0,0,0.0,0.0
2023-06-15 00:00:00,C,9,3.3,0.0,0,0.0,0.0
2023-06-15 01:00:00,A,3,3.9,0.0,0,0.0,0.0
2023-06-15 01:00:00,B,8,4.8,0.0,0,0.0,0.0
2023-06-15 01:00:00,C,9,3.3,0.0,0,0.0,0.0
2023-06-15 02:00:00,A,3,3.9,0.0,0,0.0,0.0
2023-06-15 02:00:00,B,8,4.8,0.0,0,0.0,0.0
2023-06-15 02:00:00,C,9,3.3,0.0,0,0.0,0.0
2023-06-15 03:00:00,A,3,3.9,0.0,28,0.0,0.0
2023-06-15 03:00:00,B,8,4.8,0.0,0,0.0,0.0
2023-06-15 03:00:00,C,9,3.3,0.0,0,0.0,0.0
2023-06-15 04:00:00,A,3,3.9,4.694834710743802,188,0.0,0.0
2023-06-15 04:00:00,B,8,4.8,6.150249130938575,70,0.0,0.0
2023-06-15 04:00:00,C,9,3.3,6.150249130938575,108,0.0,0.0
2023-06-15 05:00:00,A,3,3.9,21.658677685950405,299,0.0,0.0
2023-06-15 05:00:00,B,8,4.8,38.38010235612201,237,0.0,0.0
2023-06-15 05:00:00,C,9,3.3,38.38010235612201,211,0.0,0.0
2023-06-15 06:00:00,A,3,3.9,65.1995867768595,625,0.0,0.0
2023-06-15 06:00:00,B,8,4.8,79.66531865585164,399,0.0,0.0
2023-06-15 06:00:00,C,9,3.3,79.66531865585164,433,0.0,0.0
2023-06-15 07:00:00,A,3,3.9,98.95666666666665,836,0.0,64.69999999999999
2023-06-15 07:00:00,B,8,4.8,160.34758497489344,740,63.503,87.6
2023-06-15 07:00:00,C,9,3.3,160.34758497489344,700,0.0,18.5
2023-06-15 08:00:00,A,3,3.9,198.90537190082648,1007,1114.8,1113.3999999999999
2023-06-15 08:00:00,B,8,4.8,200.15391560448006,1092,1276.4,1408.1999999999998
2023-06-15 08:00:00,C,9,3.3,200.15391560448006,967,862.05,978.1
2023-06-15 09:00:00,A,3,3.9,266.48437500000006,2354,1583.3,1523.3000000000002
2023-06-15 09:00:00,B,8,4.8,266.5544129007334,1436,2371.0,2304.6000000000004
2023-06-15 09:00:00,C,9,3.3,266.5544129007334,2335,1538.3,1674.7
2023-06-15 10:00:00,A,3,3.9,314.79291666666677,2887,2677.6,2916.1000000000004
2023-06-15 10:00:00,B,8,4.8,290.7587854208361,3509,3543.7,3657.0
2023-06-15 10:00:00,C,9,3.3,290.7587854208361,2355,2574.9,2631.0
2023-06-15 11:00:00,A,3,3.9,783.7352083333338,2420,2355.0,2600.8
2023-06-15 11:00:00,B,8,4.8,1030.1522023809482,3597,3144.8,3248.6000000000004
2023-06-15 11:00:00,C,9,3.3,1030.1522023809482,2076,2259.9,2353.1
2023-06-15 12:00:00,A,3,3.9,937.2384453781506,2785,2564.3,2737.5
2023-06-15 12:00:00,B,8,4.8,1000.1597804449635,3106,3247.6,3383.1000000000004
2023-06-15 12:00:00,C,9,3.3,1000.1597804449635,1792,2308.3,2450.1
2023-06-15 13:00:00,A,3,3.9,809.3943277310927,2218,2008.6,2195.0
2023-06-15 13:00:00,B,8,4.8,898.862865925058,2787,2515.8,2745.8999999999996
2023-06-15 13:00:00,C,9,3.3,898.862865925058,1990,1829.2,1990.3
2023-06-15 14:00:00,A,3,3.9,854.283333333333,2010,1802.7,1995.5
2023-06-15 14:00:00,B,8,4.8,749.2548731459796,3024,2204.8,2476.1000000000004
2023-06-15 14:00:00,C,9,3.3,749.2548731459796,1489,1613.4,1800.4
2023-06-15 15:00:00,A,3,3.9,685.1628151260509,1650,1421.7,1568.1000000000001
2023-06-15 15:00:00,B,8,4.8,549.7557494145193,2319,1756.4,1874.6000000000001
2023-06-15 15:00:00,C,9,3.3,549.7557494145193,1088,1275.7,1344.2
2023-06-15 16:00:00,A,3,3.9,620.9229166666663,1089,1061.3,1044.2
2023-06-15 16:00:00,B,8,4.8,334.170547423887,1612,1223.9,1280.5
2023-06-15 16:00:00,C,9,3.3,334.170547423887,553,739.93,890.0
2023-06-15 17:00:00,A,3,3.9,491.85966386554645,343,376.66,428.4
2023-06-15 17:00:00,B,8,4.8,122.0113348946133,844,551.76,520.7
2023-06-15 17:00:00,C,9,3.3,122.0113348946133,111,260.47,336.2
2023-06-15 18:00:00,A,3,3.9,338.84958333333327,114,132.92,124.3
2023-06-15 18:00:00,B,8,4.8,31.13414129586255,204,133.6,156.0
2023-06-15 18:00:00,C,9,3.3,31.13414129586255,0,0.0,73.2
2023-06-15 19:00:00,A,3,3.9,143.9042016806722,13,0.0,45.6
2023-06-15 19:00:00,B,8,4.8,24.834805815768917,95,0.0,60.5
2023-06-15 19:00:00,C,9,3.3,24.834805815768917,0,0.0,0.0
2023-06-15 20:00:00,A,3,3.9,48.703125000000014,0,0.0,0.0
2023-06-15 20:00:00,B,8,4.8,4.094104215456672,79,0.0,0.0
2023-06-15 20:00:00,C,9,3.3,4.094104215456672,0,0.0,0.0
2023-06-15 21:00:00,A,3,3.9,21.599583333333335,0,0.0,0.0
2023-06-15 21:00:00,B,8,4.8,0.0,0,0.0,0.0
2023-06-15 21:00:00,C,9,3.3,0.0,0,0.0,0.0
2023-06-15 22:00:00,A,3,3.9,7.454791666666669,0,0.0,0.0
2023-06-15 22:00:00,B,8,4.8,0.0,0,0.0,0.0
2023-06-15 22:00:00,C,9,3.3,0.0,0,0.0,0.0
2023-06-15 23:00:00,A,3,3.9,0.0,0,0.0,0.0
2023-06-15 23:00:00,B,8,4.8,0.0,0,0.0,0.0
2023-06-15 23:00:00,C,9,3.3,0.0,0,0.0,0.0
2023-06-16 00:00:00,A,3,3.9,0.0,0,0.0,0.0
2023-06-16 00:00:00,B,8,4.8,0.0,0,0.0,0.0
2023-06-16 00:00:00,C,9,3.3,0.0,0,0.0,0.0
2023-06-16 01:00:00,A,3,3.9,0.0,0,0.0,0.0
2023-06-16 01:00:00,B,8,4.8,0.0,0,0.0,0.0
2023-06-16 01:00:00,C,9,3.3,0.0,0,0.0,0.0
2023-06-16 02:00:00,A,3,3.9,0.0,0,0.0,0.0
2023-06-16 02:00:00,B,8,4.8,1.9089549180327847,0,0.0,0.0
2023-06-16 02:00:00,C,9,3.3,1.9089549180327847,0,0.0,0.0
2023-06-16 03:00:00,A,3,3.9,0.0,10,0.0,0.0
2023-06-16 03:00:00,B,8,4.8,21.595671350507384,0,0.0,0.0
2023-06-16 03:00:00,C,9,3.3,21.595671350507384,0,0.0,0.0
2023-06-16 04:00:00,A,3,3.9,4.4256198347107425,133,0.0,0.0
2023-06-16 04:00:00,B,8,4.8,37.498773419203715,74,0.0,0.0
2023-06-16 04:00:00,C,9,3.3,37.498773419203715,77,0.0,0.0
2023-06-16 05:00:00,A,3,3.9,17.884297520661153,252,0.0,0.0
2023-06-16 05:00:00,B,8,4.8,96.08789812646346,165,0.0,0.0
2023-06-16 05:00:00,C,9,3.3,96.08789812646346,174,0.0,0.0
2023-06-16 06:00:00,A,3,3.9,51.193595041322325,644,0.0,0.0
2023-06-16 06:00:00,B,8,4.8,287.8372677595625,335,0.0,0.0
2023-06-16 06:00:00,C,9,3.3,287.8372677595625,465,0.0,0.0
2023-06-16 07:00:00,A,3,3.9,78.18016528925622,646,0.0,129.70000000000002
2023-06-16 07:00:00,B,8,4.8,329.03568598750917,794,79.332,188.79999999999998
2023-06-16 07:00:00,C,9,3.3,329.03568598750917,472,0.0,95.60000000000001
2023-06-16 08:00:00,A,3,3.9,198.618388429752,920,1000.4,980.0
2023-06-16 08:00:00,B,8,4.8,607.9149541373923,779,1209.5,1262.0
2023-06-16 08:00:00,C,9,3.3,607.9149541373923,765,751.44,871.0
2023-06-16 09:00:00,A,3,3.9,200.14916666666667,1079,987.56,880.1
2023-06-16 09:00:00,B,8,4.8,349.4512060889925,1162,1323.2,1360.0
2023-06-16 09:00:00,C,9,3.3,349.4512060889925,938,874.49,956.8
2023-06-16 10:00:00,A,3,3.9,283.6514462809918,2209,2154.8,2238.9
2023-06-16 10:00:00,B,8,4.8,438.205865534738,1440,2781.4,2860.6
2023-06-16 10:00:00,C,9,3.3,438.205865534738,2169,1922.1,2078.2
2023-06-16 11:00:00,A,3,3.9,328.92437500000017,3055,2785.8,2946.2000000000003
2023-06-16 11:00:00,B,8,4.8,736.7508352849317,3210,3661.9,3779.0
2023-06-16 11:00:00,C,9,3.3,736.7508352849317,2455,2682.3,2720.6
2023-06-16 12:00:00,A,3,3.9,704.141806722689,2637,2254.3,2591.4
2023-06-16 12:00:00,B,8,4.8,549.9192681498824,3691,3007.9,3229.2000000000003
2023-06-16 12:00:00,C,9,3.3,549.9192681498824,1919,2198.2,2344.2
2023-06-16 13:00:00,A,3,3.9,978.7241666666669,1502,1393.2,1493.8
2023-06-16 13:00:00,B,8,4.8,583.7031937939101,2908,1684.5,1825.6
2023-06-16 13:00:00,C,9,3.3,583.7031937939101,948,1196.1,1302.8
2023-06-16 14:00:00,A,3,3.9,809.8179166666664,1532,1480.7,1501.0
2023-06-16 14:00:00,B,8,4.8,733.4460314207645,1488,1854.7,1845.1
2023-06-16 14:00:00,C,9,3.3,733.4460314207645,1301,1319.8,1320.3
2023-06-16 15:00:00,A,3,3.9,451.3621848739492,1794,1506.5,1721.8
2023-06-16 15:00:00,B,8,4.8,525.5051756440279,1965,1902.0,2100.5
2023-06-16 15:00:00,C,9,3.3,525.5051756440279,1250,1367.0,1513.2
2023-06-16 16:00:00,A,3,3.9,460.06270833333355,568,472.22,557.6999999999999
2023-06-16 16:00:00,B,8,4.8,322.97622170179505,1845,561.59,667.2
2023-06-16 16:00:00,C,9,3.3,322.97622170179505,154,385.37,450.40000000000003
2023-06-16 17:00:00,A,3,3.9,533.3449579831934,47,0.0,62.7
2023-06-16 17:00:00,B,8,4.8,128.75854313036655,293,88.04,80.9
2023-06-16 17:00:00,C,9,3.3,128.75854313036655,0,0.0,14.7
2023-06-16 18:00:00,A,3,3.9,180.9537499999999,111,105.71,100.3
2023-06-16 18:00:00,B,8,4.8,42.74850019516,86,126.57,126.6
2023-06-16 18:00:00,C,9,3.3,42.74850019516,0,0.0,50.3
2023-06-16 19:00:00,A,3,3.9,28.26854166666668,3,0.0,46.4
2023-06-16 19:00:00,B,8,4.8,26.04325039032005,101,56.866,61.699999999999996
2023-06-16 19:00:00,C,9,3.3,26.04325039032005,0,0.0,0.1
2023-06-16 20:00:00,A,3,3.9,40.39648760330579,0,0.0,0.0
2023-06-16 20:00:00,B,8,4.8,2.9999326697892226,94,0.0,0.0
2023-06-16 20:00:00,C,9,3.3,2.9999326697892226,0,0.0,0.0
2023-06-16 21:00:00,A,3,3.9,21.389791666666675,0,0.0,0.0
2023-06-16 21:00:00,B,8,4.8,0.022019906323185,0,0.0,0.0
2023-06-16 21:00:00,C,9,3.3,0.022019906323185,0,0.0,0.0
2023-06-16 22:00:00,A,3,3.9,8.429338842975211,0,0.0,0.0
2023-06-16 22:00:00,B,8,4.8,0.0,0,0.0,0.0
2023-06-16 22:00:00,C,9,3.3,0.0,0,0.0,0.0
2023-06-16 23:00:00,A,3,3.9,0.0,0,0.0,0.0
2023-06-16 23:00:00,B,8,4.8,0.0,0,0.0,0.0
2023-06-16 23:00:00,C,9,3.3,0.0,0,0.0,0.0
2023-06-17 00:00:00,A,3,3.9,0.0,0,0.0,0.0
2023-06-17 00:00:00,B,8,4.8,0.0006889149102263949,0,0.0,0.0
2023-06-17 00:00:00,C,9,3.3,0.0006889149102263949,0,0.0,0.0
2023-06-17 01:00:00,A,3,3.9,0.0,0,0.0,0.0
2023-06-17 01:00:00,B,8,4.8,0.23336163153786083,0,0.0,0.0
2023-06-17 01:00:00,C,9,3.3,0.23336163153786083,0,0.0,0.0
2023-06-17 02:00:00,A,3,3.9,0.0,0,0.0,0.0
2023-06-17 02:00:00,B,8,4.8,0.3605503512880555,0,0.0,0.0
2023-06-17 02:00:00,C,9,3.3,0.3605503512880555,0,0.0,0.0
2023-06-17 03:00:00,A,3,3.9,0.0,5,0.0,0.0
2023-06-17 03:00:00,B,8,4.8,2.944270101483211,0,0.0,0.0
2023-06-17 03:00:00,C,9,3.3,2.944270101483211,0,0.0,0.0
2023-06-17 04:00:00,A,3,3.9,4.638429752066115,113,0.0,0.0
2023-06-17 04:00:00,B,8,4.8,27.636746682279426,83,0.0,0.0
2023-06-17 04:00:00,C,9,3.3,27.636746682279426,8,0.0,0.0
2023-06-17 05:00:00,A,3,3.9,18.98553719008265,221,0.0,0.0
2023-06-17 05:00:00,B,8,4.8,39.73047131147539,117,0.0,0.0
2023-06-17 05:00:00,C,9,3.3,39.73047131147539,166,0.0,0.0
2023-06-17 06:00:00,A,3,3.9,40.62086776859502,797,0.0,0.0
2023-06-17 06:00:00,B,8,4.8,84.76006733021065,331,0.0,0.0
2023-06-17 06:00:00,C,9,3.3,84.76006733021065,708,0.0,0.0
2023-06-17 07:00:00,A,3,3.9,71.06570247933882,1094,0.0,0.0
2023-06-17 07:00:00,B,8,4.8,143.45796740827433,1186,0.0,0.0
2023-06-17 07:00:00,C,9,3.3,143.45796740827433,1374,0.0,0.0
2023-06-17 08:00:00,A,3,3.9,269.2115702479338,1549,0.0,0.0
2023-06-17 08:00:00,B,8,4.8,197.51867974238814,2108,0.0,0.0
2023-06-17 08:00:00,C,9,3.3,197.51867974238814,1895,0.0,0.0
2023-06-17 09:00:00,A,3,3.9,468.86604166666694,1855,1299.7,1297.7
2023-06-17 09:00:00,B,8,4.8,160.30221604215444,2848,1937.5,1949.1000000000001
2023-06-17 09:00:00,C,9,3.3,160.30221604215444,1705,1297.7,1419.4
2023-06-17 10:00:00,A,3,3.9,659.4512605042017,2096,1984.8,2279.6
2023-06-17 10:00:00,B,8,4.8,111.60817818110831,2574,2639.1,2766.0
2023-06-17 10:00:00,C,9,3.3,111.60817818110831,1992,1874.9,2007.8
2023-06-17 11:00:00,A,3,3.9,696.7989495798316,2406,2289.7,2631.2000000000003
2023-06-17 11:00:00,B,8,4.8,132.4788563622167,2932,3036.8,3206.2
2023-06-17 11:00:00,C,9,3.3,132.4788563622167,1807,2217.5,2322.2
2023-06-17 12:00:00,A,3,3.9,668.8762499999998,2419,2236.3,2463.7
2023-06-17 12:00:00,B,8,4.8,220.26103922716584,2714,2802.2,2980.7000000000003
2023-06-17 12:00:00,C,9,3.3,220.26103922716584,1987,2051.4,2160.8
2023-06-17 13:00:00,A,3,3.9,779.2329831932772,2420,2198.0,2433.7
2023-06-17 13:00:00,B,8,4.8,202.97581381732968,2931,2540.0,2921.9
2023-06-17 13:00:00,C,9,3.3,202.97581381732968,1457,1936.2,2117.2
2023-06-17 14:00:00,A,3,3.9,738.2497916666669,1544,1331.1,1561.9
2023-06-17 14:00:00,B,8,4.8,205.382408274785,2254,1697.5,1891.6
2023-06-17 14:00:00,C,9,3.3,205.382408274785,1394,1043.3,1369.3999999999999
2023-06-17 15:00:00,A,3,3.9,737.7397058823528,1000,947.26,967.6
2023-06-17 15:00:00,B,8,4.8,380.09668813426964,2059,1160.1,1148.0
2023-06-17 15:00:00,C,9,3.3,380.09668813426964,663,776.07,794.5
2023-06-17 16:00:00,A,3,3.9,461.17937500000005,1151,1089.0,1077.5
2023-06-17 16:00:00,B,8,4.8,254.98935011709565,1003,1128.5,1306.7
2023-06-17 16:00:00,C,9,3.3,254.98935011709565,624,795.93,912.4
2023-06-17 17:00:00,A,3,3.9,294.26374999999985,198,214.4,191.89999999999998
2023-06-17 17:00:00,B,8,4.8,106.85514149102242,950,248.96,239.2
2023-06-17 17:00:00,C,9,3.3,106.85514149102242,72,114.79,136.2
2023-06-17 18:00:00,A,3,3.9,346.2941666666668,156,168.67,152.10000000000002
2023-06-17 18:00:00,B,8,4.8,41.711437353629925,173,176.64,189.29999999999998
2023-06-17 18:00:00,C,9,3.3,41.711437353629925,51,0.0,98.9
2023-06-17 19:00:00,A,3,3.9,69.99791666666668,40,0.0,47.800000000000004
2023-06-17 19:00:00,B,8,4.8,20.4353903200624,123,55.58,62.9
2023-06-17 19:00:00,C,9,3.3,20.4353903200624,0,0.0,1.2
2023-06-17 20:00:00,A,3,3.9,57.34812499999994,0,0.0,0.0
2023-06-17 20:00:00,B,8,4.8,2.9329332552693153,40,0.0,0.0
2023-06-17 20:00:00,C,9,3.3,2.9329332552693153,0,0.0,0.0
2023-06-17 21:00:00,A,3,3.9,22.710416666666674,0,0.0,0.0
2023-06-17 21:00:00,B,8,4.8,0.0,0,0.0,0.0
2023-06-17 21:00:00,C,9,3.3,0.0,0,0.0,0.0
2023-06-17 22:00:00,A,3,3.9,3.8764462809917353,0,0.0,0.0
2023-06-17 22:00:00,B,8,4.8,0.0,0,0.0,0.0
2023-06-17 22:00:00,C,9,3.3,0.0,0,0.0,0.0
2023-06-17 23:00:00,A,3,3.9,0.0,0,0.0,0.0
2023-06-17 23:00:00,B,8,4.8,0.0,0,0.0,0.0
2023-06-17 23:00:00,C,9,3.3,0.0,0,0.0,0.0
2023-06-18 00:00:00,A,3,3.9,0.0,0,0.0,0.0
2023-06-18 00:00:00,B,8,4.8,0.0,0,0.0,0.0
2023-06-18 00:00:00,C,9,3.3,0.0,0,0.0,0.0
2023-06-18 01:00:00,A,3,3.9,0.0,0,0.0,0.0
2023-06-18 01:00:00,B,8,4.8,0.0,0,0.0,0.0
2023-06-18 01:00:00,C,9,3.3,0.0,0,0.0,0.0
2023-06-18 02:00:00,A,3,3.9,0.0,0,0.0,0.0
2023-06-18 02:00:00,B,8,4.8,1.7395052693208413,0,0.0,0.0
2023-06-18 02:00:00,C,9,3.3,1.7395052693208413,0,0.0,0.0
2023-06-18 03:00:00,A,3,3.9,0.0,0,0.0,0.0
2023-06-18 03:00:00,B,8,4.8,13.827075526932042,0,0.0,0.0
2023-06-18 03:00:00,C,9,3.3,13.827075526932042,0,0.0,0.0
2023-06-18 04:00:00,A,3,3.9,3.347499999999995,17,0.0,0.0
2023-06-18 04:00:00,B,8,4.8,30.821348555815735,12,0.0,0.0
2023-06-18 04:00:00,C,9,3.3,30.821348555815735,0,0.0,0.0
2023-06-18 05:00:00,A,3,3.9,8.484297520661158,58,0.0,11.6
2023-06-18 05:00:00,B,8,4.8,114.46007123341114,75,0.0,20.0
2023-06-18 05:00:00,C,9,3.3,114.46007123341114,13,0.0,0.0
2023-06-18 06:00:00,A,3,3.9,19.886363636363644,108,0.0,17.7
2023-06-18 06:00:00,B,8,4.8,290.891308548009,74,67.457,31.4
2023-06-18 06:00:00,C,9,3.3,290.891308548009,83,0.0,0.0
2023-06-18 07:00:00,A,3,3.9,30.39896694214874,280,310.19,258.90000000000003
2023-06-18 07:00:00,B,8,4.8,493.500327868852,173,320.99,321.7
2023-06-18 07:00:00,C,9,3.3,493.500327868852,194,166.74,193.39999999999998
2023-06-18 08:00:00,A,3,3.9,44.60371900826446,369,407.56,350.0
2023-06-18 08:00:00,B,8,4.8,497.5855727946914,362,474.38,445.1
2023-06-18 08:00:00,C,9,3.3,497.5855727946914,232,280.84,282.4
2023-06-18 09:00:00,A,3,3.9,94.68119834710747,665,633.4,599.4000000000001
2023-06-18 09:00:00,B,8,4.8,181.82808840749365,411,775.92,813.9
2023-06-18 09:00:00,C,9,3.3,181.82808840749365,454,536.66,550.9
2023-06-18 10:00:00,A,3,3.9,115.2882231404958,373,417.17,346.8
2023-06-18 10:00:00,B,8,4.8,533.187278493363,741,481.62,441.5
2023-06-18 10:00:00,C,9,3.3,533.187278493363,241,289.65,280.7
2023-06-18 11:00:00,A,3,3.9,199.03791666666652,521,576.92,480.1
2023-06-18 11:00:00,B,8,4.8,701.3690446916461,431,735.94,611.1999999999999
2023-06-18 11:00:00,C,9,3.3,701.3690446916461,430,412.56,400.4
2023-06-18 12:00:00,A,3,3.9,115.44628099173553,740,676.72,693.3000000000001
2023-06-18 12:00:00,B,8,4.8,476.7159084699433,694,842.18,880.7
2023-06-18 12:00:00,C,9,3.3,476.7159084699433,446,594.96,591.0
2023-06-18 13:00:00,A,3,3.9,155.36333333333334,449,457.8,423.09999999999997
2023-06-18 13:00:00,B,8,4.8,285.5112304839965,715,562.83,541.1
2023-06-18 13:00:00,C,9,3.3,285.5112304839965,305,313.58,351.2
2023-06-18 14:00:00,A,3,3.9,221.7836776859504,347,404.96,322.29999999999995
2023-06-18 14:00:00,B,8,4.8,427.494170569867,522,482.45,408.0
2023-06-18 14:00:00,C,9,3.3,427.494170569867,191,299.08,256.79999999999995
2023-06-18 15:00:00,A,3,3.9,140.06198347107437,523,482.5,490.09999999999997
2023-06-18 15:00:00,B,8,4.8,362.31085577673645,372,566.9,621.4
2023-06-18 15:00:00,C,9,3.3,362.31085577673645,339,391.61,407.5
2023-06-18 16:00:00,A,3,3.9,108.44479166666675,272,280.98,247.1
2023-06-18 16:00:00,B,8,4.8,284.18388953942195,569,323.27,318.2
2023-06-18 16:00:00,C,9,3.3,284.18388953942195,113,172.06,192.6
2023-06-18 17:00:00,A,3,3.9,159.48285123966946,240,239.28,228.7
2023-06-18 17:00:00,B,8,4.8,131.26425741608065,228,295.78,297.20000000000005
2023-06-18 17:00:00,C,9,3.3,131.26425741608065,130,158.26,177.7
2023-06-18 18:00:00,A,3,3.9,87.41020833333332,185,200.63,171.7
2023-06-18 18:00:00,B,8,4.8,70.06448770491798,262,158.46,226.5
2023-06-18 18:00:00,C,9,3.3,70.06448770491798,45,0.0,126.2
2023-06-18 19:00:00,A,3,3.9,82.08801652892562,9,0.0,29.4
2023-06-18 19:00:00,B,8,4.8,25.68043813427005,128,0.0,42.1
2023-06-18 19:00:00,C,9,3.3,25.68043813427005,0,0.0,0.0
2023-06-18 20:00:00,A,3,3.9,64.91854166666667,0,0.0,0.0
2023-06-18 20:00:00,B,8,4.8,4.457293130366895,43,0.0,0.0
2023-06-18 20:00:00,C,9,3.3,4.457293130366895,0,0.0,0.0
2023-06-18 21:00:00,A,3,3.9,17.64462809917355,0,0.0,0.0
2023-06-18 21:00:00,B,8,4.8,0.0,0,0.0,0.0
2023-06-18 21:00:00,C,9,3.3,0.0,0,0.0,0.0
2023-06-18 22:00:00,A,3,3.9,4.460123966942139,0,0.0,0.0
2023-06-18 22:00:00,B,8,4.8,0.0,0,0.0,0.0
2023-06-18 22:00:00,C,9,3.3,0.0,0,0.0,0.0
2023-06-18 23:00:00,A,3,3.9,0.0,0,0.0,0.0
2023-06-18 23:00:00,B,8,4.8,0.0,0,0.0,0.0
2023-06-18 23:00:00,C,9,3.3,0.0,0,0.0,0.0
2023-06-19 00:00:00,A,3,3.9,0.0,0,0.0,0.0
2023-06-19 00:00:00,B,8,4.8,0.0,0,0.0,0.0
2023-06-19 00:00:00,C,9,3.3,0.0,0,0.0,0.0
2023-06-19 01:00:00,A,3,3.9,0.0,0,0.0,0.0
2023-06-19 01:00:00,B,8,4.8,0.0,0,0.0,0.0
2023-06-19 01:00:00,C,9,3.3,0.0,0,0.0,0.0
2023-06-19 02:00:00,A,3,3.9,0.0,0,0.0,0.0
2023-06-19 02:00:00,B,8,4.8,1.6567603434816534,0,0.0,0.0
2023-06-19 02:00:00,C,9,3.3,1.6567603434816534,0,0.0,0.0
2023-06-19 03:00:00,A,3,3.9,0.0,0,0.0,0.0
2023-06-19 03:00:00,B,8,4.8,16.498555815768903,0,0.0,0.0
2023-06-19 03:00:00,C,9,3.3,16.498555815768903,0,0.0,0.0
2023-06-19 04:00:00,A,3,3.9,3.5966942148760292,30,0.0,0.0
2023-06-19 04:00:00,B,8,4.8,37.29827478532391,47,0.0,0.0
2023-06-19 04:00:00,C,9,3.3,37.29827478532391,0,0.0,0.0
2023-06-19 05:00:00,A,3,3.9,11.09936974789916,108,0.0,13.6
2023-06-19 05:00:00,B,8,4.8,96.96206576893013,29,0.0,23.0
2023-06-19 05:00:00,C,9,3.3,96.96206576893013,36,0.0,0.0
2023-06-19 06:00:00,A,3,3.9,27.517148760330556,261,0.0,0.0
2023-06-19 06:00:00,B,8,4.8,275.84556401248966,135,0.0,0.0
2023-06-19 06:00:00,C,9,3.3,275.84556401248966,143,0.0,0.0
2023-06-19 07:00:00,A,3,3.9,39.619166666666665,670,0.0,45.5
2023-06-19 07:00:00,B,8,4.8,479.97112997658024,288,0.0,46.300000000000004
2023-06-19 07:00:00,C,9,3.3,479.97112997658024,576,0.0,0.0
2023-06-19 08:00:00,A,3,3.9,84.39669421487602,910,808.14,807.2
2023-06-19 08:00:00,B,8,4.8,672.946513466042,907,909.99,976.0
2023-06-19 08:00:00,C,9,3.3,672.946513466042,722,596.63,666.0
2023-06-19 09:00:00,A,3,3.9,210.5489669421486,657,658.49,594.5
2023-06-19 09:00:00,B,8,4.8,762.0499629195934,1139,925.78,820.1
2023-06-19 09:00:00,C,9,3.3,762.0499629195934,446,578.88,558.6
2023-06-19 10:00:00,A,3,3.9,283.0006355932202,1427,1209.8,1362.8
2023-06-19 10:00:00,B,8,4.8,440.61593091334817,713,1629.4,1747.8
2023-06-19 10:00:00,C,9,3.3,440.61593091334817,1427,1142.8,1262.0
2023-06-19 11:00:00,A,3,3.9,198.3827083333334,1448,1367.9,1629.6999999999998
2023-06-19 11:00:00,B,8,4.8,208.6487539032004,2007,1819.3,2028.4
2023-06-19 11:00:00,C,9,3.3,208.6487539032004,717,1258.6,1472.6
2023-06-19 12:00:00,A,3,3.9,437.9552083333335,778,745.82,713.8
2023-06-19 12:00:00,B,8,4.8,551.7047755659623,1086,909.93,887.5999999999999
2023-06-19 12:00:00,C,9,3.3,551.7047755659623,661,613.17,596.0999999999999
2023-06-19 13:00:00,A,3,3.9,468.8333333333335,799,761.12,746.7
2023-06-19 13:00:00,B,8,4.8,300.43752341920333,997,915.62,913.6
2023-06-19 13:00:00,C,9,3.3,300.43752341920333,521,612.53,613.1999999999999
2023-06-19 14:00:00,A,3,3.9,231.5897916666667,693,655.55,683.6
2023-06-19 14:00:00,B,8,4.8,200.81038446526136,846,807.95,853.0
2023-06-19 14:00:00,C,9,3.3,200.81038446526136,534,515.05,583.7
2023-06-19 15:00:00,A,3,3.9,237.01673728813557,556,522.96,522.5
2023-06-19 15:00:00,B,8,4.8,161.5869252537079,833,649.72,643.1
2023-06-19 15:00:00,C,9,3.3,161.5869252537079,330,398.11,422.5
2023-06-19 16:00:00,A,3,3.9,211.226059322034,436,424.3,417.2
2023-06-19 16:00:00,B,8,4.8,285.98041764246653,570,523.82,511.4
2023-06-19 16:00:00,C,9,3.3,285.98041764246653,268,312.05,329.90000000000003
2023-06-19 17:00:00,A,3,3.9,170.18326271186436,338,320.49,335.8
2023-06-19 17:00:00,B,8,4.8,137.43681010928944,463,402.68,415.8
2023-06-19 17:00:00,C,9,3.3,137.43681010928944,152,217.79,262.1
2023-06-19 18:00:00,A,3,3.9,137.37,158,148.11,149.4
2023-06-19 18:00:00,B,8,4.8,69.76177595628413,282,166.38,191.3
2023-06-19 18:00:00,C,9,3.3,69.76177595628413,27,0.0,100.1
2023-06-19 19:00:00,A,3,3.9,114.06875000000002,7,0.0,21.5
2023-06-19 19:00:00,B,8,4.8,26.23606362217015,96,0.0,31.0
2023-06-19 19:00:00,C,9,3.3,26.23606362217015,0,0.0,0.0
2023-06-19 20:00:00,A,3,3.9,57.299576271186474,0,0.0,0.0
2023-06-19 20:00:00,B,8,4.8,3.478728532396562,50,0.0,0.0
2023-06-19 20:00:00,C,9,3.3,3.478728532396562,0,0.0,0.0
2023-06-19 21:00:00,A,3,3.9,14.964743589743588,0,0.0,0.0
2023-06-19 21:00:00,B,8,4.8,0.0,0,0.0,0.0
2023-06-19 21:00:00,C,9,3.3,0.0,0,0.0,0.0
2023-06-19 22:00:00,A,3,3.9,6.571120689655174,0,0.0,0.0
2023-06-19 22:00:00,B,8,4.8,0.0,0,0.0,0.0
2023-06-19 22:00:00,C,9,3.3,0.0,0,0.0,0.0
2023-06-19 23:00:00,A,3,3.9,0.0,0,0.0,0.0
2023-06-19 23:00:00,B,8,4.8,0.0,0,0.0,0.0
2023-06-19 23:00:00,C,9,3.3,0.0,0,0.0,0.0
2023-06-20 00:00:00,A,3,3.9,0.0,0,0.0,0.0
2023-06-20 00:00:00,B,8,4.8,0.0,0,0.0,0.0
2023-06-20 00:00:00,C,9,3.3,0.0,0,0.0,0.0
